"Distance (cm)";"Crosscorrelation (a.u.)";"Normalized CC (a.u.)";"Crosscorrelation history 1 (a.u.)";"Normalized CC history 1 (a.u.)";"Crosscorrelation history 2 (a.u.)";"Normalized CC history 2 (a.u.)";"Crosscorrelation history 3 (a.u.)";"Normalized CC history 3 (a.u.)";"Crosscorrelation history 4 (a.u.)";"Normalized CC history 4 (a.u.)";"Crosscorrelation history 5 (a.u.)";"Normalized CC history 5 (a.u.)"
3.400000000E1;5.324869495E-8;6.155549136E-5;1.788217954E-7;2.067179955E-4;2.213871007E-7;2.559234884E-4;4.919999651E-7;5.687519597E-4;4.092880324E-8;4.731369655E-5;1.749586530E-7;2.022522029E-4
3.435416667E1;4.967990821E-8;5.863266323E-5;1.659506245E-7;1.958563820E-4;2.418413998E-7;2.854233404E-4;4.769600394E-7;5.629124202E-4;4.478457119E-8;5.285514356E-5;1.652778375E-7;1.950623529E-4
3.470833333E1;4.736199424E-8;5.705549796E-5;1.453029939E-7;1.750419256E-4;2.478581980E-7;2.985869395E-4;4.536038985E-7;5.464422839E-4;5.610574557E-8;6.758881890E-5;1.507752181E-7;1.816341412E-4
3.506250000E1;4.594131884E-8;5.647928831E-5;1.204705079E-7;1.481039013E-4;2.426833406E-7;2.983497798E-4;4.236065504E-7;5.207729576E-4;7.640051189E-8;9.392517775E-5;1.311502793E-7;1.612333870E-4
3.541666667E1;4.497586864E-8;5.641504357E-5;9.663079590E-8;1.212078994E-4;2.330278543E-7;2.922962235E-4;3.889535110E-7;4.878800550E-4;1.064032316E-7;1.334658590E-4;1.088473574E-7;1.365316245E-4
3.577083333E1;4.416291789E-8;5.650877276E-5;7.849513654E-8;1.004386496E-4;2.261524403E-7;2.893739243E-4;3.514266311E-7;4.496688305E-4;1.449694980E-7;1.854960861E-4;8.757092510E-8;1.120515977E-4
3.612500000E1;4.353982897E-8;5.682015712E-5;6.869649088E-8;8.964999399E-5;2.277680472E-7;2.972408605E-4;3.123408718E-7;4.076097180E-4;1.883976851E-7;2.458619227E-4;7.070058432E-8;9.226536723E-5
3.647916667E1;4.347633689E-8;5.785524843E-5;6.712518036E-8;8.932546445E-5;2.409722064E-7;3.206688480E-4;2.726034175E-7;3.627614370E-4;2.306171987E-7;3.068891327E-4;6.016974030E-8;8.006965448E-5
3.683333333E1;4.441201457E-8;6.025353343E-5;7.128566116E-8;9.671286047E-5;2.659995931E-7;3.608801701E-4;2.330086893E-7;3.161215942E-4;2.643625555E-7;3.586592103E-4;5.601069496E-8;7.598939869E-5
3.718750000E1;4.647087254E-8;6.426504160E-5;7.742100597E-8;1.070662955E-4;3.002375829E-7;4.152016027E-4;1.945191970E-7;2.690025731E-4;2.830426663E-7;3.914225779E-4;5.653602388E-8;7.818424162E-5
3.754166667E1;4.918757104E-8;6.932381834E-5;8.193474263E-8;1.154769201E-4;3.383430899E-7;4.768528797E-4;1.583049073E-7;2.231112535E-4;2.826728904E-7;3.983925957E-4;5.899254059E-8;8.314271431E-5
3.789583333E1;5.153901403E-8;7.401487830E-5;8.257998242E-8;1.185926325E-4;3.728366533E-7;5.354285495E-4;1.255516692E-7;1.803040219E-4;2.631219845E-7;3.778679516E-4;6.048578610E-8;8.686328564E-5
3.825000000E1;5.231838455E-8;7.654506649E-5;7.894863739E-8;1.155067908E-4;3.956698917E-7;5.788897809E-4;9.714965901E-8;1.421360230E-4;2.281635371E-7;3.338175150E-4;5.892520708E-8;8.621126078E-5
3.860416667E1;5.067148425E-8;7.551478487E-5;7.215890212E-8;1.075370902E-4;4.009464022E-7;5.975230794E-4;7.348845668E-8;1.095185010E-4;1.843192395E-7;2.746875867E-4;5.368143075E-8;8.000045302E-5
3.895833333E1;4.649001509E-8;7.056030112E-5;6.401236846E-8;9.715488336E-5;3.875612213E-7;5.882217164E-4;5.445846549E-8;8.265443055E-5;1.390135338E-7;2.109880322E-4;4.566665481E-8;6.931064462E-5
3.931250000E1;4.044169311E-8;6.250153087E-5;5.611928454E-8;8.673081975E-5;3.597596214E-7;5.559986577E-4;3.962184318E-8;6.123447523E-5;9.882419689E-8;1.527300941E-4;3.680047193E-8;5.687412310E-5
3.966666667E1;3.363676378E-8;5.292557910E-5;4.946199448E-8;7.782570043E-5;3.250519361E-7;5.114511631E-4;2.842482683E-8;4.472488586E-5;6.847341086E-8;1.077391079E-4;2.923872800E-8;4.600551414E-5
4.002083333E1;2.714069131E-8;4.347035236E-5;4.460251789E-8;7.143838551E-5;2.909150737E-7;4.659491026E-4;2.031701108E-8;3.254108824E-5;5.076352594E-8;8.130626941E-5;2.486656556E-8;3.982795996E-5
4.037500000E1;2.160800893E-8;3.522409318E-5;4.232106992E-8;6.898929537E-5;2.623842312E-7;4.277231947E-4;1.477565247E-8;2.408639135E-5;4.716061359E-8;7.687843211E-5;2.524137286E-8;4.114698734E-5
4.072916667E1;1.719458389E-8;2.852349370E-5;4.404628752E-8;7.306684552E-5;2.413676394E-7;4.003963334E-4;1.127876516E-8;1.870994896E-5;5.845706756E-8;9.697238440E-5;3.169820986E-8;5.258305145E-5
4.108333333E1;1.371858518E-8;2.315478063E-5;5.152908370E-8;8.697286295E-5;2.269867529E-7;3.831173841E-4;9.306408660E-9;1.570773138E-5;8.492368282E-8;1.433376124E-4;4.515880290E-8;7.622084644E-5
4.143750000E1;1.092263816E-8;1.875489505E-5;6.580207862E-8;1.129865387E-4;2.163649775E-7;3.715130344E-4;8.376013684E-9;1.438217171E-5;1.257010699E-7;2.158370843E-4;6.549754046E-8;1.124636264E-4
4.179166667E1;8.679154834E-9;1.515852062E-5;8.604439836E-8;1.502802763E-4;2.059325548E-7;3.596701450E-4;8.084348755E-9;1.411966598E-5;1.777016314E-7;3.103636119E-4;9.078822700E-8;1.585655789E-4
4.214583333E1;7.034843105E-9;1.249578968E-5;1.091353736E-7;1.938540284E-4;1.928916669E-7;3.426279257E-4;8.113638495E-9;1.441202293E-5;2.347769086E-7;4.170274769E-4;1.170817725E-7;2.079689884E-4
4.250000000E1;6.102695782E-9;1.102299426E-5;1.303869808E-7;2.355114840E-4;1.765504134E-7;3.188941842E-4;8.211419151E-9;1.483187584E-5;2.879494090E-7;5.201086200E-4;1.392533776E-7;2.515264133E-4
4.285416667E1;5.917034268E-9;1.086651273E-5;1.453031017E-7;2.668461822E-4;1.593031402E-7;2.925569673E-4;8.176117457E-9;1.501527292E-5;3.271311291E-7;6.007696454E-4;1.528361962E-7;2.806805565E-4
4.320833333E1;6.345145788E-9;1.184613382E-5;1.515082728E-7;2.828598955E-4;1.461129501E-7;2.727870434E-4;7.878800222E-9;1.470940541E-5;3.439500595E-7;6.421410269E-4;1.559910151E-7;2.912289963E-4
4.356250000E1;7.091451270E-9;1.345738613E-5;1.496888381E-7;2.840632218E-4;1.421324694E-7;2.697235657E-4;7.310107747E-9;1.387232865E-5;3.345647558E-7;6.349006620E-4;1.504468587E-7;2.855017109E-4
4.391666667E1;7.779501543E-9;1.500411933E-5;1.429270965E-7;2.756597193E-4;1.505175726E-7;2.902992702E-4;6.622193521E-9;1.277204989E-5;3.011148055E-7;5.807521794E-4;1.407400508E-7;2.714416220E-4
4.427083333E1;8.081463230E-9;1.583891380E-5;1.348234923E-7;2.642414636E-4;1.719622327E-7;3.370299292E-4;6.128629645E-9;1.201154221E-5;2.510097593E-7;4.919557049E-4;1.320877896E-7;2.588797417E-4
4.462500000E1;7.833126571E-9;1.559881482E-5;1.275979208E-7;2.540973033E-4;2.052846964E-7;4.088020198E-4;6.245480060E-9;1.243719044E-5;1.943208660E-7;3.869687508E-4;1.280275813E-7;2.549529251E-4
4.497916667E1;7.077790332E-9;1.431925764E-5;1.212819257E-7;2.453685485E-4;2.481734053E-7;5.020859283E-4;7.397640361E-9;1.496635437E-5;1.404896943E-7;2.842282737E-4;1.290328228E-7;2.610495857E-4
4.533333333E1;6.032799517E-9;1.239807332E-5;1.142898402E-7;2.348783204E-4;2.971620708E-7;6.107010735E-4;9.927357255E-9;2.040182220E-5;9.581037951E-8;1.969009755E-4;1.326712452E-7;2.726541502E-4
4.568750000E1;5.005451968E-9;1.044811843E-5;1.048028698E-7;2.187600246E-4;3.465131904E-7;7.232934958E-4;1.403345172E-8;2.929269256E-5;6.259067740E-8;1.306485038E-4;1.350391114E-7;2.818735726E-4
4.604166667E1;4.282529353E-9;9.078255909E-6;9.203806538E-8;1.951055187E-4;3.873769992E-7;8.211753480E-4;1.974085392E-8;4.184735445E-5;3.993675770E-8;8.465933954E-5;1.326332418E-7;2.811605973E-4
4.639583333E1;4.033519950E-9;8.682447554E-6;7.671662700E-8;1.651381668E-4;4.091732890E-7;8.807755178E-4;2.691677708E-8;5.794033704E-5;2.535042265E-8;5.456864423E-5;1.237399309E-7;2.663592777E-4
4.675000000E1;4.277231646E-9;9.348157089E-6;6.059787690E-8;1.324404473E-4;4.037482513E-7;8.824170374E-4;3.533636600E-8;7.722983642E-5;1.619225082E-8;3.538917618E-5;1.088265451E-7;2.378472159E-4
4.710416667E1;4.920531052E-9;1.091768669E-5;4.556343454E-8;1.010962633E-4;3.700398304E-7;8.210453072E-4;4.477706536E-8;9.935146533E-5;1.049112764E-8;2.327774042E-5;9.003645730E-8;1.997731181E-4
4.745833333E1;5.830481227E-9;1.313195440E-5;3.294832885E-8;7.420930370E-5;3.154629069E-7;7.105150240E-4;5.510061400E-8;1.241027494E-4;7.091909108E-9;1.597306010E-5;7.028266912E-8;1.582971920E-4
4.781250000E1;6.884885891E-9;1.573909119E-5;2.339088536E-8;5.347238626E-5;2.528753948E-7;5.780820427E-4;6.626501397E-8;1.514841516E-4;5.436958029E-9;1.242907720E-5;5.238205328E-8;1.197472154E-4
4.816666667E1;7.984703157E-9;1.852473312E-5;1.697297200E-8;3.937776650E-5;1.955887206E-7;4.537712648E-4;7.824156856E-8;1.815226124E-4;5.267436245E-9;1.222059841E-5;3.839628911E-8;8.908045730E-5
4.852083333E1;9.030151684E-9;2.125942665E-5;1.336736957E-8;3.147041409E-5;1.532766150E-7;3.608547307E-4;9.085150927E-8;2.138890979E-4;6.441349349E-9;1.516468370E-5;2.924041067E-8;6.883985869E-5
4.887500000E1;9.885915251E-9;2.361513452E-5;1.193934074E-8;2.852028675E-5;1.298516453E-7;3.101851466E-4;1.036065541E-7;2.474917749E-4;8.911021336E-9;2.128634145E-5;2.462773265E-8;5.882988119E-5
4.922916667E1;1.037688308E-8;2.514848874E-5;1.186928548E-8;2.876534214E-5;1.235715405E-7;2.994769694E-4;1.156471250E-7;2.802720623E-4;1.276897657E-8;3.094575328E-5;2.335354007E-8;5.659755777E-5
4.958333333E1;1.035023419E-8;2.544612263E-5;1.231485939E-8;3.027616732E-5;1.292850990E-7;3.178483138E-4;1.258345232E-7;3.093650491E-4;1.820826423E-8;4.476514407E-5;2.379409032E-8;5.849793629E-5
4.993750000E1;9.780104006E-9;2.438917257E-5;1.258226799E-8;3.137707994E-5;1.410627277E-7;3.517757282E-4;1.329753692E-7;3.316078463E-4;2.531732286E-8;6.313517278E-5;2.444603477E-8;6.096239469E-5
5.029166667E1;8.843279394E-9;2.236687976E-5;1.226778001E-8;3.102830389E-5;1.533003268E-7;3.877351177E-4;1.361078575E-7;3.442510350E-4;3.377369809E-8;8.542218452E-5;2.436514940E-8;6.162559643E-5
5.064583333E1;7.897953842E-9;2.025825503E-5;1.131493965E-8;2.902282511E-5;1.610627723E-7;4.131260808E-4;1.347396011E-7;3.456071352E-4;4.262703546E-8;1.093383645E-4;2.341802218E-8;6.006723706E-5
5.100000000E1;7.359490648E-9;1.914203517E-5;9.972625247E-9;2.593879827E-5;1.612454423E-7;4.193993954E-4;1.289583344E-7;3.354206277E-4;5.037006812E-8;1.310125472E-4;2.226121231E-8;5.790141322E-5
5.135416667E1;7.529210512E-9;1.985641369E-5;8.654539510E-9;2.282418808E-5;1.538529437E-7;4.057487425E-4;1.193937433E-7;3.148712013E-4;5.540932069E-8;1.461282550E-4;2.201348468E-8;5.805507203E-5
5.170833333E1;8.457638390E-9;2.261362533E-5;7.758580362E-9;2.074451771E-5;1.417380069E-7;3.789722419E-4;1.070537168E-7;2.862350610E-4;5.681849431E-8;1.519185478E-4;2.370431724E-8;6.337945936E-5
5.206250000E1;9.906486459E-9;2.685157025E-5;7.519888593E-9;2.038268740E-5;1.289199407E-7;3.494380029E-4;9.310373284E-8;2.523580316E-4;5.504113021E-8;1.491891984E-4;2.772407109E-8;7.514620300E-5
5.241666667E1;1.143552787E-8;3.141919225E-5;7.961764413E-9;2.187500301E-5;1.187501027E-7;3.262667318E-4;7.865852460E-8;2.161148426E-4;5.211599841E-8;1.431890675E-4;3.354064082E-8;9.215314357E-5
5.277083333E1;1.258602480E-8;3.504906913E-5;8.957787942E-9;2.494529717E-5;1.128135987E-7;3.141588931E-4;6.465716662E-8;1.800547463E-4;5.117455286E-8;1.425088914E-4;3.984338721E-8;1.109543049E-4
5.312500000E1;1.306761798E-8;3.688028902E-5;1.034491547E-8;2.919609932E-5;1.109604853E-7;3.131599633E-4;5.184461641E-8;1.463192787E-4;5.532076046E-8;1.561298806E-4;4.506412362E-8;1.271829270E-4
5.347916667E1;1.285892455E-8;3.677679768E-5;1.200345526E-8;3.433013731E-5;1.120435715E-7;3.204469974E-4;4.082806965E-8;1.167691475E-4;6.629798522E-8;1.896136477E-4;4.801951387E-8;1.373368309E-4
5.383333333E1;1.219056756E-8;3.532860341E-5;1.384624053E-8;4.012678968E-5;1.146858552E-7;3.323627941E-4;3.215660131E-8;9.319072384E-5;8.348132140E-8;2.419311883E-4;4.833294866E-8;1.400702278E-4
5.418750000E1;1.143966148E-8;3.359010818E-5;1.575090203E-8;4.624913983E-5;1.180352828E-7;3.465852489E-4;2.635229528E-8;7.737785347E-5;1.036826030E-7;3.044416881E-4;4.642666497E-8;1.363219272E-4
5.454166667E1;1.098914198E-8;3.269042708E-5;1.751613883E-8;5.210689423E-5;1.222379474E-7;3.636326396E-4;2.387697598E-8;7.102907063E-5;1.219854898E-7;3.628816302E-4;4.314234800E-8;1.283395722E-4
5.489583333E1;1.109809258E-8;3.344468485E-5;1.889171436E-8;5.693117335E-5;1.281643820E-7;3.862300960E-4;2.505831353E-8;7.551454382E-5;1.333738000E-7;4.019289507E-4;3.926103842E-8;1.183152012E-4
5.525000000E1;1.182298932E-8;3.609041385E-5;1.965704429E-8;6.000435626E-5;1.369399150E-7;4.180176493E-4;3.002919427E-8;9.166599233E-5;1.345244516E-7;4.106442962E-4;3.522087053E-8;1.075139086E-4
5.560416667E1;1.301350606E-8;4.023546192E-5;1.971307441E-8;6.094934379E-5;1.496380596E-7;4.626544467E-4;3.871545046E-8;1.197013338E-4;1.250160920E-7;3.865276723E-4;3.119246121E-8;9.644157995E-5
5.595833333E1;1.437662969E-8;4.501804472E-5;1.917074048E-8;6.003001197E-5;1.662434027E-7;5.205637968E-4;5.085189380E-8;1.592343184E-4;1.074625453E-7;3.365012367E-4;2.741023698E-8;8.583063632E-5
5.631250000E1;1.558274400E-8;4.941440296E-5;1.839070356E-8;5.831871695E-5;1.841351432E-7;5.839105209E-4;6.596978006E-8;2.091966149E-4;8.655167194E-8;2.744638040E-4;2.445752456E-8;7.755719882E-5
5.666666667E1;1.637787519E-8;5.259117699E-5;1.791255617E-8;5.751920816E-5;1.982213473E-7;6.365107708E-4;8.333949747E-8;2.676123863E-4;6.751356402E-8;2.167935556E-4;2.322803746E-8;7.458780919E-5
5.702083333E1;1.669728163E-8;5.428913131E-5;1.831384310E-8;5.954517956E-5;2.030464986E-7;6.601803975E-4;1.019022656E-7;3.313225232E-4;5.483216489E-8;1.782799539E-4;2.459876167E-8;7.997980941E-5
5.737500000E1;1.676352186E-8;5.518368045E-5;2.014674767E-8;6.632088977E-5;1.951065060E-7;6.422692779E-4;1.202910975E-7;3.959851362E-4;5.183167696E-8;1.706242115E-4;2.913989009E-8;9.592533100E-5
5.772916667E1;1.708668111E-8;5.694404201E-5;2.403054115E-8;8.008554359E-5;1.745557536E-7;5.817343989E-4;1.370167983E-7;4.566299485E-4;6.106004008E-8;2.034921507E-4;3.715174921E-8;1.238140253E-4
5.808333333E1;1.832609783E-8;6.182627266E-5;3.077328631E-8;1.038190240E-4;1.458375099E-7;4.920081587E-4;1.507966240E-7;5.087385911E-4;8.472453915E-8;2.858329420E-4;4.895433363E-8;1.651559435E-4
5.843750000E1;2.101530784E-8;7.176604492E-5;4.125216790E-8;1.408737363E-4;1.161688348E-7;3.967097640E-4;1.609111451E-7;5.495021323E-4;1.242734106E-7;4.243864156E-4;6.504249678E-8;2.221163154E-4
5.879166667E1;2.526812152E-8;8.733825308E-5;5.595749295E-8;1.934148400E-4;9.244901135E-8;3.195463162E-4;1.673927624E-7;5.785863993E-4;1.788673624E-7;6.182478960E-4;8.575429179E-8;2.964062854E-4
5.914583333E1;3.061334988E-8;1.070925267E-4;7.440414560E-8;2.602827845E-4;7.872230584E-8;2.753887005E-4;1.709394591E-7;5.979854759E-4;2.435301935E-7;8.519245315E-4;1.105615822E-7;3.867697994E-4
5.950000000E1;3.607326252E-8;1.277083677E-4;9.485873746E-8;3.358236453E-4;7.541637783E-8;2.669928316E-4;1.725659088E-7;6.109264586E-4;3.084973445E-7;1.092157724E-3;1.376278997E-7;4.872371719E-4
5.985416667E1;4.050380994E-8;1.451057605E-4;1.148201475E-7;4.113456202E-4;8.010656993E-8;2.869834904E-4;1.731485089E-7;6.203082154E-4;3.609712635E-7;1.293187228E-3;1.643543642E-7;5.888030053E-4
6.020833333E1;4.306657286E-8;1.561181958E-4;1.322292970E-7;4.793369407E-4;8.917660768E-8;3.232690733E-4;1.730698080E-7;6.273855656E-4;3.891493790E-7;1.410683389E-3;1.889267703E-7;6.848677425E-4
6.056250000E1;4.361616493E-8;1.599760853E-4;1.467097908E-7;5.381045777E-4;9.959345486E-8;3.652905077E-4;1.721027117E-7;6.312411496E-4;3.867636549E-7;1.418578079E-3;2.118202385E-7;7.769177460E-4
6.091666667E1;4.278626229E-8;1.587729854E-4;1.598404962E-7;5.931425512E-4;1.099108598E-7;4.078616455E-4;1.695477167E-7;6.291644961E-4;3.557199522E-7;1.320019926E-3;2.358117395E-7;8.750597010E-4
6.127083333E1;4.171044138E-8;1.565857944E-4;1.739660998E-7;6.530887478E-4;1.201546066E-7;4.510742131E-4;1.645356221E-7;6.176856497E-4;3.053394472E-7;1.146279404E-3;2.639231190E-7;9.907977446E-4
6.162500000E1;4.152159611E-8;1.576841002E-4;1.901608853E-7;7.221627031E-4;1.308699979E-7;4.969972206E-4;1.563565915E-7;5.937861439E-4;2.486526888E-7;9.442935526E-4;2.964201844E-7;1.125697334E-3
6.197916667E1;4.287818036E-8;1.647129753E-4;2.068093295E-7;7.944408950E-4;1.419487109E-7;5.452842053E-4;1.447041726E-7;5.558690832E-4;1.978601943E-7;7.600635339E-4;3.290754950E-7;1.264116234E-3
6.233333333E1;4.572986835E-8;1.776808629E-4;2.200230313E-7;8.548872646E-4;1.519364927E-7;5.903408013E-4;1.297863642E-7;5.042777077E-4;1.612329334E-7;6.264616054E-4;3.544047492E-7;1.377019964E-3
6.268750000E1;4.941173712E-8;1.941744229E-4;2.258594859E-7;8.875651390E-4;1.582620867E-7;6.219261078E-4;1.123122527E-7;4.413560039E-4;1.424426191E-7;5.597599874E-4;3.655493390E-7;1.436507519E-3
6.304166667E1;5.299312798E-8;2.106080309E-4;2.229590309E-7;8.860953155E-4;1.581937314E-7;6.287017115E-4;9.338156993E-8;3.711218664E-4;1.415433156E-7;5.625287676E-4;3.604266974E-7;1.432426428E-3
6.339583333E1;5.570035875E-8;2.238615066E-4;2.137339057E-7;8.590033390E-4;1.499745188E-7;6.027523427E-4;7.430090995E-8;2.986177112E-4;1.560472361E-7;6.271587860E-4;3.432220774E-7;1.379420404E-3
6.375000000E1;5.720736204E-8;2.324942948E-4;2.031293001E-7;8.255301713E-4;1.337243722E-7;5.434642065E-4;5.636166869E-8;2.290573442E-4;1.812225864E-7;7.364999176E-4;3.219654677E-7;1.308487784E-3
6.410416667E1;5.767699407E-8;2.370146201E-4;1.956276883E-7;8.039015030E-4;1.116562138E-7;4.588338127E-4;4.062159440E-8;1.669281127E-4;2.101023168E-7;8.633827338E-4;3.037145246E-7;1.248067515E-3
6.445833333E1;5.759968810E-8;2.393196041E-4;1.924880599E-7;7.997641619E-4;8.730749714E-8;3.627518888E-4;2.774234421E-8;1.152660206E-4;2.343691171E-7;9.737747923E-4;2.906031803E-7;1.207420393E-3
6.481250000E1;5.752010211E-8;2.416224011E-4;1.910843849E-7;8.026805622E-4;6.428040381E-8;2.700201311E-4;1.793137922E-8;7.532363024E-5;2.465928652E-7;1.035852824E-3;2.793233874E-7;1.173342624E-3
6.516666667E1;5.778493061E-8;2.453949438E-4;1.867151028E-7;7.929219897E-4;4.533127199E-8;1.925080609E-4;1.099261609E-8;4.668228168E-5;2.429502923E-7;1.031735656E-3;2.640893569E-7;1.121506805E-3
6.552083333E1;5.840412594E-8;2.507277213E-4;1.755541097E-7;7.536502116E-4;3.195652909E-8;1.371887275E-4;6.464280399E-9;2.775102388E-5;2.247320478E-7;9.647700970E-4;2.407920356E-7;1.033715297E-3
6.587500000E1;5.907307015E-8;2.563485109E-4;1.568226891E-7;6.805345098E-4;2.426753351E-8;1.053093408E-4;3.779871380E-9;1.640281092E-5;1.975320940E-7;8.571936085E-4;2.095374117E-7;9.092908721E-4
6.622916667E1;5.933877773E-8;2.602778301E-4;1.329903756E-7;5.833360193E-4;2.122658144E-8;9.310620759E-5;2.414309743E-9;1.058989290E-5;1.684699852E-7;7.389603202E-4;1.742285393E-7;7.642190807E-4
6.658333333E1;5.883953591E-8;2.608556845E-4;1.081840635E-7;4.796167663E-4;2.119042086E-8;9.394434630E-5;1.976269489E-9;8.761475127E-6;1.430891466E-7;6.343628768E-4;1.399909773E-7;6.206276381E-4
6.693750000E1;5.752618508E-8;2.577534878E-4;8.604177567E-8;3.855212672E-4;2.243843051E-8;1.005382804E-4;2.237757586E-9;1.002656133E-5;1.236816535E-7;5.541715917E-4;1.104796274E-7;4.950182122E-4
6.729166667E1;5.576870768E-8;2.525301000E-4;6.834118433E-8;3.094603915E-4;2.356679015E-8;1.067143945E-4;3.114086733E-9;1.410110915E-5;1.097089264E-7;4.967804939E-4;8.673094395E-8;3.927323200E-4
6.764583333E1;5.430770743E-8;2.485098299E-4;5.497009957E-8;2.515409091E-4;2.373374973E-8;1.086046602E-4;4.626009875E-9;2.116843045E-5;9.959388836E-8;4.557375266E-4;6.780218325E-8;3.102599949E-4
6.800000000E1;5.403951294E-8;2.498787078E-4;4.485477370E-8;2.074084736E-4;2.270158797E-8;1.049721428E-4;6.856033869E-9;3.170230061E-5;9.248608526E-8;4.276556583E-4;5.223926255E-8;2.415543500E-4
6.835416667E1;5.569668968E-8;2.602312032E-4;3.699471768E-8;1.728501272E-4;2.082366787E-8;9.729425891E-5;9.932738848E-9;4.640865726E-5;8.896015948E-8;4.156478504E-4;3.918079353E-8;1.830641121E-4
6.870833333E1;5.955824817E-8;2.811646666E-4;3.095998010E-8;1.461569598E-4;1.889845216E-8;8.921647574E-5;1.405721788E-8;6.636180715E-5;9.048358044E-8;4.271580598E-4;2.858123461E-8;1.349272947E-4
6.906250000E1;6.531981856E-8;3.115512948E-4;2.676076202E-8;1.276389041E-4;1.781758359E-8;8.498326172E-5;1.955890811E-8;9.328873352E-5;9.827637493E-8;4.687418386E-4;2.077147765E-8;9.907224025E-5
6.941666667E1;7.219179124E-8;3.478686794E-4;2.442182417E-8;1.176807997E-4;1.823294531E-8;8.785861240E-5;2.693945321E-8;1.298124323E-4;1.122763982E-7;5.410233171E-4;1.592728246E-8;7.674837570E-5
6.977083333E1;7.919307487E-8;3.855094481E-4;2.365932365E-8;1.151728584E-4;2.041069048E-8;9.935861230E-5;3.684392492E-8;1.793550911E-4;1.306983770E-7;6.362356719E-4;1.379769461E-8;6.716675216E-5
7.012500000E1;8.550002784E-8;4.204477229E-4;2.388178017E-8;1.174390272E-4;2.411442500E-8;1.185830617E-4;4.993651168E-8;2.455635764E-4;1.502361263E-7;7.387884983E-4;1.374652424E-8;6.759874776E-5
7.047916667E1;9.066295971E-8;4.503512924E-4;2.445942736E-8;1.214976299E-4;2.854601021E-8;1.417969657E-4;6.672199335E-8;3.314290205E-4;1.667535899E-7;8.283172641E-4;1.494303591E-8;7.422673557E-5
7.083333333E1;9.461830083E-8;4.747341830E-4;2.505489111E-8;1.257094363E-4;3.254023126E-8;1.632660909E-4;8.739165893E-8;4.384755110E-4;1.762536723E-7;8.843283212E-4;1.655549792E-8;8.306491144E-5
7.118750000E1;9.752107455E-8;4.942036639E-4;2.578671993E-8;1.306783332E-4;3.492345236E-8;1.769801880E-4;1.117942921E-7;5.665354798E-4;1.759309539E-7;8.915582855E-4;1.792245184E-8;9.082489510E-5
7.154166667E1;9.953567032E-8;5.094444701E-4;2.712831952E-8;1.388484381E-4;3.486911139E-8;1.784674370E-4;1.395505639E-7;7.142491016E-4;1.650084229E-7;8.445477717E-4;1.870349883E-8;9.572843606E-5
7.189583333E1;1.007453552E-7;5.207538343E-4;2.958491851E-8;1.529247648E-4;3.219480456E-8;1.664152941E-4;1.702884808E-7;8.802230050E-4;1.450278394E-7;7.496504754E-4;1.894270179E-8;9.791503111E-5
7.225000000E1;1.012190639E-7;5.283698398E-4;3.328752363E-8;1.737629538E-4;2.747256853E-8;1.434085248E-4;2.038410028E-7;1.064062774E-3;1.194050257E-7;6.233016972E-4;1.895731846E-8;9.895838719E-5
7.260416667E1;1.011471202E-7;5.331833908E-4;3.771698576E-8;1.988199993E-4;2.177676737E-8;1.147932897E-4;2.402915628E-7;1.266664538E-3;9.237588965E-8;4.869470331E-4;1.906493688E-8;1.004982413E-4
7.295833333E1;1.008814028E-7;5.369834753E-4;4.175145585E-8;2.222395927E-4;1.623710287E-8;8.642877367E-5;2.798270576E-7;1.489496594E-3;6.777272113E-8;3.607486645E-4;1.932481807E-8;1.028644297E-4
7.331250000E1;1.007884874E-7;5.417101669E-4;4.406559488E-8;2.368403512E-4;1.180437480E-8;6.344524065E-5;3.224514027E-7;1.733086860E-3;4.812757120E-8;2.586723473E-4;1.947746175E-8;1.046859549E-4
7.366666667E1;1.009882080E-7;5.480405628E-4;4.368963237E-8;2.370939261E-4;9.283291922E-9;5.037836230E-5;3.676950263E-7;1.995399198E-3;3.440883582E-8;1.867291056E-4;1.911339825E-8;1.037241649E-4
7.402083333E1;1.011739530E-7;5.543405636E-4;4.042271990E-8;2.214794685E-4;9.389876274E-9;5.144791867E-5;4.144565166E-7;2.270841972E-3;2.638592318E-8;1.445706834E-4;1.792924656E-8;9.823584381E-5
7.437500000E1;1.006857835E-7;5.569575704E-4;3.489459094E-8;1.930243368E-4;1.284830496E-8;7.107220566E-5;4.610552103E-7;2.550391732E-3;2.332290756E-8;1.290139429E-4;1.590958121E-8;8.800608575E-5
7.472916667E1;9.888157055E-8;5.521990235E-4;2.829521286E-8;1.580131548E-4;2.071829982E-8;1.157002752E-4;5.054458964E-7;2.822636502E-3;2.459723304E-8;1.373619775E-4;1.335715841E-8;7.459236128E-5
7.508333333E1;9.563216027E-8;5.391269676E-4;2.196295756E-8;1.238163258E-4;3.464499303E-8;1.953113888E-4;5.455271115E-7;3.075412879E-3;2.994060125E-8;1.687903475E-4;1.078056294E-8;6.077549842E-5
7.543750000E1;9.165948961E-8;5.216173272E-4;1.704676319E-8;9.700999965E-5;5.647373822E-8;3.213816760E-4;5.794104237E-7;3.297318345E-3;3.922902962E-8;2.232452054E-4;8.700483609E-9;4.951285486E-5
7.579166667E1;8.849008046E-8;5.083203596E-4;1.436650687E-8;8.252662785E-5;8.709764398E-8;5.003216799E-4;6.055977811E-7;3.478781805E-3;5.197527310E-8;2.985655497E-4;7.490778307E-9;4.302985264E-5
7.614583333E1;8.796003202E-8;5.100087963E-4;1.442681688E-8;8.364939558E-5;1.250873127E-7;7.252797474E-4;6.230364909E-7;3.612482664E-3;6.685995028E-8;3.876665570E-4;7.371094347E-9;4.273899030E-5
7.650000000E1;9.145881727E-8;5.352398634E-4;1.747246976E-8;1.022532611E-4;1.658988138E-7;9.708813328E-4;6.311258287E-7;3.693506131E-3;8.161001239E-8;4.776021950E-4;8.521243146E-9;4.986844520E-5
7.685416667E1;9.924392176E-8;5.861904697E-4;2.346278808E-8;1.385844344E-4;2.024622092E-7;1.195855780E-3;6.297019070E-7;3.719373943E-3;9.340109304E-8;5.516794341E-4;1.115863104E-8;6.590915651E-5
7.720833333E1;1.101672560E-7;6.567209751E-4;3.194871250E-8;1.904503243E-4;2.274278778E-7;1.355726403E-3;6.190530292E-7;3.690253563E-3;9.966823338E-8;5.941349708E-4;1.544282031E-8;9.205660903E-5
7.756250000E1;1.219593816E-7;7.337004935E-4;4.194662494E-8;2.523484378E-4;2.361948702E-7;1.420934500E-3;5.999926947E-7;3.609520896E-3;9.899827778E-8;5.955678384E-4;2.125101287E-8;1.278448483E-4
7.791666667E1;1.320083422E-7;8.014235622E-4;5.194771761E-8;3.153749544E-4;2.290076927E-7;1.390307293E-3;5.738923541E-7;3.484104467E-3;9.171396835E-8;5.567961387E-4;2.798901547E-8;1.699215073E-4
7.827083333E1;1.383274845E-7;8.474388985E-4;6.016041232E-8;3.685621388E-4;2.106555177E-7;1.290543817E-3;5.426283874E-7;3.324316961E-3;7.988135749E-8;4.893790257E-4;3.459763364E-8;2.119562909E-4
7.862500000E1;1.403140184E-7;8.674059148E-4;6.496639574E-8;4.016151528E-4;1.878460449E-7;1.161243704E-3;5.083446779E-7;3.142531199E-3;6.667507996E-8;4.121780517E-4;3.981728874E-8;2.461461240E-4
7.897916667E1;1.389476523E-7;8.667149887E-4;6.543611558E-8;4.081714319E-4;1.659541279E-7;1.035173518E-3;4.730775603E-7;2.950920046E-3;5.530854324E-8;3.449985851E-4;4.263680066E-8;2.659559453E-4
7.933333333E1;1.363076500E-7;8.578900586E-4;6.168112687E-8;3.882073056E-4;1.471270131E-7;9.259847254E-4;4.383429739E-7;2.758833268E-3;4.795972782E-8;3.018478692E-4;4.269707833E-8;2.687259228E-4
7.968750000E1;1.346254006E-7;8.548844407E-4;5.484068111E-8;3.482436806E-4;1.305170302E-7;8.287958874E-4;4.048738304E-7;2.570988362E-3;4.512554112E-8;2.865515929E-4;4.037731002E-8;2.563998617E-4
8.004166667E1;1.352979585E-7;8.668091558E-4;4.667177521E-8;2.990105875E-4;1.140417314E-7;7.306275574E-4;3.726527083E-7;2.387462332E-3;4.563683145E-8;2.923800460E-4;3.650072900E-8;2.338480671E-4
8.039583333E1;1.383275104E-7;8.940784825E-4;3.890449233E-8;2.514587978E-4;9.646406823E-8;6.234945421E-4;3.412450113E-7;2.205633724E-3;4.727853880E-8;3.055843635E-4;3.188428428E-8;2.060837532E-4
8.075000000E1;1.424437965E-7;9.288136777E-4;3.266871563E-8;2.130184021E-4;7.854202576E-8;5.121381878E-4;3.102710783E-7;2.023141958E-3;4.773534820E-8;3.112613214E-4;2.704833650E-8;1.763703686E-4
8.110416667E1;1.458444342E-7;9.593480402E-4;2.825660695E-8;1.858687350E-4;6.259942138E-8;4.117718482E-4;2.797604016E-7;1.840231988E-3;4.547558057E-8;2.991331780E-4;2.221191808E-8;1.461074617E-4
8.145833333E1;1.471719124E-7;9.765533480E-4;2.528141104E-8;1.677537934E-4;5.102905919E-8;3.386012846E-4;2.502304115E-7;1.660393904E-3;4.022039112E-8;2.668807992E-4;1.747038154E-8;1.159240191E-4
8.181250000E1;1.462282406E-7;9.787473124E-4;2.306897629E-8;1.544072366E-4;4.501723567E-8;3.013131953E-4;2.224533544E-7;1.488943735E-3;3.283997751E-8;2.198073340E-4;1.297213223E-8;8.682618008E-5
8.216666667E1;1.440323376E-7;9.724143225E-4;2.103508795E-8;1.420154747E-4;4.423814598E-8;2.986676984E-4;1.971173832E-7;1.330810635E-3;2.481522904E-8;1.675365723E-4;8.973608632E-9;6.058407234E-5
8.252083333E1;1.422224522E-7;9.684905169E-4;1.887787213E-8;1.285524181E-4;4.736163723E-8;3.225179696E-4;1.745960057E-7;1.188944313E-3;1.758995728E-8;1.197821198E-4;5.751833328E-9;3.916819001E-5
8.287500000E1;1.421469077E-7;9.763027198E-4;1.658031628E-8;1.138780164E-4;5.286170753E-8;3.630682487E-4;1.549788980E-7;1.064436238E-3;1.213322696E-8;8.333422565E-5;3.452416078E-9;2.371211067E-5
8.322916667E1;1.441403467E-7;9.984737571E-4;1.428548185E-8;9.895687825E-5;5.971342671E-8;4.136405308E-4;1.383063122E-7;9.580608507E-4;8.858379786E-9;6.136283110E-5;2.014839722E-9;1.395698452E-5
8.358333333E1;1.473730120E-7;1.029573448E-3;1.216258081E-8;8.496990111E-5;6.759630741E-8;4.722395390E-4;1.248330859E-7;8.721056102E-4;7.842467980E-9;5.478884285E-5;1.240044593E-9;8.663166809E-6
8.393750000E1;1.503283952E-7;1.059139296E-3;1.033136420E-8;7.278966680E-5;7.641992401E-8;5.384168731E-4;1.150999337E-7;8.109370327E-4;9.180253490E-9;6.467951183E-5;9.265399168E-10;6.527940603E-6
8.429166667E1;1.516364184E-7;1.077389652E-3;8.854839789E-9;6.291438997E-5;8.555670549E-8;6.078876708E-4;1.097232695E-7;7.795931642E-4;1.325097842E-8;9.414932892E-5;9.398567115E-10;6.677761888E-6
8.464583333E1;1.507776993E-7;1.080309716E-3;7.746983312E-9;5.550649321E-5;9.348011685E-8;6.697772878E-4;1.090583586E-7;7.813940983E-4;2.076157398E-8;1.487549564E-4;1.197078762E-9;8.576970090E-6
8.500000000E1;1.482912150E-7;1.071404028E-3;6.971590474E-9;5.036974118E-5;9.822525600E-8;7.096774746E-4;1.129337436E-7;8.159462976E-4;3.255981730E-8;2.352446800E-4;1.643463345E-9;1.187402267E-5
8.535416667E1;1.453854329E-7;1.059181404E-3;6.457089603E-9;4.704205292E-5;9.836961060E-8;7.166554458E-4;1.206596570E-7;8.790458733E-4;4.930743537E-8;3.592211239E-4;2.262341234E-9;1.648191098E-5
8.570833333E1;1.432528793E-7;1.052323963E-3;6.145707766E-9;4.514586778E-5;9.381411689E-8;6.891508477E-4;1.313551295E-7;9.649240630E-4;7.111793647E-8;5.224265583E-4;3.074851428E-9;2.258760769E-5
8.606250000E1;1.424949501E-7;1.055425028E-3;6.039714095E-9;4.473467596E-5;8.585302276E-8;6.358922117E-4;1.444075092E-7;1.069590883E-3;9.717354305E-8;7.197405195E-4;4.098988603E-9;3.036019985E-5
8.641666667E1;1.429404946E-7;1.067456783E-3;6.210346811E-9;4.637787805E-5;7.649445621E-8;5.712483811E-4;1.598106554E-7;1.193440449E-3;1.254550294E-7;9.368781219E-4;5.295143310E-9;3.954328449E-5
8.677083333E1;1.439142049E-7;1.083555596E-3;6.753620448E-9;5.084920723E-5;6.740888855E-8;5.075334881E-4;1.781628658E-7;1.341419844E-3;1.527646725E-7;1.150192337E-3;6.531652231E-9;4.917796913E-5
8.712500000E1;1.447165036E-7;1.098509061E-3;7.718227295E-9;5.858725443E-5;5.919274025E-8;4.493182180E-4;2.003265335E-7;1.520631764E-3;1.751818088E-7;1.329764053E-3;7.586632222E-9;5.758834708E-5
8.747916667E1;1.450210613E-7;1.109788841E-3;9.035050232E-9;6.914166697E-5;5.145719295E-8;3.937815515E-4;2.269416966E-7;1.736695071E-3;1.889314280E-7;1.445817515E-3;8.202143356E-9;6.276775998E-5
8.783333333E1;1.449665273E-7;1.118372463E-3;1.048058320E-8;8.085449701E-5;4.355229264E-8;3.359926301E-4;2.581218176E-7;1.991330952E-3;1.914368847E-7;1.476877071E-3;8.190338418E-9;6.318595829E-5
8.818750000E1;1.449517901E-7;1.127295168E-3;1.171350900E-8;9.109637132E-5;3.528000544E-8;2.743738426E-4;2.935213805E-7;2.282726095E-3;1.821735450E-7;1.416770064E-3;7.537247968E-9;5.861744243E-5
8.854166667E1;1.453243974E-7;1.139289031E-3;1.238714938E-8;9.711062750E-5;2.712801679E-8;2.126735257E-4;3.327575591E-7;2.608695057E-3;1.629283035E-7;1.277297084E-3;6.431180939E-9;5.041805803E-5
8.889583333E1;1.462033129E-7;1.155367175E-3;1.228592473E-8;9.708914157E-5;2.001348319E-8;1.581559342E-4;3.759013929E-7;2.970549173E-3;1.373114460E-7;1.085099471E-3;5.197662884E-9;4.107437077E-5
8.925000000E1;1.475092627E-7;1.174994251E-3;1.141433959E-8;9.092163544E-5;1.478399724E-8;1.177628540E-4;4.236804394E-7;3.374853020E-3;1.097375268E-7;8.741211285E-4;4.189733944E-9;3.337358759E-5
8.960416667E1;1.491356624E-7;1.197396316E-3;1.000068950E-8;8.029460278E-5;1.180218412E-8;9.475863497E-5;4.771314162E-7;3.830843617E-3;8.432998673E-8;6.770775941E-4;3.703458223E-9;2.973472048E-5
8.995833333E1;1.510991855E-7;1.222770421E-3;8.425263694E-9;6.818146107E-5;1.082562620E-8;8.760639879E-5;5.368002536E-7;4.344056984E-3;6.416885986E-8;5.192866099E-4;3.941977382E-9;3.190045880E-5
9.031250000E1;1.535483779E-7;1.252393952E-3;7.097675572E-9;5.789110952E-5;1.114207264E-8;9.087861802E-5;6.019244930E-7;4.909505428E-3;5.100389858E-8;4.160055286E-4;5.004954104E-9;4.082214568E-5
9.066666667E1;1.566121944E-7;1.287421843E-3;6.316718026E-9;5.192622960E-5;1.186383586E-8;9.752600356E-5;6.700700049E-7;5.508273249E-3;4.530380012E-8;3.724173720E-4;6.866252396E-9;5.644364636E-5
9.102083333E1;1.602008725E-7;1.327230923E-3;6.171787666E-9;5.113197771E-5;1.225127396E-8;1.014992577E-4;7.375670190E-7;6.110589413E-3;4.640830923E-8;3.844831937E-4;9.336350452E-9;7.734972247E-5
9.137500000E1;1.638883066E-7;1.368367491E-3;6.532928882E-9;5.454597516E-5;1.192053175E-8;9.952917600E-5;8.005772843E-7;6.684332472E-3;5.266280051E-8;4.397022929E-4;1.204818593E-8;1.005950107E-4
9.172916667E1;1.669527819E-7;1.404780779E-3;7.128386386E-9;5.997995399E-5;1.089082994E-8;9.163805708E-5;8.563182444E-7;7.205267239E-3;6.161804047E-8;5.184689819E-4;1.452292998E-8;1.221994186E-4
9.208333333E1;1.685633084E-7;1.429305650E-3;7.664305529E-9;6.498825457E-5;9.535362734E-9;8.085358529E-5;9.037789183E-7;7.663448984E-3;7.045421412E-8;5.974052555E-4;1.632535935E-8;1.384282771E-4
9.243750000E1;1.680169802E-7;1.435653247E-3;7.929191870E-9;6.775249763E-5;8.475978363E-9;7.242461948E-5;9.435059037E-7;8.061966787E-3;7.664113775E-8;6.548748711E-4;1.723311757E-8;1.472516716E-4
9.279166667E1;1.649573140E-7;1.420330872E-3;7.851010314E-9;6.759950231E-5;8.406917605E-9;7.238602720E-5;9.765738280E-7;8.408587188E-3;7.864617093E-8;6.771666068E-4;1.730489790E-8;1.490002482E-4
9.314583333E1;1.595197216E-7;1.384016437E-3;7.487799553E-9;6.496524414E-5;9.866878689E-9;8.560648271E-5;1.003318427E-6;8.704937423E-3;7.633815691E-8;6.623210152E-4;1.679473410E-8;1.457135696E-4
9.350000000E1;1.523769227E-7;1.332117153E-3;6.954973289E-9;6.080211523E-5;1.307765230E-8;1.143281058E-4;1.022574077E-6;8.939598225E-3;7.086805516E-8;6.195462552E-4;1.597287946E-8;1.396389055E-4
9.385416667E1;1.446798798E-7;1.274427855E-3;6.341040554E-9;5.585571899E-5;1.793125510E-8;1.579493362E-4;1.031875241E-6;9.089380992E-3;6.409243828E-8;5.645649467E-4;1.497753295E-8;1.319311657E-4
9.420833333E1;1.378534058E-7;1.223477935E-3;5.670539928E-9;5.032723307E-5;2.414939503E-8;2.143309539E-4;1.028566248E-6;9.128741518E-3;5.780557297E-8;5.130366033E-4;1.379102939E-8;1.223982829E-4
9.456250000E1;1.332364897E-7;1.191409538E-3;4.933205062E-9;4.411304726E-5;3.148773319E-8;2.815654011E-4;1.011212406E-6;9.042328483E-3;5.312759152E-8;4.750704513E-4;1.233900893E-8;1.103362372E-4
9.491666667E1;1.316397446E-7;1.185965313E-3;4.137556096E-9;3.727596120E-5;3.981405484E-8;3.586917322E-4;9.805449603E-7;8.833899781E-3;5.027623773E-8;4.529473542E-4;1.062490340E-8;9.572159934E-5
9.527083333E1;1.329939545E-7;1.207123841E-3;3.340414480E-9;3.031937787E-5;4.894462056E-8;4.442473993E-4;9.393975811E-7;8.526471909E-3;4.875393007E-8;4.425165910E-4;8.791026920E-9;7.979203437E-5
9.562500000E1;1.362756416E-7;1.246123631E-3;2.640547487E-9;2.414553755E-5;5.833289194E-8;5.334041669E-4;8.916739093E-7;8.153591619E-3;4.778887733E-8;4.369882146E-4;7.063462451E-9;6.458929395E-5
9.597916667E1;1.398008643E-7;1.287845623E-3;2.151911227E-9;1.982340715E-5;6.686217095E-8;6.159343478E-4;8.408987780E-7;7.746359907E-3;4.679726908E-8;4.310964631E-4;5.639869819E-9;5.195448322E-5
9.633333333E1;1.418390032E-7;1.316281709E-3;1.969750982E-9;1.827950797E-5;7.298771872E-8;6.773341395E-4;7.891462587E-7;7.323364964E-3;4.568752590E-8;4.239853167E-4;4.609274805E-9;4.277458233E-5
9.668750000E1;1.412989607E-7;1.320929471E-3;2.139442653E-9;2.000052114E-5;7.530965069E-8;7.040302102E-4;7.368206262E-7;6.888147477E-3;4.487409332E-8;4.195042344E-4;3.941311798E-9;3.684524557E-5
9.704166667E1;1.381593129E-7;1.301058003E-3;2.633108363E-9;2.479620545E-5;7.330952621E-8;6.903620447E-4;6.833147244E-7;6.434832889E-3;4.498291003E-8;4.236078904E-4;3.530629844E-9;3.324824159E-5
9.739583333E1;1.334318942E-7;1.265728057E-3;3.345792190E-9;3.173801191E-5;6.770257134E-8;6.422230949E-4;6.280880015E-7;5.958010342E-3;4.637783178E-8;4.399377169E-4;3.262760519E-9;3.095037777E-5
9.775000000E1;1.286570674E-7;1.229326320E-3;4.108254966E-9;3.925463297E-5;6.008843998E-8;5.741487995E-4;5.715038821E-7;5.460755313E-3;4.881372280E-8;4.664181722E-4;3.069164394E-9;2.932605761E-5
9.810416667E1;1.252145546E-7;1.205118405E-3;4.719906805E-9;4.542640093E-5;5.214911267E-8;5.019053550E-4;5.150339753E-7;4.956907164E-3;5.145401832E-8;4.952154698E-4;2.945028965E-9;2.834421781E-5
9.845833333E1;1.237814409E-7;1.199942660E-3;5.009117795E-9;4.855860532E-5;4.494285384E-8;4.356779758E-4;4.607794766E-7;4.466816245E-3;5.325957320E-8;5.163006142E-4;2.930564421E-9;2.840901869E-5
9.881250000E1;1.242049815E-7;1.212726280E-3;4.908411224E-9;4.792528620E-5;3.868064331E-8;3.776743261E-4;4.107194509E-7;4.010227818E-3;5.352647437E-8;5.226276867E-4;3.083222611E-9;3.010430856E-5
9.916666667E1;1.257942362E-7;1.237064013E-3;4.498596199E-9;4.423931998E-5;3.302723652E-8;3.247907614E-4;3.661278929E-7;3.600511869E-3;5.225633342E-8;5.138902344E-4;3.469514097E-9;3.411929800E-5
9.952083333E1;1.278150466E-7;1.265930871E-3;3.972725653E-9;3.934744913E-5;2.764085244E-8;2.737659558E-4;3.274490362E-7;3.243185012E-3;5.013232567E-8;4.965304192E-4;4.172066909E-9;4.132180392E-5
9.987500000E1;1.298634919E-7;1.295390361E-3;3.541027199E-9;3.532180164E-5;2.259276974E-8;2.253632312E-4;2.945931279E-7;2.938571053E-3;4.810986217E-8;4.798966268E-4;5.284204656E-9;5.271002401E-5
1.002291667E2;1.319038284E-7;1.325090803E-3;3.347264441E-9;3.362623649E-5;1.841802952E-8;1.850254222E-4;2.673869317E-7;2.686138594E-3;4.693780745E-8;4.715318558E-4;6.880410559E-9;6.911981908E-5
1.005833333E2;1.339904923E-7;1.355582742E-3;3.434569999E-9;3.474756853E-5;1.586431403E-8;1.604993752E-4;2.458585735E-7;2.487352895E-3;4.697155960E-8;4.752115946E-4;8.960066689E-9;9.064905692E-5
1.009375000E2;1.359148628E-7;1.384752121E-3;3.758220279E-9;3.829017222E-5;1.552357450E-8;1.581600590E-4;2.302004605E-7;2.345369516E-3;4.839174256E-8;4.930334092E-4;1.137413731E-8;1.158840207E-4
1.012916667E2;1.370641745E-7;1.406278669E-3;4.226615477E-9;4.336508213E-5;1.758489740E-8;1.804210778E-4;2.204904812E-7;2.262232720E-3;5.156191921E-8;5.290253806E-4;1.377452485E-8;1.413266489E-4
1.016458333E2;1.366221485E-7;1.411563020E-3;4.744148428E-9;4.901595060E-5;2.180428364E-8;2.252791425E-4;2.164096615E-7;2.235917665E-3;5.713338446E-8;5.902950114E-4;1.565397108E-8;1.617348793E-4
1.020000000E2;1.340243743E-7;1.394389590E-3;5.228136126E-9;5.439352826E-5;2.771387074E-8;2.883351112E-4;2.172097887E-7;2.259850642E-3;6.571356259E-8;6.836839052E-4;1.650553622E-8;1.717235988E-4
1.023541667E2;1.294048547E-7;1.355693840E-3;5.596096700E-9;5.862681000E-5;3.489484024E-8;3.655714471E-4;2.220192272E-7;2.325956778E-3;7.726258274E-8;8.094318238E-4;1.603553987E-8;1.679943360E-4
1.027083333E2;1.237782573E-7;1.305737051E-3;5.756549805E-9;6.072585389E-5;4.310469806E-8;4.547115347E-4;2.303631855E-7;2.430101644E-3;9.062032867E-8;9.559540044E-4;1.430142232E-8;1.508657289E-4
1.030625000E2;1.187914426E-7;1.261788319E-3;5.634070387E-9;5.984441340E-5;5.214319194E-8;5.538586705E-4;2.426312235E-7;2.577199475E-3;1.035444924E-7;1.099837060E-3;1.169303978E-8;1.242020526E-4
1.034166667E2;1.161193222E-7;1.241896958E-3;5.218672458E-9;5.581373818E-5;6.151787012E-8;6.579340481E-4;2.601833780E-7;2.782663034E-3;1.133600271E-7;1.212386277E-3;8.780514777E-9;9.390766651E-5
1.037708333E2;1.167866265E-7;1.257603456E-3;4.596703296E-9;4.949907473E-5;7.014261230E-8;7.553227138E-4;2.849396915E-7;3.068340542E-3;1.179430773E-7;1.270056565E-3;6.110948600E-9;6.580505244E-5
1.041250000E2;1.207181948E-7;1.308828554E-3;3.932604329E-9;4.263735759E-5;7.636641045E-8;8.279658154E-4;3.186049964E-7;3.454320350E-3;1.165157973E-7;1.263266095E-3;4.049511217E-9;4.390486388E-5
1.044791667E2;1.267176816E-7;1.383237068E-3;3.410614679E-9;3.722991604E-5;7.848517718E-8;8.567360526E-4;3.618747712E-7;3.950187464E-3;1.098313894E-7;1.198908054E-3;2.723070757E-9;2.972475791E-5
1.048333333E2;1.328887599E-7;1.460451163E-3;3.163236054E-9;3.476405210E-5;7.554934172E-8;8.302893642E-4;4.140123543E-7;4.550007274E-3;9.970971558E-8;1.095812544E-3;2.065242896E-9;2.269707680E-5
1.051875000E2;1.373196649E-7;1.519361095E-3;3.216351591E-9;3.558703321E-5;6.796242737E-8;7.519641717E-4;4.730542923E-7;5.234066716E-3;8.823496449E-8;9.762678373E-4;1.906673693E-9;2.109621977E-5
1.055416667E2;1.387390170E-7;1.545419932E-3;3.483065327E-9;3.879801586E-5;5.742291664E-8;6.396363608E-4;5.365062090E-7;5.976165947E-3;7.702435091E-8;8.579775878E-4;2.049066284E-9;2.282463827E-5
1.058958333E2;1.368711826E-7;1.534863521E-3;3.813246740E-9;4.276147255E-5;4.621284637E-8;5.182275096E-4;6.021531334E-7;6.752501592E-3;6.687260907E-8;7.499045910E-4;2.302725837E-9;2.582260063E-5
1.062500000E2;1.323749710E-7;1.494389322E-3;4.072241194E-9;4.597178535E-5;3.630077593E-8;4.098017283E-4;6.685367278E-7;7.547152904E-3;5.786502920E-8;6.532419312E-4;2.505051679E-9;2.827968497E-5
1.066041667E2;1.264385942E-7;1.436904873E-3;4.194346477E-9;4.766643391E-5;2.874936190E-8;3.267206384E-4;7.348904476E-7;8.351624535E-3;4.981960915E-8;5.661723751E-4;2.544372547E-9;2.891539039E-5
1.069583333E2;1.202555393E-7;1.375733599E-3;4.186021910E-9;4.788844675E-5;2.362951242E-8;2.703236322E-4;8.007177615E-7;9.160279308E-3;4.275041189E-8;4.890683487E-4;2.379419047E-9;2.722075631E-5
1.073125000E2;1.146246264E-7;1.320014063E-3;4.096247062E-9;4.717226916E-5;2.032510134E-8;2.340633113E-4;8.654009949E-7;9.965934194E-3;3.707738851E-8;4.269821922E-4;2.040284850E-9;2.349586455E-5
1.076666667E2;1.098138253E-7;1.272974064E-3;3.984680558E-9;4.619085977E-5;1.802851266E-8;2.089885219E-4;9.281677287E-7;1.075942344E-2;3.349119717E-8;3.882336788E-4;1.606435130E-9;1.862197452E-5
1.080208333E2;1.056819087E-7;1.233149398E-3;3.899270473E-9;4.549863921E-5;1.618278444E-8;1.888288272E-4;9.884032066E-7;1.153318324E-2;3.258221373E-8;3.801855750E-4;1.177218263E-9;1.373637181E-5
1.083750000E2;1.019285470E-7;1.197165118E-3;3.866624708E-9;4.541405094E-5;1.467908963E-8;1.724079719E-4;1.045930977E-6;1.228460640E-2;3.444847539E-8;4.046021877E-4;8.463772129E-10;9.940819387E-6
1.087291667E2;9.831411659E-8;1.162272601E-3;3.895582379E-9;4.605369831E-5;1.375921155E-8;1.626618349E-4;1.100820290E-6;1.301393234E-2;3.848151165E-8;4.549296500E-4;6.869951418E-10;8.121678333E-6
1.090833333E2;9.476229430E-8;1.127592992E-3;3.995097411E-9;4.753835769E-5;1.376587399E-8;1.638025246E-4;1.152666362E-6;1.371577715E-2;4.345285236E-8;5.170530341E-4;7.552236023E-10;8.986536759E-6
1.094375000E2;9.134111555E-8;1.093952936E-3;4.189112248E-9;5.017118102E-5;1.493703305E-8;1.788943683E-4;1.199723506E-6;1.436856824E-2;4.789040074E-8;5.735625647E-4;1.107729172E-9;1.326679199E-5
1.097916667E2;8.820848653E-8;1.063283627E-3;4.512616786E-9;5.439603070E-5;1.731429957E-8;2.087102042E-4;1.238596403E-6;1.493030123E-2;5.058715706E-8;6.097882180E-4;1.807918073E-9;2.179302424E-5
1.101458333E2;8.558754900E-8;1.038357097E-3;4.988596802E-9;6.052217821E-5;2.075048455E-8;2.517470490E-4;1.264944395E-6;1.534643771E-2;5.105295000E-8;6.193797296E-4;2.896782737E-9;3.514407117E-5
1.105000000E2;8.376841022E-8;1.022833231E-3;5.603141924E-9;6.841576368E-5;2.497604501E-8;3.049637535E-4;1.275041987E-6;1.556858142E-2;4.974209217E-8;6.073633809E-4;4.350588165E-9;5.312176914E-5
1.108541667E2;8.308795707E-8;1.021038513E-3;6.295717428E-9;7.736584448E-5;2.969910966E-8;3.649618530E-4;1.267395166E-6;1.557457088E-2;4.800618706E-8;5.899310514E-4;6.067445538E-9;7.456069196E-5
1.112083333E2;8.382127063E-8;1.036642247E-3;6.968649174E-9;8.618332896E-5;3.464261979E-8;4.284354432E-4;1.243450928E-6;1.537812245E-2;4.777337547E-8;5.908273513E-4;7.911134102E-9;9.783931659E-5
1.115625000E2;8.599175775E-8;1.070269876E-3;7.517079385E-9;9.355900884E-5;3.949498244E-8;4.915621110E-4;1.206937654E-6;1.502177706E-2;5.099548493E-8;6.346995662E-4;9.789986018E-9;1.218480398E-4
1.119166667E2;8.920297989E-8;1.117297677E-3;7.866859046E-9;9.853508647E-5;4.392332889E-8;5.501546405E-4;1.162130226E-6;1.455607653E-2;5.898266796E-8;7.387779867E-4;1.171027254E-8;1.466751483E-4
1.122708333E2;9.261816579E-8;1.167427901E-3;7.995039488E-9;1.007753942E-4;4.778171825E-8;6.022761361E-4;1.112064310E-6;1.401728151E-2;7.180252080E-8;9.050521072E-4;1.375249738E-8;1.733466541E-4
1.126250000E2;9.516640644E-8;1.207127874E-3;7.914434607E-9;1.003897801E-4;5.140258838E-8;6.520105101E-4;1.057677158E-6;1.341599023E-2;8.797085125E-8;1.115856641E-3;1.595535816E-8;2.023839955E-4
1.129791667E2;9.592590644E-8;1.224426290E-3;7.635066619E-9;9.745622053E-5;5.566859703E-8;7.105702333E-4;9.982836046E-7;1.274238353E-2;1.046257424E-7;1.335473538E-3;1.817940500E-8;2.320472356E-4
1.133333333E2;9.453692449E-8;1.214274275E-3;7.142448076E-9;9.174077751E-5;6.163982396E-8;7.917292944E-4;9.329979006E-7;1.198383970E-2;1.182291597E-7;1.518587873E-3;2.005876160E-8;2.576436490E-4
1.136875000E2;9.139187185E-8;1.181226021E-3;6.414589254E-9;8.290758889E-5;6.985984838E-8;9.029278976E-4;8.621701905E-7;1.114341837E-2;1.256081930E-7;1.623466759E-3;2.110915953E-8;2.728326711E-4
1.140416667E2;8.747148862E-8;1.137610597E-3;5.462888815E-9;7.104760997E-5;7.978194140E-8;1.037604177E-3;7.880002152E-7;1.024833817E-2;1.249450133E-7;1.624972587E-3;2.095560850E-8;2.725382028E-4
1.143958333E2;8.388780730E-8;1.097789962E-3;4.360881145E-9;5.706826417E-5;8.985525888E-8;1.175882460E-3;7.140658517E-7;9.344556135E-3;1.163242179E-7;1.522266023E-3;1.955331933E-8;2.558826888E-4
1.147500000E2;8.136617074E-8;1.071394139E-3;3.241397135E-9;4.268129936E-5;9.836611922E-8;1.295242023E-3;6.441165188E-7;8.481444518E-3;1.016499552E-7;1.338482138E-3;1.726817855E-8;2.273798204E-4
1.151041667E2;7.994253979E-8;1.059156246E-3;2.263288959E-9;2.998624567E-5;1.045149212E-7;1.384714970E-3;5.808686698E-7;7.695911106E-3;8.401674814E-8;1.113135307E-3;1.475515216E-8;1.954905562E-4
1.154583333E2;7.903292806E-8;1.053558464E-3;1.562017797E-9;2.082267621E-5;1.088981653E-7;1.451680794E-3;5.253977821E-7;7.003881722E-3;6.681583567E-8;8.906969654E-4;1.268776807E-8;1.691359003E-4
1.158125000E2;7.784527707E-8;1.044102515E-3;1.209815872E-9;1.622669791E-5;1.129748134E-7;1.515278656E-3;4.772685882E-7;6.401381718E-3;5.291216709E-8;7.096863012E-4;1.147730337E-8;1.539397349E-4
1.161666667E2;7.589258375E-8;1.024147228E-3;1.222306925E-9;1.649465847E-5;1.178516673E-7;1.590372240E-3;4.352066541E-7;5.872980817E-3;4.411422864E-8;5.953080361E-4;1.112917999E-8;1.501848833E-4
1.165208333E2;7.331728715E-8;9.954364766E-4;1.604040981E-9;2.177823218E-5;1.232603605E-7;1.673518808E-3;3.978688923E-7;5.401907568E-3;4.101810888E-8;5.569071548E-4;1.129449333E-8;1.533465173E-4
1.168750000E2;7.083719571E-8;9.676194910E-4;2.382443763E-9;3.254362342E-5;1.274581249E-7;1.741048113E-3;3.644303079E-7;4.978032592E-3;4.318290978E-8;5.898684266E-4;1.146846638E-8;1.566565629E-4
1.172291667E2;6.935298742E-8;9.530957410E-4;3.585155909E-9;4.926964150E-5;1.281555823E-7;1.761200840E-3;3.348233323E-7;4.601369081E-3;4.954475542E-8;6.808775964E-4;1.122328565E-8;1.542379953E-4
1.175833333E2;6.945988845E-8;9.603413234E-4;5.171720324E-9;7.150337916E-5;1.238503973E-7;1.712335811E-3;3.097092841E-7;4.281991095E-3;5.890952941E-8;8.144737444E-4;1.037451677E-8;1.434364118E-4
1.179375000E2;7.113497946E-8;9.894344909E-4;6.976791811E-9;9.704196875E-5;1.146648402E-7;1.594902376E-3;2.902910044E-7;4.037731287E-3;7.032314260E-8;9.781424460E-4;9.012069724E-9;1.253511660E-4
1.182916667E2;7.374798370E-8;1.031949518E-3;8.708875681E-9;1.218625868E-4;1.021419653E-7;1.429264187E-3;2.780000825E-7;3.890032470E-3;8.313498825E-8;1.163301107E-3;7.401596961E-9;1.035699423E-4
1.186458333E2;7.636171539E-8;1.074931174E-3;1.001832092E-8;1.410262382E-4;8.828370742E-8;1.242755074E-3;2.740902354E-7;3.858322682E-3;9.672753551E-8;1.361617438E-3;5.837517922E-9;8.217376940E-5
1.190000000E2;7.813781279E-8;1.106509567E-3;1.061770366E-8;1.503573015E-4;7.467274424E-8;1.057440731E-3;2.791691959E-7;3.953314983E-3;1.101227401E-7;1.559448123E-3;4.541712009E-9;6.431518376E-5
1.193541667E2;7.864294047E-8;1.120301489E-3;1.040137905E-8;1.481719830E-4;6.227580212E-8;8.871447764E-4;2.928525594E-7;4.171806858E-3;1.217782680E-7;1.734782221E-3;3.638340648E-9;5.182968008E-5
1.197083333E2;7.791497892E-8;1.116528276E-3;9.489566997E-9;1.359863023E-4;5.177589857E-8;7.419530310E-4;3.137284412E-7;4.495755252E-3;1.298138666E-7;1.860243751E-3;3.164087076E-9;4.534163696E-5
1.200625000E2;7.631664316E-8;1.100104709E-3;8.163568443E-9;1.176778710E-4;4.389607509E-8;6.327620938E-4;3.397529823E-7;4.897540566E-3;1.326556593E-7;1.912231847E-3;3.095872168E-9;4.462700939E-5
1.204166667E2;7.430656497E-8;1.077458093E-3;6.738329593E-9;9.770694895E-5;3.935433280E-8;5.706446580E-4;3.690388154E-7;5.351126893E-3;1.297786952E-7;1.881813612E-3;3.396820879E-9;4.925449247E-5
1.207708333E2;7.224683195E-8;1.053762972E-3;5.455750780E-9;7.957536684E-5;3.846143984E-8;5.609829532E-4;4.007008368E-7;5.844459795E-3;1.220588407E-7;1.780300717E-3;4.052919787E-9;5.911424328E-5
1.211250000E2;7.029828790E-8;1.031364855E-3;4.443854102E-9;6.519696393E-5;4.061842245E-8;5.959236651E-4;4.352888131E-7;6.386237801E-3;1.114419468E-7;1.634994403E-3;5.061835807E-9;7.426353768E-5
1.214791667E2;6.841675608E-8;1.009638927E-3;3.734804871E-9;5.511521737E-5;4.417588058E-8;6.519117719E-4;4.745107144E-7;7.002443789E-3;1.000851607E-7;1.476975525E-3;6.387223670E-9;9.425746007E-5
1.218333333E2;6.642248455E-8;9.859329241E-4;3.308011675E-9;4.910201185E-5;4.693538546E-8;6.966788752E-4;5.202511147E-7;7.722275164E-3;8.951114537E-8;1.328646254E-3;7.926656693E-9;1.176582277E-4
1.221875000E2;6.412173775E-8;9.573237685E-4;3.130763917E-9;4.674163266E-5;4.707033360E-8;7.027499679E-4;5.733560380E-7;8.560082465E-3;8.025114561E-8;1.198132363E-3;9.515116246E-9;1.420586413E-4
1.225416667E2;6.143915134E-8;9.225985628E-4;3.181235605E-9;4.777089744E-5;4.386148636E-8;6.586442585E-4;6.328465152E-7;9.503114425E-3;7.207371472E-8;1.082292059E-3;1.094688846E-8;1.643835135E-4
1.228958333E2;5.852739702E-8;8.839618600E-4;3.452986247E-9;5.215178362E-5;3.783241184E-8;5.713975137E-4;6.960280905E-7;1.051238081E-2;6.453241942E-8;9.746580303E-4;1.201380650E-8;1.814491551E-4
1.232500000E2;5.578520139E-8;8.474085883E-4;3.951795539E-9;6.002999712E-5;3.038646665E-8;4.615875208E-4;7.595279773E-7;1.153765721E-2;5.742904602E-8;8.723795128E-4;1.256926702E-8;1.909342362E-4
1.236041667E2;5.374042727E-8;8.210457113E-4;4.685705130E-9;7.158815620E-5;2.324761279E-8;3.551767962E-4;8.207072827E-7;1.253875767E-2;5.091444884E-8;7.778704411E-4;1.258784337E-8;1.923169453E-4
1.239583333E2;5.282747235E-8;8.117294227E-4;5.638717145E-9;8.664265787E-5;1.789685357E-8;2.749971174E-4;8.786833689E-7;1.350155728E-2;4.524589371E-8;6.952333993E-4;1.215930611E-8;1.868358657E-4
1.243125000E2;5.316425736E-8;8.215790429E-4;6.731193180E-9;1.040211512E-4;1.511912531E-8;2.336448794E-4;9.343261756E-7;1.443870080E-2;4.050431588E-8;6.259374009E-4;1.141422219E-8;1.763907972E-4
1.246666667E2;5.446463177E-8;8.464772037E-4;7.796124776E-9;1.211656388E-4;1.485050322E-8;2.308032209E-4;9.892059043E-7;1.537401834E-2;3.659244244E-8;5.687116088E-4;1.046124813E-8;1.625863937E-4
1.250208333E2;5.614884536E-8;8.776181751E-4;8.609706788E-9;1.345715145E-4;1.640560980E-8;2.564231061E-4;1.044067280E-6;1.631898956E-2;3.357307316E-8;5.247541424E-4;9.400381302E-9;1.469299222E-4
1.253750000E2;5.761123014E-8;9.055846253E-4;8.978597988E-9;1.411335997E-4;1.888131751E-8;2.967933648E-4;1.097698450E-6;1.725460187E-2;3.203889761E-8;5.036159273E-4;8.373043281E-9;1.316149515E-4
1.257291667E2;5.848884355E-8;9.245813069E-4;8.835335392E-9;1.396674211E-4;2.149777740E-8;3.398330676E-4;1.146835066E-6;1.812896613E-2;3.314499597E-8;5.239502412E-4;7.565340168E-9;1.195915610E-4
1.260833333E2;5.876754593E-8;9.342280858E-4;8.289915807E-9;1.317848491E-4;2.380951427E-8;3.785000138E-4;1.187191040E-6;1.887278421E-2;3.814312655E-8;6.063615477E-4;7.153885671E-9;1.137253702E-4
1.264375000E2;5.867385209E-8;9.379860985E-4;7.611638848E-9;1.216830184E-4;2.576003225E-8;4.118112462E-4;1.215034167E-6;1.942407252E-2;4.759401444E-8;7.608589232E-4;7.253526616E-9;1.159580782E-4
1.267916667E2;5.842980906E-8;9.393250156E-4;7.143759145E-9;1.148439774E-4;2.754309389E-8;4.427862681E-4;1.228483112E-6;1.974925019E-2;6.067008149E-8;9.753399191E-4;7.898963303E-9;1.269847351E-4
1.271458333E2;5.804297022E-8;9.383263094E-4;7.180717034E-9;1.160839235E-4;2.945439694E-8;4.761616346E-4;1.227863275E-6;1.984971498E-2;7.498306923E-8;1.212181016E-3;9.052549090E-9;1.463440783E-4
1.275000000E2;5.726659227E-8;9.309400406E-4;7.850726334E-9;1.276233700E-4;3.195418494E-8;5.194552189E-4;1.215066499E-6;1.975242477E-2;8.717166259E-8;1.417084340E-3;1.062755441E-8;1.727641814E-4
1.278541667E2;5.576177680E-8;9.115203640E-4;9.063359031E-9;1.481559017E-4;3.576204264E-8;5.845909510E-4;1.192385131E-6;1.949154764E-2;9.407320283E-8;1.537785290E-3;1.250794614E-8;2.044634923E-4
1.282083333E2;5.334992564E-8;8.769328265E-4;1.055780980E-8;1.735426972E-4;4.163722758E-8;6.844067960E-4;1.161528651E-6;1.909248403E-2;9.396258637E-8;1.544498431E-3;1.453728388E-8;2.389548119E-4
1.285625000E2;5.020643406E-8;8.298278277E-4;1.204396512E-8;1.990664663E-4;5.000221473E-8;8.264524262E-4;1.123319680E-6;1.856658310E-2;8.725965216E-8;1.442255140E-3;1.648491675E-8;2.724679200E-4
1.289166667E2;4.688215199E-8;7.791582506E-4;1.337211630E-8;2.222379797E-4;6.086023997E-8;1.011467181E-3;1.078053803E-6;1.791672267E-2;7.639280053E-8;1.269610679E-3;1.804898258E-8;2.999651914E-4
1.292708333E2;4.414575172E-8;7.377173770E-4;1.463683284E-8;2.445953575E-4;7.403958899E-8;1.237271747E-3;1.026161043E-6;1.714812418E-2;6.487297541E-8;1.084088941E-3;1.894500316E-8;3.165889693E-4
1.296250000E2;4.271316714E-8;7.176939974E-4;1.613085814E-8;2.710410124E-4;8.933835651E-8;1.501120299E-3;9.686776147E-7;1.627634184E-2;5.599446399E-8;9.408548554E-4;1.903219233E-8;3.197910881E-4
1.299791667E2;4.297757156E-8;7.260881828E-4;1.815148090E-8;3.066617145E-4;1.063791082E-7;1.797230755E-3;9.072422129E-7;1.532747956E-2;5.168747709E-8;8.732384114E-4;1.836999028E-8;3.103533396E-4
1.303333333E2;4.484773119E-8;7.618184436E-4;2.075073543E-8;3.524881315E-4;1.243143704E-7;2.111700585E-3;8.437346093E-7;1.433233231E-2;5.197029323E-8;8.828078221E-4;1.715049748E-8;2.913316894E-4
1.306875000E2;4.774208753E-8;8.153977430E-4;2.358358573E-8;4.027893118E-4;1.415534575E-7;2.417623018E-3;7.798397714E-7;1.331905709E-2;5.516437776E-8;9.421646904E-4;1.557250535E-8;2.659662863E-4
1.310416667E2;5.074997415E-8;8.714744150E-4;2.596618288E-8;4.458891736E-4;1.557470436E-7;2.674475524E-3;7.168521519E-7;1.230972666E-2;5.870951915E-8;1.008155072E-3;1.376262496E-8;2.363306728E-4
1.313958333E2;5.292128173E-8;9.136787856E-4;2.714192633E-8;4.686016944E-4;1.643491735E-7;2.837466296E-3;6.557679151E-7;1.132174454E-2;6.020507026E-8;1.039432411E-3;1.178830642E-8;2.035235191E-4
1.317500000E2;5.359320705E-8;9.302742375E-4;2.662209424E-8;4.621079757E-4;1.656772209E-7;2.875835554E-3;5.975196826E-7;1.037178400E-2;5.826655003E-8;1.011394417E-3;9.719827648E-9;1.687173758E-4
1.321041667E2;5.262265711E-8;9.183448716E-4;2.441647900E-8;4.261044482E-4;1.597466547E-7;2.787820477E-3;5.431134492E-7;9.478150252E-3;5.293317782E-8;9.237639272E-4;7.682908999E-9;1.340783698E-4
1.324583333E2;5.041100556E-8;8.844716823E-4;2.102825426E-8;3.689451383E-4;1.481260614E-7;2.598902865E-3;4.935309510E-7;8.659104212E-3;4.554612579E-8;7.991163449E-4;5.865884706E-9;1.029181794E-4
1.328125000E2;4.769818860E-8;8.413559878E-4;1.722398924E-8;3.038167047E-4;1.329091395E-7;2.344405598E-3;4.494228554E-7;7.927441724E-3;3.822210156E-8;6.742057710E-4;4.475282755E-9;7.894022926E-5
1.331666667E2;4.521515135E-8;8.018166065E-4;1.371702786E-8;2.432490085E-4;1.157419144E-7;2.052493164E-3;4.108198007E-7;7.285215877E-3;3.315257032E-8;5.879065012E-4;3.657198519E-9;6.485442200E-5
1.335208333E2;4.337072176E-8;7.732051144E-4;1.092614863E-8;1.947893338E-4;9.762879388E-8;1.740507874E-3;3.770523321E-7;6.722018443E-3;3.197962612E-8;5.701267922E-4;3.441580387E-9;6.135585133E-5
1.338750000E2;4.213507930E-8;7.551666170E-4;8.908315219E-9;1.596594187E-4;7.934149875E-8;1.421999251E-3;3.469958761E-7;6.219039011E-3;3.543858857E-8;6.351486574E-4;3.743891092E-9;6.709994660E-5
1.342291667E2;4.117024055E-8;7.417835404E-4;7.464294926E-9;1.344877038E-4;6.184526983E-8;1.114295243E-3;3.195667990E-7;5.757784953E-3;4.330379179E-8;7.802247341E-4;4.401307144E-9;7.930041584E-5
1.345833333E2;4.011840674E-8;7.266516070E-4;6.322517678E-9;1.145176991E-4;4.638707222E-8;8.401938988E-4;2.942712039E-7;5.330038270E-3;5.456028712E-8;9.882326727E-4;5.202284528E-9;9.422728169E-5
1.349375000E2;3.886862543E-8;7.077249422E-4;5.288213748E-9;9.628847760E-5;3.420896285E-8;6.228812053E-4;2.715609805E-7;4.944617339E-3;6.768552887E-8;1.232426835E-3;5.907001143E-9;1.075554383E-4
1.352916667E2;3.764012560E-8;6.889586510E-4;4.295532253E-9;7.862471389E-5;2.598257632E-8;4.755807917E-4;2.528274976E-7;4.627712816E-3;8.096877637E-8;1.482039129E-3;6.291261952E-9;1.151542211E-4
1.356458333E2;3.684484149E-8;6.779374235E-4;3.377085967E-9;6.213767970E-5;2.138264718E-8;3.934362626E-4;2.400045339E-7;4.416033526E-3;9.283023390E-8;1.708057004E-3;6.215758958E-9;1.143686726E-4
1.360000000E2;3.682336849E-8;6.810850235E-4;2.600841027E-9;4.810515564E-5;1.925611247E-8;3.561610563E-4;2.349222009E-7;4.345121028E-3;1.021067993E-7;1.888567359E-3;5.677320216E-9;1.050077147E-4
1.363541667E2;3.763221599E-8;6.996754242E-4;2.021981194E-9;3.759360198E-5;1.831289120E-8;3.404816745E-4;2.386667118E-7;4.437400998E-3;1.082440868E-7;2.012523721E-3;4.802144615E-9;8.928367575E-5
1.367083333E2;3.899985961E-8;7.288749438E-4;1.668251930E-9;3.117824126E-5;1.768794936E-8;3.305730643E-4;2.512159414E-7;4.695017034E-3;1.113357100E-7;2.080771833E-3;3.785472577E-9;7.074733447E-5
1.370625000E2;4.045509987E-8;7.599947210E-4;1.560319956E-9;2.931237182E-5;1.701754941E-8;3.196938770E-4;2.715146763E-7;5.100709708E-3;1.119992792E-7;2.104032897E-3;2.817765543E-9;5.293490673E-5
1.374166667E2;4.153949837E-8;7.844044827E-4;1.735864651E-9;3.277892288E-5;1.625667099E-8;3.069802501E-4;2.979577509E-7;5.626437599E-3;1.111218561E-7;2.098351821E-3;2.033161202E-9;3.839287482E-5
1.377708333E2;4.197037065E-8;7.966313170E-4;2.242587579E-9;4.256611197E-5;1.552985869E-8;2.947691809E-4;3.290514241E-7;6.245660099E-3;1.095359666E-7;2.079080550E-3;1.497739854E-9;2.842830438E-5
1.381250000E2;4.168422484E-8;7.952731349E-4;3.096815425E-9;5.908264148E-5;1.500947573E-8;2.863585173E-4;3.639237472E-7;6.943124898E-3;1.077152179E-7;2.055046467E-3;1.230948756E-9;2.348467507E-5
1.384791667E2;4.076494239E-8;7.817280863E-4;4.237267296E-9;8.125586987E-5;1.477692930E-8;2.833694833E-4;4.023882717E-7;7.716390484E-3;1.055807286E-7;2.024666688E-3;1.242554473E-9;2.382782050E-5
1.388333333E2;3.934928168E-8;7.584453809E-4;5.516190057E-9;1.063228778E-4;1.475755075E-8;2.844472815E-4;4.445473760E-7;8.568514838E-3;1.025198965E-7;1.976039680E-3;1.560337109E-9;3.007502100E-5
1.391875000E2;3.758167096E-8;7.280757305E-4;6.746577450E-9;1.307025254E-4;1.479425198E-8;2.866114130E-4;4.902106195E-7;9.496928842E-3;9.765709640E-8;1.891926569E-3;2.229766639E-9;4.319762620E-5
1.395416667E2;3.563458958E-8;6.938723358E-4;7.780516659E-9;1.515012613E-4;1.478909743E-8;2.879714822E-4;5.384881148E-7;1.048537420E-2;9.030092944E-8;1.758328567E-3;3.276899350E-9;6.380738021E-5
1.398958333E2;3.374711928E-8;6.604596130E-4;8.570715715E-9;1.677361418E-4;1.481285803E-8;2.899001365E-4;5.878892962E-7;1.150548981E-2;8.037850542E-8;1.573075205E-3;4.653900475E-9;9.108076104E-5
1.402500000E2;3.222103962E-8;6.337898632E-4;9.173633828E-9;1.804459507E-4;1.513016957E-8;2.976113811E-4;6.368504222E-7;1.252688761E-2;6.864879711E-8;1.350326130E-3;6.200316211E-9;1.219606074E-4
1.406041667E2;3.134412562E-8;6.196586846E-4;9.681275185E-9;1.913942765E-4;1.612971870E-8;3.188769849E-4;6.843501014E-7;1.352928101E-2;5.656702869E-8;1.118303666E-3;7.656613298E-9;1.513676592E-4
1.409583333E2;3.126841947E-8;6.212800979E-4;1.012358730E-8;2.011481045E-4;1.817633864E-8;3.611502480E-4;7.301454372E-7;1.450744349E-2;4.584778558E-8;9.109611933E-4;8.740191818E-9;1.736610714E-4
1.413125000E2;3.190887972E-8;6.371955239E-4;1.041262611E-8;2.079320492E-4;2.144699110E-8;4.282797407E-4;7.744257361E-7;1.546467996E-2;3.793412671E-8;7.575150226E-4;9.251832498E-9;1.847519031E-4
1.416666667E2;3.292735492E-8;6.608337203E-4;1.037582925E-8;2.082371288E-4;2.585045486E-8;5.188042676E-4;8.170919745E-7;1.639858199E-2;3.364555190E-8;6.752475346E-4;9.157071146E-9;1.837773306E-4
1.420208333E2;3.383035137E-8;6.823553826E-4;9.857499595E-9;1.988249496E-4;3.114143658E-8;6.281201941E-4;8.571983982E-7;1.728962063E-2;3.314640523E-8;6.685602456E-4;8.591473795E-9;1.732893142E-4
1.423750000E2;3.413548451E-8;6.919481390E-4;8.818511009E-9;1.787568675E-4;3.720664418E-8;7.542025131E-4;8.930131122E-7;1.810194787E-2;3.615318818E-8;7.328482850E-4;7.782535065E-9;1.577569715E-4
1.427291667E2;3.355067059E-8;6.834813448E-4;7.373314634E-9;1.502063271E-4;4.428415165E-8;9.021396889E-4;9.227112866E-7;1.879711910E-2;4.216167735E-8;8.589014594E-4;6.934306780E-9;1.412630281E-4
1.430833333E2;3.208999835E-8;6.569734108E-4;5.749936639E-9;1.177175344E-4;5.281751643E-8;1.081324578E-3;9.452708657E-7;1.935237945E-2;5.052249817E-8;1.034339035E-3;6.143906097E-9;1.257832082E-4
1.434375000E2;3.008742279E-8;6.190281563E-4;4.200554753E-9;8.642354257E-5;6.291590873E-8;1.294451813E-3;9.608836551E-7;1.976952435E-2;6.037646343E-8;1.242204462E-3;5.396414196E-9;1.110275331E-4
1.437916667E2;2.807783793E-8;5.805385957E-4;2.916219956E-9;6.029589038E-5;7.375495750E-8;1.524960702E-3;9.704881438E-7;2.006585498E-2;7.058939425E-8;1.459509379E-3;4.628511741E-9;9.569930965E-5
1.441458333E2;2.657870969E-8;5.522529951E-4;1.986570772E-9;4.127700975E-5;8.339571670E-8;1.732797975E-3;9.746754712E-7;2.025182767E-2;7.986931360E-8;1.659526297E-3;3.805737777E-9;7.907570048E-5
1.445000000E2;2.586940962E-8;5.401597401E-4;1.412511848E-9;2.949360051E-5;8.927767486E-8;1.864140171E-3;9.726566947E-7;2.030931495E-2;8.711054748E-8;1.818890009E-3;2.959630712E-9;6.179782917E-5
1.448541667E2;2.586130644E-8;5.426408002E-4;1.140262335E-9;2.392581625E-5;8.924787535E-8;1.872664036E-3;9.620633224E-7;2.018671455E-2;9.180047468E-8;1.926224537E-3;2.171788620E-9;4.557005337E-5
1.452083333E2;2.613011999E-8;5.509656016E-4;1.090936524E-9;2.300289852E-5;8.261040363E-8;1.741878367E-3;9.398631143E-7;1.981744617E-2;9.419556791E-8;1.986156886E-3;1.527696547E-9;3.221218454E-5
1.455625000E2;2.610765577E-8;5.531805345E-4;1.177575372E-9;2.495098677E-5;7.056635955E-8;1.495191175E-3;9.039575657E-7;1.915345191E-2;9.507919801E-8;2.014580016E-3;1.075235018E-9;2.278255418E-5
1.459166667E2;2.536156099E-8;5.399900789E-4;1.317522456E-9;2.805225812E-5;5.574696867E-8;1.186946262E-3;8.545689211E-7;1.819520255E-2;9.518818585E-8;2.026715785E-3;8.134511747E-10;1.731973691E-5
1.462708333E2;2.381326721E-8;5.094885831E-4;1.445374503E-9;3.092401397E-5;4.112576960E-8;8.798922844E-4;7.946207819E-7;1.700103613E-2;9.466092326E-8;2.025285285E-3;7.147663104E-10;1.529253720E-5
1.466250000E2;2.177783311E-8;4.681992521E-4;1.520936699E-9;3.269845174E-5;2.894786260E-8;6.223469320E-4;7.288686238E-7;1.566986682E-2;9.286910366E-8;1.996582702E-3;7.564014629E-10;1.626179232E-5
1.469791667E2;1.980393196E-8;4.278218752E-4;1.531502682E-9;3.308486166E-5;2.021732324E-8;4.367523155E-4;6.622744066E-7;1.430703151E-2;8.875603917E-8;1.917385658E-3;9.339134045E-10;2.017521494E-5
1.473333333E2;1.840900740E-8;3.996063690E-4;1.489214577E-9;3.232654629E-5;1.483932524E-8;3.221188818E-4;5.984670476E-7;1.299099070E-2;8.149358684E-8;1.768990344E-3;1.248558199E-9;2.710259156E-5
1.476875000E2;1.784691775E-8;3.892697894E-4;1.423374301E-9;3.104606757E-5;1.214815061E-8;2.649705734E-4;5.390294985E-7;1.175709455E-2;7.107599104E-8;1.550280920E-3;1.687778775E-9;3.681315157E-5
1.480416667E2;1.802741797E-8;3.950949327E-4;1.368946580E-9;3.000229194E-5;1.144239779E-8;2.507754239E-4;4.838088492E-7;1.060331685E-2;5.850421542E-8;1.282197988E-3;2.222148573E-9;4.870135270E-5
1.483958333E2;1.861479005E-8;4.099223109E-4;1.356371765E-9;2.986910123E-5;1.229238381E-8;2.706945587E-4;4.319053323E-7;9.511126980E-3;4.545526713E-8;1.000985136E-3;2.821494401E-9;6.213304054E-5
1.487500000E2;1.922629219E-8;4.254117558E-4;1.407502675E-9;3.114319591E-5;1.460905265E-8;3.232481164E-4;3.826966195E-7;8.467760669E-3;3.365659846E-8;7.447048294E-4;3.471321261E-9;7.680840683E-5
1.491041667E2;1.962477263E-8;4.362989756E-4;1.535212526E-9;3.413092551E-5;1.863707300E-8;4.143403858E-4;3.363659724E-7;7.478105963E-3;2.434675458E-8;5.412783265E-4;4.167990912E-9;9.266299285E-5
1.494583333E2;1.981010120E-8;4.425139478E-4;1.741203269E-9;3.889463889E-5;2.495484014E-8;5.574360634E-4;2.937762467E-7;6.562313106E-3;1.808361935E-8;4.039481531E-4;4.893995835E-9;1.093210679E-4
1.498125000E2;1.999293997E-8;4.487172492E-4;2.014387357E-9;4.521047707E-5;3.435212061E-8;7.709916147E-4;2.558887807E-7;5.743112817E-3;1.489885572E-8;3.343867168E-4;5.591290516E-9;1.254897231E-4
1.501666667E2;2.047836960E-8;4.617878033E-4;2.336375259E-9;5.268532699E-5;4.742059522E-8;1.069335740E-3;2.231699320E-7;5.032488166E-3;1.460331656E-8;3.293051941E-4;6.154519148E-9;1.387845777E-4
1.505208333E2;2.153600402E-8;4.879309331E-4;2.696963065E-9;6.110380103E-5;6.389564680E-8;1.447653081E-3;1.953239462E-7;4.425361142E-3;1.700844156E-8;3.853521180E-4;6.456089463E-9;1.462725282E-4
1.508750000E2;2.328794875E-8;5.301097633E-4;3.109567537E-9;7.078391182E-5;8.215614169E-8;1.870142076E-3;1.714459123E-7;3.902668841E-3;2.194008726E-8;4.994280341E-4;6.402731094E-9;1.457470686E-4
1.512291667E2;2.562953157E-8;5.861540725E-4;3.615785081E-9;8.269394799E-5;9.939702195E-8;2.273235820E-3;1.504974305E-7;3.441915492E-3;2.910152222E-8;6.655594044E-4;5.993105936E-9;1.370638961E-4
1.515833333E2;2.821451599E-8;6.482992371E-4;4.264522197E-9;9.798808840E-5;1.126243874E-7;2.587827643E-3;1.318183130E-7;3.028856203E-3;3.793671029E-8;8.716910240E-4;5.329618987E-9;1.224613573E-4
1.519375000E2;3.052338809E-8;7.046325333E-4;5.067455939E-9;1.169822401E-4;1.199750364E-7;2.769624183E-3;1.154317953E-7;2.664743444E-3;4.766040447E-8;1.100240623E-3;4.571292309E-9;1.055283008E-4
1.522916667E2;3.200290664E-8;7.422354685E-4;5.954091428E-9;1.380917643E-4;1.215384334E-7;2.818810712E-3;1.020134933E-7;2.365973625E-3;5.745928891E-8;1.332639023E-3;3.864795053E-9;8.963523217E-5
1.526458333E2;3.224201453E-8;7.512631341E-4;6.761672328E-9;1.575520394E-4;1.191158561E-7;2.775488836E-3;9.257636454E-8;2.157098766E-3;6.676861076E-8;1.555758736E-3;3.296903384E-9;7.682032297E-5
1.530000000E2;3.111833752E-8;7.284491631E-4;7.278811504E-9;1.703896985E-4;1.150419503E-7;2.693017014E-3;8.804843826E-8;2.061125891E-3;7.541422693E-8;1.765371638E-3;2.883528407E-9;6.750051648E-5
1.533541667E2;2.884178654E-8;6.782867274E-4;7.329282058E-9;1.723663940E-4;1.108407724E-7;2.606697913E-3;8.891160749E-8;2.090978768E-3;8.350273721E-8;1.963775659E-3;2.588116176E-9;6.086602328E-5
1.537083333E2;2.586485705E-8;6.110896239E-4;6.851736807E-9;1.618808586E-4;1.066284088E-7;2.519229629E-3;9.505716393E-8;2.245844484E-3;9.108629483E-8;2.152027731E-3;2.357418002E-9;5.569695117E-5
1.540625000E2;2.270178761E-8;5.388326930E-4;5.929833188E-9;1.407460963E-4;1.016085151E-7;2.411703904E-3;1.058747739E-7;2.512964640E-3;9.778699445E-8;2.320999142E-3;2.157443683E-9;5.120747360E-5
1.544166667E2;1.975249283E-8;4.709884523E-4;4.757402284E-9;1.134379118E-4;9.516919025E-8;2.269262418E-3;1.205178643E-7;2.873689052E-3;1.026314011E-7;2.447195156E-3;1.991704660E-9;4.749121559E-5
1.547708333E2;1.721256833E-8;4.123100485E-4;3.560699428E-9;8.529303274E-5;8.764811973E-8;2.099524011E-3;1.382254953E-7;3.311055013E-3;1.042473338E-7;2.497141765E-3;1.893695532E-9;4.536160331E-5
1.551250000E2;1.509925194E-8;3.633448597E-4;2.519892202E-9;6.063809535E-5;8.019934124E-8;1.929898151E-3;1.585745950E-7;3.815901889E-3;1.013878340E-7;2.439773076E-3;1.900256637E-9;4.572733034E-5
1.554791667E2;1.335749991E-8;3.229011474E-4;1.726742994E-9;4.174189017E-5;7.398166731E-8;1.788415904E-3;1.815574775E-7;4.388928933E-3;9.353888690E-8;2.261187656E-3;2.024960871E-9;4.895094093E-5
1.558333333E2;1.197007146E-8;2.906815477E-4;1.188424228E-9;2.885972696E-5;6.934886201E-8;1.684069691E-3;2.074404554E-7;5.037489781E-3;8.128543332E-8;1.973937721E-3;2.241714178E-9;5.443784938E-5
1.561875000E2;1.100294113E-8;2.684116343E-4;8.635959737E-10;2.106702234E-5;6.564852583E-8;1.601465271E-3;2.364752233E-7;5.768703148E-3;6.623383311E-8;1.615743570E-3;2.481821752E-9;6.054288799E-5
1.565416667E2;1.056710375E-8;2.589499779E-4;7.046805283E-10;1.726840310E-5;6.171718339E-8;1.512397687E-3;2.685788941E-7;6.581604601E-3;5.052970656E-8;1.238245285E-3;2.651176175E-9;6.496785004E-5
1.568958333E2;1.073042481E-8;2.641433834E-4;6.859847827E-10;1.688640893E-5;5.664881379E-8;1.394484337E-3;3.031452323E-7;7.462314744E-3;3.622890363E-8;8.918216517E-4;2.667831913E-9;6.567215745E-5
1.572500000E2;1.143377947E-8;2.827294965E-4;8.018767073E-10;1.982845640E-5;5.031889168E-8;1.244263539E-3;3.391122182E-7;8.385418569E-3;2.481873355E-8;6.137067851E-4;2.502506197E-9;6.188087840E-5
1.576041667E2;1.246644533E-8;3.096549499E-4;1.047096071E-9;2.600889612E-5;4.337443019E-8;1.077380653E-3;3.752519515E-7;9.320910749E-3;1.704838612E-8;4.234661134E-4;2.191377070E-9;5.443177579E-5
1.579583333E2;1.351527225E-8;3.372173287E-4;1.396978768E-9;3.485578683E-5;3.679488857E-8;9.180631962E-4;4.105216330E-7;1.024285756E-2;1.304142807E-8;3.253945208E-4;1.813049527E-9;4.523709973E-5
1.583125000E2;1.426527608E-8;3.575284411E-4;1.801531938E-9;4.515152051E-5;3.136774248E-8;7.861649512E-4;4.442589143E-7;1.113439349E-2;1.254909297E-8;3.145160054E-4;1.451154521E-9;3.637006470E-5
1.586666667E2;1.451390178E-8;3.653890900E-4;2.195128378E-9;5.526260082E-5;2.740134854E-8;6.898319940E-4;4.760724547E-7;1.198517694E-2;1.517052691E-8;3.819197005E-4;1.169369211E-9;2.943899983E-5
1.590208333E2;1.425313405E-8;3.604279152E-4;2.515198955E-9;6.360340907E-5;2.473474870E-8;6.254830603E-4;5.054776369E-7;1.278232915E-2;2.047737282E-8;5.178241338E-4;1.005244021E-9;2.542023426E-5
1.593750000E2;1.366318234E-8;3.470501685E-4;2.722749388E-9;6.915889804E-5;2.292601284E-8;5.823296815E-4;5.315311215E-7;1.350109811E-2;2.803938544E-8;7.122113430E-4;9.739339855E-10;2.473830367E-5
1.597291667E2;1.301817956E-8;3.321381094E-4;2.810323949E-9;7.170093784E-5;2.149036741E-8;5.482924836E-4;5.527426170E-7;1.410234718E-2;3.742799670E-8;9.549157011E-4;1.072632166E-9;2.736650068E-5
1.600833333E2;1.254617861E-8;3.215168244E-4;2.793714529E-9;7.159361041E-5;2.008960775E-8;5.148298207E-4;5.674035625E-7;1.454066590E-2;4.821388741E-8;1.235561556E-3;1.283414041E-9;3.288963273E-5
1.604375000E2;1.231731200E-8;3.170499685E-4;2.695995059E-9;6.939542884E-5;1.859188476E-8;4.785586723E-4;5.742271174E-7;1.478071591E-2;5.994850189E-8;1.543085913E-3;1.575384338E-9;4.055069440E-5
1.607916667E2;1.221747160E-8;3.158700228E-4;2.538794367E-9;6.563788820E-5;1.700130081E-8;4.395509522E-4;5.729544285E-7;1.481314092E-2;7.211555451E-8;1.864472667E-3;1.908075336E-9;4.933130355E-5
1.611458333E2;1.201952931E-8;3.121228920E-4;2.343898435E-9;6.086630676E-5;1.534670955E-8;3.985230407E-4;5.645685975E-7;1.466070582E-2;8.406147157E-8;2.182906579E-3;2.235826816E-9;5.805990514E-5
1.615000000E2;1.152708998E-8;3.006524425E-4;2.137032099E-9;5.573860548E-5;1.364388862E-8;3.558633139E-4;5.509584803E-7;1.437023682E-2;9.497176093E-8;2.477077211E-3;2.518488275E-9;6.568784081E-5
1.618541667E2;1.071485861E-8;2.806947001E-4;1.944335736E-9;5.093531855E-5;1.193034409E-8;3.125364952E-4;5.341619139E-7;1.399331748E-2;1.039282038E-7;2.722583384E-3;2.735320198E-9;7.165655758E-5
1.622083333E2;9.785523269E-9;2.574722202E-4;1.783553530E-9;4.692804611E-5;1.031006728E-8;2.712737826E-4;5.155836931E-7;1.356580272E-2;1.100443115E-7;2.895435679E-3;2.889791968E-9;7.603488680E-5
1.625625000E2;9.093889193E-9;2.403202667E-4;1.665089237E-9;4.400259130E-5;8.962718379E-9;2.368538724E-4;4.955829102E-7;1.309655469E-2;1.126307860E-7;2.976444947E-3;3.001103820E-9;7.930886938E-5
1.629166667E2;8.974724114E-9;2.382056940E-4;1.602010070E-9;4.252029540E-5;8.122335643E-9;2.155817353E-4;4.735954964E-7;1.257009602E-2;1.113285671E-7;2.954865045E-3;3.090387326E-9;8.202456680E-5
1.632708333E2;9.565523712E-9;2.549916572E-4;1.614215924E-9;4.303074309E-5;8.036419133E-9;2.142297583E-4;4.486996704E-7;1.196115090E-2;1.061677567E-7;2.830152642E-3;3.171578420E-9;8.454592363E-5
1.636250000E2;1.071302715E-8;2.868213825E-4;1.721819928E-9;4.609852707E-5;8.910862248E-9;2.385717681E-4;4.202714587E-7;1.125198686E-2;9.755237535E-8;2.611783464E-3;3.247329214E-9;8.694120171E-5
1.639791667E2;1.201288633E-8;3.230165079E-4;1.938842925E-9;5.213387140E-5;1.084041239E-8;2.914896602E-4;3.883721086E-7;1.044300253E-2;8.620230571E-8;2.317908203E-3;3.308248347E-9;8.895604261E-5
1.643333333E2;1.297019643E-8;3.502659192E-4;2.274173416E-9;6.141506385E-5;1.372009036E-8;3.705171381E-4;3.537172653E-7;9.552291957E-3;7.308259489E-8;1.973627956E-3;3.338770896E-9;9.016499193E-5
1.646875000E2;1.321025450E-8;3.582881614E-4;2.735627170E-9;7.419560531E-5;1.716682584E-8;4.655981810E-4;3.173339735E-7;8.606723351E-3;5.931840100E-8;1.608832050E-3;3.333127276E-9;9.040098685E-5
1.650416667E2;1.263034244E-8;3.440347620E-4;3.333063689E-9;9.078849433E-5;2.051460005E-8;5.587920977E-4;2.801720835E-7;7.631537825E-3;4.607740417E-8;1.255090973E-3;3.314477599E-9;9.028223245E-5
1.653958333E2;1.141188931E-8;3.121811526E-4;4.068427777E-9;1.112950221E-4;2.295693066E-8;6.280047832E-4;2.429209215E-7;6.645291696E-3;3.441925974E-8;9.415657551E-4;3.335982007E-9;9.125839549E-5
1.657500000E2;9.903746887E-9;2.720862572E-4;4.919645770E-9;1.351577357E-4;2.382695053E-8;6.545993010E-4;2.061080421E-7;5.662419122E-3;2.512876464E-8;6.903641216E-4;3.459146585E-9;9.503335032E-5
1.661041667E2;8.460663337E-9;2.334347287E-4;5.832728154E-9;1.609284355E-4;2.287793670E-8;6.312158672E-4;1.703423416E-7;4.699846421E-3;1.859761778E-8;5.131193249E-4;3.723509250E-9;1.027338326E-4
1.664583333E2;7.318012599E-9;2.027702500E-4;6.743185200E-9;1.868427159E-4;2.038827546E-8;5.649260175E-4;1.364924511E-7;3.781984256E-3;1.481522776E-8;4.105059121E-4;4.127145445E-9;1.143565008E-4
1.668125000E2;6.559287271E-9;1.825214179E-4;7.607727238E-9;2.116957385E-4;1.705888237E-8;4.746874575E-4;1.056475625E-7;2.939792405E-3;1.348865092E-8;3.753407330E-4;4.625536977E-9;1.287120891E-4
1.671666667E2;6.175298978E-9;1.725668431E-4;8.421337005E-9;2.353316894E-4;1.380268769E-8;3.857118900E-4;7.885903436E-8;2.203691619E-3;1.426407545E-8;3.986052301E-4;5.146789285E-9;1.438254539E-4
1.675208333E2;6.164126474E-9;1.729852965E-4;9.204651313E-9;2.583122432E-4;1.155597867E-8;3.242980828E-4;5.682931057E-8;1.594813991E-3;1.696527207E-8;4.761003254E-4;5.620753855E-9;1.577365060E-4
1.678750000E2;6.586595650E-9;1.856235415E-4;9.976762347E-9;2.811652723E-4;1.113586756E-8;3.138311935E-4;3.971287839E-8;1.119188959E-3;2.177585664E-8;6.136875322E-4;6.018244356E-9;1.696062565E-4
1.682291667E2;7.522261286E-9;2.128879117E-4;1.073693006E-8;3.038664214E-4;1.316745001E-8;3.726526941E-4;2.712052613E-8;7.675394343E-4;2.925420337E-8;8.279247459E-4;6.385458725E-9;1.807152027E-4
1.685833333E2;8.962317192E-9;2.547121043E-4;1.147713413E-8;3.261840574E-4;1.814994303E-8;5.158275571E-4;1.830707906E-8;5.202934164E-4;4.012535721E-8;1.140376306E-3;6.862240458E-9;1.950272089E-4
1.689375000E2;1.071731308E-8;3.058708174E-4;1.221328060E-8;3.485655493E-4;2.672243091E-8;7.626549421E-4;1.241621842E-8;3.543573702E-4;5.485399005E-8;1.565526234E-3;7.663847518E-9;2.187252801E-4
1.692916667E2;1.241545850E-8;3.558229236E-4;1.298650757E-8;3.721890007E-4;3.991214773E-8;1.143868919E-3;8.681645871E-9;2.488130919E-4;7.313674977E-8;2.096074996E-3;9.006550735E-9;2.581247575E-4
1.696458333E2;1.360733339E-8;3.916150921E-4;1.381054854E-8;3.974635650E-4;5.895403871E-8;1.696680065E-3;6.531175925E-9;1.879653410E-4;9.354011786E-8;2.692057350E-3;1.098620586E-8;3.161798052E-4
1.700000000E2;1.393634795E-8;4.027604558E-4;1.460425514E-8;4.220629736E-4;8.444645665E-8;2.440502597E-3;5.596053150E-9;1.617259360E-4;1.135170233E-7;3.280641974E-3;1.346030552E-8;3.890028296E-4
1.703541667E2;1.329610187E-8;3.858600840E-4;1.517395446E-8;4.403563843E-4;1.152069178E-7;3.343367208E-3;5.675698112E-9;1.647118360E-4;1.299098357E-7;3.770053857E-3;1.601457541E-8;4.647516598E-4
1.707083333E2;1.188047658E-8;3.462129488E-4;1.527510086E-8;4.451368322E-4;1.477410728E-7;4.305372105E-3;6.717429247E-9;1.957548565E-4;1.398124889E-7;4.074322587E-3;1.806922369E-8;5.265613020E-4
1.710625000E2;1.009508142E-8;2.954060976E-4;1.472879285E-8;4.309995172E-4;1.770178981E-7;5.179964809E-3;8.815570305E-9;2.579645585E-4;1.414571346E-7;4.139372272E-3;1.910442423E-8;5.590409006E-4
1.714166667E2;8.378019704E-9;2.461769965E-4;1.353199044E-8;3.976195904E-4;1.984149529E-7;5.830160215E-3;1.223730097E-8;3.595768576E-4;1.347297952E-7;3.958856328E-3;1.889949264E-8;5.553365230E-4
1.717708333E2;7.033297478E-9;2.075189837E-4;1.189038868E-8;3.508285242E-4;2.096759918E-7;6.186536095E-3;1.745039369E-8;5.148776907E-4;1.211049871E-7;3.573229188E-3;1.764849325E-8;5.207226617E-4
1.721250000E2;6.153254150E-9;1.823025568E-4;1.014455500E-8;3.005528894E-4;2.116247244E-7;6.269809017E-3;2.510426646E-8;7.437644946E-4;1.030722283E-7;3.053722517E-3;1.586737934E-8;4.701030956E-4
1.724791667E2;5.645299885E-9;1.679423816E-4;8.630115179E-9;2.567378396E-4;2.071669506E-7;6.163022652E-3;3.589106620E-8;1.067725587E-3;8.335153691E-8;2.479630117E-3;1.413840680E-8;4.206043537E-4
1.728333333E2;5.339737394E-9;1.595052239E-4;7.556541867E-9;2.257241909E-4;1.992771833E-7;5.952680704E-3;5.030341301E-8;1.502631415E-3;6.423733738E-8;1.918856702E-3;1.284173896E-8;3.836002217E-4
1.731875000E2;5.112808860E-9;1.533531296E-4;6.952099002E-9;2.085206329E-4;1.893464098E-7;5.679239203E-3;6.835678202E-8;2.050287178E-3;4.728413090E-8;1.418235974E-3;1.201901884E-8;3.604973714E-4
1.735416667E2;4.955409946E-9;1.492406446E-4;6.686200897E-9;2.013663739E-4;1.769969568E-7;5.330566030E-3;8.942350502E-8;2.693141774E-3;3.332571086E-8;1.003660772E-3;1.142393504E-8;3.440513394E-4
1.738958333E2;4.955057986E-9;1.498397685E-4;6.555219709E-9;1.982282763E-4;1.612999416E-7;4.877671660E-3;1.123144353E-7;3.396361664E-3;2.266930264E-8;6.855142905E-4;1.071164871E-8;3.239176954E-4
1.742500000E2;5.217267938E-9;1.584122325E-4;6.399800800E-9;1.943175517E-4;1.422036745E-7;4.317739055E-3;1.356309842E-7;4.118172049E-3;1.531754501E-8;4.650875765E-4;9.651504604E-9;2.930492375E-4
1.746041667E2;5.781011081E-9;1.762434592E-4;6.192889191E-9;1.888002286E-4;1.210006357E-7;3.688899796E-3;1.582368636E-7;4.824106343E-3;1.114779729E-8;3.398586043E-4;8.245179868E-9;2.513676244E-4
1.749583333E2;6.574284666E-9;2.012416043E-4;6.040466900E-9;1.849012192E-4;9.967485455E-8;3.051089002E-3;1.795916052E-7;5.497374177E-3;1.003218054E-8;3.070892437E-4;6.697135386E-9;2.050021163E-4
1.753125000E2;7.424101116E-9;2.281758327E-4;6.097788470E-9;1.874123130E-4;7.991841636E-8;2.456250382E-3;1.997228024E-7;6.138375008E-3;1.186406152E-8;3.646356744E-4;5.280941944E-9;1.623069658E-4
1.756666667E2;8.120227311E-9;2.505802901E-4;6.473560073E-9;1.997661517E-4;6.259737632E-8;1.931678525E-3;2.188355431E-7;6.752997393E-3;1.648414314E-8;5.086805099E-4;4.201219960E-9;1.296445132E-4
1.760208333E2;8.503021878E-9;2.634519649E-4;7.182282065E-9;2.225310424E-4;4.789050945E-8;1.483807639E-3;2.368225043E-7;7.337550696E-3;2.353209444E-8;7.291027362E-4;3.524786533E-9;1.092096376E-4
1.763750000E2;8.523228458E-9;2.651417895E-4;8.148171662E-9;2.534744699E-4;3.575093373E-8;1.112145074E-3;2.529875010E-7;7.869970756E-3;3.231815182E-8;1.005357611E-3;3.187967318E-9;9.917173565E-5
1.767291667E2;8.243335152E-9;2.574657219E-4;9.240358793E-9;2.886059590E-4;2.621713059E-8;8.188448399E-4;2.662268134E-7;8.315114869E-3;4.182649989E-8;1.306375368E-3;3.052826147E-9;9.534952457E-5
1.770833333E2;7.787274291E-9;2.441972949E-4;1.031849665E-8;3.235726487E-4;1.933464090E-8;6.063054710E-4;2.755679791E-7;8.641400387E-3;5.095278674E-8;1.597803317E-3;2.979956706E-9;9.344699305E-5
1.774375000E2;7.276350988E-9;2.290891177E-4;1.126731592E-8;3.547409228E-4;1.484679533E-8;4.674374901E-4;2.807270197E-7;8.838428130E-3;5.888927191E-8;1.854073747E-3;2.889868624E-9;9.098481566E-5
1.777916667E2;6.784084429E-9;2.144440726E-4;1.199584236E-8;3.791870984E-4;1.207930826E-8;3.818254450E-4;2.822781839E-7;8.922778598E-3;6.540722268E-8;2.067514247E-3;2.786500581E-9;8.808093988E-5
1.781458333E2;6.333303271E-9;2.009933195E-4;1.242269415E-8;3.942458504E-4;1.017601178E-8;3.229452783E-4;2.812625212E-7;8.926129916E-3;7.080759425E-8;2.247145416E-3;2.734121014E-9;8.676989481E-5
1.785000000E2;5.925902145E-9;1.888125756E-4;1.249379158E-8;3.980803107E-4;8.515807241E-9;2.713327793E-4;2.784429802E-7;8.871819847E-3;7.551700696E-8;2.406141755E-3;2.807653176E-9;8.945814741E-5
1.788541667E2;5.586713953E-9;1.787123476E-4;1.223732728E-8;3.914575731E-4;6.900941245E-9;2.207529186E-4;2.736674853E-7;8.754297994E-3;7.957409167E-8;2.545480733E-3;3.052341113E-9;9.764076888E-5
1.792083333E2;5.392892272E-9;1.731961152E-4;1.179326899E-8;3.787482249E-4;5.419358852E-9;1.740461061E-4;2.657744456E-7;8.535512891E-3;8.234925050E-8;2.644697791E-3;3.466816730E-9;1.113389920E-4
1.795625000E2;5.469530311E-9;1.763523779E-4;1.137112911E-8;3.666358067E-4;4.219377064E-9;1.360440726E-4;2.531251172E-7;8.161435042E-3;8.272013509E-8;2.667119789E-3;4.014304408E-9;1.294319782E-4
1.799166667E2;5.953771564E-9;1.927236269E-4;1.116414775E-8;3.613835402E-4;3.428999047E-9;1.109967230E-4;2.345110031E-7;7.591122800E-3;7.963700823E-8;2.577850509E-3;4.651167274E-9;1.505583170E-4
1.802708333E2;6.944378054E-9;2.256754352E-4;1.127175141E-8;3.663045681E-4;3.152703944E-9;1.024552277E-4;2.099314591E-7;6.822262991E-3;7.275578416E-8;2.364386433E-3;5.353299110E-9;1.739692305E-4
1.806250000E2;8.459797424E-9;2.760041956E-4;1.165007037E-8;3.800880966E-4;3.437149251E-9;1.121383369E-4;1.808291074E-7;5.899620266E-3;6.274981067E-8;2.047237085E-3;6.108586256E-9;1.992950128E-4
1.809791667E2;1.040729781E-8;3.408749998E-4;1.211251901E-8;3.967268921E-4;4.243348698E-9;1.389843466E-4;1.496865279E-7;4.902751519E-3;5.111127780E-8;1.674071130E-3;6.873698371E-9;2.251373962E-4
1.813333333E2;1.257905138E-8;4.136215722E-4;1.239657640E-8;4.076214703E-4;5.471570396E-9;1.799149619E-4;1.192371144E-7;3.920728298E-3;3.957038815E-8;1.301144710E-3;7.534211620E-9;2.477382722E-4
1.816875000E2;1.467748956E-8;4.845090331E-4;1.228369699E-8;4.054891083E-4;6.974998981E-9;2.302471413E-4;9.169735055E-8;3.026961421E-3;2.948937895E-8;9.734546512E-4;7.917886044E-9;2.613721710E-4
1.820416667E2;1.637185083E-8;5.425495217E-4;1.169921399E-8;3.877022225E-4;8.526887883E-9;2.825739735E-4;6.835154353E-8;2.265113312E-3;2.154165122E-8;7.138724075E-4;7.863047842E-9;2.605748666E-4
1.823958333E2;1.737387614E-8;5.779982816E-4;1.072318469E-8;3.567414819E-4;9.822569674E-9;3.267796055E-4;4.956609523E-8;1.648976753E-3;1.575980004E-8;5.243008103E-4;7.301828879E-9;2.429189957E-4
1.827500000E2;1.751313949E-8;5.848961706E-4;9.530460753E-9;3.182941587E-4;1.056233596E-8;3.527562755E-4;3.508380175E-8;1.171713462E-3;1.182692804E-8;3.949905685E-4;6.304800717E-9;2.105649760E-4
1.831041667E2;1.679469574E-8;5.630780455E-4;8.313258299E-9;2.787197403E-4;1.055699638E-8;3.539458518E-4;2.439776296E-8;8.179871131E-4;9.404377075E-9;3.153018278E-4;5.061420915E-9;1.696949466E-4
1.834583333E2;1.541319266E-8;5.187612099E-4;7.223975562E-9;2.431370570E-4;9.790545764E-9;3.295200078E-4;1.700090788E-8;5.721988776E-4;8.344054349E-9;2.808355040E-4;3.807451064E-9;1.281472284E-4
1.838125000E2;1.371340017E-8;4.633351337E-4;6.346729283E-9;2.144371654E-4;8.423685304E-9;2.846113515E-4;1.247180398E-8;4.213852797E-4;8.717959476E-9;2.945540033E-4;2.737902908E-9;9.250562182E-5
1.841666667E2;1.210518122E-8;4.105758028E-4;5.700806281E-9;1.933563053E-4;6.737451070E-9;2.285165609E-4;1.043322664E-8;3.538675154E-4;1.072838141E-8;3.638783863E-4;1.951085117E-9;6.617565849E-5
1.845208333E2;1.095942523E-8;3.731458299E-4;5.271947383E-9;1.794989373E-4;5.034414310E-9;1.714114260E-4;1.047243838E-8;3.565649319E-4;1.458010568E-8;4.964225334E-4;1.446960320E-9;4.926601517E-5
1.848750000E2;1.051475321E-8;3.593812856E-4;5.047483935E-9;1.725167704E-4;3.550264109E-9;1.213436449E-4;1.208271307E-8;4.129722182E-4;2.035999686E-8;6.958795608E-4;1.166940047E-9;3.988457037E-5
1.852291667E2;1.082973363E-8;3.715664735E-4;5.026709796E-9;1.724656299E-4;2.413904920E-9;8.282070167E-5;1.465920922E-8;5.029551841E-4;2.793855536E-8;9.585674810E-4;1.041665342E-9;3.573937558E-5
1.855833333E2;1.179443564E-8;4.062142057E-4;5.207676084E-9;1.793584761E-4;1.656362056E-9;5.704705315E-5;1.755256248E-8;6.045308516E-4;3.692977379E-8;1.271904750E-3;1.018501775E-9;3.507839646E-5
1.859375000E2;1.319049390E-8;4.560316994E-4;5.567318856E-9;1.924775447E-4;1.242846659E-9;4.296863170E-5;2.017214285E-8;6.974065304E-4;4.676239131E-8;1.616704647E-3;1.064361363E-9;3.679790347E-5
1.862916667E2;1.477254613E-8;5.126750840E-4;6.050598191E-9;2.099834996E-4;1.108321704E-9;3.846384487E-5;2.209318642E-8;7.667348675E-4;5.685455450E-8;1.973113723E-3;1.155085291E-9;4.008675576E-5
1.866458333E2;1.633524446E-8;5.690654734E-4;6.565807097E-9;2.287308361E-4;1.177309972E-9;4.101355558E-5;2.311351052E-8;8.051976716E-4;6.678150039E-8;2.326444898E-3;1.270414611E-9;4.425701089E-5
1.870000000E2;1.773470072E-8;6.201647494E-4;6.991289210E-9;2.444783924E-4;1.376171296E-9;4.812333403E-5;2.323404081E-8;8.124711730E-4;7.630302723E-8;2.668240559E-3;1.392510415E-9;4.869469669E-5
1.873541667E2;1.886302476E-8;6.621220438E-4;7.204111587E-9;2.528757263E-4;1.644710666E-9;5.773194923E-5;2.257707216E-8;7.924909898E-4;8.519448891E-8;2.990461489E-3;1.506307048E-9;5.287376303E-5
1.877083333E2;1.961528153E-8;6.911330365E-4;7.127372953E-9;2.511288407E-4;1.949319920E-9;6.868315365E-5;2.129390977E-8;7.502785261E-4;9.296581036E-8;3.275596259E-3;1.599652669E-9;5.636283144E-5
1.880625000E2;1.987911684E-8;7.030747425E-4;6.767070096E-9;2.393343780E-4;2.285905832E-9;8.084678345E-5;1.951702352E-8;6.902684056E-4;9.868228260E-8;3.490146015E-3;1.666253653E-9;5.893123259E-5
1.884166667E2;1.957017050E-8;6.947574971E-4;6.200529219E-9;2.201239975E-4;2.665276009E-9;9.461953790E-5;1.738249850E-8;6.170933029E-4;1.010776785E-7;3.588342519E-3;1.707254202E-9;6.060895875E-5
1.887708333E2;1.870011401E-8;6.663678571E-4;5.521880861E-9;1.967690633E-4;3.081773422E-9;1.098172316E-4;1.509317109E-8;5.378365110E-4;9.899073716E-8;3.527478248E-3;1.728219011E-9;6.158409510E-5
1.891250000E2;1.744245171E-8;6.238862459E-4;4.796252386E-9;1.715536294E-4;3.487619942E-9;1.247461165E-4;1.296161729E-8;4.636145702E-4;9.193581040E-8;3.288384487E-3;1.732755046E-9;6.197764276E-5
1.894791667E2;1.614953120E-8;5.798061956E-4;4.052414238E-9;1.454912130E-4;3.806043765E-9;1.366459329E-4;1.138999911E-8;4.089277871E-4;8.048885274E-8;2.889739332E-3;1.719782299E-9;6.174423395E-5
1.898333333E2;1.528435693E-8;5.507977003E-4;3.309955946E-9;1.192798710E-4;3.982256329E-9;1.435073545E-4;1.077682401E-8;3.883611138E-4;6.624557795E-8;2.387271651E-3;1.686255817E-9;6.076708564E-5
1.901875000E2;1.528137012E-8;5.527467963E-4;2.603751997E-9;9.418105597E-5;4.031222808E-9;1.458145097E-4;1.139784239E-8;4.122746074E-4;5.135773060E-8;1.857675118E-3;1.630154716E-9;5.896479109E-5
1.905416667E2;1.639237797E-8;5.951437520E-4;1.987975216E-9;7.217568015E-5;4.056828765E-9;1.472877393E-4;1.333112590E-8;4.840015464E-4;3.790574970E-8;1.376210953E-3;1.550230862E-9;5.628287814E-5
1.908958333E2;1.858688882E-8;6.773288896E-4;1.516879464E-9;5.527693701E-5;4.259967878E-9;1.552384232E-4;1.645897082E-8;5.997849632E-4;2.741318859E-8;9.989700139E-4;1.445996369E-9;5.269387062E-5
1.912500000E2;2.156303044E-8;7.887015307E-4;1.220821843E-9;4.465346642E-5;4.943465695E-9;1.808149819E-4;2.055268780E-8;7.517466699E-4;2.065207962E-8;7.553820810E-4;1.322836884E-9;4.838482597E-5
1.916041667E2;2.487629201E-8;9.132623301E-4;1.095330645E-9;4.021195026E-5;6.459656363E-9;2.371479165E-4;2.539055071E-8;9.321418761E-4;1.769874686E-8;6.497591677E-4;1.198689825E-9;4.400648866E-5
1.919583333E2;2.813547176E-8;1.036735912E-3;1.113023374E-9;4.101268722E-5;9.068332216E-9;3.341499212E-4;3.084561760E-8;1.136599371E-3;1.809379276E-8;6.667201069E-4;1.103166265E-9;4.064947245E-5
1.923125000E2;3.116905929E-8;1.152759533E-3;1.246292586E-9;4.609300670E-5;1.278996282E-8;4.730252338E-4;3.688866339E-8;1.364293929E-3;2.099338476E-8;7.764213922E-4;1.069536766E-9;3.955585219E-5
1.926666667E2;3.404544554E-8;1.263782070E-3;1.487878568E-9;5.523071372E-5;1.738418386E-8;6.453086310E-4;4.350052351E-8;1.614758766E-3;2.529650010E-8;9.390173266E-4;1.128619682E-9;4.189486419E-5
1.930208333E2;3.691822855E-8;1.375463995E-3;1.856439710E-9;6.916545242E-5;2.248792950E-8;8.378337363E-4;5.053980578E-8;1.882963672E-3;2.982225765E-8;1.111089109E-3;1.316422948E-9;4.904602518E-5
1.933750000E2;3.978486326E-8;1.487710825E-3;2.390150707E-9;8.937703412E-5;2.781047178E-8;1.039941740E-3;5.763862103E-8;2.155332291E-3;3.359959643E-8;1.256419634E-3;1.681222001E-9;6.286743163E-5
1.937291667E2;4.230965964E-8;1.587923414E-3;3.125136845E-9;1.172894797E-4;3.323085535E-8;1.247186900E-3;6.419542788E-8;2.409317963E-3;3.619992530E-8;1.358619035E-3;2.273548725E-9;8.532853449E-5
1.940833333E2;4.384376399E-8;1.651521821E-3;4.063138077E-9;1.530516677E-4;3.872451335E-8;1.458688146E-3;6.948555833E-8;2.617405656E-3;3.795040717E-8;1.429528851E-3;3.120798035E-9;1.175552823E-4
1.944375000E2;4.366338752E-8;1.650735470E-3;5.144050458E-9;1.944756702E-4;4.416512974E-8;1.669704307E-3;7.284903470E-8;2.754126337E-3;3.988728793E-8;1.507976470E-3;4.211101770E-9;1.592046668E-4
1.947916667E2;4.131922551E-8;1.567808156E-3;6.254387328E-9;2.373151806E-4;4.920085720E-8;1.866867161E-3;7.387752285E-8;2.803193464E-3;4.344998070E-8;1.648657091E-3;5.505407949E-9;2.088960618E-4
1.951458333E2;3.691081222E-8;1.405633722E-3;7.279178324E-9;2.772049139E-4;5.336708743E-8;2.032319888E-3;7.251480528E-8;2.761501292E-3;5.003732932E-8;1.905516385E-3;6.968861587E-9;2.653874641E-4
1.955000000E2;3.112825462E-8;1.189729674E-3;8.162371993E-9;3.119678982E-4;5.639162652E-8;2.155302064E-3;6.903653099E-8;2.638593474E-3;6.052133163E-8;2.313140425E-3;8.590300992E-9;3.283234515E-4
1.958541667E2;2.504182119E-8;9.605755780E-4;8.927762152E-9;3.424587303E-4;5.841483248E-8;2.240726066E-3;6.393164807E-8;2.452344793E-3;7.480400535E-8;2.869395965E-3;1.036052326E-8;3.974178052E-4
1.962083333E2;1.975330836E-8;7.604571382E-4;9.639799009E-9;3.711101874E-4;5.986198928E-8;2.304549507E-3;5.774929502E-8;2.223215616E-3;9.154483547E-8;3.524266534E-3;1.221279791E-8;4.701647530E-4
1.965625000E2;1.608490131E-8;6.214693789E-4;1.032402456E-8;3.988874417E-4;6.102848916E-8;2.357946531E-3;5.098327077E-8;1.969831272E-3;1.082129402E-7;4.181003505E-3;1.397559006E-8;5.399723075E-4
1.969166667E2;1.441350900E-8;5.589007273E-4;1.090155781E-8;4.227206982E-4;6.175228567E-8;2.394517350E-3;4.402433145E-8;1.707095120E-3;1.215558753E-7;4.713471726E-3;1.539742957E-8;5.970534022E-4
1.972708333E2;1.467301616E-8;5.710118935E-4;1.120697905E-8;4.361283500E-4;6.148959433E-8;2.392915629E-3;3.717899193E-8;1.446849533E-3;1.284340138E-7;4.998110043E-3;1.625600732E-8;6.326152318E-4
1.976250000E2;1.647464181E-8;6.434276899E-4;1.110791555E-8;4.338267579E-4;5.974616577E-8;2.333424779E-3;3.073101210E-8;1.200219365E-3;1.268055229E-7;4.952470932E-3;1.648700529E-8;6.439105534E-4
1.979791667E2;1.927225223E-8;7.553903887E-4;1.063956510E-8;4.170257385E-4;5.650088834E-8;2.214594719E-3;2.500460765E-8;9.800743613E-4;1.164891618E-7;4.565880114E-3;1.623078348E-8;6.361777386E-4
1.983333333E2;2.251973142E-8;8.858386574E-4;1.004643621E-8;3.951877311E-4;5.228928731E-8;2.056857215E-3;2.040164298E-8;8.025212951E-4;9.932597917E-8;3.907097753E-3;1.574997682E-8;6.195428381E-4
1.986875000E2;2.579897005E-8;1.018458785E-3;9.710782214E-9;3.833498563E-4;4.788386886E-8;1.890298211E-3;1.738445895E-8;6.862814645E-4;7.861778982E-8;3.103572685E-3;1.527230141E-8;6.029004071E-4
1.990416667E2;2.890178335E-8;1.145018860E-3;1.005117410E-8;3.982032449E-4;4.380572259E-8;1.735476941E-3;1.640803696E-8;6.500468000E-4;5.809601878E-8;2.301623966E-3;1.487148340E-8;5.891722588E-4
1.993958333E2;3.185495850E-8;1.266511686E-3;1.146373196E-8;4.557830611E-4;4.004009151E-8;1.591941920E-3;1.782496716E-8;7.086974923E-4;4.092691319E-8;1.627200796E-3;1.447766391E-8;5.756130722E-4
1.997500000E2;3.483668724E-8;1.389985998E-3;1.429837778E-8;5.705061671E-4;3.618057440E-8;1.443607180E-3;2.180327562E-8;8.699520601E-4;2.915946467E-8;1.163464463E-3;1.399697055E-8;5.584799999E-4
2.001041667E2;3.799996557E-8;1.521582367E-3;1.879384866E-8;7.525372273E-4;3.186737734E-8;1.276023247E-3;2.831273545E-8;1.133689423E-3;2.367449883E-8;9.479666474E-4;1.343410276E-8;5.379240105E-4
2.004583333E2;4.128345658E-8;1.658915569E-3;2.491772007E-8;1.001282286E-3;2.714021397E-8;1.090589966E-3;3.719467072E-8;1.494613665E-3;2.439197935E-8;9.801561607E-4;1.291362759E-8;5.189153148E-4
2.008125000E2;4.432392538E-8;1.787391552E-3;3.216093353E-8;1.296910876E-3;2.242491016E-8;9.042993062E-4;4.825986776E-8;1.946111026E-3;3.045766633E-8;1.228225502E-3;1.258954136E-8;5.076815666E-4
2.011666667E2;4.653965571E-8;1.883368080E-3;3.944907784E-8;1.596426378E-3;1.825710442E-8;7.388290087E-4;6.132917461E-8;2.481870742E-3;4.032144570E-8;1.631729384E-3;1.253414647E-8;5.072321873E-4
2.015208333E2;4.737056280E-8;1.923749169E-3;4.535069627E-8;1.841721084E-3;1.503763271E-8;6.106879826E-4;7.613897486E-8;3.092052975E-3;5.182647985E-8;2.104706840E-3;1.270077069E-8;5.157865059E-4
2.018750000E2;4.657630673E-8;1.898148244E-3;4.859126068E-8;1.980264701E-3;1.299868345E-8;5.297420490E-4;9.215027500E-8;3.755447672E-3;6.251054282E-8;2.547524384E-3;1.298555181E-8;5.292068886E-4
2.022291667E2;4.442344460E-8;1.816769437E-3;4.862429536E-8;1.988570101E-3;1.227963553E-8;5.021957826E-4;1.083932356E-7;4.432918686E-3;7.023877244E-8;2.872529499E-3;1.331305295E-8;5.444590787E-4
2.025833333E2;4.162782131E-8;1.708406076E-3;4.589151332E-8;1.883388025E-3;1.294628429E-8;5.313155972E-4;1.234917354E-7;5.068101677E-3;7.399657592E-8;3.036819990E-3;1.366363619E-8;5.607557239E-4
2.029375000E2;3.906497845E-8;1.608837576E-3;4.157134152E-8;1.712058702E-3;1.490501878E-8;6.138427624E-4;1.359381881E-7;5.598427891E-3;7.439925967E-8;3.064031501E-3;1.401620779E-8;5.772383003E-4
2.032916667E2;3.739627864E-8;1.545494770E-3;3.695941918E-8;1.527440460E-3;1.777455426E-8;7.345779219E-4;1.445237054E-7;5.972803687E-3;7.350688689E-8;3.037855995E-3;1.426276148E-8;5.894442998E-4
2.036458333E2;3.680404619E-8;1.526323618E-3;3.287684130E-8;1.363456048E-3;2.082896721E-8;8.638111264E-4;1.486960390E-7;6.166666432E-3;7.390880893E-8;3.065118440E-3;1.419206712E-8;5.885680915E-4
2.040000000E2;3.697326043E-8;1.538679206E-3;2.943945783E-8;1.225152477E-3;2.312537038E-8;9.623854137E-4;1.486471052E-7;6.186097932E-3;7.748044874E-8;3.224426355E-3;1.358916019E-8;5.655264905E-4
2.043541667E2;3.732592899E-8;1.558754139E-3;2.625621001E-8;1.096475751E-3;2.383119588E-8;9.952056448E-4;1.450797230E-7;6.058619972E-3;8.440519295E-8;3.524813647E-3;1.239190668E-8;5.174937733E-4
2.047083333E2;3.737093113E-8;1.566047619E-3;2.286925326E-8;9.583475324E-4;2.258923411E-8;9.466131891E-4;1.388055554E-7;5.816716443E-3;9.295066986E-8;3.895144457E-3;1.078552152E-8;4.519726908E-4
2.050625000E2;3.698602821E-8;1.555285747E-3;1.913211210E-8;8.045173459E-4;1.966546145E-8;8.269450216E-4;1.304148034E-7;5.484024504E-3;1.001366192E-7;4.210807815E-3;9.151880847E-9;3.848423453E-4
2.054166667E2;3.648175898E-8;1.539384555E-3;1.530868118E-8;6.459652172E-4;1.579194285E-8;6.663569304E-4;1.201980096E-7;5.071876048E-3;1.030017764E-7;4.346263671E-3;7.898286485E-9;3.332761514E-4
2.057708333E2;3.643676243E-8;1.542792127E-3;1.188373469E-8;5.031767666E-4;1.184854991E-8;5.016869857E-4;1.083125768E-7;4.586131686E-3;9.985487567E-8;4.228018784E-3;7.270141400E-9;3.078296797E-4
2.061250000E2;3.740633862E-8;1.589302397E-3;9.281221175E-9;3.943360297E-4;8.581885342E-9;3.646229876E-4;9.503528637E-8;4.037813214E-3;9.089680411E-8;3.861979385E-3;7.249081302E-9;3.079954551E-4
2.064791667E2;3.966858963E-8;1.691216618E-3;7.685408174E-9;3.276569735E-4;6.438691779E-9;2.745049077E-4;8.091498678E-8;3.449700924E-3;7.796949293E-8;3.324123781E-3;7.591665297E-9;3.236603728E-4
2.068333333E2;4.309799072E-8;1.843733240E-3;7.036381875E-9;3.010166121E-4;5.515304620E-9;2.359448849E-4;6.673056851E-8;2.854735574E-3;6.367072217E-8;2.723835263E-3;7.983579264E-9;3.415377427E-4
2.071875000E2;4.719004894E-8;2.025711194E-3;7.140835910E-9;3.065322363E-4;5.621626342E-9;2.413176435E-4;5.330772409E-8;2.288322556E-3;5.034106395E-8;2.160973744E-3;8.213081093E-9;3.525601409E-4
2.075416667E2;5.119198476E-8;2.205020177E-3;7.795185421E-9;3.357662576E-4;6.435938220E-9;2.772186643E-4;4.132665454E-8;1.780085448E-3;3.939059905E-8;1.696692678E-3;8.256097799E-9;3.556193869E-4
2.078958333E2;5.428174871E-8;2.346093956E-3;8.855638300E-9;3.827466872E-4;7.639757801E-9;3.301955082E-4;3.121895759E-8;1.349304498E-3;3.118572436E-8;1.347868136E-3;8.233833930E-9;3.558718810E-4
2.082500000E2;5.575021837E-8;2.417778955E-3;1.022899427E-8;4.436116630E-4;8.962380280E-9;3.886810681E-4;2.317820626E-8;1.005193898E-3;2.541974893E-8;1.102405260E-3;8.294275130E-9;3.597066422E-4
2.086041667E2;5.515990344E-8;2.400321719E-3;1.181474030E-8;5.141266748E-4;1.018160587E-8;4.430596897E-4;1.721764068E-8;7.492376581E-4;2.168484087E-8;9.436309939E-4;8.498285896E-9;3.698088455E-4
2.089583333E2;5.247278245E-8;2.291149800E-3;1.346598162E-8;5.879730341E-4;1.115235384E-8;4.869517507E-4;1.321724457E-8;5.771122829E-4;1.990659708E-8;8.691933950E-4;8.773162582E-9;3.830677307E-4
2.093125000E2;4.812237160E-8;2.108323998E-3;1.502524861E-8;6.582820251E-4;1.182665937E-8;5.181463202E-4;1.094731987E-8;4.796209420E-4;2.044880881E-8;8.958975403E-4;8.943855939E-9;3.918457359E-4
2.096666667E2;4.300096769E-8;1.890327318E-3;1.641304578E-8;7.215193160E-4;1.221470318E-8;5.369597088E-4;1.008350075E-8;4.432718132E-4;2.393952319E-8;1.052384100E-3;8.821633170E-9;3.877999743E-4
2.100208333E2;3.830893748E-8;1.689759363E-3;1.767919923E-8;7.798073868E-4;1.232591278E-8;5.436806105E-4;1.023774309E-8;4.515740550E-4;3.098766264E-8;1.366827078E-3;8.301338253E-9;3.661616573E-4
2.103750000E2;3.526626320E-8;1.560801603E-3;1.893756647E-8;8.381320111E-4;1.216679174E-8;5.384734964E-4;1.101257825E-8;4.873907304E-4;4.190943050E-8;1.854812514E-3;7.411809971E-9;3.280292221E-4
2.107291667E2;3.473718399E-8;1.542566546E-3;2.021844121E-8;8.978359046E-4;1.178204116E-8;5.232025294E-4;1.204362463E-8;5.348186098E-4;5.650638320E-8;2.509266623E-3;6.297367720E-9;2.796458335E-4
2.110833333E2;3.691406892E-8;1.644749663E-3;2.135330429E-8;9.514215333E-4;1.126239195E-8;5.018090912E-4;1.301708317E-8;5.799914178E-4;7.392940684E-8;3.294011486E-3;5.150856982E-9;2.295024779E-4
2.114375000E2;4.120692661E-8;1.842189296E-3;2.199010384E-8;9.830855449E-4;1.070294149E-8;4.784837374E-4;1.366952330E-8;6.111071990E-4;9.266143484E-8;4.142505094E-3;4.140878532E-9;1.851213554E-4
2.117916667E2;4.640968060E-8;2.081739178E-3;2.175108121E-8;9.756601925E-4;1.017199331E-8;4.562719826E-4;1.379697352E-8;6.188730443E-4;1.106620538E-7;4.963825002E-3;3.368375862E-9;1.510908911E-4
2.121458333E2;5.113476235E-8;2.301363679E-3;2.044907603E-8;9.203281427E-4;9.711039611E-9;4.370536368E-4;1.328800678E-8;5.980381011E-4;1.256963432E-7;5.657071344E-3;2.862801946E-9;1.288428481E-4
2.125000000E2;5.435562078E-8;2.454496001E-3;1.822510911E-8;8.229775831E-4;9.336930201E-9;4.216207544E-4;1.216943481E-8;5.495260405E-4;1.358031034E-7;6.132358888E-3;2.607736996E-9;1.177556237E-4
2.128541667E2;5.580740410E-8;2.528460269E-3;1.549893749E-8;7.022087531E-4;9.039244639E-9;4.095401192E-4;1.063635382E-8;4.819001791E-4;1.397873564E-7;6.333331257E-3;2.575471729E-9;1.166866305E-4
2.132083333E2;5.600895185E-8;2.546043362E-3;1.277272618E-8;5.806199477E-4;8.792313167E-9;3.996791555E-4;9.039071425E-9;4.108962414E-4;1.375315010E-7;6.251878558E-3;2.749165367E-9;1.249709913E-4
2.135625000E2;5.589006368E-8;2.549086640E-3;1.042374538E-8;4.754159922E-4;8.573352669E-9;3.910215395E-4;7.825168389E-9;3.568976466E-4;1.299616963E-7;5.927415391E-3;3.119340349E-9;1.422698112E-4
2.139166667E2;5.622808679E-8;2.573016385E-3;8.609568417E-9;3.939767804E-4;8.355768775E-9;3.823628224E-4;7.460478377E-9;3.413940292E-4;1.186613015E-7;5.429981535E-3;3.659726061E-9;1.674703099E-4
2.142708333E2;5.720001122E-8;2.626166344E-3;7.307844546E-9;3.355176859E-4;8.082824145E-9;3.710985415E-4;8.370746826E-9;3.843176447E-4;1.053180672E-7;4.835362051E-3;4.309199762E-9;1.978439365E-4
2.146250000E2;5.829921638E-8;2.685488727E-3;6.417643989E-9;2.956216508E-4;7.670719777E-9;3.533431968E-4;1.092400619E-8;5.032022264E-4;9.127861536E-8;4.204648154E-3;4.988468200E-9;2.297882536E-4
2.149791667E2;5.865509583E-8;2.710806378E-3;5.854068440E-9;2.705518735E-4;7.053424290E-9;3.259813540E-4;1.544371774E-8;7.137475093E-4;7.740110780E-8;3.577172857E-3;5.652449976E-9;2.612338661E-4
2.153333333E2;5.757499215E-8;2.669662825E-3;5.601273877E-9;2.597223566E-4;6.229748616E-9;2.888637526E-4;2.224245240E-8;1.031347918E-3;6.420671659E-8;2.977165571E-3;6.331676543E-9;2.935899920E-4
2.156875000E2;5.498747636E-8;2.558077758E-3;5.728168570E-9;2.664806894E-4;5.276634324E-9;2.454748207E-4;3.164155945E-8;1.472000077E-3;5.215985108E-8;2.426533526E-3;7.119980254E-9;3.312292967E-4
2.160416667E2;5.151900953E-8;2.404598340E-3;6.369831025E-9;2.973055043E-4;4.341196865E-9;2.026210300E-4;4.396517223E-8;2.052030525E-3;4.186543303E-8;1.954027294E-3;8.096397465E-9;3.778912693E-4
2.163958333E2;4.816749268E-8;2.255546727E-3;7.664956098E-9;3.589281002E-4;3.634605135E-9;1.701982242E-4;5.948805448E-8;2.785656448E-3;3.405006553E-8;1.594467754E-3;9.226586711E-9;4.320548216E-4
2.167500000E2;4.579948380E-8;2.151685511E-3;9.652235440E-9;4.534674503E-4;3.438753968E-9;1.615545957E-4;7.836167990E-8;3.681475800E-3;2.936189987E-8;1.379438572E-3;1.031034945E-8;4.843860167E-4
2.171041667E2;4.476653156E-8;2.110035511E-3;1.218141218E-8;5.741613516E-4;4.111673979E-9;1.938005425E-4;1.005078340E-7;4.737358278E-3;2.816564650E-8;1.327565755E-3;1.102982766E-8;5.198823147E-4
2.174583333E2;4.483641015E-8;2.120229845E-3;1.490454883E-8;7.048081940E-4;6.078568651E-9;2.874441248E-4;1.255175058E-7;5.935487721E-3;3.045753751E-8;1.440279894E-3;1.109370393E-8;5.246004776E-4
2.178125000E2;4.544369794E-8;2.155952876E-3;1.740027947E-8;8.255090204E-4;9.794872003E-9;4.646911106E-4;1.525992413E-7;7.239656721E-3;3.588311147E-8;1.702376807E-3;1.040416544E-8;4.935973834E-4
2.181666667E2;4.610477980E-8;2.194435117E-3;1.938315190E-8;9.225739583E-4;1.562035040E-8;7.434770453E-4;1.806148899E-7;8.596671725E-3;4.375925024E-8;2.082795663E-3;9.147131874E-9;4.353732408E-4
2.185208333E2;4.675162238E-8;2.232453298E-3;2.086739821E-8;9.964465317E-4;2.358297040E-8;1.126118782E-3;2.082384015E-7;9.943665750E-3;5.304614602E-8;2.533025329E-3;7.761322104E-9;3.706136440E-4
2.188750000E2;4.777006028E-8;2.288485196E-3;2.214233622E-8;1.060756640E-3;3.312503682E-8;1.586896813E-3;2.341996709E-7;1.121963164E-2;6.233187374E-8;2.986087300E-3;6.816695585E-9;3.265624294E-4
2.192291667E2;4.968913119E-8;2.388130577E-3;2.354177357E-8;1.131451244E-3;4.302281656E-8;2.067737980E-3;2.575166423E-7;1.237661744E-2;6.996453695E-8;3.362595521E-3;6.869197211E-9;3.301434239E-4
2.195833333E2;5.282256970E-8;2.546937406E-3;2.515275530E-8;1.212786385E-3;5.164415705E-8;2.490118072E-3;2.775837782E-7;1.338421270E-2;7.440093114E-8;3.587377813E-3;8.326823286E-9;4.014931084E-4
2.199375000E2;5.705831444E-8;2.760053538E-3;2.666376942E-8;1.289793290E-3;5.751664729E-8;2.782224246E-3;2.940455433E-7;1.422371919E-2;7.471707997E-8;3.614252243E-3;1.132613651E-8;5.478735825E-4
2.202916667E2;6.191213226E-8;3.004497858E-3;2.747489310E-8;1.333313108E-3;5.995974972E-8;2.909751822E-3;3.065357121E-7;1.487569329E-2;7.106435504E-8;3.448640755E-3;1.563629120E-8;7.588044816E-4
2.206458333E2;6.675808612E-8;3.250089636E-3;2.701145708E-8;1.315041545E-3;5.941515568E-8;2.892602124E-3;3.144555305E-7;1.530913662E-2;6.479072946E-8;3.154309696E-3;2.064298556E-8;1.004995160E-3
2.210000000E2;7.106942455E-8;3.471101764E-3;2.504670924E-8;1.223306326E-3;5.731400584E-8;2.799273359E-3;3.169749450E-7;1.548137329E-2;5.807957012E-8;2.836664284E-3;2.548426665E-8;1.244677067E-3
2.213541667E2;7.454532111E-8;3.652546827E-3;2.183715177E-8;1.069969493E-3;5.527871892E-8;2.708528267E-3;3.133250266E-7;1.535219535E-2;5.320504741E-8;2.606923201E-3;2.934267240E-8;1.437722494E-3
2.217083333E2;NaN;3.664244328E-3;1.799515078E-8;8.845441699E-4;5.442705578E-8;2.675339343E-3;3.032269561E-7;1.490499521E-2;5.171140664E-8;2.541852737E-3;3.178463929E-8;1.562360756E-3
2.220625000E2;NaN;3.675960529E-3;1.419739543E-8;7.000984695E-4;5.491300203E-8;2.707856443E-3;2.872049781E-7;1.416258120E-2;5.385921618E-8;2.655892414E-3;3.295497907E-8;1.625067818E-3
2.224166667E2;NaN;3.687695432E-3;1.091303441E-8;5.398587937E-4;5.607047237E-8;2.773759932E-3;2.665695287E-7;1.318697429E-2;5.854857345E-8;2.896349545E-3;3.345564350E-8;1.655023037E-3
2.227708333E2;NaN;3.699449035E-3;8.302544826E-9;4.120290984E-4;5.695423414E-8;2.826458904E-3;2.430530018E-7;1.206195345E-2;6.373302051E-8;3.162868678E-3;3.393861516E-8;1.684266366E-3
2.231250000E2;NaN;3.711221340E-3;6.302954046E-9;3.137910899E-4;5.686537835E-8;2.831029533E-3;2.183062076E-7;1.086832338E-2;6.715427455E-8;3.343259819E-3;3.465365298E-8;1.725223992E-3
2.234791667E2;NaN;3.723012345E-3;4.786631034E-9;2.390584167E-4;5.557428935E-8;2.775543284E-3;1.935087047E-7;9.664393229E-3;6.711603298E-8;3.351971870E-3;3.525265643E-8;1.760621232E-3
2.238333333E2;NaN;3.734822052E-3;3.663119645E-9;1.835272801E-4;5.324862560E-8;2.667828620E-3;1.692932660E-7;8.481823055E-3;6.299787886E-8;3.156279478E-3;3.498631723E-8;1.752862113E-3
2.241875000E2;NaN;3.746650460E-3;2.889722568E-9;1.452375578E-4;NaN;2.676277794E-3;1.459314529E-7;7.334519955E-3;5.536070825E-8;2.782431143E-3;3.316348378E-8;1.666797861E-3
2.245416667E2;NaN;3.758497568E-3;2.424229371E-9;1.222271239E-4;NaN;2.684740328E-3;1.236081220E-7;6.232192967E-3;4.566365201E-8;2.302313848E-3;2.958064609E-8;1.491425414E-3
2.248958333E2;NaN;3.770363378E-3;2.186583828E-9;1.105933339E-4;NaN;2.693216219E-3;1.026016290E-7;5.189399128E-3;3.575054028E-8;1.808195683E-3;2.466138015E-8;1.247326635E-3
2.252500000E2;NaN;3.782247889E-3;2.059926931E-9;1.045156714E-4;NaN;2.701705469E-3;8.328488154E-8;4.225671882E-3;2.732076769E-8;1.386189158E-3;1.924613979E-8;9.765022205E-4
2.256041667E2;NaN;3.794151101E-3;1.930231661E-9;9.824346415E-5;NaN;2.710208078E-3;6.601119869E-8;3.359787824E-3;2.156558846E-8;1.097628932E-3;1.419827570E-8;7.226530463E-4
2.259583333E2;NaN;3.806073013E-3;1.731122957E-9;8.838623635E-5;NaN;2.718724044E-3;5.099676351E-8;2.603750343E-3;1.906931042E-8;9.736249932E-4;1.007480592E-8;5.143910627E-4
2.263125000E2;NaN;3.818013627E-3;1.459445215E-9;7.474891295E-5;NaN;2.727253369E-3;3.828781342E-8;1.961000251E-3;1.992895152E-8;1.020708038E-3;7.023567145E-9;3.597284802E-4
2.266666667E2;NaN;3.829972942E-3;1.158586247E-9;5.952558673E-5;NaN;2.735796053E-3;2.780824376E-8;1.428725768E-3;2.395241377E-8;1.230621792E-3;4.894195934E-9;2.514529111E-4
2.270208333E2;NaN;3.841950958E-3;8.878675226E-10;4.575932370E-5;NaN;2.744352095E-3;1.942096467E-8;1.000926587E-3;3.078797520E-8;1.586764791E-3;3.429412827E-9;1.767466516E-4
2.273750000E2;NaN;3.853947675E-3;6.967771804E-10;3.602295563E-5;NaN;2.752921495E-3;1.296735220E-8;6.704042068E-4;3.994355099E-8;2.065057246E-3;2.411490256E-9;1.246725767E-4
2.277291667E2;NaN;3.865963093E-3;6.098395505E-10;3.162662874E-5;NaN;2.761504254E-3;8.269638775E-9;4.288682083E-4;5.072987034E-8;2.630880162E-3;1.712789769E-9;8.882625945E-5
2.280833333E2;NaN;3.877997212E-3;6.215635693E-10;3.233498432E-5;NaN;2.770100371E-3;5.120471322E-9;2.663771947E-4;6.223348872E-8;3.237510983E-3;1.278299274E-9;6.649969373E-5
2.284375000E2;NaN;3.890050032E-3;6.992495099E-10;3.648942064E-5;NaN;2.778709846E-3;3.301683873E-9;1.722940524E-4;7.339195521E-8;3.829863142E-3;1.094265570E-9;5.710281685E-5
2.287916667E2;NaN;3.902121554E-3;7.945955313E-10;4.159360109E-5;NaN;2.787332680E-3;2.623039044E-9;1.373046227E-4;8.318757567E-8;4.354505785E-3;1.171698740E-9;6.133330487E-5
2.291458333E2;NaN;3.914211776E-3;8.642585132E-10;4.538032434E-5;NaN;2.795968872E-3;2.969093497E-9;1.559006059E-4;9.087338230E-8;4.771562559E-3;1.539866301E-9;8.085501168E-5
2.295000000E2;NaN;3.926320699E-3;8.877908811E-10;4.676016766E-5;NaN;2.804618422E-3;4.318756485E-9;2.274699838E-4;9.607408051E-8;5.060245839E-3;2.221610589E-9;1.170127851E-4
2.298541667E2;NaN;3.938448323E-3;8.749335382E-10;4.622530932E-5;NaN;2.813281331E-3;6.719090133E-9;3.549892720E-4;9.869191009E-8;5.214183560E-3;3.190577916E-9;1.685676050E-4
2.302083333E2;NaN;3.950594649E-3;8.606784396E-10;4.561240850E-5;NaN;2.821957598E-3;1.023642029E-8;5.424880678E-4;9.868899570E-8;5.230109852E-3;4.349313567E-9;2.304956857E-4
2.305625000E2;NaN;3.962759675E-3;8.992755176E-10;4.780464696E-5;NaN;2.830647224E-3;1.490901826E-8;7.925494915E-4;9.592361211E-8;5.099209666E-3;5.557781423E-9;2.954464718E-4
2.309166667E2;NaN;3.974943402E-3;1.052608685E-9;5.612773392E-5;NaN;2.839350208E-3;2.075302458E-8;1.106603298E-3;9.017737897E-8;4.808483916E-3;6.692486258E-9;3.568601449E-4
2.312708333E2;NaN;3.987145831E-3;1.372854128E-9;7.342874817E-5;NaN;2.848066551E-3;2.783215111E-8;1.488635955E-3;8.137961851E-8;4.352686418E-3;7.690502810E-9;4.113357587E-4
2.316250000E2;NaN;3.999366960E-3;1.881945384E-9;1.009666345E-4;NaN;2.856796251E-3;3.638206126E-8;1.951902703E-3;6.989657801E-8;3.749961240E-3;8.547786502E-9;4.585899479E-4
2.319791667E2;NaN;4.011606791E-3;2.552207311E-9;1.373453361E-4;NaN;2.865539310E-3;4.692492352E-8;2.525233496E-3;5.667987133E-8;3.050189513E-3;9.274694015E-9;4.991114793E-4
2.323333333E2;NaN;4.023865322E-3;3.295680566E-9;1.778968089E-4;NaN;2.874295728E-3;6.028358932E-8;3.254034472E-3;4.313580509E-8;2.328418037E-3;9.833883087E-9;5.308209898E-4
2.326875000E2;NaN;4.036142555E-3;3.975680239E-9;2.152571343E-4;NaN;2.883065504E-3;7.743014933E-8;4.192337173E-3;3.075065752E-8;1.664947384E-3;1.010988277E-8;5.473841614E-4
2.330416667E2;NaN;4.048438489E-3;4.448526975E-9;2.415924643E-4;NaN;2.891848638E-3;9.919189964E-8;5.386955188E-3;2.068312998E-8;1.123268077E-3;9.951668218E-9;5.404593614E-4
2.333958333E2;NaN;4.060753123E-3;4.622289987E-9;2.517928453E-4;NaN;2.900645131E-3;1.259010041E-7;6.858282830E-3;1.353475627E-8;7.372871026E-4;9.274886287E-9;5.052365849E-4
2.337500000E2;NaN;4.073086459E-3;4.503625336E-9;2.460738662E-4;NaN;2.909454982E-3;1.571634519E-7;8.587263670E-3;9.372243128E-9;5.120905780E-4;8.146834122E-9;4.451353788E-4
2.341041667E2;NaN;4.085438496E-3;4.205857779E-9;2.305010298E-4;NaN;2.918278191E-3;1.918711727E-7;1.051545373E-2;7.913918239E-9;4.337203965E-4;6.782236448E-9;3.716988465E-4
2.344583333E2;NaN;4.097809234E-3;3.903012120E-9;2.145513477E-4;NaN;2.927114759E-3;2.284434203E-7;1.255769703E-2;8.741341994E-9;4.805177763E-4;5.452034689E-9;2.997022182E-4
2.348125000E2;NaN;4.110198672E-3;3.750253220E-9;2.067773748E-4;NaN;2.935964685E-3;2.651741188E-7;1.462088157E-2;1.141783007E-8;6.295438708E-4;4.374849109E-9;2.412156623E-4
2.351666667E2;NaN;4.122606812E-3;3.815312301E-9;2.109995939E-4;NaN;2.944827970E-3;3.004800179E-7;1.661755493E-2;1.551189971E-8;8.578601913E-4;3.651812957E-9;2.019575307E-4
2.355208333E2;NaN;4.135033653E-3;4.054328725E-9;2.248938696E-4;NaN;2.953704613E-3;3.329282122E-7;1.846754888E-2;2.058901600E-8;1.142074013E-3;3.263970933E-9;1.810526731E-4
2.358750000E2;NaN;4.147479195E-3;4.339225992E-9;2.414215843E-4;NaN;2.962594614E-3;3.610975022E-7;2.009038737E-2;2.626071485E-8;1.461067802E-3;3.116291658E-9;1.733811677E-4
2.362291667E2;NaN;4.159943438E-3;4.521049767E-9;2.522936522E-4;NaN;2.971497974E-3;3.834790412E-7;2.139974847E-2;3.231393090E-8;1.803253682E-3;3.101747189E-9;1.730905800E-4
2.365833333E2;NaN;4.172426382E-3;4.499564910E-9;2.518481785E-4;NaN;2.980414692E-3;3.986166700E-7;2.231124215E-2;3.880227555E-8;2.171828302E-3;3.153784775E-9;1.765226121E-4
2.369375000E2;NaN;4.184928027E-3;4.264182251E-9;2.393885431E-4;NaN;2.989344769E-3;4.055263069E-7;2.276599500E-2;4.598775914E-8;2.581724235E-3;3.260055031E-9;1.830174646E-4
2.372916667E2;NaN;4.197448373E-3;3.884725630E-9;2.187385477E-4;NaN;2.998288203E-3;4.042293749E-7;2.276107886E-2;5.410437115E-8;3.046472955E-3;3.438558712E-9;1.936160775E-4
2.376458333E2;NaN;4.209987421E-3;3.470022705E-9;1.959714133E-4;NaN;3.007244997E-3;3.960533820E-7;2.236732945E-2;6.304892131E-8;3.560722010E-3;3.711536686E-9;2.096110464E-4
2.380000000E2;NaN;4.222545169E-3;3.119717525E-9;1.767132795E-4;NaN;3.016215148E-3;3.834338480E-7;2.171922689E-2;7.217501162E-8;4.088281358E-3;4.095460251E-9;2.319832505E-4
2.383541667E2;NaN;4.235121618E-3;2.895724831E-9;1.645139715E-4;NaN;3.025198658E-3;3.691839903E-7;2.097434252E-2;8.032014317E-8;4.563204902E-3;4.602700673E-9;2.614918929E-4
2.387083333E2;NaN;4.247716768E-3;2.818212069E-9;1.605864256E-4;NaN;3.034195527E-3;3.555181786E-7;2.025801896E-2;8.609674757E-8;4.905936321E-3;5.243505679E-9;2.987837019E-4
2.390625000E2;NaN;4.260330620E-3;2.872705868E-9;1.641776652E-4;NaN;3.043205753E-3;3.432723939E-7;1.961831902E-2;8.834074982E-8;5.048751496E-3;6.026585704E-9;3.444246698E-4
2.394166667E2;NaN;4.272963172E-3;3.019588082E-9;1.730838163E-4;NaN;3.052229339E-3;3.316930656E-7;1.901275939E-2;8.651050551E-8;4.958811613E-3;6.948369155E-9;3.982828843E-4
2.397708333E2;NaN;4.285614425E-3;3.206121546E-9;1.843200960E-4;NaN;3.061266282E-3;3.188772117E-7;1.833226765E-2;8.084547211E-8;4.647810437E-3;7.962775877E-9;4.577804033E-4
2.401250000E2;NaN;4.298284380E-3;3.378839004E-9;1.948239098E-4;NaN;3.070316584E-3;3.026559209E-7;1.745114513E-2;7.224029835E-8;4.165376732E-3;8.949424552E-9;5.160239595E-4
2.404791667E2;NaN;4.310973035E-3;3.488730557E-9;2.017540891E-4;NaN;3.079380244E-3;2.815009430E-7;1.627926417E-2;6.193041640E-8;3.581450200E-3;9.720827174E-9;5.621576674E-4
2.408333333E2;NaN;4.323680392E-3;3.500137702E-9;2.030104174E-4;NaN;3.088457263E-3;2.550959211E-7;1.479574057E-2;5.114881385E-8;2.966666724E-3;1.009012651E-8;5.852343444E-4
2.411875000E2;NaN;4.336406449E-3;3.413867121E-9;1.985894645E-4;NaN;3.097547640E-3;2.244136602E-7;1.305445907E-2;4.088876232E-8;2.378556964E-3;9.960310541E-9;5.794053098E-4
2.415416667E2;NaN;4.349151208E-3;3.281696830E-9;1.914619928E-4;NaN;3.106651375E-3;1.913670981E-7;1.116481133E-2;3.183537525E-8;1.857351456E-3;9.370994722E-9;5.467261045E-4
2.418958333E2;NaN;4.361914668E-3;3.183777654E-9;1.862942736E-4;NaN;3.115768469E-3;1.582692960E-7;9.260905359E-3;2.443690268E-8;1.429891006E-3;8.470968768E-9;4.956668288E-4
2.422500000E2;NaN;4.374696828E-3;3.188760282E-9;1.871325965E-4;NaN;3.124898921E-3;1.273144143E-7;7.471454360E-3;1.902675325E-8;1.116586204E-3;7.439208808E-9;4.365704339E-4
2.426041667E2;NaN;4.387497690E-3;3.334896985E-9;1.962813038E-4;NaN;3.134042732E-3;1.002063432E-7;5.897822863E-3;1.590967592E-8;9.363923222E-4;6.409032972E-9;3.772150544E-4
2.429583333E2;NaN;4.400317253E-3;3.633772412E-9;2.144970496E-4;NaN;3.143199901E-3;7.795160085E-8;4.601385694E-3;1.536850718E-8;9.071837946E-4;5.438309760E-9;3.210166367E-4
2.433125000E2;NaN;4.413155516E-3;4.073048860E-9;2.411284542E-4;NaN;3.152370428E-3;6.080798729E-8;3.599891993E-3;1.761383752E-8;1.042756313E-3;4.533018969E-9;2.683591320E-4
2.436666667E2;NaN;4.426012481E-3;4.618353002E-9;2.742075254E-4;NaN;3.161554314E-3;4.836078198E-8;2.871346202E-3;2.270540316E-8;1.348097993E-3;3.694313338E-9;2.193441078E-4
2.440208333E2;NaN;4.438888147E-3;5.221022834E-9;3.108918981E-4;NaN;3.170751558E-3;3.970216626E-8;2.364111826E-3;3.048846528E-8;1.815471248E-3;2.948490169E-9;1.755712883E-4
2.443750000E2;NaN;4.451782514E-3;5.815769139E-9;3.473127351E-4;NaN;3.179962160E-3;3.370191271E-8;2.012649264E-3;4.056816483E-8;2.422695941E-3;2.337908117E-9;1.396178636E-4
2.447291667E2;NaN;4.464695582E-3;6.316554564E-9;3.783133916E-4;NaN;3.189186121E-3;2.930152889E-8;1.754937864E-3;5.230706979E-8;3.132794117E-3;1.891321465E-9;1.132757155E-4
2.450833333E2;NaN;4.477627351E-3;6.643241741E-9;3.990318974E-4;NaN;3.198423440E-3;2.575253820E-8;1.546847846E-3;6.484517900E-8;3.894980165E-3;1.606474910E-9;9.649426536E-5
2.454375000E2;NaN;4.490577821E-3;6.791853899E-9;4.091383340E-4;NaN;3.207674118E-3;2.272772236E-8;1.369108141E-3;7.714475594E-8;4.647166649E-3;1.457571313E-9;8.780346388E-5
2.457916667E2;NaN;4.503546992E-3;6.885406138E-9;4.159717825E-4;NaN;3.216938154E-3;2.029910169E-8;1.226340661E-3;8.808742666E-8;5.321673573E-3;1.414659827E-9;8.546461285E-5
2.461458333E2;NaN;4.516534864E-3;7.135266086E-9;4.323098695E-4;NaN;3.226215548E-3;1.881893268E-8;1.140197189E-3;9.662413322E-8;5.854240883E-3;1.454641570E-9;8.813349075E-5
2.465000000E2;NaN;4.529541437E-3;7.736860727E-9;4.701090657E-4;NaN;3.235506301E-3;1.877810277E-8;1.140999775E-3;1.019711225E-7;6.195994839E-3;1.559363676E-9;9.475044549E-5
2.468541667E2;NaN;4.542566712E-3;8.780619727E-9;5.350644452E-4;NaN;3.244810412E-3;2.068233588E-8;1.260319080E-3;1.037865612E-7;6.324439561E-3;1.712047816E-9;1.043270229E-4
2.472083333E2;NaN;4.555610687E-3;1.024245087E-8;6.259362484E-4;NaN;3.254127881E-3;2.495648609E-8;1.525139781E-3;1.022381423E-7;6.247973269E-3;1.901256755E-9;1.161895269E-4
2.475625000E2;NaN;4.568673363E-3;1.203559976E-8;7.376281061E-4;NaN;3.263458709E-3;3.187388349E-8;1.953460799E-3;9.790684044E-8;6.000435270E-3;2.126952991E-9;1.303549751E-4
2.479166667E2;NaN;4.581754740E-3;1.406537325E-8;8.644954456E-4;NaN;3.272802895E-3;4.150793340E-8;2.551188563E-3;9.154733729E-8;5.626744112E-3;2.404498561E-9;1.477869102E-4
2.482708333E2;NaN;4.594854819E-3;1.624006216E-8;1.001011556E-3;NaN;3.282160440E-3;5.372237650E-8;3.311361691E-3;8.382143637E-8;5.166619784E-3;2.764866829E-9;1.704219861E-4
2.486250000E2;NaN;4.607973598E-3;1.841625963E-8;1.138389866E-3;NaN;3.291531343E-3;6.821943096E-8;4.216942553E-3;7.514114761E-8;4.644804251E-3;3.253237734E-9;2.010969081E-4
2.489791667E2;NaN;4.621111079E-3;2.032419518E-8;1.259909571E-3;NaN;3.300915604E-3;8.464418004E-8;5.247145660E-3;6.569973613E-8;4.072767734E-3;3.922520361E-9;2.431594905E-4
2.493333333E2;NaN;4.634267260E-3;2.157638364E-8;1.341341439E-3;NaN;3.310313224E-3;1.027139611E-7;6.385430230E-3;5.564834018E-8;3.459496547E-3;4.811889515E-9;2.991412701E-4
2.496875000E2;NaN;4.647442143E-3;2.182371438E-8;1.360574325E-3;NaN;3.319724202E-3;1.222973943E-7;7.624490120E-3;4.528505322E-8;2.823244459E-3;5.909186958E-9;3.684014515E-4
2.500416667E2;NaN;4.660635726E-3;2.097272856E-8;1.311232503E-3;NaN;3.329148539E-3;1.433990526E-7;8.965428514E-3;3.513047551E-8;2.196386665E-3;7.119698131E-9;4.451294726E-4
2.503958333E2;NaN;4.673848011E-3;1.928585716E-8;1.209186087E-3;NaN;3.338586233E-3;1.660490732E-7;1.041095697E-2;2.584948279E-8;1.620712768E-3;8.279669488E-9;5.191193249E-4
2.507500000E2;NaN;4.687078996E-3;1.727201779E-8;1.085987834E-3;NaN;3.348037287E-3;1.901734963E-7;1.195726555E-2;1.808164308E-8;1.136893480E-3;9.230023165E-9;5.803428984E-4
2.511041667E2;NaN;4.700328683E-3;1.544715461E-8;9.739941124E-4;NaN;3.357501698E-3;2.155241671E-7;1.358951051E-2;1.229579358E-8;7.752903925E-4;9.909032940E-9;6.247972516E-4
2.514583333E2;NaN;4.713597071E-3;1.412212219E-8;8.929600516E-4;NaN;3.366979468E-3;2.417164221E-7;1.528404201E-2;8.777864794E-9;5.550357442E-4;1.038770044E-8;6.568277343E-4
2.518125000E2;NaN;4.726884159E-3;1.334742663E-8;8.463541181E-4;NaN;3.376470597E-3;2.683570895E-7;1.701639830E-2;7.766475473E-9;4.924685996E-4;1.081627467E-8;6.858549491E-4
2.521666667E2;NaN;4.740189949E-3;1.302588956E-8;8.282906271E-4;NaN;3.385975084E-3;2.951646762E-7;1.876893963E-2;9.657344612E-9;6.140914974E-4;1.132285003E-8;7.199977022E-4
2.525208333E2;NaN;4.753514440E-3;1.308660485E-8;8.344905382E-4;NaN;3.395492929E-3;3.219715352E-7;2.053108524E-2;1.511086558E-8;9.635711089E-4;1.194796056E-8;7.618828684E-4
2.528750000E2;NaN;4.766857632E-3;1.355640930E-8;8.668749719E-4;NaN;3.405024132E-3;3.485770523E-7;2.229002649E-2;2.492824598E-8;1.594055775E-3;1.265457101E-8;8.092062319E-4
2.532291667E2;NaN;4.780219525E-3;1.446754641E-8;9.277315706E-4;NaN;3.414568694E-3;3.745294417E-7;2.401670452E-2;3.964249594E-8;2.542075483E-3;1.339053441E-8;8.586681641E-4
2.535833333E2;NaN;4.793600119E-3;1.571603062E-8;1.010611600E-3;NaN;3.424126614E-3;3.989758020E-7;2.565594223E-2;5.896771878E-8;3.791890082E-3;1.413641202E-8;9.090350048E-4
2.539375000E2;NaN;4.806999414E-3;1.702209788E-8;1.097657282E-3;NaN;3.433697893E-3;4.207035531E-7;2.712875473E-2;8.137813685E-8;5.247608439E-3;1.489369792E-8;9.604089980E-4
2.542916667E2;NaN;4.820417410E-3;1.805008523E-8;1.167195255E-3;NaN;3.443282530E-3;4.383838221E-7;2.834776183E-2;1.041061906E-7;6.731948913E-3;1.562587409E-8;1.010435456E-3
2.546458333E2;NaN;4.833854107E-3;1.858586707E-8;1.205191265E-3;NaN;3.452880526E-3;4.509003743E-7;2.923840952E-2;1.237015809E-7;8.021367217E-3;1.622513378E-8;1.052110694E-3
2.550000000E2;NaN;4.847309505E-3;1.862785375E-8;1.211276190E-3;NaN;3.462491879E-3;4.575721234E-7;2.975362733E-2;1.369989582E-7;8.908357254E-3;1.655978446E-8;1.076799984E-3
2.553541667E2;NaN;4.860783604E-3;1.833159499E-8;1.195325408E-3;NaN;3.472116592E-3;4.581673623E-7;2.987514668E-2;1.420950120E-7;9.265411889E-3;1.657403734E-8;1.080722542E-3
2.557083333E2;NaN;4.874276404E-3;1.785835349E-8;1.167699726E-3;NaN;3.481754662E-3;4.527402843E-7;2.960321657E-2;1.388837883E-7;9.081159788E-3;1.634346024E-8;1.068645777E-3
2.560625000E2;NaN;4.887787905E-3;1.725120377E-8;1.131126996E-3;NaN;3.491406091E-3;4.414420665E-7;2.894447514E-2;1.289157652E-7;8.452749396E-3;1.601896662E-8;1.050331666E-3
2.564166667E2;NaN;4.901318108E-3;1.643537128E-8;1.080617558E-3;NaN;3.501070878E-3;4.244821321E-7;2.790949089E-2;1.146887609E-7;7.540729484E-3;1.569478920E-8;1.031924652E-3
2.567708333E2;NaN;4.914867011E-3;1.532650145E-8;1.010495565E-3;NaN;3.510749024E-3;4.022630786E-7;2.652171197E-2;9.874388586E-8;6.510308896E-3;1.531037171E-8;1.009432111E-3
2.571250000E2;NaN;4.928434615E-3;1.394273228E-8;9.217995625E-4;NaN;3.520440528E-3;3.755875482E-7;2.483131934E-2;8.297839554E-8;5.485972705E-3;1.467833870E-8;9.704329052E-4
2.574791667E2;NaN;4.942020921E-3;1.242637152E-8;8.238127773E-4;NaN;3.530145391E-3;3.457237871E-7;2.291993868E-2;6.841043534E-8;4.535305471E-3;1.362443421E-8;9.032389678E-4
2.578333333E2;NaN;4.955625927E-3;1.097757600E-8;7.297676022E-4;NaN;3.539863612E-3;3.142273133E-7;2.088921206E-2;5.536541955E-8;3.680583899E-3;1.213668924E-8;8.068231642E-4
2.581875000E2;NaN;4.969249635E-3;9.769128191E-9;6.512177555E-4;NaN;3.549595191E-3;2.825692458E-7;1.883628778E-2;4.386230691E-8;2.923895817E-3;1.041136710E-8;6.940299053E-4
2.585416667E2;NaN;4.982892043E-3;8.903608004E-9;5.951509340E-4;NaN;3.559340128E-3;2.517595439E-7;1.682856294E-2;3.394992714E-8;2.269341916E-3;8.758596447E-9;5.854578114E-4
2.588958333E2;NaN;4.996553153E-3;8.418190228E-9;5.642464785E-4;NaN;3.569098424E-3;2.221902678E-7;1.489275875E-2;2.586610908E-8;1.733729052E-3;7.438650489E-9;4.985908170E-4
2.592500000E2;NaN;5.010232963E-3;8.291797010E-9;5.572963412E-4;NaN;3.578870079E-3;1.937860466E-7;1.302446920E-2;2.003782951E-8;1.346753793E-3;6.540207593E-9;4.395710312E-4
2.596041667E2;NaN;5.023931475E-3;8.435821413E-9;5.685264760E-4;NaN;3.588655091E-3;1.663596613E-7;1.121169681E-2;1.700226517E-8;1.145856157E-3;5.975887487E-9;4.027408936E-4
2.599583333E2;NaN;5.037648688E-3;8.679860911E-9;5.865705490E-4;NaN;3.598453463E-3;1.399645660E-7;9.458572342E-3;1.727479307E-8;1.167401754E-3;5.575642012E-9;3.767926041E-4
2.603125000E2;NaN;5.051384601E-3;8.789689955E-9;5.956122239E-4;NaN;3.608265192E-3;1.150612692E-7;7.796850491E-3;2.116260384E-8;1.434033009E-3;5.197733541E-9;3.522119267E-4
2.606666667E2;NaN;5.065139216E-3;8.542335092E-9;5.804269916E-4;NaN;3.618090280E-3;9.242100351E-8;6.279740194E-3;2.855472033E-8;1.940210755E-3;4.786779382E-9;3.252478305E-4
2.610208333E2;NaN;5.078912532E-3;7.828025474E-9;5.333380565E-4;NaN;3.627928726E-3;7.284313419E-8;4.962939345E-3;3.875453969E-8;2.640419470E-3;4.368156374E-9;2.976106860E-4
2.613750000E2;NaN;5.092704549E-3;6.717069178E-9;4.588892803E-4;NaN;3.637780531E-3;5.685809962E-8;3.884368573E-3;5.046236202E-8;3.447431667E-3;4.009968132E-9;2.739485543E-4
2.617291667E2;NaN;5.106515266E-3;5.436898293E-9;3.724392587E-4;NaN;3.647645694E-3;4.456426531E-8;3.052748285E-3;6.199904489E-8;4.247068287E-3;3.789811129E-9;2.596102358E-4
2.620833333E2;NaN;5.120344685E-3;4.280621037E-9;2.940259006E-4;NaN;3.657524215E-3;3.565018233E-8;2.448728088E-3;7.174896024E-8;4.928269163E-3;3.784152184E-9;2.599246101E-4
2.624375000E2;NaN;5.134192805E-3;3.516557353E-9;2.421974068E-4;NaN;3.667416095E-3;2.957288226E-8;2.036786174E-3;7.866530424E-8;5.417950222E-3;4.071277190E-9;2.804028710E-4
2.627916667E2;NaN;5.148059626E-3;3.342184303E-9;2.308094435E-4;NaN;3.677321333E-3;2.579695505E-8;1.781523787E-3;8.259109606E-8;5.703696501E-3;4.719283036E-9;3.259111384E-4
2.631458333E2;NaN;5.161945148E-3;3.863511444E-9;2.675316688E-4;NaN;3.687239930E-3;2.397698053E-8;1.660303510E-3;8.421550944E-8;5.831564395E-3;5.746535672E-9;3.979230553E-4
2.635000000E2;NaN;5.175849371E-3;5.074208871E-9;3.523137389E-4;NaN;3.697171885E-3;2.399547975E-8;1.666060149E-3;8.465896625E-8;5.878062509E-3;7.078187056E-9;4.914544532E-4
2.638541667E2;NaN;5.189772295E-3;6.825898319E-9;4.752123602E-4;NaN;3.707117198E-3;2.587249224E-8;1.801217588E-3;8.489375402E-8;5.910220066E-3;8.545064672E-9;5.948990391E-4
2.642083333E2;NaN;5.203713921E-3;8.815895931E-9;6.154028140E-4;NaN;3.717075870E-3;2.963050036E-8;2.068387994E-3;8.527805728E-8;5.952923768E-3;9.953103921E-9;6.947868043E-4
2.645625000E2;NaN;5.217674247E-3;1.062757813E-8;7.438594384E-4;NaN;3.727047900E-3;3.521408410E-8;2.464750531E-3;8.542033758E-8;5.978852716E-3;1.119490102E-8;7.835682489E-4
2.649166667E2;NaN;5.231653274E-3;1.184131531E-8;8.310334583E-4;NaN;3.737033288E-3;4.254157036E-8;2.985603154E-3;8.441112395E-8;5.924043607E-3;1.232463893E-8;8.649535164E-4
2.652708333E2;NaN;5.245651002E-3;1.218182551E-8;8.572181897E-4;NaN;3.747032035E-3;5.169580145E-8;3.637761951E-3;8.128574478E-8;5.719965281E-3;1.352705207E-8;9.518799195E-4
2.656250000E2;NaN;5.259667432E-3;1.163200243E-8;8.207150155E-4;NaN;3.757044140E-3;6.310834854E-8;4.452713068E-3;7.548254863E-8;5.325795057E-3;1.497101059E-8;1.056304214E-3
2.659791667E2;NaN;5.273702562E-3;1.044601435E-8;7.390024192E-4;NaN;3.767069604E-3;7.753881557E-8;5.485477080E-3;6.709547943E-8;4.746664130E-3;1.663110125E-8;1.176565879E-3
2.663333333E2;NaN;5.287756393E-3;9.035268777E-9;6.409027358E-4;NaN;3.777108425E-3;9.577620871E-8;6.793736380E-3;5.684306698E-8;4.032074534E-3;1.820402581E-8;1.291274253E-3
2.666875000E2;NaN;5.301828926E-3;7.787851056E-9;5.538892768E-4;NaN;3.787160606E-3;1.181685244E-7;8.404408100E-3;4.583497827E-8;3.259885530E-3;1.919673754E-8;1.365314642E-3
2.670416667E2;NaN;5.315920159E-3;6.917345799E-9;4.932845876E-4;NaN;3.797226145E-3;1.442601625E-7;1.028737276E-2;3.526677923E-8;2.514918172E-3;1.915565183E-8;1.366013510E-3
2.673958333E2;NaN;5.330030094E-3;6.410346203E-9;4.583431618E-4;NaN;3.807305042E-3;1.728229162E-7;1.235693039E-2;2.617744094E-8;1.871700945E-3;1.790339510E-8;1.280102268E-3
2.677500000E2;NaN;5.344158729E-3;6.082188412E-9;4.360324674E-4;NaN;3.817397297E-3;2.023806976E-7;1.450868486E-2;1.934463761E-8;1.386818280E-3;1.564055486E-8;1.121272355E-3
2.681041667E2;NaN;5.358306066E-3;5.702354427E-9;4.098843477E-4;NaN;3.827502911E-3;2.319911345E-7;1.667548660E-2;1.531865945E-8;1.101102855E-3;1.285229778E-8;9.238211617E-4
2.684583333E2;NaN;5.372472103E-3;5.118406988E-9;3.688829607E-4;NaN;3.837621883E-3;2.617995121E-7;1.886785857E-2;1.451449579E-8;1.046057922E-3;1.008729809E-8;7.269903299E-4
2.688125000E2;NaN;5.386656842E-3;4.315493190E-9;3.118382291E-4;NaN;3.847754214E-3;2.929410173E-7;2.116796483E-2;1.728729467E-8;1.249182682E-3;7.740669449E-9;5.593420141E-4
2.691666667E2;NaN;5.400860282E-3;3.394739555E-9;2.459512382E-4;NaN;3.857899903E-3;3.267431107E-7;2.367276528E-2;2.391740623E-8;1.732832691E-3;5.951769966E-9;4.312098672E-4
2.695208333E2;NaN;5.415082422E-3;2.504739721E-9;1.819479994E-4;NaN;3.868058950E-3;3.636195273E-7;2.641386048E-2;3.448438073E-8;2.504996439E-3;4.645273682E-9;3.374395534E-4
2.698750000E2;NaN;5.429323264E-3;1.777291147E-9;1.294445852E-4;NaN;3.878231356E-3;4.023251401E-7;2.930235206E-2;4.867885678E-8;3.545403597E-3;3.656434873E-9;2.663073500E-4
2.702291667E2;NaN;5.443582807E-3;1.293065555E-9;9.442456371E-5;NaN;3.888417120E-3;4.400594537E-7;3.213481465E-2;6.562498171E-8;4.792185704E-3;2.849118426E-9;2.080534613E-4
2.705833333E2;NaN;5.457861051E-3;1.079052968E-9;7.900323021E-5;NaN;3.898616242E-3;4.734013561E-7;3.466024137E-2;8.381649910E-8;6.136653502E-3;2.164009250E-9;1.584386736E-4
2.709375000E2;NaN;5.472157996E-3;1.118101525E-9;8.207662276E-5;NaN;3.908828723E-3;4.995730681E-7;3.667222461E-2;1.012383978E-7;7.431620119E-3;1.599830174E-9;1.174389398E-4
2.712916667E2;NaN;5.486473642E-3;1.358231395E-9;9.996470120E-5;NaN;3.919054562E-3;5.173016191E-7;3.807296898E-2;1.156890360E-7;8.514616843E-3;1.170392861E-9;8.613994124E-5
2.716458333E2;NaN;5.500807989E-3;1.718737268E-9;1.268281302E-4;NaN;3.929293760E-3;5.267953677E-7;3.887299866E-2;1.252250324E-7;9.240537814E-3;8.762326056E-10;6.465848219E-5
2.720000000E2;NaN;5.515161037E-3;2.095188704E-9;1.550104410E-4;NaN;3.939546316E-3;5.289464763E-7;3.913357610E-2;1.285881799E-7;9.513467899E-3;6.956804665E-10;5.146922364E-5
2.723541667E2;NaN;5.529532786E-3;2.374592702E-9;1.761396692E-4;NaN;3.949812231E-3;5.243556655E-7;3.889502119E-2;1.254656450E-7;9.306639064E-3;5.918564115E-10;4.390200999E-5
2.727083333E2;NaN;5.543923236E-3;2.469324445E-9;1.836432517E-4;NaN;3.960091503E-3;5.128473897E-7;3.814037579E-2;1.165016994E-7;8.664212172E-3;5.280352972E-10;3.926989796E-5
2.730625000E2;NaN;5.558332387E-3;2.356079514E-9;1.756766606E-4;NaN;3.970384134E-3;4.937732577E-7;3.681727906E-2;1.030791022E-7;7.685900384E-3;4.810923795E-10;3.587175311E-5
2.734166667E2;NaN;5.572760239E-3;2.089536919E-9;1.562068295E-4;NaN;3.980690124E-3;4.668622697E-7;3.490107031E-2;8.696768555E-8;6.501414883E-3;4.462428328E-10;3.335962980E-5
2.737708333E2;NaN;5.587206792E-3;1.783543264E-9;1.336774045E-4;NaN;3.991009472E-3;4.330082339E-7;3.245417029E-2;6.996487391E-8;5.243900126E-3;4.346437677E-10;3.257675432E-5
2.741250000E2;NaN;5.601672047E-3;1.579418958E-9;1.186846726E-4;NaN;4.001342178E-3;3.944461460E-7;2.964046458E-2;5.362375673E-8;4.029531226E-3;4.730380378E-10;3.554621422E-5
2.744791667E2;NaN;5.616156002E-3;1.619272792E-9;1.219940899E-4;NaN;4.011688243E-3;3.541447292E-7;2.668084350E-2;3.910681295E-8;2.946260865E-3;6.002950727E-10;4.522551819E-5
2.748333333E2;NaN;5.630658658E-3;2.019611989E-9;1.525480817E-4;NaN;4.022047666E-3;3.147762629E-7;2.377610913E-2;2.714103240E-8;2.050053402E-3;8.550772125E-10;6.458685587E-5
2.751875000E2;NaN;5.645180016E-3;2.835030912E-9;2.146916750E-4;NaN;4.032420447E-3;2.778759859E-7;2.104303717E-2;1.805318612E-8;1.367134570E-3;1.257952306E-9;9.526241372E-5
2.755416667E2;NaN;5.659720074E-3;4.016917350E-9;3.049772598E-4;NaN;4.042806587E-3;2.436282873E-7;1.849704164E-2;1.184847462E-8;8.995742279E-4;1.802860927E-9;1.368789889E-4
2.758958333E2;NaN;5.674278834E-3;5.395196644E-9;4.106743343E-4;NaN;4.053206085E-3;2.113231340E-7;1.608560227E-2;8.321449005E-9;6.334163064E-4;2.467914132E-9;1.878539486E-4
2.762500000E2;NaN;5.688856294E-3;6.706646807E-9;5.118114636E-4;NaN;4.063618942E-3;1.801610352E-7;1.374882050E-2;7.148464462E-9;5.455283637E-4;3.244520926E-9;2.476025727E-4
2.766041667E2;NaN;5.703452456E-3;7.668467739E-9;5.867134316E-4;NaN;4.074045157E-3;1.499254955E-7;1.147077942E-2;7.915348442E-9;6.056022409E-4;4.164449206E-9;3.186214466E-4
2.769583333E2;NaN;5.718067318E-3;8.073758148E-9;6.193050337E-4;NaN;4.084484730E-3;1.211976573E-7;9.296577611E-3;1.010665465E-8;7.752402270E-4;5.303713761E-9;4.068262349E-4
2.773125000E2;NaN;5.732700882E-3;7.872348901E-9;6.054011280E-4;NaN;4.094937662E-3;9.508365755E-8;7.312144604E-3;1.310147289E-8;1.007532385E-3;6.746970925E-9;5.188570604E-4
2.776666667E2;NaN;5.747353146E-3;7.192217717E-9;5.545111955E-4;NaN;4.105403952E-3;7.269043545E-8;5.604343729E-3;1.624714650E-8;1.252635138E-3;8.523789082E-9;6.571737203E-4
2.780208333E2;NaN;5.762024112E-3;6.278748217E-9;4.853195087E-4;NaN;4.115883600E-3;5.467183763E-8;4.225891605E-3;1.902920906E-8;1.470873823E-3;1.055065005E-8;8.155186550E-4
2.783750000E2;NaN;5.776713779E-3;5.389018858E-9;4.176093017E-4;NaN;4.126376607E-3;4.105238415E-8;3.181257652E-3;2.130851863E-8;1.651253376E-3;1.261445604E-8;9.775275084E-4
2.787291667E2;NaN;5.791422147E-3;4.702678646E-9;3.653508611E-4;NaN;4.136882972E-3;3.132422536E-8;2.433577451E-3;2.352696712E-8;1.827808861E-3;1.442039936E-8;1.120320081E-3
2.790833333E2;NaN;5.806149215E-3;4.285130762E-9;3.337581520E-4;NaN;4.147402696E-3;2.471384683E-8;1.924899916E-3;2.675379991E-8;2.083786776E-3;1.569700926E-8;1.222600917E-3
2.794375000E2;NaN;5.820894985E-3;4.101796652E-9;3.202900894E-4;NaN;4.157935778E-3;2.045823646E-8;1.597487867E-3;3.241961845E-8;2.531496165E-3;1.632209138E-8;1.274515670E-3
2.797916667E2;NaN;5.835659456E-3;4.065316905E-9;3.182467349E-4;NaN;4.168482218E-3;1.796921556E-8;1.406690871E-3;4.173556731E-8;3.267201139E-3;1.641502520E-8;1.285023602E-3
2.801458333E2;NaN;5.850442628E-3;4.089800490E-9;3.209744458E-4;NaN;4.179042017E-3;1.687340134E-8;1.324253018E-3;5.496640766E-8;4.313856453E-3;1.632040688E-8;1.280853080E-3
2.805000000E2;NaN;5.865244501E-3;4.123716025E-9;3.244550078E-4;NaN;4.189615174E-3;1.696740095E-8;1.334999349E-3;7.089847557E-8;5.578309783E-3;1.645831168E-8;1.294944078E-3
2.808541667E2;NaN;5.880065075E-3;4.147931880E-9;3.271849798E-4;NaN;4.200201690E-3;1.814860448E-8;1.431544915E-3;8.683417824E-8;6.849398610E-3;1.709759646E-8;1.348642387E-3
2.812083333E2;NaN;5.894904350E-3;4.151084180E-9;3.282599609E-4;NaN;4.210801563E-3;2.038816089E-8;1.612257571E-3;9.925847331E-8;7.849174132E-3;1.818347427E-8;1.437915083E-3
2.815625000E2;NaN;5.909762326E-3;4.110215243E-9;3.258473481E-4;NaN;4.221414796E-3;2.375560306E-8;1.883283430E-3;1.050007242E-7;8.324188762E-3;1.932347153E-8;1.531915382E-3
2.819166667E2;NaN;5.924639003E-3;3.990960543E-9;3.171895988E-4;NaN;4.232041386E-3;2.849752318E-8;2.264897848E-3;1.024112185E-7;8.139337123E-3;1.995351774E-8;1.585845868E-3
2.822708333E2;NaN;5.939534381E-3;3.764105679E-9;2.999119832E-4;NaN;4.242681335E-3;3.514985468E-8;2.800628762E-3;9.199941929E-8;7.330221479E-3;1.960452882E-8;1.562026580E-3
2.826250000E2;NaN;5.954448461E-3;3.427495177E-9;2.737776574E-4;NaN;4.253334643E-3;4.461794840E-8;3.563942984E-3;7.622146882E-8;6.088333928E-3;1.812871810E-8;1.448065633E-3
2.829791667E2;NaN;5.969381241E-3;3.021288601E-9;2.419363580E-4;NaN;4.264001308E-3;5.816360277E-8;4.657578962E-3;5.853619657E-8;4.687415233E-3;1.575447010E-8;1.261573992E-3
2.833333333E2;NaN;5.984332722E-3;2.623454065E-9;2.106050624E-4;NaN;4.274681333E-3;7.719634502E-8;6.197151031E-3;4.220136931E-8;3.387832147E-3;1.294735453E-8;1.039384850E-3
2.836875000E2;NaN;5.999302904E-3;2.320559218E-9;1.867553516E-4;NaN;4.285374715E-3;1.028651805E-7;8.278445478E-3;2.934399279E-8;2.361563390E-3;1.018168536E-8;8.194077596E-4
2.840416667E2;NaN;6.014291788E-3;2.166490027E-9;1.747916970E-4;NaN;4.296081456E-3;1.355589708E-7;1.093685281E-2;2.063610302E-8;1.664913949E-3;7.772103914E-9;6.270507666E-4
2.843958333E2;NaN;6.029299372E-3;2.157108609E-9;1.744690799E-4;NaN;4.306801555E-3;1.745099485E-7;1.411453740E-2;1.556724750E-8;1.259094390E-3;5.835807217E-9;4.720058653E-4
2.847500000E2;NaN;6.044325658E-3;2.234822617E-9;1.812051446E-4;NaN;4.317535013E-3;2.177630073E-7;1.765678265E-2;1.305304942E-8;1.058374696E-3;4.353414547E-9;3.529860071E-4
2.851041667E2;NaN;6.059370644E-3;2.312952059E-9;1.880068876E-4;NaN;4.328281829E-3;2.626084036E-7;2.134596281E-2;1.204449070E-8;9.790290294E-4;3.255959407E-9;2.646586608E-4
2.854583333E2;NaN;6.074434332E-3;2.309363457E-9;1.881818531E-4;NaN;4.339042003E-3;3.063830475E-7;2.496606997E-2;1.189808865E-8;9.695331259E-4;2.479500309E-9;2.020457030E-4
2.858125000E2;NaN;6.089516720E-3;2.179006023E-9;1.780003549E-4;NaN;4.349815536E-3;3.472882390E-7;2.836955434E-2;1.244486708E-8;1.016606073E-3;1.973728208E-9;1.612314595E-4
2.861666667E2;NaN;6.104617810E-3;1.932582462E-9;1.582618083E-4;NaN;4.360602427E-3;3.847919106E-7;3.151113330E-2;1.386163671E-8;1.135148297E-3;1.685985897E-9;1.380676799E-4
2.865208333E2;NaN;6.119737601E-3;1.629900770E-9;1.338053802E-4;NaN;4.371402677E-3;4.193809289E-7;3.442873679E-2;1.646006375E-8;1.351275567E-3;1.550115202E-9;1.272554487E-4
2.868750000E2;NaN;6.134876092E-3;1.356056401E-9;1.115997338E-4;NaN;4.382216285E-3;4.517503656E-7;3.717781984E-2;2.051448270E-8;1.688285832E-3;1.501208831E-9;1.235453819E-4
2.872291667E2;NaN;6.150033285E-3;1.197537196E-9;9.879753020E-5;NaN;4.393043251E-3;4.818650672E-7;3.975415436E-2;2.616339798E-8;2.158495879E-3;1.493353066E-9;1.232025152E-4
2.875833333E2;NaN;6.165209179E-3;1.227172232E-9;1.014922653E-4;NaN;4.403883576E-3;5.084334181E-7;4.204956568E-2;3.337263391E-8;2.760056109E-3;1.499616099E-9;1.240245102E-4
2.879375000E2;NaN;6.180403773E-3;1.495373841E-9;1.239784603E-4;NaN;4.414737259E-3;5.291131586E-7;4.386771582E-2;4.191073639E-8;3.474735496E-3;1.495594606E-9;1.239967634E-4
2.882916667E2;NaN;6.195617069E-3;2.020548770E-9;1.679320213E-4;NaN;4.425604300E-3;5.413860675E-7;4.499572490E-2;5.128895808E-8;4.262732247E-3;1.454840700E-9;1.209148440E-4
2.886458333E2;NaN;6.210849066E-3;2.777092387E-9;2.313773876E-4;NaN;4.436484700E-3;5.436614077E-7;4.529592061E-2;6.069316353E-8;5.056736928E-3;1.362352693E-9;1.135063452E-4
2.890000000E2;NaN;6.226099764E-3;3.682609449E-9;3.075752238E-4;NaN;4.447378458E-3;5.360264706E-7;4.476946685E-2;6.899586285E-8;5.762603461E-3;1.227824402E-9;1.025491219E-4
2.893541667E2;NaN;6.241369163E-3;4.596355821E-9;3.848337234E-4;NaN;4.458285575E-3;5.202414136E-7;4.355764611E-2;7.492743896E-8;6.273362299E-3;1.083783356E-9;9.074066512E-5
2.897083333E2;NaN;6.256657263E-3;5.352796514E-9;4.492651274E-4;NaN;4.469206050E-3;4.989699086E-7;4.187900269E-2;7.740691029E-8;6.496833071E-3;9.736471308E-10;8.171909789E-5
2.900625000E2;NaN;6.271964064E-3;5.828631084E-9;4.903991848E-4;NaN;4.480139883E-3;4.746613999E-7;3.993623206E-2;7.590300746E-8;6.386194708E-3;9.406136487E-10;7.913970878E-5
2.904166667E2;NaN;6.287289566E-3;6.006262774E-9;5.065792555E-4;NaN;4.491087075E-3;4.486482292E-7;3.783981729E-2;7.064828221E-8;5.958606134E-3;1.013241990E-9;8.545869412E-5
2.907708333E2;NaN;6.302633769E-3;5.984468539E-9;5.059729161E-4;NaN;4.502047625E-3;4.208832402E-7;3.558470046E-2;6.257898453E-8;5.290907803E-3;1.190493689E-9;1.006534765E-4
2.911250000E2;NaN;6.317996673E-3;5.919935600E-9;5.017368343E-4;NaN;4.513021534E-3;3.904140380E-7;3.308905987E-2;5.302745517E-8;4.494276507E-3;1.438769111E-9;1.219411000E-4
2.914791667E2;NaN;6.333378279E-3;5.932162670E-9;5.039971610E-4;NaN;4.524008801E-3;3.562847972E-7;3.026999364E-2;4.332055530E-8;3.680518910E-3;1.708578902E-9;1.451610422E-4
2.918333333E2;NaN;6.348778585E-3;6.030952903E-9;5.136363231E-4;NaN;4.535009426E-3;3.183757729E-7;2.711501217E-2;3.446835562E-8;2.935555911E-3;1.958584124E-9;1.668061357E-4
2.921875000E2;NaN;6.364197592E-3;6.108839577E-9;5.215332304E-4;NaN;4.546023409E-3;2.777464320E-7;2.371219478E-2;2.705798656E-8;2.310035967E-3;2.170961489E-9;1.853426570E-4
2.925416667E2;NaN;6.379635301E-3;6.002105962E-9;5.136639900E-4;NaN;4.557050751E-3;2.363735129E-7;2.022899338E-2;2.133279259E-8;1.825673760E-3;2.350576820E-9;2.011638374E-4
2.928958333E2;NaN;6.395091710E-3;5.585551315E-9;4.791731041E-4;NaN;4.568091452E-3;1.965015870E-7;1.685747209E-2;1.735449755E-8;1.488807101E-3;2.510149835E-9;2.153406567E-4
2.932500000E2;NaN;6.410566820E-3;4.845600951E-9;4.167001795E-4;NaN;4.579145511E-3;1.599715737E-7;1.375684546E-2;1.512827291E-8;1.300964339E-3;2.650957581E-9;2.279705883E-4
2.936041667E2;NaN;6.426060632E-3;3.890118044E-9;3.353414278E-4;NaN;4.590212928E-3;1.278565184E-7;1.102166746E-2;1.462475462E-8;1.260703670E-3;2.752490233E-9;2.372740349E-4
2.939583333E2;NaN;6.441573144E-3;2.898732345E-9;2.504838150E-4;NaN;4.601293703E-3;1.004915915E-7;8.683629337E-3;1.574211644E-8;1.360299922E-3;2.780962915E-9;2.403071817E-4
2.943125000E2;NaN;6.457104358E-3;2.055663194E-9;1.780612327E-4;NaN;4.612387837E-3;7.775013735E-8;6.734705053E-3;1.828052807E-8;1.583456556E-3;2.712678722E-9;2.349718176E-4
2.946666667E2;NaN;6.472654272E-3;1.504921979E-9;1.306700344E-4;NaN;4.623495329E-3;5.934746205E-8;5.153047812E-3;2.197135185E-8;1.907738303E-3;2.554231427E-9;2.217799415E-4
2.950208333E2;NaN;6.488222888E-3;1.342348155E-9;1.168343484E-4;NaN;4.634616180E-3;4.498935277E-8;3.915751438E-3;2.655519396E-8;2.311292173E-3;2.342053337E-9;2.038459804E-4
2.953750000E2;NaN;6.503810205E-3;1.629105691E-9;1.421335915E-4;NaN;4.645750389E-3;3.435247786E-8;2.997129702E-3;3.184902638E-8;2.778712596E-3;2.121175706E-9;1.850649242E-4
2.957291667E2;NaN;6.519416222E-3;2.400206976E-9;2.099118773E-4;NaN;4.656897956E-3;2.700010911E-8;2.361314523E-3;3.776677035E-8;3.302920849E-3;1.919761270E-9;1.678941425E-4
2.960833333E2;NaN;6.535040941E-3;3.648323313E-9;3.198315047E-4;NaN;4.668058882E-3;2.235983106E-8;1.960182198E-3;4.428873172E-8;3.882586736E-3;1.738299639E-9;1.523886294E-4
2.964375000E2;NaN;6.550684361E-3;5.285118907E-9;4.644308356E-4;NaN;4.679233166E-3;1.981568309E-8;1.741306945E-3;5.139542307E-8;4.516382640E-3;1.559939404E-9;1.370799737E-4
2.967916667E2;NaN;6.566346481E-3;7.109363588E-9;6.262303775E-4;NaN;4.690420809E-3;1.887701412E-8;1.662787327E-3;5.897421898E-8;5.194761382E-3;1.368992603E-9;1.205881151E-4
2.971458333E2;NaN;6.582027303E-3;8.818161758E-9;7.786052913E-4;NaN;4.701621810E-3;1.931936628E-8;1.705815931E-3;6.671529571E-8;5.890670150E-3;1.165024230E-9;1.028665673E-4
2.975000000E2;NaN;6.597726826E-3;1.007720604E-8;8.918957173E-4;NaN;4.712836169E-3;2.123058296E-8;1.879039283E-3;7.403178304E-8;6.552275498E-3;9.656802803E-10;8.546874031E-5
2.978541667E2;NaN;6.613445050E-3;1.062962830E-8;9.430298457E-4;NaN;4.724063887E-3;2.494684417E-8;2.213211784E-3;8.005128445E-8;7.101918176E-3;7.979376969E-10;7.079072212E-5
2.982083333E2;NaN;6.629181975E-3;1.039731508E-8;9.246146199E-4;NaN;4.735304963E-3;3.090462439E-8;2.748292930E-3;8.372622954E-8;7.445623729E-3;6.825812608E-10;6.070072975E-5
2.985625000E2;NaN;6.644937601E-3;9.518394462E-9;8.484655552E-4;NaN;4.746559397E-3;3.949560894E-8;3.520621456E-3;8.408445694E-8;7.495252033E-3;6.249366707E-10;5.570658386E-5
2.989166667E2;NaN;6.660711928E-3;8.296804771E-9;7.413292435E-4;NaN;4.757827190E-3;5.096523025E-8;4.553803137E-3;8.054821538E-8;7.197077576E-3;6.171781786E-10;5.514559459E-5
2.992708333E2;NaN;6.676504956E-3;7.077903230E-9;6.339184712E-4;NaN;4.769108341E-3;6.537798163E-8;5.855450240E-3;7.319446871E-8;6.555518520E-3;6.460996018E-10;5.786663911E-5
2.996250000E2;NaN;6.692316685E-3;6.111902643E-9;5.486969192E-4;NaN;4.780402851E-3;8.264262667E-8;7.419253431E-3;6.281796923E-8;5.639492022E-3;6.967751692E-10;6.255308880E-5
2.999791667E2;NaN;6.708147115E-3;5.478526504E-9;4.929989062E-4;NaN;4.791710719E-3;1.025740094E-7;9.230378713E-3;5.074909861E-8;4.566784533E-3;7.537281802E-10;6.782611494E-5
3.003333333E2;NaN;6.723996247E-3;5.104366461E-9;4.604144219E-4;NaN;4.803031945E-3;1.249789942E-7;1.127311917E-2;3.850087088E-8;3.472782831E-3;8.036911943E-10;7.249303502E-5
3.006875000E2;NaN;6.739864079E-3;4.847232702E-9;4.382527177E-4;NaN;4.814366530E-3;1.497237879E-7;1.353697274E-2;2.738472969E-8;2.475934816E-3;8.389797515E-10;7.585465333E-5
3.010416667E2;NaN;6.755750612E-3;4.596628354E-9;4.165744322E-4;NaN;4.825714473E-3;1.767730601E-7;1.602025038E-2;1.824803197E-8;1.653747697E-3;8.566257316E-10;7.763263643E-5
3.013958333E2;NaN;6.771655846E-3;4.357090828E-9;3.957957273E-4;NaN;4.837075775E-3;2.061765296E-7;1.872896222E-2;1.140627821E-8;1.036140020E-3;8.556463717E-10;7.772644439E-5
3.017500000E2;NaN;6.787579782E-3;4.269076702E-9;3.887125077E-4;NaN;4.848450434E-3;2.380034876E-7;2.167094643E-2;6.749852541E-9;6.145947453E-4;8.366170963E-10;7.617654876E-5
3.021041667E2;NaN;6.803522418E-3;4.549400047E-9;4.152097643E-4;NaN;4.859838453E-3;2.722550826E-7;2.484788489E-2;3.948260660E-9;3.603456195E-4;8.032440081E-10;7.330961267E-5
3.024583333E2;NaN;6.819483756E-3;5.374763874E-9;4.916890072E-4;NaN;4.871239829E-3;3.087976463E-7;2.824913089E-2;2.658748581E-9;2.432250943E-4;7.626472683E-10;6.976776785E-5
3.028125000E2;NaN;6.835463794E-3;6.765353176E-9;6.203518343E-4;NaN;4.882654564E-3;3.473286058E-7;3.184843897E-2;2.683032249E-9;2.460217425E-4;7.219940893E-10;6.620354415E-5
3.031666667E2;NaN;6.851462534E-3;8.530757258E-9;7.840621366E-4;NaN;4.894082658E-3;3.873429741E-7;3.560070351E-2;4.044350941E-9;3.717164073E-4;6.851070737E-10;6.296821018E-5
3.035208333E2;NaN;6.867479974E-3;1.031688949E-8;9.504423741E-4;NaN;4.905524109E-3;4.280312171E-7;3.943233148E-2;6.990883115E-9;6.440343818E-4;6.526741012E-10;6.012753387E-5
3.038750000E2;NaN;6.883516116E-3;1.174251691E-8;1.084304195E-3;NaN;4.916978920E-3;4.681352051E-7;4.322761215E-2;1.190553322E-8;1.099357124E-3;6.232047561E-10;5.754673692E-5
3.042291667E2;NaN;6.899570958E-3;1.256998285E-8;1.163419613E-3;NaN;4.928447088E-3;5.058103532E-7;4.681547241E-2;1.912296566E-8;1.769933466E-3;5.918304950E-10;5.477709982E-5
3.045833333E2;NaN;6.915644502E-3;1.281484953E-8;1.188846494E-3;NaN;4.939928615E-3;5.386790309E-7;4.997379611E-2;2.870495825E-8;2.662987881E-3;5.518310548E-10;5.119392262E-5
3.049375000E2;NaN;6.931736747E-3;1.271890227E-8;1.182691025E-3;NaN;4.951423500E-3;5.641900523E-7;5.246227208E-2;4.026524166E-8;3.744139150E-3;5.035047097E-10;4.681933147E-5
3.052916667E2;NaN;6.947847692E-3;1.259974097E-8;1.174333680E-3;NaN;4.962931744E-3;5.802220742E-7;5.407843899E-2;5.294796273E-8;4.934909063E-3;4.593032205E-10;4.280843886E-5
3.056458333E2;NaN;6.963977339E-3;1.266414919E-8;1.183076907E-3;NaN;4.974453346E-3;5.857280468E-7;5.471834831E-2;6.560491917E-8;6.128770575E-3;4.393698631E-10;4.104565820E-5
3.060000000E2;NaN;6.980125687E-3;1.289992214E-8;1.207897110E-3;NaN;4.985988306E-3;5.810631669E-7;5.440843070E-2;7.713488901E-8;7.222602467E-3;4.657711350E-10;4.361294600E-5
3.063541667E2;NaN;6.996292736E-3;1.310464274E-8;1.229908402E-3;NaN;4.997536625E-3;5.677886066E-7;5.328859337E-2;8.682057669E-8;8.148360769E-3;5.674165596E-10;5.325367569E-5
3.067083333E2;NaN;7.012478486E-3;1.302187716E-8;1.224968007E-3;NaN;5.009098302E-3;5.480116659E-7;5.155145836E-2;9.447468061E-8;8.887233369E-3;7.839843321E-10;7.374940748E-5
3.070625000E2;NaN;7.028682937E-3;1.250253819E-8;1.178831556E-3;NaN;5.020673338E-3;5.235845743E-7;4.936741715E-2;1.002751549E-7;9.454681523E-3;1.153661627E-9;1.087757309E-4
3.074166667E2;NaN;7.044906089E-3;1.160234709E-8;1.096479892E-3;NaN;5.032261732E-3;4.955847592E-7;4.683524111E-2;1.043685723E-7;9.863352652E-3;1.688271780E-9;1.595501363E-4
3.077708333E2;NaN;7.061147942E-3;1.056495382E-8;1.000742914E-3;NaN;5.043863484E-3;4.643105990E-7;4.398083986E-2;1.064983401E-7;1.008783011E-2;2.355166246E-9;2.230881434E-4
3.081250000E2;NaN;7.077408496E-3;9.694622404E-9;9.204172971E-4;NaN;5.055478595E-3;4.297443219E-7;4.080036238E-2;1.059336570E-7;1.005744899E-2;3.080949440E-9;2.925084689E-4
3.084791667E2;NaN;7.093687751E-3;9.207228303E-9;8.761542866E-4;NaN;5.067107064E-3;3.921458749E-7;3.731636471E-2;1.017950430E-7;9.686754838E-3;3.772980280E-9;3.590345256E-4
3.088333333E2;NaN;7.109985707E-3;9.139900528E-9;8.717456865E-4;NaN;5.078748891E-3;3.524117593E-7;3.361233857E-2;9.361921234E-8;8.929215835E-3;4.349318357E-9;4.148294071E-4
3.091875000E2;NaN;7.126302364E-3;9.353778598E-9;8.941923322E-4;NaN;5.090404077E-3;3.120067227E-7;2.982687864E-2;8.183267876E-8;7.822951240E-3;4.763650398E-9;4.553902591E-4
3.095416667E2;NaN;7.142637723E-3;9.618718900E-9;9.216275876E-4;NaN;5.102072621E-3;2.725629790E-7;2.611590622E-2;6.782732455E-8;6.498945873E-3;5.012588694E-9;4.802864159E-4
3.098958333E2;NaN;7.158991782E-3;9.740296825E-9;9.354135698E-4;NaN;5.113754524E-3;2.354181397E-7;2.260848169E-2;5.356260566E-8;5.143907734E-3;5.120741992E-9;4.917726464E-4
3.102500000E2;NaN;7.175364542E-3;9.681982077E-9;9.319397899E-4;NaN;5.125449785E-3;2.013610065E-7;1.938201626E-2;4.090143001E-8;3.936969702E-3;5.115094264E-9;4.923537181E-4
3.106041667E2;NaN;7.191756004E-3;9.614733805E-9;9.275809472E-4;NaN;5.137158404E-3;1.706582200E-7;1.646424296E-2;3.104984937E-8;2.995532615E-3;5.012293164E-9;4.835607241E-4
3.109583333E2;NaN;7.208166166E-3;9.853520765E-9;9.527870286E-4;NaN;5.148880382E-3;1.432968535E-7;1.385610144E-2;2.437592464E-8;2.357032107E-3;4.827097809E-9;4.667566333E-4
3.113125000E2;NaN;7.224595029E-3;1.069304233E-8;1.036321252E-3;NaN;5.160615718E-3;1.192239142E-7;1.155464200E-2;2.062505112E-8;1.998886578E-3;4.588092817E-9;4.446571839E-4
3.116666667E2;NaN;7.241042594E-3;1.221843546E-8;1.186851304E-3;NaN;5.172364412E-3;9.846259371E-8;9.564273443E-3;1.933530884E-8;1.878156708E-3;4.340265300E-9;4.215964924E-4
3.120208333E2;NaN;7.257508859E-3;1.419124530E-8;1.381617075E-3;NaN;5.184126465E-3;8.109030981E-8;7.894709327E-3;2.018799298E-8;1.965442441E-3;4.134279476E-9;4.025010487E-4
3.123750000E2;NaN;7.273993826E-3;1.608239476E-8;1.569290177E-3;NaN;5.195901877E-3;6.712839388E-8;6.550263857E-3;2.313267780E-8;2.257243687E-3;4.010547015E-9;3.913417206E-4
3.127291667E2;NaN;7.290497493E-3;1.725566882E-8;1.687596330E-3;NaN;5.207690646E-3;5.647977278E-8;5.523695327E-3;2.826993178E-8;2.764786088E-3;3.982975763E-9;3.895331643E-4
3.130833333E2;NaN;7.307019862E-3;1.722566459E-8;1.688479859E-3;NaN;5.219492774E-3;4.893841442E-8;4.797000816E-3;3.562325868E-8;3.491833624E-3;4.024123434E-9;3.944493017E-4
3.134375000E2;NaN;7.323560932E-3;1.586602638E-8;1.558727083E-3;NaN;5.231308261E-3;4.424024807E-8;4.346297629E-3;4.493785796E-8;4.414832963E-3;4.064375452E-9;3.992967074E-4
3.137916667E2;NaN;7.340120702E-3;1.345842160E-8;1.325186310E-3;NaN;5.243137105E-3;4.209592755E-8;4.144984349E-3;5.560345300E-8;5.475005680E-3;4.013511600E-9;3.951912628E-4
3.141458333E2;NaN;7.356699174E-3;1.056313700E-8;1.042450688E-3;NaN;5.254979308E-3;4.218314692E-8;4.162953724E-3;6.670698422E-8;6.583152483E-3;3.797450266E-9;3.747612703E-4
3.145000000E2;NaN;7.373296347E-3;7.798315048E-9;7.713332910E-4;NaN;5.266834870E-3;4.412019121E-8;4.363939143E-3;7.717267908E-8;7.633168981E-3;3.390612831E-9;3.353663628E-4
3.148541667E2;NaN;7.389912221E-3;5.647693267E-9;5.598736027E-4;NaN;5.278703790E-3;4.747839870E-8;4.706683043E-3;8.593429377E-8;8.518936913E-3;2.829007988E-9;2.804484626E-4
3.152083333E2;NaN;7.406546796E-3;4.363924764E-9;4.335833892E-4;NaN;5.290586068E-3;5.188483558E-8;5.155084947E-3;9.209837430E-8;9.150553099E-3;2.200622380E-9;2.186456828E-4
3.155625000E2;NaN;7.423200072E-3;3.964987000E-9;3.948321819E-4;NaN;5.302481705E-3;5.719321065E-8;5.695282267E-3;9.506094787E-8;9.466139854E-3;1.614361096E-9;1.607575797E-4
3.159166667E2;NaN;7.439872048E-3;4.286116853E-9;4.277687788E-4;NaN;5.314390700E-3;6.365661664E-8;6.353142972E-3;9.455218759E-8;9.436624152E-3;1.160386721E-9;1.158104708E-4
3.162708333E2;NaN;7.456562726E-3;5.048159649E-9;5.049534768E-4;NaN;5.326313053E-3;7.197756253E-8;7.199716923E-3;9.062575370E-8;9.065044017E-3;8.824000298E-10;8.826403957E-5
3.166250000E2;NaN;7.473272106E-3;5.927128049E-9;5.942028293E-4;NaN;5.338248765E-3;8.315894242E-8;8.336799620E-3;8.362810785E-8;8.383834108E-3;7.783019462E-10;7.802585243E-5
3.169791667E2;NaN;7.490000186E-3;6.621724722E-9;6.653230365E-4;NaN;5.350197835E-3;9.816633566E-8;9.863340333E-3;7.416864335E-8;7.452153190E-3;8.256534368E-10;8.295818306E-5
3.173333333E2;NaN;7.506746967E-3;6.930022154E-9;6.978563109E-4;NaN;5.362160264E-3;1.175458502E-7;1.183691936E-2;6.308790430E-8;6.352980002E-3;1.014549935E-9;1.021656294E-4
3.176875000E2;NaN;7.523512449E-3;6.802744415E-9;6.865693451E-4;NaN;5.374136051E-3;1.411850130E-7;1.424914653E-2;5.140117684E-8;5.187681642E-3;1.363963358E-9;1.376584761E-4
3.180416667E2;NaN;7.540296632E-3;6.339748160E-9;6.412687073E-4;NaN;5.386125196E-3;1.683667980E-7;1.703038609E-2;4.020119558E-8;4.066371104E-3;1.909133919E-9;1.931098538E-4
3.183958333E2;NaN;7.557099516E-3;5.719303744E-9;5.797996026E-4;NaN;5.398127700E-3;1.981366262E-7;2.008628013E-2;3.051582306E-8;3.093569231E-3;2.666589962E-9;2.703279752E-4
3.187500000E2;NaN;7.573921101E-3;5.099021111E-9;5.180685121E-4;NaN;5.410143562E-3;2.298029093E-7;2.334833465E-2;2.314856126E-8;2.351929994E-3;3.593776363E-9;3.651332937E-4
3.191041667E2;NaN;7.590761388E-3;4.551817450E-9;4.635000511E-4;NaN;5.422172782E-3;2.632619175E-7;2.680729479E-2;1.855214909E-8;1.889118390E-3;4.566758056E-9;4.650214152E-4
3.194583333E2;NaN;7.607620375E-3;4.066397214E-9;4.149905834E-4;NaN;5.434215361E-3;2.988745875E-7;3.050123560E-2;1.678186997E-8;1.712650693E-3;5.397407272E-9;5.508249871E-4
3.198125000E2;NaN;7.624498063E-3;3.593110174E-9;3.675034349E-4;NaN;5.446271298E-3;3.368672364E-7;3.445479278E-2;1.754957692E-8;1.794971344E-3;5.893310677E-9;6.027680232E-4
3.201666667E2;NaN;7.641394453E-3;3.095448725E-9;3.173042167E-4;NaN;5.458340594E-3;3.765689890E-7;3.860084229E-2;2.036410375E-8;2.087456961E-3;5.937921830E-9;6.086767387E-4
3.205208333E2;NaN;7.658309543E-3;2.577795973E-9;2.648262723E-4;NaN;5.470423248E-3;4.159800670E-7;4.273513172E-2;2.471632344E-8;2.539196999E-3;5.545514244E-9;5.697106676E-4
3.208750000E2;NaN;7.675243335E-3;2.080332236E-9;2.141925998E-4;NaN;5.482519260E-3;4.520451755E-7;4.654291737E-2;3.022718780E-8;3.112214399E-3;4.856944474E-9;5.000747217E-4
3.212291667E2;NaN;7.692195827E-3;1.650542474E-9;1.703164698E-4;NaN;5.494628631E-3;4.816812629E-7;4.970381166E-2;3.668217626E-8;3.785166916E-3;4.077761686E-9;4.207767967E-4
3.215833333E2;NaN;7.709167021E-3;1.317213756E-9;1.362207674E-4;NaN;5.506751360E-3;5.030916656E-7;5.202764733E-2;4.394067530E-8;4.544161858E-3;3.393739416E-9;3.509664134E-4
3.219375000E2;NaN;7.726156916E-3;1.082810456E-9;1.122265404E-4;NaN;5.518887447E-3;5.166473071E-7;5.354726635E-2;5.176923275E-8;5.365557619E-3;2.909024170E-9;3.015021852E-4
3.222916667E2;NaN;7.743165511E-3;9.344146616E-10;9.705944348E-5;NaN;5.531036893E-3;5.247537506E-7;5.450717876E-2;5.970705634E-8;6.201886485E-3;2.631775380E-9;2.733675576E-4
3.226458333E2;NaN;7.760192808E-3;8.577079423E-10;8.928768307E-5;NaN;5.543199697E-3;5.306384101E-7;5.523963560E-2;6.705900173E-8;6.980864462E-3;2.502684938E-9;2.605303373E-4
3.230000000E2;NaN;7.777238806E-3;8.454105635E-10;8.820083868E-5;NaN;5.555375860E-3;5.366432615E-7;5.598745483E-2;7.304437115E-8;7.620646198E-3;2.441635071E-9;2.547333453E-4
3.233541667E2;NaN;7.794303504E-3;9.010966956E-10;9.421679359E-5;NaN;5.567565381E-3;5.429025999E-7;5.676476504E-2;7.702952121E-8;8.054046293E-3;2.387284024E-9;2.496094451E-4
3.237083333E2;NaN;7.811386904E-3;1.038987112E-9;1.088724309E-4;NaN;5.579768260E-3;5.471257660E-7;5.733171418E-2;7.871401803E-8;8.248212503E-3;2.316091230E-9;2.426964488E-4
3.240625000E2;NaN;7.828489005E-3;1.271612291E-9;1.335402771E-4;NaN;5.591984498E-3;5.455860655E-7;5.729554118E-2;7.816963979E-8;8.209102283E-3;2.238564890E-9;2.350862585E-4
3.244166667E2;NaN;7.845609807E-3;1.591827224E-9;1.675337244E-4;NaN;5.604214094E-3;5.348232929E-7;5.628810513E-2;7.571404964E-8;7.968614013E-3;2.186561952E-9;2.301272788E-4
3.247708333E2;NaN;7.862749310E-3;1.960051859E-9;2.067386145E-4;NaN;5.616457049E-3;5.131900235E-7;5.412927925E-2;7.171286732E-8;7.563993148E-3;2.204463026E-9;2.325181498E-4
3.251250000E2;NaN;7.879907514E-3;2.303928042E-9;2.435396296E-4;NaN;5.628713361E-3;4.815024830E-7;5.089782936E-2;6.643868041E-8;7.022984799E-3;2.352893649E-9;2.487156011E-4
3.254791667E2;NaN;7.897084419E-3;2.535185504E-9;2.685691555E-4;NaN;5.640983033E-3;4.426092205E-7;4.688855487E-2;6.006646965E-8;6.363242850E-3;2.714786168E-9;2.875954551E-4
3.258333333E2;NaN;7.914280025E-3;2.583157020E-9;2.742469642E-4;NaN;5.653266062E-3;4.002155044E-7;4.248982398E-2;5.279431106E-8;5.605032687E-3;3.383212775E-9;3.591867724E-4
3.261875000E2;NaN;7.931494332E-3;2.429277425E-9;2.584709522E-4;NaN;5.665562450E-3;3.576093710E-7;3.804902383E-2;4.500636093E-8;4.788599624E-3;4.417192067E-9;4.699816612E-4
3.265416667E2;NaN;7.948727340E-3;2.118590092E-9;2.259041176E-4;NaN;5.677872197E-3;3.168553263E-7;3.378611236E-2;3.737280186E-8;3.985041684E-3;5.781446284E-9;6.164724956E-4
3.268958333E2;NaN;7.965979049E-3;1.744870374E-9;1.864583938E-4;NaN;5.690195302E-3;2.786702278E-7;2.977894740E-2;3.083011626E-8;3.294533534E-3;7.310631022E-9;7.812205072E-4
3.272500000E2;NaN;7.983249460E-3;1.421808456E-9;1.522651109E-4;NaN;5.702531765E-3;2.428566441E-7;2.600814033E-2;2.642195347E-8;2.829594704E-3;8.739861224E-9;9.359741344E-4
3.276041667E2;NaN;8.000538571E-3;1.255729213E-9;1.347704974E-4;NaN;5.714881586E-3;2.089688495E-7;2.242747520E-2;2.504450699E-8;2.687888941E-3;9.799786725E-9;1.051757113E-3
3.279583333E2;NaN;8.017846383E-3;1.323918123E-9;1.423962226E-4;NaN;5.727244766E-3;1.768435871E-7;1.902070705E-2;2.717047885E-8;2.922366184E-3;1.032950207E-8;1.111006829E-3
3.283125000E2;NaN;8.035172897E-3;1.660244201E-9;1.789562244E-4;NaN;5.739621304E-3;1.468345201E-7;1.582716043E-2;3.262085004E-8;3.516171990E-3;1.033667206E-8;1.114180554E-3
3.286666667E2;NaN;8.052518111E-3;2.245643407E-9;2.425783930E-4;NaN;5.752011201E-3;1.197300085E-7;1.293344837E-2;4.047232927E-8;4.371892959E-3;9.965745275E-9;1.076517521E-3
3.290208333E2;NaN;8.069882026E-3;2.999776548E-9;3.247399366E-4;NaN;5.764414456E-3;9.646002708E-8;1.044225214E-2;4.916765036E-8;5.322629670E-3;9.397572894E-9;1.017331517E-3
3.293750000E2;NaN;8.087264643E-3;3.784068971E-9;4.105256606E-4;NaN;5.776831070E-3;7.774559075E-8;8.434455145E-3;5.685562587E-8;6.168146921E-3;8.753207823E-9;9.496170530E-4
3.297291667E2;NaN;8.104665960E-3;4.430761832E-9;4.817182898E-4;NaN;5.789261041E-3;6.381957915E-8;6.938549101E-3;6.188743635E-8;6.728483979E-3;8.065014150E-9;8.768390113E-4
3.300833333E2;NaN;8.122085979E-3;4.795527265E-9;5.224967065E-4;NaN;5.801704372E-3;5.432868126E-8;5.919381844E-3;6.332316514E-8;6.899375898E-3;7.320196705E-9;7.975720828E-4
3.304375000E2;NaN;8.139524698E-3;4.813404367E-9;5.255705274E-4;NaN;5.814161060E-3;4.844040003E-8;5.289156000E-3;6.125779508E-8;6.688673797E-3;6.529424481E-9;7.129409471E-4
3.307916667E2;NaN;8.156982119E-3;4.534597942E-9;4.961898853E-4;NaN;5.826631107E-3;4.512590118E-8;4.937817204E-3;5.685897474E-8;6.221686799E-3;5.767841226E-9;6.311352215E-4
3.311458333E2;NaN;8.174458241E-3;4.119359065E-9;4.517188759E-4;NaN;5.839114512E-3;4.349933328E-8;4.770030877E-3;5.209569037E-8;5.712686446E-3;5.164908504E-9;5.663712794E-4
3.315000000E2;NaN;8.191953063E-3;3.787524563E-9;4.162195962E-4;NaN;5.851611276E-3;4.310920754E-8;4.737367812E-3;4.922794836E-8;5.409770008E-3;4.856547387E-9;5.336969196E-4
3.318541667E2;NaN;8.209466587E-3;3.741800476E-9;4.120739642E-4;NaN;5.864121398E-3;4.405448670E-8;4.851596736E-3;5.017193970E-8;5.525294632E-3;4.928196025E-9;5.427283698E-4
3.322083333E2;NaN;8.226998812E-3;4.088701950E-9;4.512388650E-4;NaN;5.876644879E-3;4.686705458E-8;5.172359534E-3;5.586683725E-8;6.165596940E-3;5.373353958E-9;5.930161139E-4
3.325625000E2;NaN;8.244549738E-3;4.792973662E-9;5.300924211E-4;NaN;5.889181718E-3;5.222849587E-8;5.776357597E-3;6.581580295E-8;7.279084091E-3;6.079098514E-9;6.723350213E-4
3.329166667E2;NaN;8.262119365E-3;5.693831149E-9;6.310672742E-4;NaN;5.901731915E-3;6.062227005E-8;6.718978789E-3;7.800377395E-8;8.645431822E-3;6.842862658E-9;7.584184659E-4
3.332708333E2;NaN;8.279707692E-3;6.583390151E-9;7.312135124E-4;NaN;5.914295470E-3;7.210464598E-8;8.008623252E-3;8.933303606E-8;9.922171035E-3;7.424259688E-9;8.246084279E-4
3.336250000E2;NaN;8.297314721E-3;7.297328723E-9;8.122338484E-4;NaN;5.926872384E-3;8.630257641E-8;9.605963555E-3;9.653190163E-8;1.074454515E-2;7.622172222E-9;8.483907621E-4
3.339791667E2;NaN;8.314940451E-3;7.766821595E-9;8.663274650E-4;NaN;5.939462657E-3;1.026522608E-7;1.145004708E-2;9.724853860E-8;1.084730464E-2;7.348078520E-9;8.196199898E-4
3.343333333E2;NaN;8.332584882E-3;8.011329676E-9;8.954966396E-4;NaN;5.952066288E-3;1.207848702E-7;1.350118517E-2;9.087857334E-8;1.015829585E-2;6.657810853E-9;7.442019598E-4
3.346875000E2;NaN;8.350248014E-3;8.080842053E-9;9.051813622E-4;NaN;5.964683277E-3;1.408439350E-7;1.577673516E-2;7.873081807E-8;8.819089482E-3;5.719359875E-9;6.406582295E-4
3.350416667E2;NaN;8.367929847E-3;7.990134909E-9;8.969159620E-4;NaN;5.977313624E-3;1.635394253E-7;1.835777776E-2;6.345579212E-8;7.123097855E-3;4.733237990E-9;5.313197779E-4
3.353958333E2;NaN;8.385630382E-3;7.698628152E-9;8.660214910E-4;NaN;5.989957330E-3;1.898428249E-7;2.135548867E-2;4.802837840E-8;5.402729818E-3;3.849321986E-9;4.330116352E-4
3.357500000E2;NaN;8.403349617E-3;7.154848263E-9;8.065521821E-4;NaN;6.002614394E-3;2.204306931E-7;2.484872495E-2;3.479213965E-8;3.922050493E-3;3.127652243E-9;3.525741775E-4
3.361041667E2;NaN;8.421087553E-3;6.363489544E-9;7.188580289E-4;NaN;6.015284817E-3;2.551375131E-7;2.882186707E-2;2.498260698E-8;2.822185452E-3;2.558577945E-9;2.890323439E-4
3.364583333E2;NaN;8.438844190E-3;5.420764557E-9;6.136533697E-4;NaN;6.027968598E-3;2.927043047E-7;3.313535960E-2;1.882806463E-8;2.131416183E-3;2.112773910E-9;2.391749016E-4
3.368125000E2;NaN;8.456619529E-3;4.492100341E-9;5.095958124E-4;NaN;6.040665737E-3;3.310019595E-7;3.754974280E-2;1.599841805E-8;1.814903102E-3;1.776080719E-9;2.014833214E-4
3.371666667E2;NaN;8.474413568E-3;3.748478596E-9;4.261321489E-4;NaN;6.053376235E-3;3.676785193E-7;4.179819453E-2;1.605274590E-8;1.824898004E-3;1.550669143E-9;1.762821789E-4
3.375208333E2;NaN;8.492226308E-3;3.292458404E-9;3.750778917E-4;NaN;6.066100091E-3;4.009609189E-7;4.567759336E-2;1.861912970E-8;2.121097082E-3;1.435781207E-9;1.635646444E-4
3.378750000E2;NaN;8.510057750E-3;3.122492771E-9;3.564622623E-4;NaN;6.078837306E-3;4.302430471E-7;4.911633786E-2;2.330763284E-8;2.660788076E-3;1.413117878E-9;1.613208525E-4
3.382291667E2;NaN;8.527907892E-3;3.148795291E-9;3.602189355E-4;NaN;6.091587879E-3;4.561479445E-7;5.218285465E-2;2.951472240E-8;3.376453818E-3;1.446581509E-9;1.654874334E-4
3.385833333E2;NaN;8.545776736E-3;3.235560896E-9;3.709204095E-4;NaN;6.104351810E-3;4.799980301E-7;5.502633751E-2;3.633433669E-8;4.165320165E-3;1.493229935E-9;1.711818992E-4
3.389375000E2;NaN;8.563664280E-3;3.252912706E-9;3.736901517E-4;NaN;6.117129100E-3;5.028697650E-7;5.776898912E-2;4.268529316E-8;4.903627953E-3;1.518656030E-9;1.744611225E-4
3.392916667E2;NaN;8.581570526E-3;3.122354730E-9;3.594418392E-4;NaN;6.129919748E-3;5.246819239E-7;6.040077186E-2;4.760616477E-8;5.480366230E-3;1.506895416E-9;1.734720449E-4
3.396458333E2;NaN;8.599495472E-3;2.837572106E-9;3.273403094E-4;NaN;6.142723754E-3;5.437698366E-7;6.272890341E-2;5.056471664E-8;5.833109917E-3;1.459623879E-9;1.683811774E-4
3.400000000E2;NaN;8.617439120E-3;2.452108015E-9;2.834636865E-4;NaN;6.155541119E-3;5.571948731E-7;6.441172733E-2;5.162429029E-8;5.967767957E-3;1.387808890E-9;1.604307076E-4
3.403541667E2;NaN;8.635401469E-3;2.056529291E-9;2.382303248E-4;NaN;6.168371842E-3;5.617467271E-7;6.507327945E-2;5.138323074E-8;5.952282713E-3;1.304655737E-9;1.511325714E-4
3.407083333E2;NaN;8.653382518E-3;1.758239406E-9;2.041002428E-4;NaN;6.181215924E-3;5.552060129E-7;6.444951788E-2;5.070005523E-8;5.885372349E-3;1.222006574E-9;1.418531729E-4
3.410625000E2;NaN;8.671382269E-3;1.656465664E-9;1.926860972E-4;NaN;6.194073364E-3;5.372639577E-7;6.249649324E-2;5.032218558E-8;5.853659241E-3;1.147957088E-9;1.335345343E-4
3.414166667E2;NaN;8.689400721E-3;1.813669026E-9;2.114109472E-4;NaN;6.206944162E-3;5.096576290E-7;5.940841496E-2;5.057107997E-8;5.894835145E-3;1.083004018E-9;1.262407318E-4
3.417708333E2;NaN;8.707437874E-3;2.243608824E-9;2.620698946E-4;NaN;6.219828319E-3;4.754525320E-7;5.553632774E-2;5.121411525E-8;5.982182653E-3;1.019000330E-9;1.190266798E-4
3.421250000E2;NaN;8.725493728E-3;2.923268974E-9;3.421672175E-4;NaN;6.232725834E-3;4.378681952E-7;5.125226016E-2;5.157239329E-8;6.036523654E-3;9.454311961E-10;1.106622636E-4
3.424791667E2;NaN;8.743568283E-3;3.819532396E-9;4.480005159E-4;NaN;6.245636707E-3;3.992526850E-7;4.682913779E-2;5.080926148E-8;5.959518862E-3;8.577236778E-10;1.006041081E-4
3.428333333E2;NaN;8.761661539E-3;4.907395925E-9;5.767892805E-4;NaN;6.258560939E-3;3.606854220E-7;4.239305086E-2;4.827578084E-8;5.674079150E-3;7.611387518E-10;8.946021063E-5
3.431875000E2;NaN;8.779773496E-3;6.158685138E-9;7.253555251E-4;NaN;6.271498529E-3;3.223055965E-7;3.796039901E-2;4.377855908E-8;5.156136254E-3;6.699195820E-10;7.890156086E-5
3.435416667E2;NaN;8.797904154E-3;7.516858811E-9;8.871462672E-4;NaN;6.284449478E-3;2.840560228E-7;3.352454085E-2;3.766829781E-8;4.445645533E-3;6.028485099E-10;7.114870968E-5
3.438958333E2;NaN;8.816053513E-3;8.878134108E-9;1.049966708E-3;NaN;6.297413785E-3;2.463284063E-7;2.913186742E-2;3.073063314E-8;3.634338174E-3;5.750084895E-10;6.800300191E-5
3.442500000E2;NaN;8.834221573E-3;1.010177991E-8;1.197142365E-3;NaN;6.310391450E-3;2.101405821E-7;2.490335324E-2;2.394227105E-8;2.837352154E-3;5.900820282E-10;6.992947788E-5
3.446041667E2;NaN;8.852408334E-3;1.104876277E-8;1.312063027E-3;NaN;6.323382474E-3;1.768074359E-7;2.099624223E-2;1.820375008E-8;2.161732306E-3;6.404946624E-10;7.606004244E-5
3.449583333E2;NaN;8.870613796E-3;1.164167888E-8;1.385316151E-3;NaN;6.336386856E-3;1.473869360E-7;1.753849294E-2;1.416109707E-8;1.685117472E-3;7.148074954E-10;8.505941266E-5
3.453125000E2;NaN;8.888837959E-3;1.190582704E-8;1.419659420E-3;NaN;6.349404597E-3;1.222717209E-7;1.457976836E-2;1.218013276E-8;1.452367833E-3;8.042231625E-10;9.589615108E-5
3.456666667E2;NaN;8.907080824E-3;1.193797046E-8;1.426413707E-3;NaN;6.362435695E-3;1.011532324E-7;1.208633893E-2;1.247775067E-8;1.490909584E-3;9.024011230E-10;1.078237992E-4
3.460208333E2;NaN;8.925342389E-3;1.181684772E-8;1.414836106E-3;NaN;6.375480153E-3;8.330841869E-8;9.974551718E-3;1.530127168E-8;1.832027640E-3;1.000361324E-9;1.197736785E-4
3.463750000E2;NaN;8.943622655E-3;1.153988664E-8;1.384505293E-3;NaN;6.388537968E-3;6.801678343E-8;8.160357166E-3;2.099773146E-8;2.519216283E-3;1.083758694E-9;1.300246436E-4
3.467291667E2;NaN;8.961921623E-3;1.104557392E-8;1.327911212E-3;NaN;6.401609142E-3;5.486731745E-8;6.596210082E-3;2.986388685E-8;3.590269776E-3;1.136411181E-9;1.366206192E-4
3.470833333E2;NaN;8.980239291E-3;1.029893410E-8;1.240680049E-3;NaN;6.414693675E-3;4.382276832E-8;5.279190432E-3;4.181493493E-8;5.037313088E-3;1.149257619E-9;1.384474341E-4
3.474375000E2;NaN;8.998575661E-3;9.371201246E-9;1.131224096E-3;NaN;6.427791566E-3;3.507783489E-8;4.234344243E-3;5.605058580E-8;6.766024073E-3;1.128062936E-9;1.361716541E-4
3.477916667E2;NaN;9.016930731E-3;8.448142618E-9;1.021879250E-3;NaN;6.440902815E-3;2.884243446E-8;3.488753281E-3;7.094118461E-8;8.580977829E-3;1.093619445E-9;1.322831619E-4
3.481458333E2;NaN;9.035304503E-3;7.749461662E-9;9.392775403E-4;NaN;6.454027422E-3;2.517810060E-8;3.051724807E-3;8.429493399E-8;1.021701141E-2;1.073297866E-9;1.300896274E-4
3.485000000E2;NaN;9.053696975E-3;7.400149086E-9;8.987647568E-4;NaN;6.467165388E-3;2.393506109E-8;2.906967023E-3;9.396885151E-8;1.141272845E-2;1.087719125E-9;1.321059351E-4
3.488541667E2;NaN;9.072108149E-3;7.347823865E-9;8.942245036E-4;NaN;6.480316712E-3;2.478034646E-8;3.015749074E-3;9.855656607E-8;1.199425816E-2;1.139049419E-9;1.386214367E-4
3.492083333E2;NaN;9.090538024E-3;7.386220191E-9;9.007234056E-4;NaN;6.493481395E-3;2.726471014E-8;3.324834887E-3;9.779856486E-8;1.192618878E-2;1.210103401E-9;1.475678260E-4
3.495625000E2;NaN;9.108986599E-3;7.269742343E-9;8.883184699E-4;NaN;6.506659436E-3;3.090591304E-8;3.776515327E-3;9.250758030E-8;1.130386585E-2;1.273911858E-9;1.556643109E-4
3.499166667E2;NaN;9.127453876E-3;6.845711526E-9;8.382003763E-4;NaN;6.519850836E-3;3.528917433E-8;4.320865565E-3;8.409145415E-8;1.029629838E-2;1.305600091E-9;1.598598602E-4
3.502708333E2;NaN;9.145939854E-3;6.117335712E-9;7.505338183E-4;NaN;6.533055593E-3;4.018453124E-8;4.930226342E-3;7.397240233E-8;9.075648646E-3;1.293856236E-9;1.587427774E-4
3.506250000E2;NaN;9.164444533E-3;5.215388232E-9;6.411688281E-4;NaN;6.546273710E-3;4.569480742E-8;5.617623237E-3;6.319955042E-8;7.769619418E-3;1.250695493E-9;1.537578658E-4
3.509791667E2;NaN;9.182967913E-3;4.315375103E-9;5.315954176E-4;NaN;6.559505184E-3;5.238870937E-8;6.453575221E-3;5.239031309E-8;6.453772778E-3;1.217091992E-9;1.499291511E-4
3.513333333E2;NaN;9.201509994E-3;3.573769080E-9;4.411285835E-4;NaN;6.572750017E-3;6.134342974E-8;7.571933066E-3;4.192192510E-8;5.174637483E-3;1.250104593E-9;1.543067994E-4
3.516875000E2;NaN;9.220070776E-3;3.113898526E-9;3.851397294E-4;NaN;6.586008208E-3;7.400651083E-8;9.153428512E-3;3.216028648E-8;3.977716013E-3;1.395234278E-9;1.725682927E-4
3.520416667E2;NaN;9.238650259E-3;3.035750033E-9;3.762306260E-4;NaN;6.599279758E-3;9.182658602E-8;1.138037505E-2;2.354172787E-8;2.917604848E-3;1.661877215E-9;2.059619858E-4
3.523958333E2;NaN;9.257248443E-3;3.409587549E-9;4.234122083E-4;NaN;6.612564666E-3;1.157178202E-7;1.437016562E-2;1.648012105E-8;2.046547961E-3;2.012525519E-9;2.499211011E-4
3.527500000E2;NaN;9.275865328E-3;4.254289202E-9;5.293721070E-4;NaN;6.625862933E-3;1.455661205E-7;1.811316538E-2;1.123005727E-8;1.397384803E-3;2.370415390E-9;2.949568612E-4
3.531041667E2;NaN;9.294500914E-3;5.539467295E-9;6.906749219E-4;NaN;6.639174557E-3;1.800146241E-7;2.244468283E-2;7.841414310E-9;9.776875516E-4;2.647747307E-9;3.301278926E-4
3.534583333E2;NaN;9.313155201E-3;7.220365161E-9;9.020603890E-4;NaN;6.652499541E-3;2.167279023E-7;2.707642224E-2;6.244996651E-9;7.802048764E-4;2.790402839E-9;3.486128214E-4
3.538125000E2;NaN;9.331828189E-3;9.266353171E-9;1.159992531E-3;NaN;6.665837882E-3;2.530881907E-7;3.168241114E-2;6.400265336E-9;8.012062407E-4;2.817940581E-9;3.527590593E-4
3.541666667E2;NaN;9.350519878E-3;1.164657728E-8;1.460877097E-3;NaN;6.679189582E-3;2.870457320E-7;3.600530232E-2;8.419567064E-9;1.056100209E-3;2.831947723E-9;3.552226093E-4
3.545208333E2;NaN;9.369230269E-3;1.427153695E-8;1.793718425E-3;NaN;6.692554641E-3;3.177016154E-7;3.993033429E-2;1.261442138E-8;1.585443819E-3;3.001370719E-9;3.772273426E-4
3.548750000E2;NaN;9.387959360E-3;1.692565340E-8;2.131553582E-3;NaN;6.705933057E-3;3.452807028E-7;4.348336231E-2;1.947208395E-8;2.452241536E-3;3.550756265E-9;4.471689841E-4
3.552291667E2;NaN;9.406707152E-3;1.925212484E-8;2.429382525E-3;NaN;6.719324832E-3;3.705123085E-7;4.675411857E-2;2.956218820E-8;3.730386335E-3;4.758817756E-9;6.005045569E-4
3.555833333E2;NaN;9.425473646E-3;2.084836518E-8;2.636057014E-3;NaN;6.732729966E-3;3.937429827E-7;4.978466859E-2;4.332678577E-8;5.478217431E-3;6.921167114E-9;8.751089574E-4
3.559375000E2;NaN;9.444258840E-3;2.144704800E-8;2.717158766E-3;NaN;6.746148458E-3;4.143017680E-7;5.248851406E-2;6.071387962E-8;7.691932717E-3;1.023234722E-8;1.296351458E-3
3.562916667E2;NaN;9.463062736E-3;2.105324796E-8;2.672578282E-3;NaN;6.759580308E-3;4.304705931E-7;5.464555210E-2;8.073319323E-8;1.024857444E-2;1.462497785E-8;1.856549557E-3
3.566458333E2;NaN;9.481885332E-3;1.992292840E-8;2.534121790E-3;NaN;6.773025517E-3;4.400471030E-7;5.597234151E-2;1.011816561E-7;1.286992727E-2;1.968759802E-8;2.504188648E-3
3.570000000E2;NaN;9.500726630E-3;1.839455889E-8;2.344368136E-3;NaN;6.786484084E-3;4.411995626E-7;5.623044306E-2;1.188244685E-7;1.514405968E-2;2.476504951E-8;3.156280795E-3
3.573541667E2;NaN;9.519586628E-3;1.670123412E-8;2.132781006E-3;NaN;6.799956009E-3;4.331508240E-7;5.531422671E-2;1.301525883E-7;1.662074589E-2;2.923715585E-8;3.733643289E-3
3.577083333E2;NaN;9.538465328E-3;1.489793873E-8;1.906269500E-3;NaN;6.813441293E-3;4.163940044E-7;5.327979965E-2;1.325155736E-7;1.695606358E-2;3.281852250E-8;4.199302308E-3
3.580625000E2;NaN;9.557362729E-3;1.293423669E-8;1.658282369E-3;NaN;6.826939935E-3;3.924507327E-7;5.031561941E-2;1.251517118E-7;1.604554502E-2;3.566371316E-8;4.572400224E-3
3.584166667E2;NaN;9.576278830E-3;1.080192742E-8;1.387642677E-3;NaN;6.840451935E-3;3.633798547E-7;4.668068710E-2;1.095971946E-7;1.407913037E-2;3.815877466E-8;4.901971855E-3
3.587708333E2;NaN;9.595213633E-3;8.635028104E-9;1.111470689E-3;NaN;6.853977294E-3;3.313030049E-7;4.264416682E-2;8.922170122E-8;1.148430607E-2;4.050940424E-8;5.214229171E-3
3.591250000E2;NaN;9.614167137E-3;6.686006599E-9;8.622993901E-4;NaN;6.867516012E-3;2.980743012E-7;3.844287084E-2;6.808113221E-8;8.780475746E-3;4.243189461E-8;5.472473935E-3
3.594791667E2;NaN;9.633139342E-3;5.200989930E-9;6.720993345E-4;NaN;6.881068087E-3;2.650935026E-7;3.425677978E-2;4.961665668E-8;6.411725919E-3;4.320393069E-8;5.583039663E-3
3.598333333E2;NaN;9.652130248E-3;4.292337981E-9;5.557720410E-4;NaN;6.894633521E-3;2.332418012E-7;3.020015490E-2;3.576832725E-8;4.631284007E-3;4.207133589E-8;5.447397740E-3
3.601875000E2;NaN;9.671139854E-3;3.899316994E-9;5.058780273E-4;NaN;6.908212314E-3;2.029087636E-7;2.632437558E-2;2.678851308E-8;3.475408686E-3;3.873870615E-8;5.025767405E-3
3.605416667E2;NaN;9.690168162E-3;3.856822104E-9;5.013494370E-4;NaN;6.921804465E-3;1.741365565E-7;2.263606207E-2;2.168060712E-8;2.818268481E-3;3.360516806E-8;4.368345655E-3
3.608958333E2;NaN;9.709215171E-3;4.007979643E-9;5.220225250E-4;NaN;6.935409974E-3;1.468558753E-7;1.912736133E-2;1.895174069E-8;2.468384676E-3;2.759889931E-8;3.594640789E-3
3.612500000E2;NaN;9.728280881E-3;4.276144382E-9;5.580435233E-4;NaN;6.949028841E-3;1.211354063E-7;1.580835980E-2;1.731911382E-8;2.260171414E-3;2.173777524E-8;2.836813634E-3
3.616041667E2;NaN;9.747365293E-3;4.668575909E-9;6.104516569E-4;NaN;6.962661067E-3;9.732606468E-8;1.272612004E-2;1.611357590E-8;2.106972083E-3;1.671344414E-8;2.185409398E-3
3.619583333E2;NaN;9.766468405E-3;5.254869230E-9;6.884605706E-4;NaN;6.976306652E-3;7.599672493E-8;9.956622386E-3;1.532615397E-8;2.007938208E-3;1.273260252E-8;1.668147086E-3
3.623125000E2;NaN;9.785590218E-3;6.146599779E-9;8.068662899E-4;NaN;6.989965594E-3;5.771608596E-8;7.576410670E-3;1.541363102E-8;2.023352702E-3;9.646917693E-9;1.266354239E-3
3.626666667E2;NaN;9.804730732E-3;7.463483211E-9;9.816503855E-4;NaN;7.003637895E-3;4.280033113E-8;5.629403908E-3;1.702116908E-8;2.238745197E-3;7.211197549E-9;9.484679813E-4
3.630208333E2;NaN;9.823889947E-3;9.267709855E-9;1.221337038E-3;NaN;7.017323555E-3;3.117907959E-8;4.108907735E-3;2.073046938E-8;2.731946777E-3;5.269780616E-9;6.944734297E-4
3.633750000E2;NaN;9.843067863E-3;1.147671370E-8;1.515401237E-3;NaN;7.031022573E-3;2.244339580E-8;2.963457192E-3;2.688206584E-8;3.549545357E-3;3.782162876E-9;4.994020458E-4
3.637291667E2;NaN;9.862264481E-3;1.381646648E-8;1.827903409E-3;NaN;7.044734949E-3;1.600945236E-8;2.118033043E-3;3.547848899E-8;4.693765305E-3;2.745051692E-9;3.631673377E-4
3.640833333E2;NaN;9.881479799E-3;1.586274159E-8;2.102712259E-3;NaN;7.058460683E-3;1.130529397E-8;1.498592163E-3;4.615060114E-8;6.117570172E-3;2.116354857E-9;2.805369600E-4
3.644375000E2;NaN;9.900713819E-3;1.717478936E-8;2.281064348E-3;NaN;7.072199776E-3;7.883889157E-9;1.047096305E-3;5.816786097E-8;7.725546505E-3;1.804906126E-9;2.397180501E-4
3.647916667E2;NaN;9.919966539E-3;1.746287228E-8;2.323836105E-3;NaN;7.085952228E-3;5.432207177E-9;7.228798887E-4;7.049344969E-8;9.380772015E-3;1.707923347E-9;2.272784154E-4
3.651458333E2;NaN;9.939237960E-3;1.670497247E-8;2.227298697E-3;NaN;7.099718037E-3;3.732346807E-9;4.976393222E-4;8.191239071E-8;1.092150025E-2;1.746772635E-9;2.328997799E-4
3.655000000E2;NaN;9.958528083E-3;1.514306776E-8;2.022966208E-3;NaN;7.113497206E-3;2.622726955E-9;3.503707496E-4;9.122817573E-8;1.218719480E-2;1.877074519E-9;2.507588543E-4
3.658541667E2;NaN;9.977836906E-3;1.315441981E-8;1.760709505E-3;NaN;7.127289732E-3;1.996715721E-9;2.672589441E-4;9.746190241E-8;1.304520461E-2;2.076539817E-9;2.779433413E-4
3.662083333E2;NaN;9.997164431E-3;1.107803036E-8;1.485658515E-3;NaN;7.141095617E-3;1.834513255E-9;2.460239004E-4;9.999543756E-8;1.341024248E-2;2.334268755E-9;3.130453826E-4
3.665625000E2;NaN;1.001651066E-2;9.108634796E-9;1.223909645E-3;NaN;7.154914860E-3;2.239297210E-9;3.008900363E-4;9.861636700E-8;1.325089055E-2;2.650750852E-9;3.561762665E-4
3.669166667E2;NaN;1.003587558E-2;7.308576110E-9;9.839378172E-4;NaN;7.168747462E-3;3.458403015E-9;4.655973287E-4;9.349404918E-8;1.258690192E-2;3.046120812E-9;4.100926661E-4
3.672708333E2;NaN;1.005525921E-2;5.684910988E-9;7.668255060E-4;NaN;7.182593422E-3;5.883718655E-9;7.936422477E-4;8.513969657E-8;1.148431190E-2;3.563944290E-9;4.807328363E-4
3.676250000E2;NaN;1.007466154E-2;4.256246732E-9;5.752238319E-4;NaN;7.196452740E-3;1.002635667E-8;1.355043461E-3;7.437253036E-8;1.005130919E-2;4.252332414E-9;5.746948191E-4
3.679791667E2;NaN;1.009408257E-2;3.078176861E-9;4.168118258E-4;NaN;7.210325417E-3;1.646721921E-8;2.229804204E-3;6.226431006E-8;8.431127234E-3;5.119412702E-9;6.932128504E-4
3.683333333E2;NaN;1.011352230E-2;2.230034838E-9;3.025475876E-4;NaN;7.224211452E-3;2.576093702E-8;3.494972013E-3;5.003775515E-8;6.788594443E-3;6.089953171E-9;8.262205634E-4
3.686875000E2;NaN;1.013298073E-2;1.787541684E-9;2.429813861E-4;NaN;7.238110846E-3;3.826947833E-8;5.201988278E-3;3.892345971E-8;5.290884275E-3;7.004174976E-9;9.520808150E-4
3.690416667E2;NaN;1.015245787E-2;1.816411420E-9;2.473802532E-4;NaN;7.252023598E-3;5.395878099E-8;7.348740904E-3;3.001039605E-8;4.087168408E-3;7.675692465E-9;1.045366003E-3
3.693958333E2;NaN;1.017195370E-2;2.391019950E-9;3.262625187E-4;NaN;7.265949708E-3;7.224348925E-8;9.857861189E-3;2.409777225E-8;3.288220104E-3;7.979029315E-9;1.088764735E-3
3.697500000E2;NaN;1.019146823E-2;3.585352657E-9;4.901717126E-4;NaN;7.279889176E-3;9.198930505E-8;1.257632359E-2;2.156250262E-8;2.947918894E-3;7.912635837E-9;1.081776503E-3
3.701041667E2;NaN;1.021100147E-2;5.406312290E-9;7.405409477E-4;NaN;7.293842003E-3;1.117569209E-7;1.530813828E-2;2.226197790E-8;3.049381044E-3;7.594344011E-9;1.040251175E-3
3.704583333E2;NaN;1.023055341E-2;7.700126877E-9;1.056760613E-3;NaN;7.307808189E-3;1.302331984E-7;1.787312298E-2;2.551480014E-8;3.501635268E-3;7.185863706E-9;9.861834563E-4
3.708125000E2;NaN;1.025012405E-2;1.011242268E-8;1.390477435E-3;NaN;7.321787733E-3;1.466568533E-7;2.016559747E-2;3.019824231E-8;4.152316001E-3;6.794560211E-9;9.342650077E-4
3.711666667E2;NaN;1.026971338E-2;1.214823070E-8;1.673597290E-3;NaN;7.335780635E-3;1.609959378E-7;2.217955617E-2;3.501347917E-8;4.823621260E-3;6.419774617E-9;8.844182885E-4
3.715208333E2;NaN;1.028932142E-2;1.332748319E-8;1.839562246E-3;NaN;7.349786895E-3;1.737584498E-7;2.398348433E-2;3.887250229E-8;5.365483235E-3;5.980438713E-9;8.254663776E-4
3.718750000E2;NaN;1.030894817E-2;1.336859119E-8;1.848756053E-3;NaN;7.363806514E-3;1.855160952E-7;2.565520922E-2;4.125249669E-8;5.704849665E-3;5.394435725E-9;7.460019952E-4
3.722291667E2;NaN;1.032859361E-2;1.230901930E-8;1.705470661E-3;NaN;7.377839492E-3;1.964321244E-7;2.721656509E-2;4.232708475E-8;5.864610287E-3;4.650767814E-9;6.443850533E-4
3.725833333E2;NaN;1.034825775E-2;1.049807124E-8;1.457324826E-3;NaN;7.391885827E-3;2.060658259E-7;2.860571594E-2;4.279175287E-8;5.940280111E-3;3.832899977E-9;5.320768132E-4
3.729375000E2;NaN;1.036794060E-2;8.466104657E-9;1.177485976E-3;NaN;7.405945521E-3;2.135488711E-7;2.970088501E-2;4.347653672E-8;6.046820154E-3;3.092407961E-9;4.300994558E-4
3.732916667E2;NaN;1.038764214E-2;6.737389867E-9;9.388328317E-4;NaN;7.420018574E-3;2.180003713E-7;3.037762545E-2;4.496389071E-8;6.265568369E-3;2.591133389E-9;3.610658051E-4
3.736458333E2;NaN;1.040736239E-2;5.668532509E-9;7.913906756E-4;NaN;7.434104985E-3;2.188877987E-7;3.055919017E-2;4.742176811E-8;6.620610368E-3;2.436729619E-9;3.401947675E-4
3.740000000E2;NaN;1.042710134E-2;5.367972208E-9;7.508504806E-4;NaN;7.448204754E-3;2.161289501E-7;3.023125303E-2;5.071842535E-8;7.094290465E-3;2.642666609E-9;3.696456346E-4
3.743541667E2;NaN;1.044685898E-2;5.702638113E-9;7.991736478E-4;NaN;7.462317882E-3;2.099255011E-7;2.941917849E-2;5.469416862E-8;7.664897788E-3;3.134336316E-9;4.392491577E-4
3.747083333E2;NaN;1.046663533E-2;6.371968535E-9;8.946647492E-4;NaN;7.476444367E-3;2.005015273E-7;2.815168463E-2;5.933753722E-8;8.331366134E-3;3.790937636E-9;5.322716599E-4
3.750625000E2;NaN;1.048643038E-2;7.019187250E-9;9.874022588E-4;NaN;7.490584212E-3;1.879712614E-7;2.644227052E-2;6.468529213E-8;9.099401581E-3;4.494302141E-9;6.322219266E-4
3.754166667E2;NaN;1.050624414E-2;7.341206973E-9;1.034652632E-3;NaN;7.504737415E-3;1.724231577E-7;2.430091872E-2;7.050147664E-8;9.936314104E-3;5.161053785E-9;7.273869139E-4
3.757708333E2;NaN;1.052607659E-2;7.169761995E-9;1.012397059E-3;NaN;7.518903976E-3;1.541286291E-7;2.176353566E-2;7.597997500E-8;1.072865505E-2;5.750502692E-9;8.119923673E-4
3.761250000E2;NaN;1.054592774E-2;6.510172494E-9;9.209942044E-4;NaN;7.533083895E-3;1.337167921E-7;1.891691666E-2;7.975877563E-8;1.128347523E-2;6.249513105E-9;8.841187166E-4
3.764791667E2;NaN;1.056579760E-2;5.530459952E-9;7.838683850E-4;NaN;7.547277173E-3;1.121962156E-7;1.590230598E-2;8.033337657E-8;1.138617668E-2;6.648452110E-9;9.423287509E-4
3.768333333E2;NaN;1.058568615E-2;4.489250989E-9;6.374887293E-4;NaN;7.561483809E-3;9.079720020E-8;1.289350761E-2;7.670011965E-8;1.089167479E-2;6.933189991E-9;9.845362820E-4
3.771875000E2;NaN;1.060559341E-2;3.627721165E-9;5.161173780E-4;NaN;7.575703804E-3;7.073104904E-8;1.006293536E-2;6.889265965E-8;9.801386945E-3;7.109565627E-9;1.011480818E-3
3.775416667E2;NaN;1.062551937E-2;3.086801118E-9;4.399855628E-4;NaN;7.589937157E-3;5.297914012E-8;7.551525313E-3;5.810537746E-8;8.282207446E-3;7.237125711E-9;1.031563326E-3
3.778958333E2;NaN;1.064546403E-2;2.894411473E-9;4.133371854E-4;NaN;7.604183868E-3;3.817923331E-8;5.452195371E-3;4.630246785E-8;6.612235999E-3;7.429607530E-9;1.060987041E-3
3.782500000E2;NaN;1.066542739E-2;3.005318526E-9;4.299801253E-4;NaN;7.618443938E-3;2.660303493E-8;3.806177679E-3;3.551897336E-8;5.081808295E-3;7.796684934E-9;1.115495591E-3
3.786041667E2;NaN;1.068540945E-2;3.343148575E-9;4.792106445E-4;NaN;7.632717366E-3;1.820897765E-8;2.610095160E-3;2.720379119E-8;3.899421761E-3;8.362425406E-9;1.198679382E-3
3.789583333E2;NaN;1.070541021E-2;3.827129040E-9;5.496117757E-4;NaN;7.647004153E-3;1.271667359E-8;1.826234098E-3;2.190654567E-8;3.145986283E-3;9.031930791E-9;1.297070328E-3
3.793125000E2;NaN;1.072542967E-2;4.382497262E-9;6.305448212E-4;NaN;7.661304298E-3;9.697818493E-9;1.395302464E-3;1.938719694E-8;2.789390591E-3;9.645284387E-9;1.387743963E-3
3.796666667E2;NaN;1.074546784E-2;4.932819951E-9;7.110501013E-4;NaN;7.675617801E-3;8.670140987E-9;1.249772886E-3;1.900338364E-8;2.739276519E-3;1.007645364E-8;1.452488324E-3
3.800208333E2;NaN;1.076552470E-2;5.389988090E-9;7.783996240E-4;NaN;7.689944662E-3;9.185618858E-9;1.326548806E-3;2.017221848E-8;2.913187751E-3;1.030191802E-8;1.487760080E-3
3.803750000E2;NaN;1.078560027E-2;5.667712074E-9;8.200337184E-4;NaN;7.704284883E-3;1.089700477E-8;1.576634667E-3;2.270897288E-8;3.285650935E-3;1.039454408E-8;1.503936072E-3
3.807291667E2;NaN;1.080569453E-2;5.712562555E-9;8.280627820E-4;NaN;7.718638461E-3;1.355695500E-8;1.965144323E-3;2.693148803E-8;3.903845724E-3;1.044995673E-8;1.514770326E-3
3.810833333E2;NaN;1.082580750E-2;5.522648578E-9;8.020239168E-4;NaN;7.733005398E-3;1.694558328E-8;2.460913977E-3;3.349060213E-8;4.863656182E-3;1.049404204E-8;1.523992082E-3
3.814375000E2;NaN;1.084593917E-2;5.134974903E-9;7.471109471E-4;NaN;7.747385693E-3;2.076524684E-8;3.021230585E-3;4.297321263E-8;6.252368939E-3;1.044387042E-8;1.519526398E-3
3.817916667E2;NaN;1.086608954E-2;4.601917013E-9;6.707978661E-4;NaN;7.761779346E-3;2.456580077E-8;3.580830922E-3;5.540252867E-8;8.075742762E-3;1.016402098E-8;1.481557265E-3
3.821458333E2;NaN;1.088625861E-2;3.983533795E-9;5.817371022E-4;NaN;7.776186358E-3;2.776788824E-8;4.055095719E-3;6.983485935E-8;1.019836427E-2;9.584545089E-9;1.399683239E-3
3.825000000E2;NaN;1.090644639E-2;3.349710215E-9;4.900835401E-4;NaN;7.790606729E-3;2.979990133E-8;4.359911814E-3;8.428984434E-8;1.233213104E-2;8.791743544E-9;1.286287029E-3
3.828541667E2;NaN;1.092665286E-2;2.776935476E-9;4.070357402E-4;NaN;7.805040457E-3;3.029266260E-8;4.440217086E-3;9.614763163E-8;1.409306149E-2;8.024179296E-9;1.176162640E-3
3.832083333E2;NaN;1.094687803E-2;2.343239063E-9;3.441014386E-4;NaN;7.819487544E-3;2.922519436E-8;4.291679658E-3;1.029274513E-7;1.511475487E-2;7.566147917E-9;1.111078431E-3
3.835625000E2;NaN;1.096712191E-2;2.129029808E-9;3.132232728E-4;NaN;7.833947990E-3;2.693302067E-8;3.962391157E-3;1.031388286E-7;1.517380420E-2;7.607463358E-9;1.119211465E-3
3.839166667E2;NaN;1.098738449E-2;2.205877220E-9;3.251286706E-4;NaN;7.848421794E-3;2.396673341E-8;3.532504938E-3;9.681373925E-8;1.426957133E-2;8.147830703E-9;1.200925120E-3
3.842708333E2;NaN;1.100766576E-2;2.605234204E-9;3.846994946E-4;NaN;7.862908956E-3;2.087592403E-8;3.082623977E-3;8.547388572E-8;1.262142213E-2;9.001161133E-9;1.329148118E-3
3.846250000E2;NaN;1.102796574E-2;3.284444745E-9;4.858889009E-4;NaN;7.877409476E-3;1.803651472E-8;2.668256887E-3;7.155699975E-8;1.058588427E-2;9.888238459E-9;1.462830307E-3
3.849791667E2;NaN;1.104828442E-2;4.123814469E-9;6.111862486E-4;NaN;7.891923355E-3;1.560495761E-8;2.312794519E-3;5.757650566E-8;8.533353953E-3;1.056637024E-8;1.566030731E-3
3.853333333E2;NaN;1.106862180E-2;4.954285328E-9;7.356210931E-4;NaN;7.906450593E-3;1.359860705E-8;2.019145350E-3;4.539667892E-8;6.740579592E-3;1.092032825E-8;1.621469753E-3
3.856875000E2;NaN;1.108897788E-2;5.594651324E-9;8.322315055E-4;NaN;7.920991189E-3;1.203581451E-8;1.790385753E-3;3.590451497E-8;5.340970654E-3;1.096101786E-8;1.630504543E-3
3.860416667E2;NaN;1.110935267E-2;5.911340432E-9;8.809562373E-4;NaN;7.935545143E-3;1.103112571E-8;1.643948460E-3;2.913729953E-8;4.342278381E-3;1.075061159E-8;1.602143955E-3
3.863958333E2;NaN;1.112974615E-2;5.895998256E-9;8.802827987E-4;NaN;7.950112455E-3;1.079231210E-8;1.611310975E-3;2.467781835E-8;3.684441220E-3;1.032702092E-8;1.541842193E-3
3.867500000E2;NaN;1.115015834E-2;5.701264886E-9;8.527699023E-4;NaN;7.964693126E-3;1.152112812E-8;1.723279219E-3;2.205139733E-8;3.298350159E-3;9.686780422E-9;1.448905630E-3
3.871041667E2;NaN;1.117058922E-2;5.579165804E-9;8.360359640E-4;NaN;7.979287155E-3;1.328911872E-8;1.991369601E-3;2.093585501E-8;3.137230250E-3;8.820171942E-9;1.321699554E-3
3.874583333E2;NaN;1.119103881E-2;5.751554152E-9;8.634460858E-4;NaN;7.993894543E-3;1.597830450E-8;2.398726347E-3;2.114755497E-8;3.174754698E-3;7.759273003E-9;1.164852790E-3
3.878125000E2;NaN;1.121150710E-2;6.303338884E-9;9.480129348E-4;NaN;8.008515289E-3;1.931918712E-8;2.905577444E-3;2.252457629E-8;3.387663279E-3;6.599222703E-9;9.925134277E-4
3.881666667E2;NaN;1.123199409E-2;7.153302161E-9;1.077812080E-3;NaN;8.023149393E-3;2.300344586E-8;3.466006505E-3;2.487456943E-8;3.747934983E-3;5.477934743E-9;8.253788396E-4
3.885208333E2;NaN;1.125249978E-2;8.105805161E-9;1.223558627E-3;NaN;8.037796856E-3;2.679538798E-8;4.044721959E-3;2.808745201E-8;4.239757007E-3;4.523928568E-9;6.828799506E-4
3.888750000E2;NaN;1.127302417E-2;8.948228086E-9;1.353184747E-3;NaN;8.052457677E-3;3.056629364E-8;4.622350025E-3;3.234258045E-8;4.890966806E-3;3.807593923E-9;5.757986910E-4
3.892291667E2;NaN;1.129356726E-2;9.540384323E-9;1.445361968E-3;NaN;8.067131857E-3;3.423494547E-8;5.186571786E-3;3.822658133E-8;5.791302002E-3;3.328598612E-9;5.042805068E-4
3.895833333E2;NaN;1.131412905E-2;9.837885496E-9;1.493146779E-3;NaN;8.081819394E-3;3.765593788E-8;5.715236509E-3;4.658112734E-8;7.069858689E-3;3.042116597E-9;4.617177747E-4
3.899375000E2;NaN;1.133470955E-2;9.840568298E-9;1.496270749E-3;NaN;8.096520291E-3;4.054657861E-8;6.165158119E-3;5.806694206E-8;8.829151351E-3;2.901569491E-9;4.411872794E-4
3.902916667E2;NaN;1.135530874E-2;9.527416363E-9;1.451288326E-3;NaN;8.111234545E-3;4.250863968E-8;6.475238428E-3;7.260825917E-8;1.106024078E-2;2.886877536E-9;4.397510834E-4
3.906458333E2;NaN;1.137592664E-2;8.855537510E-9;1.351391926E-3;NaN;8.125962158E-3;4.314355703E-8;6.583886587E-3;8.900958151E-8;1.358323305E-2;3.003775478E-9;4.583886550E-4
3.910000000E2;NaN;1.139656324E-2;7.818160234E-9;1.195248155E-3;NaN;8.140703130E-3;4.220094544E-8;6.451722740E-3;1.049832841E-7;1.604994945E-2;3.258671252E-9;4.981889197E-4
3.913541667E2;NaN;1.141721853E-2;6.498229794E-9;9.952564231E-4;NaN;8.155457460E-3;3.967819460E-8;6.077036253E-3;1.176586146E-7;1.802036795E-2;3.634997481E-9;5.567292487E-4
3.917083333E2;NaN;1.143789253E-2;5.065533460E-9;7.772322459E-4;NaN;8.170225148E-3;3.582662245E-8;5.497072806E-3;1.244101308E-7;1.908892047E-2;4.092319059E-9;6.279066871E-4
3.920625000E2;NaN;1.145858523E-2;3.724528367E-9;5.725084434E-4;NaN;8.185006194E-3;3.107638743E-8;4.776844862E-3;1.236704080E-7;1.900974990E-2;4.586208181E-9;7.049598360E-4
3.924166667E2;NaN;1.147929664E-2;2.644877091E-9;4.072868457E-4;NaN;8.199800599E-3;2.593431909E-8;3.993647589E-3;1.153992993E-7;1.777043506E-2;5.094806865E-9;7.845535902E-4
3.927708333E2;NaN;1.150002674E-2;1.902509481E-9;2.934980972E-4;NaN;8.214608363E-3;2.090972554E-8;3.225720934E-3;1.010485362E-7;1.558864931E-2;5.627993397E-9;8.682245055E-4
3.931250000E2;NaN;1.152077554E-2;1.467657807E-9;2.268225010E-4;NaN;8.229429484E-3;1.648399836E-8;2.547556873E-3;8.309151107E-8;1.284156583E-2;6.205682080E-9;9.590711968E-4
3.934791667E2;NaN;1.154154305E-2;1.248127534E-9;1.932424121E-4;NaN;8.244263964E-3;1.311720373E-8;2.030882278E-3;6.430901726E-8;9.956698555E-3;6.811216944E-9;1.054552484E-3
3.938333333E2;NaN;1.156232925E-2;1.153684876E-9;1.789419401E-4;NaN;8.259111803E-3;1.126475206E-8;1.747215927E-3;4.709696219E-8;7.304959930E-3;7.353457186E-9;1.140555730E-3
3.941875000E2;NaN;1.158313416E-2;1.136556268E-9;1.766024149E-4;NaN;8.273973000E-3;1.137377931E-8;1.767300881E-3;3.301982867E-8;5.130745964E-3;7.675924605E-9;1.192714220E-3
3.945416667E2;NaN;1.160395777E-2;1.191340692E-9;1.854478172E-4;NaN;8.288847555E-3;1.385141089E-8;2.156153929E-3;2.271012392E-8;3.535128898E-3;7.623974905E-9;1.186771772E-3
3.948958333E2;NaN;1.162480008E-2;1.333965262E-9;2.080221703E-4;NaN;8.303735468E-3;1.900778183E-8;2.964125185E-3;1.606801990E-8;2.505690715E-3;7.130460664E-9;1.111943425E-3
3.952500000E2;NaN;1.164566109E-2;1.571130250E-9;2.454459937E-4;NaN;8.318636740E-3;2.699689797E-8;4.217524580E-3;1.262384103E-8;1.972128794E-3;6.261916767E-9;9.782526835E-4
3.956041667E2;NaN;1.166654080E-2;1.880880363E-9;2.943627738E-4;NaN;8.333551371E-3;3.778068179E-8;5.912777072E-3;1.191573869E-8;1.864844762E-3;5.192730995E-9;8.126761961E-4
3.959583333E2;NaN;1.168743921E-2;2.212885345E-9;3.469428069E-4;NaN;8.348479359E-3;5.112996915E-8;8.016310041E-3;1.372193649E-8;2.151366393E-3;4.129319269E-9;6.474070702E-4
3.963125000E2;NaN;1.170835632E-2;2.503612334E-9;3.932263603E-4;NaN;8.363420706E-3;6.665861297E-8;1.046964157E-2;1.806569857E-8;2.837463612E-3;3.237773598E-9;5.085363697E-4
3.966666667E2;NaN;1.172929214E-2;2.703549937E-9;4.253885628E-4;NaN;8.378375412E-3;8.387123740E-8;1.319667325E-2;2.498488430E-8;3.931232740E-3;2.622229472E-9;4.125932394E-4
3.970208333E2;NaN;1.175024665E-2;2.812040413E-9;4.432493946E-4;NaN;8.393343476E-3;1.021814620E-7;1.610640834E-2;3.420710833E-8;5.391913995E-3;2.340718791E-9;3.689570684E-4
3.973750000E2;NaN;1.177121987E-2;2.902343401E-9;4.583000220E-4;NaN;8.408324898E-3;1.208952835E-7;1.909019830E-2;4.492061279E-8;7.093274290E-3;2.427059066E-9;3.832493504E-4
3.977291667E2;NaN;1.179221178E-2;3.108207569E-9;4.916826620E-4;NaN;8.423319679E-3;1.391709380E-7;2.201524053E-2;5.581502388E-8;8.829294348E-3;2.885505584E-9;4.564537713E-4
3.980833333E2;NaN;1.181322240E-2;3.567127309E-9;5.652838785E-4;NaN;8.438327818E-3;1.560222049E-7;2.472489190E-2;6.542727133E-8;1.036828195E-2;3.660056924E-9;5.800104661E-4
3.984375000E2;NaN;1.183425172E-2;4.348720837E-9;6.903700498E-4;NaN;8.453349315E-3;1.704005980E-7;2.705151095E-2;7.266180110E-8;1.153523832E-2;4.604517627E-9;7.309784147E-4
3.987916667E2;NaN;1.185529974E-2;5.404909668E-9;8.595686925E-4;NaN;8.468384171E-3;1.813696376E-7;2.884408285E-2;7.723219442E-8;1.228260608E-2;5.495205153E-9;8.739288162E-4
3.991458333E2;NaN;1.187636646E-2;6.572052005E-9;1.047042214E-3;NaN;8.483432385E-3;1.882998124E-7;2.999943583E-2;7.977400022E-8;1.270938601E-2;6.097979877E-9;9.715142765E-4
3.995000000E2;NaN;1.189745188E-2;7.635548730E-9;1.218635486E-3;NaN;8.498493957E-3;1.910058195E-7;3.048457654E-2;8.156532172E-8;1.301784574E-2;6.262987703E-9;9.995744031E-4
3.998541667E2;NaN;1.191855601E-2;8.430931412E-9;1.347965597E-3;NaN;8.513568888E-3;1.897499389E-7;3.033785677E-2;8.395760483E-8;1.342342351E-2;5.993977380E-9;9.583372109E-4
4.002083333E2;NaN;1.193967883E-2;8.925935874E-9;1.429637783E-3;NaN;8.528657177E-3;1.851140201E-7;2.964910358E-2;8.778565675E-8;1.406033983E-2;5.449620571E-9;8.728477980E-4
4.005625000E2;NaN;1.196082036E-2;9.225570013E-9;1.480245628E-3;NaN;8.543758825E-3;1.778079082E-7;2.852933513E-2;9.299532080E-8;1.492112865E-2;4.873357920E-9;7.819318202E-4
4.009166667E2;NaN;1.198198058E-2;9.486454323E-9;1.524797396E-3;NaN;8.558873831E-3;1.685000293E-7;2.708371296E-2;9.863378716E-8;1.585382027E-2;4.486927837E-9;7.212026380E-4
4.012708333E2;NaN;1.200315951E-2;9.798447200E-9;1.577729131E-3;NaN;8.574002196E-3;1.577354712E-7;2.539829454E-2;1.031685662E-7;1.661202525E-2;4.398716482E-9;7.082737696E-4
4.016250000E2;NaN;1.202435714E-2;1.011554444E-8;1.631664029E-3;NaN;8.589143918E-3;1.459391081E-7;2.354036351E-2;1.049946060E-7;1.693590720E-2;4.567992233E-9;7.368292096E-4
4.019791667E2;NaN;1.204557347E-2;1.028093885E-8;1.661268641E-3;NaN;8.604299000E-3;1.334543867E-7;2.156452741E-2;1.029408836E-7;1.663393434E-2;4.838049011E-9;7.817670371E-4
4.023333333E2;NaN;1.206680850E-2;1.012129426E-8;1.638355269E-3;NaN;8.619467439E-3;1.205617888E-7;1.951559128E-2;9.663420095E-8;1.564238211E-2;5.020100888E-9;8.126143287E-4
4.026875000E2;NaN;1.208806223E-2;9.558267528E-9;1.549942116E-3;NaN;8.634649237E-3;1.074702539E-7;1.742707789E-2;8.664746945E-8;1.405051300E-2;4.985414564E-9;8.084209795E-4
4.030416667E2;NaN;1.210933467E-2;8.678622487E-9;1.409777872E-3;NaN;8.649844393E-3;9.430944054E-8;1.531986932E-2;7.441781439E-8;1.208862214E-2;4.720277212E-9;7.667740326E-4
4.033958333E2;NaN;1.213062580E-2;7.720196084E-9;1.256293600E-3;NaN;8.665052908E-3;8.115264618E-8;1.320582390E-2;6.198901169E-8;1.008736019E-2;4.318981334E-9;7.028200512E-4
4.037500000E2;NaN;1.215193563E-2;6.974051804E-9;1.136868517E-3;NaN;8.680274781E-3;6.809450239E-8;1.110036147E-2;5.163064908E-8;8.416521856E-3;3.932055876E-9;6.409804024E-4
4.041041667E2;NaN;1.217326417E-2;6.654223537E-9;1.086635885E-3;NaN;8.695510012E-3;5.533532007E-8;9.036267590E-3;4.539760400E-8;7.413436792E-3;3.692935607E-9;6.030570402E-4
4.044583333E2;NaN;1.219461141E-2;6.805636599E-9;1.113310567E-3;NaN;8.710758602E-3;4.322774772E-8;7.071477829E-3;4.465877751E-8;7.305575046E-3;3.658188045E-9;5.984303374E-4
4.048125000E2;NaN;1.221597734E-2;7.285253965E-9;1.193857590E-3;NaN;8.726020550E-3;3.223318268E-8;5.282153507E-3;4.967307254E-8;8.140083371E-3;3.788964337E-9;6.209095596E-4
4.051666667E2;NaN;1.223736198E-2;7.820015728E-9;1.283733999E-3;NaN;8.741295857E-3;2.280696647E-8;3.743992250E-3;5.935411492E-8;9.743573153E-3;3.983790982E-9;6.539792383E-4
4.055208333E2;NaN;1.225876532E-2;8.121435281E-9;1.335546855E-3;NaN;8.756584522E-3;1.525610560E-8;2.508823029E-3;7.138995758E-8;1.173987480E-2;4.140261287E-9;6.808541534E-4
4.058750000E2;NaN;1.228018736E-2;8.010244627E-9;1.319563769E-3;NaN;8.771886545E-3;9.649609093E-9;1.589623680E-3;8.279141486E-8;1.363860363E-2;4.207000606E-9;6.930382070E-4
4.062291667E2;NaN;1.230162811E-2;7.485862868E-9;1.235333079E-3;NaN;8.787201927E-3;5.809618036E-9;9.587155767E-4;9.075394705E-8;1.497641018E-2;4.196939718E-9;6.925879563E-4
4.065833333E2;NaN;1.232308755E-2;6.703670435E-9;1.108183806E-3;NaN;8.802530667E-3;3.389681793E-9;5.603483207E-4;9.357931875E-8;1.546959783E-2;4.158208991E-9;6.873935572E-4
4.069375000E2;NaN;1.234456569E-2;5.876402866E-9;9.731213193E-4;NaN;8.817872766E-3;1.994007753E-9;3.302039529E-4;9.126323756E-8;1.511302138E-2;4.126044263E-9;6.832652098E-4
4.072916667E2;NaN;1.236606254E-2;5.162878223E-9;8.564518074E-4;NaN;8.833228222E-3;1.290287390E-9;2.140412614E-4;8.547334860E-8;1.417887479E-2;4.090787196E-9;6.786063772E-4
4.076458333E2;NaN;1.238757809E-2;4.605885380E-9;7.653835807E-4;NaN;8.848597038E-3;1.086481445E-9;1.805461904E-4;7.887925212E-8;1.310776961E-2;4.003963016E-9;6.653590564E-4
4.080000000E2;NaN;1.240911233E-2;4.143497140E-9;6.897431080E-4;NaN;8.863979211E-3;1.363852725E-9;2.270323801E-4;7.410563613E-8;1.233592061E-2;3.814915398E-9;6.350460768E-4
4.083541667E2;NaN;1.243066528E-2;3.676708566E-9;6.131026447E-4;NaN;8.879374743E-3;2.286014502E-9;3.812000631E-4;7.274468059E-8;1.213040285E-2;3.509592317E-9;5.852354879E-4
4.087083333E2;NaN;1.245223693E-2;3.143681283E-9;5.251283861E-4;NaN;8.894783634E-3;4.186878233E-9;6.993866144E-4;7.482372417E-8;1.249874207E-2;3.123209418E-9;5.217087146E-4
4.090625000E2;NaN;1.247382728E-2;2.555479393E-9;4.276138073E-4;NaN;8.910205882E-3;7.536259521E-9;1.261058350E-3;7.890022415E-8;1.320254248E-2;2.720977401E-9;4.553069412E-4
4.094166667E2;NaN;1.249543633E-2;1.979372803E-9;3.317864417E-4;NaN;8.925641490E-3;1.285492592E-8;2.154768483E-3;8.269797618E-8;1.386200074E-2;2.365750769E-9;3.965518919E-4
4.097708333E2;NaN;1.251706408E-2;1.493618508E-9;2.507966738E-4;NaN;8.941090455E-3;2.060204817E-8;3.459333911E-3;8.398380840E-8;1.410190065E-2;2.098258689E-9;3.523230981E-4
4.101250000E2;NaN;1.253871054E-2;1.146726250E-9;1.928822399E-4;NaN;8.956552779E-3;3.105731752E-8;5.223918936E-3;8.132680136E-8;1.367937258E-2;1.938938880E-9;3.261343973E-4
4.104791667E2;NaN;1.256037569E-2;9.431025516E-10;1.589063162E-4;NaN;8.972028461E-3;4.427171475E-8;7.459480509E-3;7.447082853E-8;1.254782420E-2;1.897298709E-9;3.196818288E-4
4.108333333E2;NaN;1.258205955E-2;8.548431611E-10;1.442838718E-4;NaN;8.987517502E-3;6.011845035E-8;1.014703419E-2;6.425088941E-8;1.084452390E-2;1.974538046E-9;3.332704844E-4
4.111875000E2;NaN;1.260376210E-2;8.462770969E-10;1.430844357E-4;NaN;9.003019901E-3;7.843619225E-8;1.326161177E-2;5.219048983E-8;8.824115427E-3;2.157274095E-9;3.647414632E-4
4.115416667E2;NaN;1.262548336E-2;8.982301939E-10;1.521301431E-4;NaN;9.018535658E-3;9.918208450E-8;1.679812682E-2;3.999114168E-8;6.773161433E-3;2.413871613E-9;4.088290913E-4
4.118958333E2;NaN;1.264722332E-2;1.020554220E-9;1.731453689E-4;NaN;9.034064774E-3;1.224738753E-7;2.077869448E-2;2.911076259E-8;4.938878928E-3;2.702617939E-9;4.585212341E-4
4.122500000E2;NaN;1.266898198E-2;1.249626052E-9;2.123740257E-4;NaN;9.049607248E-3;1.484779031E-7;2.523382892E-2;2.055521278E-8;3.493359697E-3;2.988073137E-9;5.078232164E-4
4.126041667E2;NaN;1.269075934E-2;1.629133778E-9;2.773473158E-4;NaN;9.065163081E-3;1.771833064E-7;3.016407560E-2;1.490852493E-8;2.538060059E-3;3.253389405E-9;5.538641644E-4
4.129583333E2;NaN;1.271255540E-2;2.184233370E-9;3.724873315E-4;NaN;9.080732272E-3;2.082213529E-7;3.550894201E-2;1.250420189E-8;2.132398881E-3;3.494699268E-9;5.959670896E-4
4.133125000E2;NaN;1.273437017E-2;2.893449382E-9;4.942799217E-4;NaN;9.096314821E-3;2.408601484E-7;4.114547020E-2;1.358071325E-8;2.319955525E-3;3.699434558E-9;6.319641310E-4
4.136666667E2;NaN;1.275620363E-2;3.671564489E-9;6.282785234E-4;NaN;9.111910729E-3;2.742187714E-7;4.692434663E-2;1.830850857E-8;3.132954020E-3;3.830574034E-9;6.554882543E-4
4.140208333E2;NaN;1.277805580E-2;4.379447970E-9;7.506954117E-4;NaN;9.127519995E-3;3.075765639E-7;5.272269858E-2;2.666321671E-8;4.570428643E-3;3.837992596E-9;6.578827861E-4
4.143750000E2;NaN;1.279992666E-2;4.865902712E-9;8.355078082E-4;NaN;9.143142619E-3;3.405489115E-7;5.847450955E-2;3.822500108E-8;6.563486523E-3;3.693003532E-9;6.341132303E-4
4.147291667E2;NaN;1.282181623E-2;5.022165485E-9;8.638138781E-4;NaN;9.158778602E-3;3.729491597E-7;6.414736052E-2;5.204554728E-8;8.951848793E-3;3.419465810E-9;5.881490826E-4
4.150833333E2;NaN;1.284372450E-2;4.821200681E-9;8.306647871E-4;NaN;9.174427943E-3;4.043805195E-7;6.967240743E-2;6.672144223E-8;1.149571575E-2;3.099746762E-9;5.340683068E-4
4.154375000E2;NaN;1.286565147E-2;4.327641870E-9;7.469004243E-4;NaN;9.190090643E-3;4.337997463E-7;7.486876787E-2;8.070748445E-8;1.392916886E-2;2.850437349E-9;4.919521831E-4
4.157916667E2;NaN;1.288759714E-2;3.674393803E-9;6.352391586E-4;NaN;9.205766701E-3;4.593840473E-7;7.941955906E-2;9.275115569E-8;1.603507116E-2;2.779441090E-9;4.805173081E-4
4.161458333E2;NaN;1.290956151E-2;3.015667964E-9;5.222454004E-4;NaN;9.221456117E-3;4.788976912E-7;8.293423528E-2;1.021946675E-7;1.769780217E-2;2.942603228E-9;5.095922427E-4
4.165000000E2;NaN;1.293154458E-2;2.476335676E-9;4.295755215E-4;NaN;9.237158892E-3;4.904439459E-7;8.507841480E-2;1.089545662E-7;1.890059374E-2;3.336070553E-9;5.787156650E-4
4.168541667E2;NaN;1.295354635E-2;2.122746223E-9;3.688640841E-4;NaN;9.252875025E-3;4.932402759E-7;8.570907847E-2;1.131989119E-7;1.967028019E-2;3.931733945E-9;6.832071704E-4
4.172083333E2;NaN;1.297556683E-2;1.966281735E-9;3.422564914E-4;NaN;9.268604516E-3;4.879638211E-7;8.493634577E-2;1.149419625E-7;2.000711907E-2;4.728664531E-9;8.230845573E-4
4.175625000E2;NaN;1.299760600E-2;1.986229144E-9;3.463158178E-4;NaN;9.284347366E-3;4.764475036E-7;8.307264414E-2;1.138385683E-7;1.984871535E-2;5.764906564E-9;1.005160123E-3
4.179166667E2;NaN;1.301966388E-2;2.155765293E-9;3.765137650E-4;NaN;9.300103574E-3;4.608474778E-7;8.048901221E-2;1.093331476E-7;1.909550876E-2;7.069214176E-9;1.234668938E-3
4.182708333E2;NaN;1.304174046E-2;2.453844136E-9;4.293012340E-4;NaN;9.315873141E-3;4.427307161E-7;7.745595573E-2;1.010875145E-7;1.768531020E-2;8.581884971E-9;1.501404981E-3
4.186250000E2;NaN;1.306383573E-2;2.857782249E-9;5.008174533E-4;NaN;9.331656066E-3;4.225509794E-7;7.405074527E-2;8.940957939E-8;1.566875078E-2;1.010093141E-8;1.770156822E-3
4.189791667E2;NaN;1.308594971E-2;3.323522073E-9;5.834228369E-4;NaN;9.347452349E-3;3.997595366E-7;7.017520504E-2;7.539309535E-8;1.323477101E-2;1.130098370E-8;1.983814708E-3
4.193333333E2;NaN;1.310808239E-2;3.772836826E-9;6.634173043E-4;NaN;9.363261991E-3;3.734394217E-7;6.566575389E-2;6.066925859E-8;1.066810939E-2;1.183719363E-8;2.081457388E-3
4.196875000E2;NaN;1.313023378E-2;4.104823881E-9;7.230138172E-4;NaN;9.379084991E-3;3.430691945E-7;6.042738374E-2;4.693467133E-8;8.266960255E-3;1.149691973E-8;2.025039822E-3
4.200416667E2;NaN;1.315240386E-2;4.231554438E-9;7.465943146E-4;NaN;9.394921350E-3;3.090187441E-7;5.452172264E-2;3.553209054E-8;6.269104456E-3;1.031243600E-8;1.819474664E-3
4.203958333E2;NaN;1.317459264E-2;4.116649229E-9;7.275463549E-4;NaN;9.410771066E-3;2.725557268E-7;4.816949770E-2;2.725933676E-8;4.817615004E-3;8.554499776E-9;1.511859472E-3
4.207500000E2;NaN;1.319680013E-2;3.790771495E-9;6.710824101E-4;NaN;9.426634142E-3;2.354492287E-7;4.168170940E-2;2.240328250E-8;3.966065702E-3;6.611500966E-9;1.170437735E-3
4.211041667E2;NaN;1.321902631E-2;3.335223113E-9;5.914308428E-4;NaN;9.442510575E-3;1.994516303E-7;3.536850215E-2;2.088125606E-8;3.702846392E-3;4.839544246E-9;8.581901825E-4
4.214583333E2;NaN;1.324127120E-2;2.844602318E-9;5.052785364E-4;NaN;9.458400367E-3;1.659320842E-7;2.947403936E-2;2.237201034E-8;3.973875917E-3;3.462895589E-9;6.151041937E-4
4.218125000E2;NaN;1.326353479E-2;2.389357749E-9;4.251283536E-4;NaN;9.474303518E-3;1.357748646E-7;2.415784938E-2;2.638644661E-8;4.694829230E-3;2.549089008E-9;4.535486632E-4
4.221666667E2;NaN;1.328581708E-2;2.000077718E-9;3.564632402E-4;NaN;9.490220027E-3;1.095014474E-7;1.951586200E-2;3.235154831E-8;5.765844812E-3;2.043413908E-9;3.641868193E-4
4.225208333E2;NaN;1.330811807E-2;1.680223560E-9;2.999599866E-4;NaN;9.506149894E-3;8.744498267E-8;1.561101537E-2;3.977415542E-8;7.100635540E-3;1.834706055E-9;3.275387970E-4
4.228750000E2;NaN;1.333043776E-2;1.430705487E-9;2.558434274E-4;NaN;9.522093119E-3;6.984470107E-8;1.248985753E-2;4.845598549E-8;8.665057565E-3;1.815293830E-9;3.246167708E-4
4.232291667E2;NaN;1.335277615E-2;1.264154940E-9;2.264391338E-4;NaN;9.538049703E-3;5.681713151E-8;1.017725093E-2;5.856519065E-8;1.049036840E-2;1.903063118E-9;3.408822370E-4
4.235833333E2;NaN;1.337513324E-2;1.196831933E-9;2.147389848E-4;NaN;9.554019645E-3;4.825957220E-8;8.658869514E-3;7.040197100E-8;1.263172160E-2;2.043522514E-9;3.666546137E-4
4.239375000E2;NaN;1.339750904E-2;1.230340798E-9;2.211205440E-4;NaN;9.570002946E-3;4.378408611E-8;7.869007479E-3;8.390809704E-8;1.508021525E-2;2.222894326E-9;3.995052456E-4
4.242916667E2;NaN;1.341990353E-2;1.342109502E-9;2.416111404E-4;NaN;9.585999605E-3;4.274107668E-8;7.694394730E-3;9.819891489E-8;1.767810434E-2;2.495062710E-9;4.491697181E-4
4.246458333E2;NaN;1.344231673E-2;1.492624118E-9;2.691560765E-4;NaN;9.602009623E-3;4.433822941E-8;7.995250594E-3;1.114400832E-7;2.009533090E-2;2.981647329E-9;5.376628227E-4
4.250000000E2;NaN;1.346474862E-2;1.645972979E-9;2.973038693E-4;NaN;9.618032998E-3;4.780492397E-8;8.634764392E-3;1.212494270E-7;2.190067775E-2;3.822871955E-9;6.905062469E-4
4.253541667E2;NaN;1.348719922E-2;1.792054849E-9;3.242296150E-4;NaN;9.634069733E-3;5.255111939E-8;9.507872608E-3;1.255222903E-7;2.271026687E-2;5.095275777E-9;9.218687166E-4
4.257083333E2;NaN;1.350966852E-2;1.954648049E-9;3.542361457E-4;NaN;9.650119825E-3;5.828061861E-8;1.056205577E-2;1.232881178E-7;2.234320786E-2;6.738387398E-9;1.221181675E-3
4.260625000E2;NaN;1.353215652E-2;2.175177099E-9;3.948582759E-4;NaN;9.666183276E-3;6.504979725E-8;1.180844116E-2;1.151430945E-7;2.090184003E-2;8.529086346E-9;1.548278681E-3
4.264166667E2;NaN;1.355466322E-2;2.476606562E-9;4.503242777E-4;NaN;9.682260085E-3;7.328300703E-8;1.332513517E-2;1.030054021E-7;1.872959314E-2;1.013126556E-8;1.842179907E-3
4.267708333E2;NaN;1.357718863E-2;2.837762520E-9;5.168511777E-4;NaN;9.698350253E-3;8.376355751E-8;1.525613685E-2;8.932913529E-8;1.626981414E-2;1.122260849E-8;2.044011214E-3
4.271250000E2;NaN;1.359973273E-2;3.200087104E-9;5.838103410E-4;NaN;9.714453779E-3;9.757513138E-8;1.780119380E-2;7.620289172E-8;1.390213289E-2;1.164203825E-8;2.123924162E-3
4.274791667E2;NaN;1.362229553E-2;3.500146057E-9;6.396112231E-4;NaN;9.730570664E-3;1.159808591E-7;2.119416102E-2;6.476151864E-8;1.183441875E-2;1.146023300E-8;2.094225076E-3
4.278333333E2;NaN;1.364487704E-2;3.699650758E-9;6.771891104E-4;NaN;9.746700906E-3;1.401952390E-7;2.566152737E-2;5.512127773E-8;1.008947370E-2;1.091741598E-8;1.998338682E-3
4.281875000E2;NaN;1.366747725E-2;3.799950158E-9;6.967000954E-4;NaN;9.762844508E-3;1.710610255E-7;3.136310421E-2;4.676743089E-8;8.574552876E-3;1.027346805E-8;1.883584225E-3
4.285416667E2;NaN;1.369009615E-2;3.842485342E-9;7.056645947E-4;NaN;9.779001467E-3;2.087197432E-7;3.833095506E-2;3.912352075E-8;7.184954776E-3;9.671236991E-9;1.776102945E-3
4.288958333E2;NaN;1.371273376E-2;3.894900732E-9;7.164733611E-4;NaN;9.795171785E-3;2.524222824E-7;4.643349177E-2;3.198976438E-8;5.884569489E-3;9.090295030E-9;1.672174641E-3
4.292500000E2;NaN;1.373539007E-2;4.018339098E-9;7.404013309E-4;NaN;9.811355462E-3;3.006351023E-7;5.539368987E-2;2.567262749E-8;4.730324419E-3;8.404128913E-9;1.548507500E-3
4.296041667E2;NaN;1.375806508E-2;4.238790377E-9;7.823100499E-4;NaN;9.827552496E-3;3.514716584E-7;6.486751790E-2;2.082256238E-8;3.843006699E-3;7.499815495E-9;1.384163998E-3
4.299583333E2;NaN;1.378075879E-2;4.542410071E-9;8.397288603E-4;NaN;9.843762889E-3;4.032902225E-7;7.455391161E-2;1.815707739E-8;3.356593012E-3;6.379584557E-9;1.179356594E-3
4.303125000E2;NaN;1.380347121E-2;4.892157534E-9;9.058751731E-4;NaN;9.859986641E-3;4.551649978E-7;8.428237814E-2;1.821048803E-8;3.372015085E-3;5.177094582E-9;9.586366379E-4
4.306666667E2;NaN;1.382620232E-2;5.240825409E-9;9.720356873E-4;NaN;9.876223751E-3;5.069128221E-7;9.401903611E-2;2.118492930E-8;3.929248869E-3;4.084357280E-9;7.575411745E-4
4.310208333E2;NaN;1.384895214E-2;5.539956960E-9;1.029207436E-3;NaN;9.892474219E-3;5.586168858E-7;1.037792634E-1;2.689251854E-8;4.996064093E-3;3.254155293E-9;6.045535821E-4
4.313750000E2;NaN;1.387172065E-2;5.752732037E-9;1.070493636E-3;NaN;9.908738046E-3;6.098770003E-7;1.134885900E-1;3.476699990E-8;6.469595990E-3;2.744218488E-9;5.106562250E-4
4.317291667E2;NaN;1.389450787E-2;5.867797091E-9;1.093699130E-3;NaN;9.925015231E-3;6.592436288E-7;1.228764683E-1;4.393735295E-8;8.189486439E-3;2.520460496E-9;4.697888168E-4
4.320833333E2;NaN;1.391731379E-2;5.900785632E-9;1.101653115E-3;NaN;9.941305774E-3;7.042462524E-7;1.314799632E-1;5.337045461E-8;9.964050764E-3;2.498277388E-9;4.664184126E-4
4.324375000E2;NaN;1.394013841E-2;5.882164679E-9;1.099977685E-3;NaN;9.957609676E-3;7.420615714E-7;1.387671400E-1;6.209816917E-8;1.161249372E-2;2.588682557E-9;4.840893111E-4
4.327916667E2;NaN;1.396298173E-2;5.843920368E-9;1.094616699E-3;NaN;9.973926936E-3;7.705193780E-7;1.443249266E-1;6.949533463E-8;1.301707569E-2;2.727418968E-9;5.108691014E-4
4.331458333E2;NaN;1.398584375E-2;5.810635626E-9;1.090164221E-3;NaN;9.990257555E-3;7.888373233E-7;1.479979613E-1;7.552409947E-8;1.416947756E-2;2.877512522E-9;5.398654124E-4
4.335000000E2;NaN;1.400872447E-2;5.784096859E-9;1.086960496E-3;NaN;1.000660153E-2;7.976507856E-7;1.498963303E-1;8.078784256E-8;1.518183315E-2;3.012889938E-9;5.661890562E-4
4.338541667E2;NaN;1.403162389E-2;5.725809421E-9;1.077765889E-3;NaN;1.002295887E-2;7.983121120E-7;1.502658401E-1;8.627590054E-8;1.623966427E-2;3.101841646E-9;5.838579096E-4
4.342083333E2;NaN;1.405454202E-2;5.561636132E-9;1.048573506E-3;NaN;1.003932956E-2;7.918486566E-7;1.492926726E-1;9.281283657E-8;1.749864233E-2;3.106624062E-9;5.857131978E-4
4.345625000E2;NaN;1.407747884E-2;5.219060848E-9;9.855912829E-4;NaN;1.005571361E-2;7.782159232E-7;1.469618486E-1;1.004433685E-7;1.896818436E-2;2.997326905E-9;5.660288998E-4
4.349166667E2;NaN;1.410043437E-2;4.672484096E-9;8.838120804E-4;NaN;1.007211102E-2;7.562730236E-7;1.430509383E-1;1.080785171E-7;2.044332245E-2;2.767400207E-9;5.234606869E-4
4.352708333E2;NaN;1.412340860E-2;3.963601180E-9;7.509466476E-4;NaN;1.008852179E-2;7.245082760E-7;1.372658439E-1;1.136602185E-7;2.153414437E-2;2.440027454E-9;4.622893054E-4
4.356250000E2;NaN;1.414640152E-2;3.189764475E-9;6.053188632E-4;NaN;1.010494592E-2;6.821287119E-7;1.294469795E-1;1.148521831E-7;2.179540008E-2;2.063983305E-9;3.916803380E-4
4.359791667E2;NaN;1.416941315E-2;2.480750221E-9;4.715356281E-4;NaN;1.012138340E-2;6.299465629E-7;1.197388781E-1;1.099943410E-7;2.090748607E-2;1.699969010E-9;3.231264269E-4
4.363333333E2;NaN;1.419244348E-2;1.958831954E-9;3.729357039E-4;NaN;1.013783425E-2;5.706386919E-7;1.086420618E-1;9.887423373E-8;1.882434676E-2;1.401533751E-9;2.668334948E-4
4.366875000E2;NaN;1.421549252E-2;1.695132439E-9;3.232549292E-4;NaN;1.015429845E-2;5.082670708E-7;9.692448344E-2;8.292495840E-8;1.581345560E-2;1.198795749E-9;2.286055213E-4
4.370416667E2;NaN;1.423856025E-2;1.685681997E-9;3.219743951E-4;NaN;1.017077601E-2;4.472759122E-7;8.543212275E-2;6.476534013E-8;1.237053089E-2;1.093675757E-9;2.088979956E-4
4.373958333E2;NaN;1.426164668E-2;1.867056627E-9;3.571961534E-4;NaN;1.018726693E-2;3.913722225E-7;7.487542176E-2;4.733411623E-8;9.055731892E-3;1.066050566E-9;2.039515867E-4
4.377500000E2;NaN;1.428475182E-2;2.147712894E-9;4.115556175E-4;NaN;1.020377121E-2;3.426936566E-7;6.566869336E-2;3.304931822E-8;6.333077669E-3;1.081671573E-9;2.072753827E-4
4.381041667E2;NaN;1.430787565E-2;2.434414873E-9;4.672500537E-4;NaN;1.022028884E-2;3.015344370E-7;5.787509082E-2;2.334147601E-8;4.480052286E-3;1.100730353E-9;2.112689674E-4
4.384583333E2;NaN;1.433101819E-2;2.653531770E-9;5.101300992E-4;NaN;1.023681984E-2;2.666693617E-7;5.126604080E-2;1.863639529E-8;3.582767045E-3;1.089407600E-9;2.094339375E-4
4.388125000E2;NaN;1.435417943E-2;2.767990844E-9;5.329943803E-4;NaN;1.025336419E-2;2.361180853E-7;4.546605087E-2;1.864340936E-8;3.589907979E-3;1.031747526E-9;1.986695998E-4
4.391666667E2;NaN;1.437735936E-2;2.781243704E-9;5.364111337E-4;NaN;1.026992190E-2;2.080384707E-7;4.012383086E-2;2.270853790E-8;4.379735779E-3;9.353899017E-10;1.804061819E-4
4.395208333E2;NaN;1.440055800E-2;2.719163594E-9;5.252841154E-4;NaN;1.028649297E-2;1.813878244E-7;3.504023925E-2;3.005160349E-8;5.805325577E-3;8.274019262E-10;1.598363151E-4
4.398750000E2;NaN;1.442377535E-2;2.608005721E-9;5.046230677E-4;NaN;1.030307740E-2;1.561418844E-7;3.021189566E-2;3.984942758E-8;7.710466365E-3;7.402226325E-10;1.432256887E-4
4.402291667E2;NaN;1.444701139E-2;2.468745475E-9;4.784471173E-4;NaN;1.031967518E-2;1.330325342E-7;2.578193384E-2;5.125633623E-8;9.933566080E-3;6.954952549E-10;1.347881761E-4
4.405833333E2;NaN;1.447026613E-2;2.326408866E-9;4.515877712E-4;NaN;1.033628633E-2;1.130198211E-7;2.193869267E-2;6.344837555E-8;1.231619726E-2;6.978305332E-10;1.354584484E-4
4.409375000E2;NaN;1.449353957E-2;2.214562531E-9;4.305682664E-4;NaN;1.035291083E-2;9.680035611E-8;1.882049432E-2;7.573800783E-8;1.472542874E-2;7.396809667E-10;1.438131221E-4
4.412916667E2;NaN;1.451683172E-2;2.174567500E-9;4.234716545E-4;NaN;1.036954869E-2;8.459437301E-8;1.647376736E-2;8.769641530E-8;1.707785391E-2;8.095090555E-10;1.576424457E-4
4.416458333E2;NaN;1.454014257E-2;2.253727380E-9;4.395918740E-4;NaN;1.038619991E-2;7.628602492E-8;1.487966866E-2;9.920293898E-8;1.934963663E-2;8.990744385E-10;1.753654062E-4
4.420000000E2;NaN;1.456347211E-2;2.501062353E-9;4.886175456E-4;NaN;1.040286449E-2;7.176577706E-8;1.402044927E-2;1.103494336E-7;2.155830675E-2;1.014967048E-9;1.982880224E-4
4.423541667E2;NaN;1.458682036E-2;2.950588994E-9;5.773630185E-4;NaN;1.041954243E-2;7.124214326E-8;1.394046374E-2;1.211616787E-7;2.370857909E-2;1.190323589E-9;2.329191974E-4
4.427083333E2;NaN;1.461018731E-2;3.596615043E-9;7.049029863E-4;NaN;1.043623372E-2;7.531381487E-8;1.476080492E-2;1.312231018E-7;2.571850343E-2;1.480297408E-9;2.901244784E-4
4.430625000E2;NaN;1.463357296E-2;4.376989532E-9;8.592222115E-4;NaN;1.045293838E-2;8.478054663E-8;1.664279255E-2;1.394130560E-7;2.736739336E-2;1.937504858E-9;3.803406878E-4
4.434166667E2;NaN;1.465697731E-2;5.163888407E-9;1.015315168E-3;NaN;1.046965639E-2;1.003119135E-7;1.972316193E-2;1.439810104E-7;2.830930731E-2;2.582999833E-9;5.078651402E-4
4.437708333E2;NaN;1.468040036E-2;5.776622009E-9;1.137604917E-3;NaN;1.048638776E-2;1.221690270E-7;2.405905832E-2;1.430392268E-7;2.816908005E-2;3.395093610E-9;6.686044507E-4
4.441250000E2;NaN;1.470384212E-2;6.035559513E-9;1.190496102E-3;NaN;1.050313249E-2;1.501298371E-7;2.961266233E-2;1.353195051E-7;2.669136853E-2;4.328477872E-9;8.537793425E-4
4.444791667E2;NaN;1.472730257E-2;5.843887520E-9;1.154528526E-3;NaN;1.051989057E-2;1.836077190E-7;3.627385853E-2;1.208496219E-7;2.387526033E-2;5.345518381E-9;1.056069857E-3
4.448333333E2;NaN;1.475078173E-2;5.241706661E-9;1.037211587E-3;NaN;1.053666202E-2;2.218691730E-7;4.390273855E-2;1.011846889E-7;2.002209178E-2;6.430938134E-9;1.272532780E-3
4.451875000E2;NaN;1.477427958E-2;4.397624276E-9;8.715735555E-4;NaN;1.055344682E-2;2.642117254E-7;5.236462655E-2;7.904520522E-8;1.566612021E-2;7.569964571E-9;1.500305738E-3
4.455416667E2;NaN;1.479779614E-2;3.551077616E-9;7.049151021E-4;NaN;1.057024498E-2;3.100185199E-7;6.154096313E-2;5.752579568E-8;1.141929479E-2;8.701791536E-9;1.727369811E-3
4.458958333E2;NaN;1.482133140E-2;2.936374264E-9;5.838190169E-4;NaN;1.058705650E-2;3.587320333E-7;7.132421285E-2;3.926507556E-8;7.806803816E-3;9.684719278E-9;1.925545853E-3
4.462500000E2;NaN;1.484488536E-2;2.714740541E-9;5.406108862E-4;NaN;1.060388138E-2;4.098183498E-7;8.161084197E-2;2.596373024E-8;5.170392898E-3;1.031708725E-8;2.054535083E-3
4.466041667E2;NaN;1.486845802E-2;2.929317320E-9;5.842678111E-4;NaN;1.062071962E-2;4.627684852E-7;9.230161857E-2;1.840046216E-8;3.670069363E-3;1.042001244E-8;2.078326515E-3
4.469583333E2;NaN;1.489204938E-2;3.499184344E-9;6.990381860E-4;NaN;1.063757121E-2;5.171041374E-7;1.033027994E-1;1.680304586E-8;3.356773907E-3;9.933672129E-9;1.984467082E-3
4.473125000E2;NaN;1.491565944E-2;4.250763323E-9;8.505287410E-4;NaN;1.065443617E-2;5.722577391E-7;1.145021770E-1;2.126565201E-8;4.255011831E-3;8.956106148E-9;1.792013600E-3
4.476666667E2;NaN;1.493928821E-2;4.968871315E-9;9.957888643E-4;NaN;1.067131448E-2;6.272622252E-7;1.257067650E-1;3.189643400E-8;6.392219033E-3;7.695676376E-9;1.542255444E-3
4.480208333E2;NaN;1.496293567E-2;5.452782929E-9;1.094497133E-3;NaN;1.068820615E-2;6.803244247E-7;1.365565330E-1;4.858377916E-8;9.751865731E-3;6.374204700E-9;1.279447368E-3
4.483750000E2;NaN;1.498660184E-2;5.575524048E-9;1.120904139E-3;NaN;1.070511118E-2;7.285220356E-7;1.464621725E-1;7.052485021E-8;1.417832580E-2;5.144088883E-9;1.034168352E-3
4.487291667E2;NaN;1.501028671E-2;5.329700039E-9;1.073177021E-3;NaN;1.072202957E-2;7.679147355E-7;1.546256717E-1;9.580175332E-8;1.929043651E-2;4.062543321E-9;8.180250496E-4
4.490833333E2;NaN;1.503399027E-2;4.832230510E-9;9.745441484E-4;NaN;1.073896131E-2;7.942310895E-7;1.601772224E-1;1.213543999E-7;2.447425057E-2;3.124411838E-9;6.301183828E-4
4.494375000E2;NaN;1.505771254E-2;4.268729612E-9;8.622580527E-4;NaN;1.075590641E-2;8.040014349E-7;1.624035192E-1;1.434725388E-7;2.898060153E-2;2.318801502E-9;4.683841446E-4
4.497916667E2;NaN;1.508145351E-2;3.808461611E-9;7.704995549E-4;NaN;1.077286488E-2;7.957023958E-7;1.609805755E-1;1.586951756E-7;3.210602460E-2;1.661098348E-9;3.360610315E-4
4.501458333E2;NaN;1.510521318E-2;3.547429347E-9;7.188201182E-4;NaN;1.078983670E-2;7.704080948E-7;1.561087716E-1;1.647837349E-7;3.339033769E-2;1.185692673E-9;2.402584137E-4
4.505000000E2;NaN;1.512899155E-2;3.500928989E-9;7.105144136E-4;NaN;1.080682188E-2;7.315732662E-7;1.484729773E-1;1.613649501E-7;3.274905696E-2;9.192169921E-10;1.865553183E-4
4.508541667E2;NaN;1.515278863E-2;3.627886848E-9;7.374386717E-4;NaN;1.082382041E-2;6.839718702E-7;1.390306061E-1;1.499688609E-7;3.048409232E-2;8.686396682E-10;1.765679333E-4
4.512083333E2;NaN;1.517660440E-2;3.869176609E-9;7.877216422E-4;NaN;1.084083231E-2;6.322379772E-7;1.287166723E-1;1.334480300E-7;2.716854566E-2;1.032275660E-9;2.101599281E-4
4.515625000E2;NaN;1.520043888E-2;4.179715689E-9;8.522803565E-4;NaN;1.085785756E-2;5.796403536E-7;1.181937060E-1;1.150224979E-7;2.345408703E-2;1.405516141E-9;2.865969572E-4
4.519166667E2;NaN;1.522429205E-2;4.529048696E-9;9.249616080E-4;NaN;1.087489618E-2;5.276004762E-7;1.077511454E-1;9.733852885E-8;1.987931864E-2;1.967243186E-9;4.017674664E-4
4.522708333E2;NaN;1.524816393E-2;4.870117182E-9;9.961771451E-4;NaN;1.089194815E-2;4.760854201E-7;9.738275216E-2;8.189337855E-8;1.675120105E-2;2.662097999E-9;5.445292352E-4
4.526250000E2;NaN;1.527205451E-2;5.117233593E-9;1.048364528E-3;NaN;1.090901348E-2;4.245590195E-7;8.697914760E-2;6.898037428E-8;1.413196724E-2;3.405647840E-9;6.977129977E-4
4.529791667E2;NaN;1.529596379E-2;5.165581957E-9;1.059926410E-3;NaN;1.092609217E-2;3.729465905E-7;7.652495768E-2;5.806154007E-8;1.191365469E-2;4.109932710E-9;8.433176082E-4
4.533333333E2;NaN;1.531989177E-2;4.941843008E-9;1.015603648E-3;NaN;1.094318421E-2;3.221209108E-7;6.619942629E-2;4.832644537E-8;9.931621483E-3;4.712444168E-9;9.684596370E-4
4.536875000E2;NaN;1.534383845E-2;4.445382103E-9;9.150034345E-4;NaN;1.096028962E-2;2.737246293E-7;5.634138306E-2;3.918353695E-8;8.065239399E-3;5.187557518E-9;1.067767142E-3
4.540416667E2;NaN;1.536780383E-2;3.756736817E-9;7.744657022E-4;NaN;1.097740838E-2;2.295559325E-7;4.732383584E-2;3.051229347E-8;6.290226315E-3;5.534289768E-9;1.140915060E-3
4.543958333E2;NaN;1.539178792E-2;3.014740429E-9;6.224702587E-4;NaN;1.099454050E-2;1.909210925E-7;3.942054204E-2;2.263410150E-8;4.673389085E-3;5.748677233E-9;1.186961428E-3
4.547500000E2;NaN;1.541579070E-2;2.369679824E-9;4.900440116E-4;NaN;1.101168598E-2;1.583036875E-7;3.273681672E-2;1.609382785E-8;3.328164371E-3;5.806059323E-9;1.200678916E-3
4.551041667E2;NaN;1.543981219E-2;1.936184998E-9;4.010222543E-4;NaN;1.102884482E-2;1.314731873E-7;2.723070059E-2;1.143360997E-8;2.368127040E-3;5.673832752E-9;1.175163119E-3
4.554583333E2;NaN;1.546385237E-2;1.769729195E-9;3.671166830E-4;NaN;1.104601701E-2;1.098899668E-7;2.279582674E-2;9.111027119E-9;1.890012361E-3;5.344125538E-9;1.108597658E-3
4.558125000E2;NaN;1.548791126E-2;1.871673279E-9;3.888682646E-4;NaN;1.106320257E-2;9.311653868E-8;1.934636093E-2;9.545627763E-9;1.983247688E-3;4.854905563E-9;1.008679625E-3
4.561666667E2;NaN;1.551198885E-2;2.206201495E-9;4.590841180E-4;NaN;1.108040148E-2;8.099846634E-8;1.685481111E-2;1.319954509E-8;2.746667306E-3;4.279094484E-9;8.904283319E-4
4.565208333E2;NaN;1.553608514E-2;2.709573156E-9;5.647055860E-4;NaN;1.109761375E-2;7.354617411E-8;1.532785164E-2;2.056710105E-8;4.286415676E-3;3.691245379E-9;7.692971420E-4
4.568750000E2;NaN;1.556020013E-2;3.290108096E-9;6.867599423E-4;NaN;1.111483938E-2;7.064343001E-8;1.474573981E-2;3.202574248E-8;6.684885851E-3;3.139133156E-9;6.552462236E-4
4.572291667E2;NaN;1.558433382E-2;3.832594981E-9;8.012365994E-4;NaN;1.113207837E-2;7.180327083E-8;1.501108487E-2;4.762492709E-8;9.956396336E-3;2.640041449E-9;5.519231338E-4
4.575833333E2;NaN;1.560848621E-2;4.223390969E-9;8.843041889E-4;NaN;1.114933072E-2;7.614904295E-8;1.594427752E-2;6.694566539E-8;1.401725125E-2;2.196990204E-9;4.600113166E-4
4.579375000E2;NaN;1.563265731E-2;4.389390090E-9;9.204847475E-4;NaN;1.116659642E-2;8.264764670E-8;1.733176971E-2;8.914642893E-8;1.869460823E-2;1.820213435E-9;3.817110509E-4
4.582916667E2;NaN;1.565684710E-2;4.329728759E-9;9.093783509E-4;NaN;1.118387549E-2;9.048759906E-8;1.900522370E-2;1.131514397E-7;2.376533852E-2;1.538875219E-9;3.232118885E-4
4.586458333E2;NaN;1.568105560E-2;4.121318733E-9;8.669441251E-4;NaN;1.120116791E-2;9.939771876E-8;2.090890657E-2;1.377543866E-7;2.897746180E-2;1.389676656E-9;2.923268233E-4
