"Delay (s)";"Crosscorrelation (a.u.)";"Normalized CC (a.u.)";"Crosscorrelation history 1 (a.u.)";"Normalized CC history 1 (a.u.)";"Crosscorrelation history 2 (a.u.)";"Normalized CC history 2 (a.u.)";"Crosscorrelation history 3 (a.u.)";"Normalized CC history 3 (a.u.)";"Crosscorrelation history 4 (a.u.)";"Normalized CC history 4 (a.u.)";"Crosscorrelation history 5 (a.u.)";"Normalized CC history 5 (a.u.)"
2.000000000E-3;4.402318158E-8;5.089079791E-5;7.412796533E-8;8.569192792E-5;2.551795699E-6;2.949875829E-3;2.089034029E-7;2.414923338E-4;2.040242433E-7;2.358520253E-4;4.835447671E-6;5.589777508E-3
2.020833333E-3;3.603505289E-8;4.252888536E-5;7.584914658E-8;8.951782779E-5;2.418321429E-6;2.854124152E-3;1.697326311E-7;2.003199393E-4;1.951887528E-7;2.303634774E-4;3.608565637E-6;4.258860803E-3
2.041666667E-3;3.003898248E-8;3.618701305E-5;8.927484136E-8;1.075465805E-4;2.392062953E-6;2.881642657E-3;1.456269782E-7;1.754322192E-4;1.898307326E-7;2.286830854E-4;2.766400980E-6;3.332595850E-3
2.062500000E-3;NaN;3.692929143E-5;1.154388596E-7;1.419180990E-4;2.361664287E-6;2.903380258E-3;1.326178749E-7;1.630376180E-4;1.882290700E-7;2.314048482E-4;2.221559095E-6;2.731137891E-3
2.083333333E-3;NaN;3.767910563E-5;1.555474432E-7;1.951094232E-4;2.264502088E-6;2.840456177E-3;1.266705324E-7;1.588879508E-4;1.903351343E-7;2.387450252E-4;1.878467781E-6;2.356237798E-3
2.104166667E-3;NaN;3.843645566E-5;2.098808182E-7;2.685535293E-4;2.089651655E-6;2.673819036E-3;1.249158497E-7;1.598363899E-4;1.953369760E-7;2.499439194E-4;1.660765430E-6;2.125036587E-3
2.125000000E-3;NaN;3.920134150E-5;2.759139986E-7;3.600720793E-4;1.862002929E-6;2.429942916E-3;1.258551368E-7;1.642429200E-4;2.014123716E-7;2.628462921E-4;1.519060566E-6;1.982397774E-3
2.145833333E-3;NaN;3.997376317E-5;3.468250460E-7;4.615303550E-4;1.620932452E-6;2.157022794E-3;1.291748647E-7;1.718968161E-4;2.060485537E-7;2.741949095E-4;1.428797477E-6;1.901343096E-3
2.166666667E-3;NaN;4.075372065E-5;4.120297139E-7;5.589984238E-4;1.399583918E-6;1.898807725E-3;1.352567937E-7;1.835021405E-4;2.067926031E-7;2.805543758E-4;1.379262260E-6;1.871237446E-3
2.187500000E-3;NaN;4.154121396E-5;4.599345980E-7;6.360482267E-4;1.212857390E-6;1.677272803E-3;1.444305262E-7;1.997344416E-4;2.021569958E-7;2.795649627E-4;1.359482763E-6;1.880042520E-3
2.208333333E-3;NaN;4.233624309E-5;4.815334776E-7;6.786620810E-4;1.059369353E-6;1.493050521E-3;1.563858187E-7;2.204065347E-4;1.922616678E-7;2.709691218E-4;1.352542071E-6;1.906241330E-3
2.229166667E-3;NaN;4.313880804E-5;4.739432647E-7;6.806271660E-4;9.331559346E-7;1.340099811E-3;1.701670647E-7;2.443759319E-4;1.789023452E-7;2.569206175E-4;1.342420470E-6;1.927842229E-3
2.250000000E-3;NaN;4.394890881E-5;4.421666619E-7;6.469174617E-4;8.347717347E-7;1.221323221E-3;1.846578236E-7;2.701659371E-4;1.650943826E-7;2.415434001E-4;1.325433796E-6;1.939192484E-3
2.270833333E-3;NaN;4.476654540E-5;3.972876426E-7;5.920704971E-4;7.730533605E-7;1.152067264E-3;1.989197151E-7;2.964464080E-4;1.542057774E-7;2.298100456E-4;1.313425130E-6;1.957373414E-3
2.291666667E-3;NaN;4.559171782E-5;3.523603047E-7;5.347954642E-4;7.570488188E-7;1.149012159E-3;2.119193525E-7;3.216409651E-4;1.487335266E-7;2.257405683E-4;1.323358252E-6;2.008529284E-3
2.312500000E-3;NaN;4.642442605E-5;3.185929865E-7;4.923767491E-4;7.866368253E-7;1.215725704E-3;2.219708994E-7;3.430499555E-4;1.492307539E-7;2.306320496E-4;1.361367156E-6;2.103955714E-3
2.333333333E-3;NaN;4.726467011E-5;3.032828591E-7;4.771987298E-4;8.498359815E-7;1.337169704E-3;2.265957764E-7;3.565358654E-4;1.541002701E-7;2.424682139E-4;1.413979335E-6;2.224817929E-3
2.354166667E-3;NaN;4.811244998E-5;3.098603497E-7;4.962931279E-4;9.264057393E-7;1.483793595E-3;2.231065849E-7;3.573424770E-4;1.603696223E-7;2.568587479E-4;1.451833659E-6;2.325354207E-3
2.375000000E-3;NaN;4.896776568E-5;3.393590856E-7;5.532030319E-4;9.935302668E-7;1.619594050E-3;2.097123334E-7;3.418605943E-4;1.649692975E-7;2.689231537E-4;1.443219229E-6;2.352650296E-3
2.395833333E-3;NaN;4.983061720E-5;3.915552154E-7;6.495372492E-4;1.032369843E-6;1.712562218E-3;1.867341189E-7;3.097666974E-4;1.661247044E-7;2.755784607E-4;1.371751178E-6;2.275550041E-3
2.416666667E-3;NaN;5.070100454E-5;4.641999895E-7;7.834954392E-4;1.033848183E-6;1.744970604E-3;1.572004058E-7;2.653291765E-4;1.644471642E-7;2.775605473E-4;1.248532345E-6;2.107323180E-3
2.437500000E-3;NaN;5.157892770E-5;5.503871582E-7;9.450512998E-4;9.993121011E-7;1.715885238E-3;1.260993611E-7;2.165209767E-4;1.631209282E-7;2.800894660E-4;1.108067686E-6;1.902625799E-3
2.458333333E-3;NaN;5.246438668E-5;6.365207966E-7;1.111711198E-3;9.363002912E-7;1.635289097E-3;9.843427169E-8;1.719197278E-4;1.669062694E-7;2.915090438E-4;9.888115893E-7;1.727002358E-3
2.479166667E-3;NaN;5.335738149E-5;7.038890185E-7;1.250297839E-3;8.557327779E-7;1.520013546E-3;7.732335761E-8;1.373472584E-4;1.804986538E-7;3.206145726E-4;9.133933987E-7;1.622434450E-3
2.500000000E-3;NaN;5.425791211E-5;7.344513739E-7;1.326602794E-3;7.723573589E-7;1.395070479E-3;6.326510207E-8;1.142725906E-4;2.070011714E-7;3.738958659E-4;8.816140026E-7;1.592415292E-3
2.520833333E-3;NaN;5.516597856E-5;7.182364851E-7;1.319026653E-3;7.028962598E-7;1.290854643E-3;5.466208812E-8;1.003858098E-4;2.468362768E-7;4.533097871E-4;8.759666929E-7;1.608694962E-3
2.541666667E-3;NaN;5.608158082E-5;6.579906787E-7;1.228442323E-3;6.597232380E-7;1.231676942E-3;4.898859875E-8;9.145975773E-5;2.971981908E-7;5.548571550E-4;8.730742580E-7;1.629994777E-3
2.562500000E-3;NaN;5.700471891E-5;5.678859043E-7;1.077672200E-3;6.451471270E-7;1.224290159E-3;4.404813059E-8;8.358975889E-5;3.523628400E-7;6.686759333E-4;8.557403449E-7;1.623931099E-3
2.583333333E-3;NaN;5.793539282E-5;4.672698762E-7;9.012110795E-4;6.500589182E-7;1.253751481E-3;3.878611430E-8;7.480575513E-5;4.051438288E-7;7.813902112E-4;8.198086346E-7;1.581143280E-3
2.604166667E-3;NaN;5.887360255E-5;3.731874470E-7;7.314125717E-4;6.568181432E-7;1.287302269E-3;3.328126804E-8;6.522817969E-5;4.493476306E-7;8.806794247E-4;7.718772836E-7;1.512807447E-3
2.625000000E-3;NaN;5.981934810E-5;2.951725497E-7;5.878038482E-4;6.470364183E-7;1.288502257E-3;2.816787538E-8;5.609324296E-5;4.826424682E-7;9.611296864E-4;7.226221329E-7;1.439022941E-3
2.645833333E-3;NaN;6.077262947E-5;2.349859939E-7;4.754061408E-4;6.126164509E-7;1.239399923E-3;2.415743881E-8;4.887352887E-5;5.084644861E-7;1.028687434E-3;6.835818068E-7;1.382971740E-3
2.666666667E-3;NaN;6.173344667E-5;1.906949173E-7;3.918992434E-4;5.613250347E-7;1.153585316E-3;2.187600892E-8;4.495762900E-5;5.351268719E-7;1.099745180E-3;6.664764512E-7;1.369683160E-3
2.687500000E-3;NaN;6.270179968E-5;1.612693921E-7;3.366252877E-4;5.105793890E-7;1.065756691E-3;2.170837549E-8;4.531292670E-5;5.713974391E-7;1.192705105E-3;6.791244038E-7;1.417568733E-3
2.708333333E-3;NaN;6.367768852E-5;1.489028536E-7;3.156494910E-4;4.756698889E-7;1.008341712E-3;2.358120276E-8;4.998826058E-5;6.203788810E-7;1.315100908E-3;7.193111698E-7;1.524821044E-3
2.729166667E-3;NaN;6.466111318E-5;1.583029090E-7;3.407586233E-4;4.628927306E-7;9.964105561E-4;2.696193753E-8;5.803754822E-5;6.753599422E-7;1.453761814E-3;7.733492465E-7;1.664690979E-3
2.750000000E-3;NaN;6.565207365E-5;1.933124109E-7;4.224963561E-4;4.696015267E-7;1.026343487E-3;3.109010206E-8;6.794936118E-5;7.205597518E-7;1.574828373E-3;8.206112714E-7;1.793497222E-3
2.770833333E-3;NaN;6.665056995E-5;2.528697697E-7;5.610680815E-4;4.874755705E-7;1.081612023E-3;3.517215485E-8;7.804006572E-5;7.369650257E-7;1.635179854E-3;8.406147141E-7;1.865158044E-3
2.791666667E-3;NaN;6.765660207E-5;3.284583350E-7;7.397845410E-4;5.073257351E-7;1.142646406E-3;3.850374152E-8;8.672172302E-5;7.106256924E-7;1.600537559E-3;8.208912416E-7;1.848887928E-3
2.812500000E-3;NaN;6.867017002E-5;4.041790339E-7;9.239674809E-4;5.235542203E-7;1.196863354E-3;4.069909947E-8;9.303957222E-5;6.392913876E-7;1.461442587E-3;7.632962258E-7;1.744922007E-3
2.833333333E-3;NaN;6.969127378E-5;4.605458657E-7;1.068479201E-3;5.341741166E-7;1.239298789E-3;4.191472621E-8;9.724332911E-5;5.339357537E-7;1.238745780E-3;6.833689024E-7;1.585434836E-3
2.854166667E-3;NaN;7.071991336E-5;4.812724758E-7;1.133045961E-3;5.366744108E-7;1.263477145E-3;4.280360386E-8;1.007712947E-4;4.145642348E-7;9.759966665E-4;6.015987220E-7;1.416326586E-3
2.875000000E-3;NaN;7.175608877E-5;4.596327247E-7;1.097954853E-3;5.261390111E-7;1.256822784E-3;4.425236305E-8;1.057085237E-4;3.029003425E-7;7.235579260E-4;5.341543510E-7;1.275969552E-3
2.895833333E-3;NaN;7.279979999E-5;4.010289574E-7;9.718980297E-4;4.989343456E-7;1.209172800E-3;4.716971571E-8;1.143163178E-4;2.157370183E-7;5.228410048E-4;4.904006451E-7;1.188491285E-3
2.916666667E-3;NaN;7.385104704E-5;3.205616696E-7;7.881030908E-4;4.574513276E-7;1.124647266E-3;5.231804727E-8;1.286242825E-4;1.613884872E-7;3.967747166E-4;4.756456109E-7;1.169378037E-3
2.937500000E-3;NaN;7.490982991E-5;2.370552428E-7;5.911574377E-4;4.106271874E-7;1.024003153E-3;5.999409150E-8;1.496105000E-4;1.394889039E-7;3.478509990E-4;4.928903082E-7;1.229147131E-3
2.958333333E-3;NaN;7.597614860E-5;1.665268840E-7;4.211884105E-4;3.705902284E-7;9.373159785E-4;6.962275078E-8;1.760934633E-4;1.430426499E-7;3.617908707E-4;5.412469710E-7;1.368949841E-3
2.979166667E-3;NaN;7.705000311E-5;1.177952579E-7;3.021448877E-4;3.486291986E-7;8.942340458E-4;7.964398213E-8;2.042868487E-4;1.614284252E-7;4.140639808E-4;6.133542978E-7;1.573254040E-3
3.000000000E-3;NaN;7.813139344E-5;9.196640602E-8;2.392046221E-4;3.524720464E-7;9.167797927E-4;8.795575994E-8;2.287729316E-4;1.834657032E-7;4.771942940E-4;6.950325230E-7;1.807779592E-3
3.020833333E-3;NaN;7.922031959E-5;8.523290777E-8;2.247805230E-4;3.857096426E-7;1.017212922E-3;9.280320582E-8;2.447452948E-4;2.000747067E-7;5.276471072E-4;7.691466135E-7;2.028432240E-3
3.041666667E-3;NaN;8.031678157E-5;9.215665047E-8;2.464040042E-4;4.488887058E-7;1.200216956E-3;9.366049418E-8;2.504249089E-4;2.062308430E-7;5.514100744E-4;8.229273174E-7;2.200303344E-3
3.062500000E-3;NaN;8.142077936E-5;1.076257103E-7;2.917199082E-4;5.396984845E-7;1.462854850E-3;9.156957599E-8;2.481996934E-4;2.016950894E-7;5.466953276E-4;8.539371366E-7;2.314599944E-3
3.083333333E-3;NaN;8.253231298E-5;1.275363031E-7;3.504068785E-4;6.502448354E-7;1.786552201E-3;8.862570301E-8;2.434997345E-4;1.900296456E-7;5.221077710E-4;8.691260770E-7;2.387929932E-3
3.104166667E-3;NaN;8.365138241E-5;1.485969643E-7;4.138070087E-4;7.637913491E-7;2.126976247E-3;8.685079607E-8;2.418586967E-4;1.762148994E-7;4.907163533E-4;8.769290885E-7;2.442037795E-3
3.125000000E-3;NaN;8.477798767E-5;1.681840053E-7;4.746599369E-4;8.559915608E-7;2.415835557E-3;8.719073469E-8;2.460754133E-4;1.642135266E-7;4.634541913E-4;8.788470468E-7;2.480339810E-3
3.145833333E-3;NaN;8.591212875E-5;1.848957020E-7;5.288056400E-4;9.024402393E-7;2.580998277E-3;8.940483063E-8;2.556997170E-4;1.560051683E-7;4.461780991E-4;8.673445354E-7;2.480623817E-3
3.166666667E-3;NaN;8.705380565E-5;1.989163641E-7;5.764651485E-4;8.890405964E-7;2.576464344E-3;9.296376333E-8;2.694115685E-4;1.525102801E-7;4.419790281E-4;8.311962234E-7;2.408829744E-3
3.187500000E-3;NaN;8.820301838E-5;2.119751702E-7;6.224195456E-4;8.195866543E-7;2.406540127E-3;9.827206011E-8;2.885547914E-4;1.553976693E-7;4.562918697E-4;7.639298057E-7;2.243115749E-3
3.208333333E-3;NaN;8.935976692E-5;2.272916587E-7;6.761457269E-4;7.165144272E-7;2.131482391E-3;1.071283874E-7;3.186848200E-4;1.681663378E-7;5.002601121E-4;6.696412485E-7;1.992044368E-3
3.229166667E-3;NaN;9.052405128E-5;2.485595487E-7;7.490472538E-4;6.139670494E-7;1.850221947E-3;1.217930448E-7;3.670297367E-4;1.953785401E-7;5.887834914E-4;5.629292081E-7;1.696416732E-3
3.250000000E-3;NaN;9.169587147E-5;2.777534756E-7;8.478598437E-4;5.457300456E-7;1.665875072E-3;1.430748213E-7;4.367448343E-4;2.401920420E-7;7.332012202E-4;4.634130570E-7;1.414597320E-3
3.270833333E-3;NaN;9.287522747E-5;3.133711595E-7;9.688882683E-4;5.329745433E-7;1.647863138E-3;1.686855968E-7;5.215460672E-4;3.015335515E-7;9.322884754E-4;3.882046269E-7;1.200260130E-3
3.291666667E-3;NaN;9.406211930E-5;3.500808840E-7;1.096220549E-3;5.766294972E-7;1.805620167E-3;1.930838522E-7;6.046102376E-4;3.727220708E-7;1.167117691E-3;3.461098553E-7;1.083785928E-3
3.312500000E-3;NaN;9.525654695E-5;3.796422041E-7;1.203882503E-3;6.570108533E-7;2.083445577E-3;2.091776740E-7;6.633228316E-4;4.426429125E-7;1.403663903E-3;3.355964521E-7;1.064209123E-3
3.333333333E-3;NaN;9.645851042E-5;3.930540126E-7;1.262140107E-3;7.407698552E-7;2.378694313E-3;2.111534637E-7;6.780372335E-4;4.993179384E-7;1.603365380E-3;3.464196000E-7;1.112391827E-3
3.354166667E-3;NaN;9.766800971E-5;3.838136884E-7;1.247922398E-3;7.929296769E-7;2.578112073E-3;1.969870111E-7;6.404787288E-4;5.345545887E-7;1.738037658E-3;3.636797842E-7;1.182459516E-3
3.375000000E-3;NaN;9.888504482E-5;3.509394262E-7;1.155254207E-3;7.896463504E-7;2.599429418E-3;1.692764276E-7;5.572394852E-4;5.478046072E-7;1.803312851E-3;3.729843789E-7;1.227823780E-3
3.395833333E-3;NaN;1.001096158E-4;2.997438409E-7;9.989433148E-4;7.263340098E-7;2.420621893E-3;1.340047997E-7;4.465919913E-4;5.475505798E-7;1.824798099E-3;3.652948775E-7;1.217402415E-3
3.416666667E-3;NaN;1.013417225E-4;2.401069268E-7;8.100424028E-4;6.176509475E-7;2.083752703E-3;9.804998741E-8;3.307886551E-4;5.491813455E-7;1.852758613E-3;3.399437055E-7;1.146859108E-3
3.437500000E-3;NaN;1.025813651E-4;1.836988366E-7;6.273207632E-4;4.900707771E-7;1.673562989E-3;6.686186464E-8;2.283293501E-4;5.696041799E-7;1.945164899E-3;3.047160889E-7;1.040587589E-3
3.458333333E-3;NaN;1.038285435E-4;1.409945919E-7;4.873421771E-4;3.713429724E-7;1.283532156E-3;4.329322263E-8;1.496412953E-4;6.202074580E-7;2.143722313E-3;2.730994426E-7;9.439573182E-4
3.479166667E-3;NaN;1.050832577E-4;1.186568652E-7;4.150889581E-4;2.817313055E-7;9.855607923E-4;2.771160577E-8;9.694155958E-5;7.008998169E-7;2.451908487E-3;2.597310122E-7;9.085987149E-4
3.500000000E-3;NaN;1.063455077E-4;1.183086722E-7;4.188422769E-4;2.298356221E-7;8.136755613E-4;1.890407124E-8;6.692513822E-5;7.980145450E-7;2.825170993E-3;2.752983835E-7;9.746251023E-4
3.520833333E-3;NaN;1.076152936E-4;1.367507969E-7;4.899126383E-4;2.132327406E-7;7.639108280E-4;1.513799974E-8;5.423220603E-5;8.875931791E-7;3.179821441E-3;3.222078840E-7;1.154316597E-3
3.541666667E-3;NaN;1.088926153E-4;1.670448355E-7;6.055447788E-4;2.223032832E-7;8.058590503E-4;1.488583708E-8;5.396180551E-5;9.433184619E-7;3.419570367E-3;3.924395870E-7;1.422610536E-3
3.562500000E-3;NaN;1.101774728E-4;2.004427470E-7;7.351871960E-4;2.446866177E-7;8.974655910E-4;1.704916802E-8;6.253321817E-5;9.461538518E-7;3.470318620E-3;4.687093617E-7;1.719139886E-3
3.583333333E-3;NaN;1.114698661E-4;2.290794129E-7;8.500771121E-4;2.685701696E-7;9.966210029E-4;2.082952481E-8;7.729503963E-5;8.917380694E-7;3.309097545E-3;5.291778704E-7;1.963694556E-3
3.604166667E-3;NaN;1.127697952E-4;2.484976957E-7;9.328889311E-4;2.848512020E-7;1.069364175E-3;2.551391624E-8;9.578217609E-5;7.925137025E-7;2.975187592E-3;5.546892225E-7;2.082367140E-3
3.625000000E-3;NaN;1.140772602E-4;2.588014976E-7;9.828350810E-4;2.886301583E-7;1.096113615E-3;3.032033823E-8;1.151457482E-4;6.738259984E-7;2.558948986E-3;5.358922816E-7;2.035126299E-3
3.645833333E-3;NaN;1.153922610E-4;2.636555389E-7;1.012810896E-3;2.794365847E-7;1.073432475E-3;3.433516962E-8;1.318957077E-4;5.655160490E-7;2.172383021E-3;4.767022143E-7;1.831212038E-3
3.666666667E-3;NaN;1.167147976E-4;2.674827990E-7;1.039289555E-3;2.596599519E-7;1.008894317E-3;3.661961951E-8;1.422834972E-4;4.920576164E-7;1.911862532E-3;3.919420003E-7;1.522868868E-3
3.687500000E-3;NaN;1.180448700E-4;2.726472269E-7;1.071427985E-3;2.324266025E-7;9.133720857E-4;3.652405735E-8;1.435294157E-4;4.646659047E-7;1.826008133E-3;3.006221695E-7;1.181361750E-3
3.708333333E-3;NaN;1.193824783E-4;2.785062126E-7;1.106853799E-3;2.007185055E-7;7.977058690E-4;3.405203226E-8;1.353313483E-4;4.781644969E-7;1.900346082E-3;2.189117579E-7;8.700104340E-4
3.729166667E-3;NaN;1.207276224E-4;2.828255760E-7;1.136684951E-3;1.678948391E-7;6.747746778E-4;2.998339632E-8;1.205042198E-4;5.136705498E-7;2.064458215E-3;1.562832323E-7;6.281072623E-4
3.750000000E-3;NaN;1.220803022E-4;2.842349846E-7;1.155148742E-3;1.384722413E-7;5.627598431E-4;2.563753031E-8;1.041925255E-4;5.460304527E-7;2.219101887E-3;1.157601791E-7;4.704566029E-4
3.770833333E-3;NaN;1.234405180E-4;2.835884982E-7;1.165362746E-3;1.184484396E-7;4.867454063E-4;2.240179155E-8;9.205667183E-5;5.531368375E-7;2.273029646E-3;9.692672561E-8;3.983052762E-4
3.791666667E-3;NaN;1.248082695E-4;2.830445488E-7;1.176015211E-3;1.147935629E-7;4.769531038E-4;2.123281290E-8;8.821972035E-5;5.234889976E-7;2.175032258E-3;9.910036208E-8;4.117497889E-4
3.812500000E-3;NaN;1.261835569E-4;2.837891330E-7;1.192101704E-3;1.335188435E-7;5.608672861E-4;2.232087425E-8;9.376240711E-5;4.591372382E-7;1.928679503E-3;1.221818274E-7;5.132443340E-4
3.833333333E-3;NaN;1.275663800E-4;2.844843573E-7;1.208118139E-3;1.764699737E-7;7.494140569E-4;2.504626784E-8;1.063638465E-4;3.731808990E-7;1.584785250E-3;1.646728579E-7;6.993153107E-4
3.854166667E-3;NaN;1.289567390E-4;2.817227540E-7;1.209430036E-3;2.386400743E-7;1.024476971E-3;2.824289714E-8;1.212461813E-4;2.835676068E-7;1.217349951E-3;2.208886646E-7;9.482705313E-4
3.875000000E-3;NaN;1.303546338E-4;2.720393128E-7;1.180518849E-3;3.079631125E-7;1.336410738E-3;3.063210856E-8;1.329285137E-4;2.065537780E-7;8.963433469E-4;2.800691686E-7;1.215364533E-3
3.895833333E-3;NaN;1.317600645E-4;2.539107119E-7;1.113729195E-3;3.680497880E-7;1.614377711E-3;3.125163990E-8;1.370791468E-4;1.527811083E-7;6.701441599E-4;3.284763408E-7;1.440796601E-3
3.916666667E-3;NaN;1.331730309E-4;2.284435081E-7;1.012767806E-3;4.029836910E-7;1.786563829E-3;2.976916380E-8;1.319768329E-4;1.267918490E-7;5.621114112E-4;3.536077960E-7;1.567663685E-3
3.937500000E-3;NaN;1.345935332E-4;1.985645812E-7;8.896942024E-4;4.027372503E-7;1.804516165E-3;2.657823205E-8;1.190871948E-4;1.285928612E-7;5.761768911E-4;3.486761782E-7;1.562288563E-3
3.958333333E-3;NaN;1.360215713E-4;1.675745380E-7;7.588057282E-4;3.670984302E-7;1.662283512E-3;2.261125278E-8;1.023875604E-4;1.551362611E-7;7.024831158E-4;3.152315058E-7;1.427421344E-3
3.979166667E-3;NaN;1.374571453E-4;1.381657828E-7;6.322409254E-4;3.057370205E-7;1.399039999E-3;1.891909314E-8;8.657299011E-5;2.005711211E-7;9.178051799E-4;2.623345464E-7;1.200432068E-3
4.000000000E-3;NaN;1.389002550E-4;1.125199971E-7;5.202924666E-4;2.339562440E-7;1.081813672E-3;1.625002831E-8;7.514013091E-5;2.558016138E-7;1.182826662E-3;2.025607377E-7;9.366408512E-4
4.020833333E-3;NaN;1.403509006E-4;9.305111352E-8;4.347619826E-4;1.666208180E-7;7.785011316E-4;1.484374688E-8;6.935432127E-5;3.089129849E-7;1.443331699E-3;1.471985170E-7;6.877544681E-4
4.041666667E-3;NaN;1.418090820E-4;8.274543829E-8;3.906275669E-4;1.136356573E-7;5.364551963E-4;1.448487001E-8;6.838068232E-5;3.475591755E-7;1.640769545E-3;1.032264796E-7;4.873151848E-4
4.062500000E-3;NaN;1.432747992E-4;8.454064549E-8;4.032275065E-4;7.866692623E-8;3.752120453E-4;1.471471209E-8;7.018371614E-5;3.628710630E-7;1.730760311E-3;7.300624464E-8;3.482126948E-4
4.083333333E-3;NaN;1.447480522E-4;9.999645256E-8;4.818502671E-4;6.073280001E-8;2.926515407E-4;1.507998927E-8;7.266554636E-5;3.530959504E-7;1.701454138E-3;5.593261632E-8;2.695210222E-4
4.104166667E-3;NaN;1.462288410E-4;1.279298662E-7;6.227586462E-4;5.728685935E-8;2.788706660E-4;1.529167381E-8;7.443939688E-5;3.250847923E-7;1.582502751E-3;5.064563639E-8;2.465413973E-4
4.125000000E-3;NaN;1.477171657E-4;1.636397996E-7;8.047012715E-4;6.707370086E-8;3.298359720E-4;1.522597005E-8;7.487394561E-5;2.927412170E-7;1.439559509E-3;5.660870587E-8;2.783741956E-4
4.145833333E-3;NaN;1.492130262E-4;1.993541298E-7;9.902543476E-4;9.123133526E-8;4.531745916E-4;1.483626931E-8;7.369639244E-5;2.729040689E-7;1.355599911E-3;7.449030345E-8;3.700166478E-4
4.166666667E-3;NaN;1.507164225E-4;2.262279861E-7;1.135067500E-3;1.321723963E-7;6.631566409E-4;1.412679000E-8;7.087920677E-5;2.801022790E-7;1.405374282E-3;1.055281439E-7;5.294728053E-4
4.187500000E-3;NaN;1.522273547E-4;2.373425114E-7;1.202771188E-3;1.910576725E-7;9.682153544E-4;1.321726070E-8;6.698058543E-5;3.217975152E-7;1.630760446E-3;1.504011466E-7;7.621818979E-4
4.208333333E-3;NaN;1.537458226E-4;2.303337814E-7;1.178896679E-3;2.651117355E-7;1.356897554E-3;1.236030649E-8;6.326264514E-5;3.954710790E-7;2.024104059E-3;2.078652191E-7;1.063897858E-3
4.229166667E-3;NaN;1.552718264E-4;2.083550495E-7;1.076989511E-3;3.460646746E-7;1.788812058E-3;1.185328944E-8;6.126978174E-5;4.883793207E-7;2.524438008E-3;2.735024360E-7;1.413737059E-3
4.250000000E-3;NaN;1.568053660E-4;1.790320372E-7;9.345584237E-4;4.209891046E-7;2.197589438E-3;1.193710035E-8;6.231240987E-5;5.803222088E-7;3.029318200E-3;3.396324747E-7;1.772902745E-3
4.270833333E-3;NaN;1.583464414E-4;1.520531740E-7;8.015277823E-4;4.761647651E-7;2.510038285E-3;1.276831497E-8;6.730644888E-5;6.490400480E-7;3.421327004E-3;3.975226174E-7;2.095486819E-3
4.291666667E-3;NaN;1.598950527E-4;1.364615239E-7;7.263735567E-4;5.026938252E-7;2.675798213E-3;1.444941718E-8;7.691306863E-5;6.768371549E-7;3.602748947E-3;4.416095611E-7;2.350651660E-3
4.312500000E-3;NaN;1.614511997E-4;1.384679471E-7;7.442268125E-4;5.008677980E-7;2.692025502E-3;1.706282741E-8;9.170796508E-5;6.561477097E-7;3.526611961E-3;4.735346237E-7;2.545117271E-3
4.333333333E-3;NaN;1.630148826E-4;1.599978396E-7;8.682727206E-4;4.804224896E-7;2.607146091E-3;2.067611604E-8;1.122046870E-4;5.917781826E-7;3.211448691E-3;5.029826536E-7;2.729575087E-3
4.354166667E-3;NaN;1.645861013E-4;1.980527366E-7;1.085147534E-3;4.559675573E-7;2.498284442E-3;2.525872291E-8;1.383946587E-4;4.988158799E-7;2.733053990E-3;5.436115948E-7;2.978493465E-3
4.375000000E-3;NaN;1.661648558E-4;2.452890210E-7;1.356850714E-3;4.398065223E-7;2.432851626E-3;3.050440787E-8;1.687394218E-4;3.971565766E-7;2.196927453E-3;6.052067139E-7;3.347786045E-3
4.395833333E-3;NaN;1.677511462E-4;2.922879635E-7;1.632267036E-3;4.361448461E-7;2.435628366E-3;3.569145085E-8;1.993170638E-4;3.052428039E-7;1.704612673E-3;6.861159195E-7;3.831578915E-3
4.416666667E-3;NaN;1.693449724E-4;3.311842379E-7;1.867053441E-3;4.401065080E-7;2.481103495E-3;3.977890805E-8;2.242538704E-4;2.358923839E-7;1.329844953E-3;7.708363852E-7;4.345595474E-3
4.437500000E-3;NaN;1.709463343E-4;3.589605313E-7;2.042778481E-3;4.420853679E-7;2.515826665E-3;4.177357476E-8;2.377257446E-4;1.956755410E-7;1.113553579E-3;8.351581179E-7;4.752731519E-3
4.458333333E-3;NaN;1.725552322E-4;3.782331765E-7;2.172713860E-3;4.346096941E-7;2.496561816E-3;4.118413468E-8;2.365771852E-4;1.870419609E-7;1.074439489E-3;8.567869366E-7;4.921706946E-3
4.479166667E-3;NaN;1.741716658E-4;3.945583881E-7;2.287723685E-3;4.173666256E-7;2.419970133E-3;3.829861433E-8;2.220625635E-4;2.108331308E-7;1.222450115E-3;8.258556950E-7;4.788466526E-3
4.500000000E-3;NaN;1.757956352E-4;4.116802603E-7;2.409255803E-3;3.973155190E-7;2.325189746E-3;3.414549504E-8;1.998279733E-4;2.669446646E-7;1.562226914E-3;7.495393062E-7;4.386491405E-3
4.520833333E-3;NaN;1.774271405E-4;4.279761077E-7;2.527867815E-3;3.839645500E-7;2.267910779E-3;3.013707477E-8;1.780065288E-4;3.525602716E-7;2.082419432E-3;6.482906509E-7;3.829169529E-3
4.541666667E-3;NaN;1.790661816E-4;4.368422272E-7;2.604071880E-3;3.829412047E-7;2.282761054E-3;2.753559907E-8;1.641431958E-4;4.592847927E-7;2.737854857E-3;5.460343312E-7;3.254979850E-3
4.562500000E-3;NaN;1.807127585E-4;4.310342223E-7;2.593076625E-3;3.919533396E-7;2.357968325E-3;2.697164526E-8;1.622598375E-4;5.715885127E-7;3.438643001E-3;4.599565043E-7;2.767071379E-3
4.583333333E-3;NaN;1.823668713E-4;4.080823297E-7;2.477470658E-3;4.015037162E-7;2.437531849E-3;2.823133351E-8;1.713926218E-4;6.685479366E-7;4.058759166E-3;3.952174577E-7;2.399367930E-3
4.604166667E-3;NaN;1.840285198E-4;3.729496740E-7;2.284810296E-3;3.996461551E-7;2.448361572E-3;3.039316271E-8;1.861983424E-4;7.290556661E-7;4.466430751E-3;3.464877370E-7;2.122695914E-3
4.625000000E-3;NaN;1.856977042E-4;3.360043729E-7;2.077142283E-3;3.778140596E-7;2.335605193E-3;3.222209294E-8;1.991934543E-4;7.385871186E-7;4.565864784E-3;3.041224042E-7;1.880051439E-3
4.645833333E-3;NaN;1.873744244E-4;3.075929766E-7;1.918675407E-3;3.345477927E-7;2.086811699E-3;3.264736378E-8;2.036447473E-4;6.944206470E-7;4.331593758E-3;2.607289405E-7;1.626351198E-3
4.666666667E-3;NaN;1.890586804E-4;2.927611877E-7;1.842573857E-3;2.755638302E-7;1.734337511E-3;3.114611427E-8;1.960267218E-4;6.067664786E-7;3.818853379E-3;2.146495134E-7;1.350956337E-3
4.687500000E-3;NaN;1.907504723E-4;2.893293134E-7;1.837269395E-3;2.107827843E-7;1.338491265E-3;2.789895287E-8;1.771610752E-4;4.953350433E-7;3.145425897E-3;1.694106076E-7;1.075773902E-3
4.708333333E-3;NaN;1.924497999E-4;2.901541858E-7;1.858921654E-3;1.503183772E-7;9.630399977E-4;2.367014531E-8;1.516467720E-4;3.831830117E-7;2.454926493E-3;1.305110565E-7;8.361410621E-4
4.729166667E-3;NaN;1.941566634E-4;2.879296871E-7;1.861030658E-3;1.014221091E-7;6.555407895E-4;1.947916485E-8;1.259033876E-4;2.907706968E-7;1.879393496E-3;1.019588717E-7;6.590101492E-4
4.750000000E-3;NaN;1.958710627E-4;2.795887957E-7;1.823076217E-3;6.734382491E-8;4.391196193E-4;1.623199333E-8;1.058417270E-4;2.324950283E-7;1.515998363E-3;8.440065724E-8;5.503397605E-4
4.770833333E-3;NaN;1.975929978E-4;2.678894687E-7;1.762146346E-3;4.781742411E-8;3.145375574E-4;1.449162098E-8;9.532422863E-5;2.161039117E-7;1.421506863E-3;7.535484635E-8;4.956755776E-4
4.791666667E-3;NaN;1.993224688E-4;2.594203487E-7;1.721373365E-3;4.028449678E-8;2.673061698E-4;1.448888448E-8;9.614041443E-5;2.436500797E-7;1.616730375E-3;7.080510504E-8;4.698244472E-4
4.812500000E-3;NaN;2.010594756E-4;2.603874575E-7;1.742847504E-3;4.105222554E-8;2.747742518E-4;1.631185675E-8;1.091799087E-4;3.121736057E-7;2.089466961E-3;6.698173840E-8;4.483278753E-4
4.833333333E-3;NaN;2.028040182E-4;2.725963308E-7;1.840396267E-3;4.613047907E-8;3.114435224E-4;2.008822003E-8;1.356228275E-4;4.133879960E-7;2.790931640E-3;6.154995029E-8;4.155459408E-4
4.854166667E-3;NaN;2.045560966E-4;2.916991179E-7;1.986379964E-3;5.185924170E-8;3.531452525E-4;2.597069370E-8;1.768523195E-4;5.332504158E-7;3.631268923E-3;5.397110654E-8;3.675263930E-4
4.875000000E-3;NaN;2.063157108E-4;3.086388884E-7;2.119813868E-3;5.543566947E-8;3.807469030E-4;3.387867275E-8;2.326877235E-4;6.530836338E-7;4.485551872E-3;4.510588574E-8;3.097992045E-4
4.895833333E-3;NaN;2.080828609E-4;3.136418378E-7;2.172626551E-3;5.528837436E-8;3.829877765E-4;4.314061361E-8;2.988390936E-4;7.532205372E-7;5.217629602E-3;3.639541211E-8;2.521144476E-4
4.916666667E-3;NaN;2.098575467E-4;3.007237475E-7;2.100908309E-3;5.120875368E-8;3.577532436E-4;5.232450799E-8;3.655480970E-4;8.184549063E-7;5.717868068E-3;2.915426287E-8;2.036767419E-4
4.937500000E-3;NaN;2.116397684E-4;2.702778865E-7;1.904243905E-3;4.415332225E-8;3.110824044E-4;5.948404492E-8;4.190950708E-4;8.431705728E-7;5.940561564E-3;2.430842327E-8;1.712650911E-4
4.958333333E-3;NaN;2.134295259E-4;2.284482621E-7;1.623144336E-3;3.575825955E-8;2.540654761E-4;6.280826311E-8;4.462580524E-4;8.338893185E-7;5.924854546E-3;2.243599996E-8;1.594096883E-4
4.979166667E-3;NaN;2.152268193E-4;1.839262337E-7;1.317816217E-3;2.779369742E-8;1.991395379E-4;6.136284004E-8;4.396596620E-4;8.081485708E-7;5.790317515E-3;2.378681281E-8;1.704305419E-4
5.000000000E-3;NaN;2.170316484E-4;1.441820300E-7;1.041715167E-3;2.180672602E-8;1.575535955E-4;5.550380952E-8;4.010150238E-4;7.899443086E-7;5.707347630E-3;2.814195483E-8;2.033256236E-4
5.020833333E-3;NaN;2.188440134E-4;1.130752574E-7;8.237909911E-4;1.902591651E-8;1.386101520E-4;4.672009390E-8;3.403714777E-4;8.029353302E-7;5.849651874E-3;3.463292902E-8;2.523124472E-4
5.041666667E-3;NaN;2.206639142E-4;9.066037304E-8;6.659837027E-4;2.041132862E-8;1.499399545E-4;3.700124224E-8;2.718081063E-4;8.629340820E-7;6.339043353E-3;4.172612334E-8;3.065166973E-4
5.062500000E-3;NaN;2.224913508E-4;7.466874781E-8;5.530530395E-4;2.666343899E-8;1.974895309E-4;2.808736337E-8;2.080361884E-4;9.715393942E-7;7.195953203E-3;4.754184496E-8;3.521307458E-4
5.083333333E-3;NaN;2.243263233E-4;6.244233136E-8;4.663093572E-4;3.804649896E-8;2.841251774E-4;2.097650080E-8;1.566491576E-4;1.113069226E-6;8.312223201E-3;5.048155757E-8;3.769882089E-4
5.104166667E-3;NaN;2.261688316E-4;5.221020703E-8;3.930999169E-4;5.404114710E-8;4.068853898E-4;1.586310440E-8;1.194361290E-4;1.256799016E-6;9.462662896E-3;4.988046753E-8;3.755588947E-4
5.125000000E-3;NaN;2.280188756E-4;4.330544659E-8;3.287214954E-4;7.303212346E-8;5.543697323E-4;1.241405265E-8;9.423216415E-5;1.365212227E-6;1.036300604E-2;4.628359228E-8;3.513279013E-4
5.145833333E-3;NaN;2.298764556E-4;3.571660753E-8;2.733250751E-4;9.231496780E-8;7.064499473E-4;1.013155569E-8;7.753278970E-5;1.406464458E-6;1.076311638E-2;4.116597285E-8;3.150269132E-4
5.166666667E-3;NaN;2.317415713E-4;2.960648210E-8;2.284049630E-4;1.086114780E-7;8.379043661E-4;8.585834941E-9;6.623709312E-5;1.366644677E-6;1.054324609E-2;3.629541666E-8;2.800080493E-4
5.187500000E-3;NaN;2.336142228E-4;2.516875841E-8;1.957383190E-4;1.190675284E-7;9.259923543E-4;7.465156751E-9;5.805678650E-5;1.256453920E-6;9.771486311E-3;3.316629598E-8;2.579354498E-4
5.208333333E-3;NaN;2.354944102E-4;2.268833322E-8;1.778680637E-4;1.223932610E-7;9.595174811E-4;6.541399873E-9;5.128213334E-5;1.108635270E-6;8.691286706E-3;3.271989464E-8;2.565117608E-4
5.229166667E-3;NaN;2.373821334E-4;2.264473103E-8;1.789492891E-4;1.195210958E-7;9.445117767E-4;5.655664035E-9;4.469371075E-5;9.664469953E-7;7.637317598E-3;3.525548191E-8;2.786053593E-4
5.250000000E-3;NaN;2.392773924E-4;2.578900943E-8;2.054239664E-4;1.132455031E-7;9.020641330E-4;4.735517829E-9;3.772106324E-5;8.675268323E-7;6.910339203E-3;4.038061917E-8;3.216543458E-4
5.270833333E-3;NaN;2.411801872E-4;3.302174370E-8;2.651284987E-4;1.068978488E-7;8.582728526E-4;3.799907860E-9;3.050910561E-5;8.298279099E-7;6.662610853E-3;4.706237478E-8;3.778594154E-4
5.291666667E-3;NaN;2.430905179E-4;4.487866850E-8;3.631807028E-4;1.027753112E-7;8.317093842E-4;2.934964185E-9;2.375120276E-5;8.456349807E-7;6.843302549E-3;5.393094219E-8;4.364362433E-4
5.312500000E-3;NaN;2.450083844E-4;6.078890406E-8;4.958154352E-4;1.011997880E-7;8.254206540E-4;2.261403886E-9;1.844479629E-5;8.862726102E-7;7.228747527E-3;5.982215098E-8;4.879302610E-4
5.333333333E-3;NaN;2.469337867E-4;7.867766010E-8;6.467653338E-4;1.006651399E-7;8.275121897E-4;1.900505965E-9;1.562300370E-5;9.152238403E-7;7.523546734E-3;6.429005501E-8;5.284928256E-4
5.354166667E-3;NaN;2.488667248E-4;9.532937462E-8;7.897840498E-4;9.896619924E-8;8.199143857E-4;1.939210566E-9;1.606595637E-5;9.034338624E-7;7.484761727E-3;6.775292607E-8;5.613189067E-4
5.375000000E-3;NaN;2.508071987E-4;1.074533729E-7;8.971701843E-4;9.480881174E-8;7.915958039E-4;2.432555751E-9;2.031035818E-5;8.399140475E-7;7.012770474E-3;7.110325716E-8;5.936688687E-4
5.395833333E-3;NaN;2.527552085E-4;1.130872736E-7;9.515434632E-4;8.908338296E-8;7.495689658E-4;3.464739365E-9;2.915314861E-5;7.337624727E-7;6.174053561E-3;7.494960834E-8;6.306439937E-4
5.416666667E-3;NaN;2.547107541E-4;1.129411959E-7;9.576668311E-4;8.489262047E-8;7.198334160E-4;5.209427232E-9;4.417250616E-5;6.082121617E-7;5.157237880E-3;7.891001001E-8;6.691048262E-4
5.437500000E-3;NaN;2.566738355E-4;1.110261489E-7;9.486841802E-4;8.602008851E-8;7.350151110E-4;7.876350961E-9;6.730098837E-5;4.908691182E-7;4.194325135E-3;8.148536641E-8;6.962673101E-4
5.458333333E-3;NaN;2.586444527E-4;1.138241030E-7;9.800589235E-4;9.473390513E-8;8.156867184E-4;1.154528664E-8;9.940830537E-5;4.049587183E-7;3.486813381E-3;8.083034477E-8;6.959729843E-4
5.479166667E-3;NaN;2.606226058E-4;1.278148674E-7;1.108940485E-3;1.103441611E-7;9.573620811E-4;1.602069704E-8;1.389979108E-4;3.644973714E-7;3.162432509E-3;7.608788903E-8;6.601496544E-4
5.500000000E-3;NaN;2.626082946E-4;1.562724463E-7;1.366172794E-3;1.292523370E-7;1.129956243E-3;2.083232258E-8;1.821213721E-4;3.732252501E-7;3.262828442E-3;6.835261029E-8;5.975556073E-4
5.520833333E-3;NaN;2.646015193E-4;1.968991337E-7;1.734406615E-3;1.463840072E-7;1.289438839E-3;2.537454389E-8;2.235143240E-4;4.253190781E-7;3.746467588E-3;6.053289224E-8;5.332103131E-4
5.541666667E-3;NaN;2.666022798E-4;2.416308941E-7;2.144524944E-3;1.575843820E-7;1.398594494E-3;2.911059942E-8;2.583626851E-4;5.064479032E-7;4.494831530E-3;5.638298398E-8;5.004108272E-4
5.562500000E-3;NaN;2.686105761E-4;2.790804911E-7;2.495556284E-3;1.622458859E-7;1.450813486E-3;3.175523632E-8;2.839574319E-4;5.955612011E-7;5.325547810E-3;5.958889794E-8;5.328478824E-4
5.583333333E-3;NaN;2.706264083E-4;2.988417678E-7;2.692317369E-3;1.647514286E-7;1.484274223E-3;3.333865534E-8;3.003537339E-4;6.686573954E-7;6.024050561E-3;7.342002590E-8;6.614537599E-4
5.604166667E-3;NaN;2.726497763E-4;2.957263746E-7;2.684169809E-3;1.733768990E-7;1.573660917E-3;3.411488977E-8;3.096448779E-4;7.047147050E-7;6.396365348E-3;1.005795995E-7;9.129139217E-4
5.625000000E-3;NaN;2.746806801E-4;2.717070852E-7;2.484527796E-3;1.966187057E-7;1.797909095E-3;3.438392669E-8;3.144114609E-4;6.919151043E-7;6.326969015E-3;1.425502989E-7;1.303499979E-3
5.645833333E-3;NaN;2.767191197E-4;2.345147532E-7;2.160350008E-3;2.385886703E-7;2.197878934E-3;3.437603919E-8;3.166720880E-4;6.313242243E-7;5.815759028E-3;1.981747957E-7;1.825586304E-3
5.666666667E-3;NaN;2.787650951E-4;1.938867076E-7;1.799290190E-3;2.958027070E-7;2.745081988E-3;3.424018188E-8;3.177526923E-4;5.359534740E-7;4.973707789E-3;2.620908190E-7;2.432231922E-3
5.687500000E-3;NaN;2.808186064E-4;1.577225523E-7;1.474464967E-3;3.572230979E-7;3.339490363E-3;3.405735914E-8;3.183842907E-4;4.254762139E-7;3.977552751E-3;3.243820614E-7;3.032476831E-3
5.708333333E-3;NaN;2.828796534E-4;1.300140317E-7;1.224353196E-3;4.081891432E-7;3.843951886E-3;3.381343046E-8;3.184239512E-4;3.192033449E-7;3.005965054E-3;3.727342187E-7;3.510069846E-3
5.729166667E-3;NaN;2.849482363E-4;1.109868545E-7;1.052815569E-3;4.368799189E-7;4.144220347E-3;3.339976528E-8;3.168284484E-4;2.306621744E-7;2.188049473E-3;3.969858063E-7;3.765786855E-3
5.750000000E-3;NaN;2.870243551E-4;9.866151556E-8;9.427169475E-4;4.399588473E-7;4.203834283E-3;3.272321925E-8;3.126724051E-4;1.657297734E-7;1.583558343E-3;3.938785512E-7;3.763534174E-3
5.770833333E-3;NaN;2.891080096E-4;9.059081005E-8;8.718846851E-4;4.239505432E-7;4.080281274E-3;3.189333939E-8;3.069551332E-4;1.239360716E-7;1.192813738E-3;3.690004690E-7;3.551418268E-3
5.791666667E-3;NaN;2.911992000E-4;8.486878523E-8;8.227216876E-4;4.014936933E-7;3.892097289E-3;3.133184914E-8;3.037323055E-4;1.011536848E-7;9.805882104E-4;3.344072634E-7;3.241758525E-3
5.812500000E-3;NaN;2.932979262E-4;8.023407588E-8;7.833983084E-4;3.848750285E-7;3.757885200E-3;3.166577643E-8;3.091817961E-4;9.204317946E-8;8.987013347E-4;3.031275119E-7;2.959709792E-3
5.833333333E-3;NaN;2.954041882E-4;7.578830948E-8;7.453043406E-4;3.805003907E-7;3.741851411E-3;3.340728890E-8;3.285282071E-4;9.155876127E-8;9.003914016E-4;2.835323281E-7;2.788264790E-3
5.854166667E-3;NaN;2.975179860E-4;7.087876279E-8;7.020113536E-4;3.867471554E-7;3.830497082E-3;3.659236458E-8;3.624252792E-4;9.566193063E-8;9.474736686E-4;2.763564243E-7;2.737143537E-3
5.875000000E-3;NaN;2.996393196E-4;6.527235052E-8;6.510927164E-4;3.956400688E-7;3.946515868E-3;4.067539711E-8;4.057377218E-4;1.015994329E-7;1.013455931E-3;2.755644781E-7;2.748759975E-3
5.895833333E-3;NaN;3.017681891E-4;5.925760220E-8;5.952951075E-4;3.971040503E-7;3.989261961E-3;4.485471338E-8;4.506053305E-4;1.080308728E-7;1.085265817E-3;2.722231110E-7;2.734722299E-3
5.916666667E-3;NaN;3.039045944E-4;5.344432865E-8;5.406966441E-4;3.835318626E-7;3.880194517E-3;4.864626071E-8;4.921545575E-4;1.149480545E-7;1.162930265E-3;2.590917299E-7;2.621232830E-3
5.937500000E-3;NaN;3.060485355E-4;4.853986730E-8;4.945425601E-4;3.525278738E-7;3.591687553E-3;5.222510253E-8;5.320891330E-4;1.232814654E-7;1.256038282E-3;2.335725475E-7;2.379725616E-3
5.958333333E-3;NaN;3.082000124E-4;4.546652954E-8;4.664866720E-4;3.071560818E-7;3.151421933E-3;5.622932568E-8;5.769129791E-4;1.343552021E-7;1.378484606E-3;1.980493315E-7;2.031986485E-3
5.979166667E-3;NaN;3.103590252E-4;4.562348371E-8;4.713761506E-4;2.545864791E-7;2.630355789E-3;6.122731496E-8;6.325929913E-4;1.497961339E-7;1.547674996E-3;1.582435860E-7;1.634953019E-3
6.000000000E-3;NaN;3.125255738E-4;5.071287487E-8;5.276167501E-4;2.042022437E-7;2.124520144E-3;6.733420976E-8;7.005451184E-4;1.724245964E-7;1.793905501E-3;1.209542928E-7;1.258408462E-3
6.020833333E-3;NaN;3.146996582E-4;6.192870752E-8;6.487883902E-4;1.653980256E-7;1.732771813E-3;7.429370531E-8;7.783287492E-4;2.079642694E-7;2.178711763E-3;9.214321822E-8;9.653269478E-4
6.041666667E-3;NaN;3.168812784E-4;7.891030597E-8;8.324249547E-4;1.450511102E-7;1.530144414E-3;8.187531312E-8;8.637028202E-4;2.662479171E-7;2.808649740E-3;7.569102805E-8;7.984647863E-4
6.062500000E-3;NaN;3.190704344E-4;9.906870357E-8;1.052295773E-3;1.452810172E-7;1.543157372E-3;9.013224946E-8;9.573738393E-4;3.599037739E-7;3.822854304E-3;7.275111634E-8;7.727535481E-4
6.083333333E-3;NaN;3.212671263E-4;1.178212761E-7;1.260099366E-3;1.625921359E-7;1.738924022E-3;9.914232393E-8;1.060327843E-3;4.991488630E-7;5.338400556E-3;8.164764881E-8;8.732221710E-4
6.104166667E-3;NaN;3.234713539E-4;1.299309162E-7;1.399146239E-3;1.890442363E-7;2.035701279E-3;1.083333725E-7;1.166575555E-3;6.838600627E-7;7.364069023E-3;9.837752438E-8;1.059367142E-3
6.125000000E-3;NaN;3.256831174E-4;1.315168982E-7;1.425908265E-3;2.151723493E-7;2.332901973E-3;1.159738733E-7;1.257390546E-3;8.970506143E-7;9.725836777E-3;1.177961634E-7;1.277147844E-3
6.145833333E-3;NaN;3.279024168E-4;1.216899619E-7;1.328355000E-3;2.335001233E-7;2.548863124E-3;1.194534394E-7;1.303941353E-3;1.104878506E-6;1.206073916E-2;1.352442327E-7;1.476312014E-3
6.166666667E-3;NaN;3.301292519E-4;1.028611718E-7;1.130447135E-3;2.410148430E-7;2.648759820E-3;1.163960530E-7;1.279195856E-3;1.265663582E-6;1.390967792E-2;1.480051339E-7;1.626580533E-3
6.187500000E-3;NaN;3.323636229E-4;7.959561550E-8;8.806785365E-4;2.392780226E-7;2.647470183E-3;1.059686721E-7;1.172480852E-3;1.345278103E-6;1.488470871E-2;1.558313615E-7;1.724182099E-3
6.208333333E-3;NaN;3.346055297E-4;5.673752215E-8;6.320017218E-4;2.321649381E-7;2.586095322E-3;8.952059463E-8;9.971737890E-4;1.331658614E-6;1.483340310E-2;1.601584147E-7;1.784011533E-3
6.229166667E-3;NaN;3.368549723E-4;3.783849831E-8;4.243181774E-4;2.227590329E-7;2.498003649E-3;7.012680858E-8;7.863969484E-4;1.240490276E-6;1.391076804E-2;1.624480648E-7;1.821680824E-3
6.250000000E-3;NaN;3.391119507E-4;2.452765949E-8;2.768942810E-4;2.114463720E-7;2.387031309E-3;5.132755060E-8;5.794399267E-4;1.108266444E-6;1.251128915E-2;1.628000252E-7;1.837859659E-3
6.270833333E-3;NaN;3.413764649E-4;1.678111651E-8;1.907081319E-4;1.963402377E-7;2.231298491E-3;3.583106159E-8;4.072002488E-4;9.759331182E-7;1.109094152E-2;1.598733137E-7;1.816872016E-3
6.291666667E-3;NaN;3.436485150E-4;1.367246752E-8;1.564141916E-4;1.755523412E-7;2.008333718E-3;2.487869059E-8;2.846143368E-4;8.718365743E-7;9.973884577E-3;1.521753380E-7;1.740898812E-3
6.312500000E-3;NaN;3.459281009E-4;1.417346429E-8;1.632212273E-4;1.496839291E-7;1.723756035E-3;1.842681562E-8;2.122027048E-4;8.030208281E-7;9.247565899E-3;1.396852491E-7;1.608611509E-3
6.333333333E-3;NaN;3.482152226E-4;1.768915653E-8;2.050546680E-4;1.229601588E-7;1.425367824E-3;1.575217829E-8;1.826010010E-4;7.587419967E-7;8.795421530E-3;1.245381550E-7;1.443660131E-3
6.354166667E-3;NaN;3.505098801E-4;2.423891259E-8;2.828317621E-4;1.025010579E-7;1.196033639E-3;1.595172240E-8;1.861326798E-4;7.227503881E-7;8.433413218E-3;1.103460086E-7;1.287572449E-3
6.375000000E-3;NaN;3.528120735E-4;3.446811052E-8;4.048328051E-4;9.652424597E-8;1.133690843E-3;1.812579452E-8;2.128900055E-4;6.860064579E-7;8.057242317E-3;1.008675607E-7;1.184703684E-3
6.395833333E-3;NaN;3.551218027E-4;4.956345849E-8;5.859407766E-4;1.125530072E-7;1.330605217E-3;2.140036407E-8;2.529957821E-4;6.520001843E-7;7.707966837E-3;9.911422093E-8;1.171731460E-3
6.416666667E-3;NaN;3.574390677E-4;7.088404809E-8;8.434615945E-4;1.559138468E-7;1.855245931E-3;2.500049028E-8;2.974851742E-4;6.321158350E-7;7.521656063E-3;1.072546636E-7;1.276241863E-3
6.437500000E-3;NaN;3.597638685E-4;9.920289970E-8;1.188110116E-3;2.279143669E-7;2.729631551E-3;2.839718126E-8;3.401007271E-4;6.350765113E-7;7.606036011E-3;1.267078001E-7;1.517524382E-3
6.458333333E-3;NaN;3.620962051E-4;1.339305856E-7;1.614427414E-3;3.236077008E-7;3.900835206E-3;3.137907360E-8;3.782499450E-4;6.580194822E-7;7.931905069E-3;1.575727333E-7;1.899414828E-3
6.479166667E-3;NaN;3.644360776E-4;1.728212279E-7;2.096685214E-3;4.305067392E-7;5.222952791E-3;3.394154375E-8;4.117823591E-4;6.851581662E-7;8.312410541E-3;1.973757191E-7;2.394582870E-3
6.500000000E-3;NaN;3.667834859E-4;2.122930604E-7;2.592151341E-3;5.302242748E-7;6.474170952E-3;3.604857295E-8;4.401620879E-4;6.947828644E-7;8.483472471E-3;2.402219168E-7;2.933169660E-3
6.520833333E-3;NaN;3.691384300E-4;2.481094447E-7;3.048929202E-3;6.037820892E-7;7.419664517E-3;3.747192203E-8;4.604791948E-4;6.703643083E-7;8.237869855E-3;2.776995889E-7;3.412552016E-3
6.541666667E-3;NaN;3.715009099E-4;2.762297826E-7;3.416214768E-3;6.387529731E-7;7.899645430E-3;3.786705066E-8;4.683129259E-4;6.096224310E-7;7.539379469E-3;3.018450638E-7;3.733006467E-3
6.562500000E-3;NaN;3.738709256E-4;2.938699485E-7;3.657561627E-3;6.344931332E-7;7.897022982E-3;3.705408647E-8;4.611822526E-4;5.271381429E-7;6.560862224E-3;3.087269880E-7;3.842475185E-3
6.583333333E-3;NaN;3.762484772E-4;3.007417897E-7;3.766893252E-3;6.020679436E-7;7.541105863E-3;3.526787602E-8;4.417421480E-4;4.498174519E-7;5.634116648E-3;3.003278110E-7;3.761708027E-3
6.604166667E-3;NaN;3.786335646E-4;2.999280790E-7;3.780515460E-3;5.584012826E-7;7.038502992E-3;3.314630640E-8;4.178005747E-4;4.079080794E-7;5.141575292E-3;2.833165866E-7;3.571131917E-3
6.625000000E-3;NaN;3.810261878E-4;2.974376108E-7;3.772814842E-3;5.178760920E-7;6.568942646E-3;3.143469951E-8;3.987300078E-4;4.254142872E-7;5.396120996E-3;2.654321234E-7;3.366844737E-3
6.645833333E-3;NaN;3.834263468E-4;2.999266904E-7;3.828351885E-3;4.863316944E-7;6.207679805E-3;3.060109221E-8;3.906012796E-4;5.127653496E-7;6.545086701E-3;2.518990962E-7;3.215313644E-3
6.666666667E-3;NaN;3.858340417E-4;3.112698570E-7;3.998088385E-3;4.607576889E-7;5.918176537E-3;3.060430085E-8;3.930952420E-4;6.630946150E-7;8.517081944E-3;2.442316448E-7;3.137019793E-3
6.687500000E-3;NaN;3.882492723E-4;3.297946442E-7;4.262545534E-3;4.343442738E-7;5.613833570E-3;3.095307314E-8;4.000637548E-4;8.526273292E-7;1.102007834E-2;2.419965796E-7;3.127768924E-3
6.708333333E-3;NaN;3.906720388E-4;3.480369383E-7;4.526395006E-3;4.032964367E-7;5.245072508E-3;3.102694192E-8;4.035209471E-4;1.045616378E-6;1.359876562E-2;2.458468170E-7;3.197361205E-3
6.729166667E-3;NaN;3.931023412E-4;3.556623706E-7;4.654342424E-3;3.710237262E-7;4.855367370E-3;3.047746901E-8;3.988405541E-4;1.203794242E-6;1.575334102E-2;2.590574363E-7;3.390130966E-3
6.750000000E-3;NaN;3.955401793E-4;3.444013673E-7;4.534926529E-3;3.469624833E-7;4.568650184E-3;2.946325288E-8;3.879592237E-4;1.298830301E-6;1.710242916E-2;2.858367079E-7;3.763772716E-3
6.770833333E-3;NaN;3.979855532E-4;3.124321075E-7;4.139403364E-3;3.408139535E-7;4.515433568E-3;2.856791276E-8;3.784953958E-4;1.323906067E-6;1.754039069E-2;3.272376889E-7;4.335562056E-3
6.791666667E-3;NaN;4.004384630E-4;2.656686705E-7;3.541529882E-3;3.561115786E-7;4.747190530E-3;2.846174057E-8;3.794128399E-4;1.298890402E-6;1.731502313E-2;3.776433333E-7;5.034222315E-3
6.812500000E-3;NaN;4.028989086E-4;2.151761711E-7;2.886057959E-3;3.874529369E-7;5.196726137E-3;2.950506021E-8;3.957376574E-4;1.264526754E-6;1.696050954E-2;4.247851080E-7;5.697445196E-3
6.833333333E-3;NaN;4.053668900E-4;1.723272509E-7;2.325503595E-3;4.231109412E-7;5.709752867E-3;3.148294471E-8;4.248527191E-4;1.265622176E-6;1.707918455E-2;4.539590681E-7;6.126038914E-3
6.854166667E-3;NaN;4.078424073E-4;1.443899780E-7;1.960397835E-3;4.512618019E-7;6.126828686E-3;3.360637068E-8;4.562772099E-4;1.329519002E-6;1.805101856E-2;4.542986285E-7;6.168059999E-3
6.875000000E-3;NaN;4.103254603E-4;1.324582818E-7;1.809349084E-3;4.659650056E-7;6.364972765E-3;3.480418401E-8;4.754169964E-4;1.450378698E-6;1.981183308E-2;4.235532836E-7;5.785638583E-3
6.895833333E-3;NaN;4.128160492E-4;1.320878360E-7;1.815240534E-3;4.693900978E-7;6.450676745E-3;3.418918620E-8;4.698509605E-4;1.588282751E-6;2.182725765E-2;3.687233456E-7;5.067246032E-3
6.916666667E-3;NaN;4.153141739E-4;1.359163826E-7;1.879158196E-3;4.690790163E-7;6.485411557E-3;3.145312641E-8;4.348659020E-4;1.684983269E-6;2.329630955E-2;3.023849907E-7;4.180726584E-3
6.937500000E-3;NaN;4.178198344E-4;1.369795860E-7;1.905283841E-3;4.723291057E-7;6.569745459E-3;2.699367466E-8;3.754618747E-4;1.689138819E-6;2.349466072E-2;2.370905950E-7;3.297753285E-3
6.958333333E-3;NaN;4.203330308E-4;1.312646675E-7;1.836775782E-3;4.816216875E-7;6.739292974E-3;2.173892176E-8;3.041909583E-4;1.578635305E-6;2.208971501E-2;1.811081462E-7;2.534231512E-3
6.979166667E-3;NaN;4.228537630E-4;1.185403901E-7;1.668673367E-3;4.938956489E-7;6.952486948E-3;1.679843664E-8;2.364688001E-4;1.369299969E-6;1.927540804E-2;1.374203697E-7;1.934443701E-3
7.000000000E-3;NaN;4.253820309E-4;1.015385864E-7;1.437887922E-3;5.032289579E-7;7.126225273E-3;1.311068259E-8;1.856603762E-4;1.107089044E-6;1.567748795E-2;1.054673965E-7;1.493523802E-3
7.020833333E-3;NaN;4.279178348E-4;8.420796400E-8;1.199577570E-3;5.043124701E-7;7.184141486E-3;1.122835875E-8;1.599526538E-4;8.494946246E-7;1.210140525E-2;8.365386232E-8;1.191684161E-3
7.041666667E-3;NaN;4.304611744E-4;6.981234084E-8;1.000416783E-3;4.945583505E-7;7.087063234E-3;1.132059816E-8;1.622251347E-4;6.462122838E-7;9.260276999E-3;7.102639851E-8;1.017814333E-3
7.062500000E-3;NaN;4.330120498E-4;5.965976029E-8;8.599956777E-4;4.745669228E-7;6.840884046E-3;1.336749075E-8;1.926924314E-4;5.268532014E-7;7.594590957E-3;6.790317652E-8;9.788245549E-4
7.083333333E-3;NaN;4.355704611E-4;5.308435928E-8;7.697324255E-4;4.476992494E-7;6.491716842E-3;1.740286181E-8;2.523445175E-4;4.976342321E-7;7.215782760E-3;7.589438771E-8;1.100481798E-3
7.104166667E-3;NaN;4.381364082E-4;4.857414211E-8;7.084827247E-4;4.192410500E-7;6.114879820E-3;2.358781454E-8;3.440422906E-4;5.443652365E-7;7.939890428E-3;9.740961070E-8;1.420777051E-3
7.125000000E-3;NaN;4.407098911E-4;4.504600861E-8;6.608819577E-4;3.951775802E-7;5.797755248E-3;3.199867571E-8;4.694610711E-4;6.383154884E-7;9.364896083E-3;1.345444902E-7;1.973937955E-3
7.145833333E-3;NaN;4.432909099E-4;4.236331921E-8;6.251634631E-4;3.808469866E-7;5.620230556E-3;4.224679762E-8;6.234439321E-4;7.435147394E-7;1.097218674E-2;1.879868437E-7;2.774157181E-3
7.166666667E-3;NaN;4.458794644E-4;4.115518165E-8;6.108812228E-4;3.799495500E-7;5.639728375E-3;5.325896237E-8;7.905420108E-4;8.256498598E-7;1.225541902E-2;2.571974716E-7;3.817674947E-3
7.187500000E-3;NaN;4.484755548E-4;4.244995967E-8;6.337687777E-4;3.943605237E-7;5.887717893E-3;6.349901157E-8;9.480266003E-4;8.618391458E-7;1.286707329E-2;3.422759666E-7;5.110106646E-3
7.208333333E-3;NaN;4.510791810E-4;4.723354402E-8;7.092806278E-4;4.247356746E-7;6.378026297E-3;7.157478155E-8;1.074799849E-3;8.483842325E-7;1.273972795E-2;4.459127469E-7;6.696030959E-3
7.229166667E-3;NaN;4.536903430E-4;5.588261435E-8;8.440166869E-4;4.711232566E-7;7.115556327E-3;7.685641982E-8;1.160792164E-3;8.024316778E-7;1.211943525E-2;5.726480549E-7;8.648924529E-3
7.250000000E-3;NaN;4.563090409E-4;6.776933934E-8;1.029454385E-3;5.325224122E-7;8.089314985E-3;7.965057532E-8;1.209937043E-3;7.552922904E-7;1.147331474E-2;7.240957028E-7;1.099942103E-2
7.270833333E-3;NaN;4.589352745E-4;8.137411724E-8;1.243232951E-3;6.055774408E-7;9.252006096E-3;8.078936116E-8;1.234299053E-3;7.391281948E-7;1.129239318E-2;8.922755856E-7;1.363217749E-2
7.291666667E-3;NaN;4.615690440E-4;9.472340480E-8;1.455488428E-3;6.844213701E-7;1.051659182E-2;8.092626436E-8;1.243486143E-3;7.724789822E-7;1.186965589E-2;1.056321833E-6;1.623109101E-2
7.312500000E-3;NaN;4.642103493E-4;1.059379388E-7;1.637122283E-3;7.636144390E-7;1.180059031E-2;8.007071309E-8;1.237380584E-3;8.512399941E-7;1.315472038E-2;1.187301764E-6;1.834808376E-2
7.333333333E-3;NaN;4.668591904E-4;1.140759840E-7;1.772943593E-3;8.429411730E-7;1.310080439E-2;7.772760356E-8;1.208025142E-3;9.493705983E-7;1.475490687E-2;1.260658001E-6;1.959286650E-2
7.354166667E-3;NaN;4.695155674E-4;1.202077948E-7;1.878872928E-3;9.296318861E-7;1.453034046E-2;7.350449423E-8;1.148890590E-3;1.029033634E-6;1.608401053E-2;1.269222307E-6;1.983820964E-2
7.375000000E-3;NaN;4.721794801E-4;1.277621835E-7;2.008279788E-3;1.033976749E-6;1.625296743E-2;6.764436659E-8;1.063294400E-3;1.055593674E-6;1.659276151E-2;1.227642721E-6;1.929718166E-2
7.395833333E-3;NaN;4.748509287E-4;1.412961886E-7;2.233585190E-3;1.159274955E-6;1.832561370E-2;6.103370269E-8;9.648099905E-4;1.010893618E-6;1.598002773E-2;1.164199855E-6;1.840346566E-2
7.416666667E-3;NaN;4.775299131E-4;1.640673523E-7;2.608179839E-3;1.292506521E-6;2.054698514E-2;5.473302258E-8;8.700912400E-4;8.994455842E-7;1.429849270E-2;1.104860174E-6;1.756396986E-2
7.437500000E-3;NaN;4.802164334E-4;1.957225775E-7;3.128907518E-3;1.403470366E-6;2.243649677E-2;4.945789163E-8;7.906556866E-4;7.456739775E-7;1.192067335E-2;1.060171841E-6;1.694837502E-2
7.458333333E-3;NaN;4.829104894E-4;2.312999139E-7;3.718406730E-3;1.455388186E-6;2.339700493E-2;4.537793873E-8;7.295014941E-4;5.844824891E-7;9.396214569E-3;1.023555938E-6;1.645481498E-2
7.479166667E-3;NaN;4.856120813E-4;2.622047478E-7;4.238818454E-3;1.422156125E-6;2.299066542E-2;4.227667001E-8;6.834473080E-4;4.499406691E-7;7.273769174E-3;9.814720646E-7;1.586653916E-2
7.500000000E-3;NaN;4.883212090E-4;2.792197971E-7;4.539066826E-3;1.302204460E-6;2.116896126E-2;3.988782319E-8;6.484264257E-4;3.664841718E-7;5.957658317E-3;9.276095552E-7;1.507945283E-2
7.520833333E-3;NaN;4.910378725E-4;2.764988625E-7;4.519840620E-3;1.120395278E-6;1.831475197E-2;3.817413177E-8;6.240206192E-4;3.446015769E-7;5.633094440E-3;8.706739142E-7;1.423263477E-2
7.541666667E-3;NaN;4.937620719E-4;2.543499026E-7;4.180845172E-3;9.168120484E-7;1.506998504E-2;3.742466779E-8;6.151633638E-4;3.803551690E-7;6.252041206E-3;8.300816568E-7;1.364436491E-2
7.562500000E-3;NaN;4.964938070E-4;2.190645860E-7;3.620768790E-3;7.293830736E-7;1.205547422E-2;3.814669903E-8;6.305007115E-4;4.573109692E-7;7.558580395E-3;8.225876912E-7;1.359598963E-2
7.583333333E-3;NaN;4.992330780E-4;1.801470661E-7;2.993955417E-3;5.803529095E-7;9.645179210E-3;4.083023470E-8;6.785783692E-4;5.503710176E-7;9.146894949E-3;8.492540403E-7;1.411418342E-2
7.604166667E-3;NaN;5.019798848E-4;1.468428797E-7;2.453883778E-3;4.729123113E-7;7.902813209E-3;4.567011527E-8;7.631909375E-4;6.318078239E-7;1.055810791E-2;8.915856743E-7;1.489924215E-2
7.625000000E-3;NaN;5.047342274E-4;1.255927952E-7;2.110290604E-3;3.972643426E-7;6.675089982E-3;5.227349422E-8;8.783327376E-4;6.790571787E-7;1.140995374E-2;9.191492855E-7;1.544413512E-2
7.645833333E-3;NaN;5.074961059E-4;1.188277648E-7;2.007545627E-3;3.402712894E-7;5.748741802E-3;5.946505115E-8;1.004637288E-3;6.818929945E-7;1.152029832E-2;9.037295138E-7;1.526813397E-2
7.666666667E-3;NaN;5.102655201E-4;1.249825782E-7;2.123051283E-3;2.925727629E-7;4.969868506E-3;6.540541549E-8;1.111027258E-3;6.454731774E-7;1.096450943E-2;8.319472492E-7;1.413210304E-2
7.687500000E-3;NaN;5.130424702E-4;1.396242528E-7;2.384673701E-3;2.504722226E-7;4.277870860E-3;6.816729313E-8;1.164244377E-3;5.870948801E-7;1.002712418E-2;7.100909315E-7;1.212780113E-2
7.708333333E-3;NaN;5.158269561E-4;1.573866008E-7;2.702629867E-3;2.137804862E-7;3.671021065E-3;6.656250126E-8;1.143005840E-3;5.279697748E-7;9.066253893E-3;5.597418076E-7;9.611840647E-3
7.729166667E-3;NaN;5.186189778E-4;1.739572480E-7;3.003348406E-3;1.827330476E-7;3.154861402E-3;6.071400696E-8;1.048219135E-3;4.846329207E-7;8.367121959E-3;4.076456515E-7;7.037947147E-3
7.750000000E-3;NaN;5.214185354E-4;1.874211122E-7;3.253267380E-3;1.564097333E-7;2.714969927E-3;5.199525886E-8;9.025369530E-4;4.650455224E-7;8.072289243E-3;2.756389246E-7;4.784557680E-3
7.770833333E-3;NaN;5.242256288E-4;1.985598147E-7;3.465168760E-3;1.331756374E-7;2.324116081E-3;4.239244793E-8;7.398122650E-4;4.711046719E-7;8.221488294E-3;1.751926177E-7;3.057375869E-3
7.791666667E-3;NaN;5.270402579E-4;2.097752658E-7;3.680551106E-3;1.119104794E-7;1.963492870E-3;3.368812022E-8;5.910651462E-4;5.045287634E-7;8.852063141E-3;1.076528869E-7;1.888792514E-3
7.812500000E-3;NaN;5.298624230E-4;2.228121169E-7;3.930218616E-3;9.263552791E-8;1.634012913E-3;2.689419866E-8;4.743910775E-4;5.704467432E-7;1.006220146E-2;6.810838190E-8;1.201374656E-3
7.833333333E-3;NaN;5.326921238E-4;2.365361485E-7;4.194580938E-3;7.608224757E-8;1.349193970E-3;2.216201061E-8;3.930069372E-4;6.747190645E-7;1.196503682E-2;4.968549636E-8;8.810908490E-4
7.854166667E-3;NaN;5.355293604E-4;2.466207034E-7;4.396707766E-3;6.281899162E-8;1.119925231E-3;1.911020442E-8;3.406931495E-4;8.159382453E-7;1.454639440E-2;4.610984275E-8;8.220376509E-4
7.875000000E-3;NaN;5.383741329E-4;2.478407927E-7;4.441930479E-3;5.279602061E-8;9.462375043E-4;1.727084359E-8;3.095369641E-4;9.777713709E-7;1.752412267E-2;5.220605997E-8;9.356639256E-4
7.895833333E-3;NaN;5.412264412E-4;2.375023233E-7;4.279190791E-3;4.561274379E-8;8.218262057E-4;1.634317934E-8;2.944627301E-4;1.128192161E-6;2.032716750E-2;6.340601596E-8;1.142415939E-3
7.916666667E-3;NaN;5.440862853E-4;2.174453034E-7;3.938515808E-3;4.105750088E-8;7.436611127E-4;1.617665900E-8;2.930025445E-4;1.228295068E-6;2.224770766E-2;7.544997421E-8;1.366600757E-3
7.937500000E-3;NaN;5.469536653E-4;1.932279696E-7;3.518319779E-3;3.927803275E-8;7.151794835E-4;1.664510071E-8;3.030761394E-4;1.247226003E-6;2.270965184E-2;8.469850168E-8;1.542201237E-3
7.958333333E-3;NaN;5.498285810E-4;1.711784926E-7;3.133222895E-3;4.036263932E-8;7.387910931E-4;1.761782880E-8;3.224738326E-4;1.175441801E-6;2.151509285E-2;8.875259296E-8;1.624512824E-3
7.979166667E-3;NaN;5.527110326E-4;1.552000262E-7;2.855648216E-3;4.373049379E-8;8.046319941E-4;1.905116175E-8;3.505374154E-4;1.029238732E-6;1.893777870E-2;8.691710963E-8;1.599256747E-3
8.000000000E-3;NaN;5.556010200E-4;1.451152075E-7;2.684050877E-3;4.793242389E-8;8.865581123E-4;2.106745666E-8;3.896636784E-4;8.446773785E-7;1.562315279E-2;8.029542229E-8;1.485144131E-3
8.020833333E-3;NaN;5.584985432E-4;1.373951350E-7;2.554513382E-3;5.110658096E-8;9.501969992E-4;2.389079549E-8;4.441886300E-4;6.650636440E-7;1.236516838E-2;7.139275259E-8;1.327366809E-3
8.041666667E-3;NaN;5.614036023E-4;1.278183080E-7;2.388817882E-3;5.176592306E-8;9.674620537E-4;2.761881161E-8;5.161726212E-4;5.288119956E-7;9.883056439E-3;6.318231226E-8;1.180824874E-3
8.062500000E-3;NaN;5.643161971E-4;1.142496414E-7;2.146308491E-3;4.942692429E-8;9.285405711E-4;3.195409682E-8;6.002937820E-4;4.625490617E-7;8.689506299E-3;5.794736145E-8;1.088606602E-3
8.083333333E-3;NaN;5.672363278E-4;9.769485454E-8;1.844805182E-3;4.483418120E-8;8.466190996E-4;3.609499445E-8;6.815940624E-4;4.795586490E-7;9.055669153E-3;5.651727414E-8;1.067234919E-3
8.104166667E-3;NaN;5.701639943E-4;8.132158667E-8;1.543548977E-3;3.974508937E-8;7.543936924E-4;3.892915067E-8;7.389065211E-4;5.802136687E-7;1.101292106E-2;5.829540481E-8;1.106493566E-3
8.125000000E-3;NaN;5.730991967E-4;6.876986588E-8;1.312026961E-3;3.634995526E-8;6.935031894E-4;3.948347230E-8;7.532860432E-4;7.513976199E-7;1.433555123E-2;6.191606132E-8;1.181266543E-3
8.145833333E-3;NaN;5.760419348E-4;6.290173132E-8;1.206233768E-3;3.647742002E-8;6.995085010E-4;3.739741357E-8;7.171507384E-4;9.652383539E-7;1.850987360E-2;6.602302846E-8;1.266089258E-3
8.166666667E-3;NaN;5.789922088E-4;6.508826028E-8;1.254556329E-3;4.086783143E-8;7.877149633E-4;3.315151759E-8;6.389853719E-4;1.180554471E-6;2.275482671E-2;6.974127714E-8;1.344241807E-3
8.187500000E-3;NaN;5.819500186E-4;7.484551448E-8;1.449994139E-3;4.881243006E-8;9.456510251E-4;2.793742046E-8;5.412361210E-4;1.350115218E-6;2.615599835E-2;7.265912755E-8;1.407636915E-3
8.208333333E-3;NaN;5.849153642E-4;8.996788269E-8;1.751843522E-3;5.834227798E-8;1.136033645E-3;2.325640008E-8;4.528457557E-4;1.433102760E-6;2.790520029E-2;7.446895350E-8;1.450050283E-3
8.229166667E-3;NaN;5.878882456E-4;1.070860025E-7;2.095763469E-3;6.694678221E-8;1.310205043E-3;2.043627625E-8;3.999551782E-4;1.407949474E-6;2.755475978E-2;7.465735255E-8;1.461107414E-3
8.250000000E-3;NaN;5.908686629E-4;1.222919738E-7;2.405490768E-3;7.256741213E-8;1.427405532E-3;2.023921843E-8;3.981066914E-4;1.279354863E-6;2.516499012E-2;7.259023398E-8;1.427854439E-3
8.270833333E-3;NaN;5.938566160E-4;1.319293103E-7;2.608180680E-3;7.439374512E-8;1.470729501E-3;2.265636376E-8;4.479057012E-4;1.075914630E-6;2.127032836E-2;6.793488990E-8;1.343040958E-3
8.291666667E-3;NaN;5.968521049E-4;1.338945507E-7;2.660384533E-3;7.301816069E-8;1.450816216E-3;2.691985725E-8;5.348774204E-4;8.396688870E-7;1.668359249E-2;6.100284040E-8;1.212080793E-3
8.312500000E-3;NaN;5.998551296E-4;1.289106960E-7;2.574246391E-3;6.984898461E-8;1.394829926E-3;3.172131593E-8;6.334500208E-4;6.127346692E-7;1.223583504E-2;5.267279345E-8;1.051834740E-3
8.333333333E-3;NaN;6.028656901E-4;1.204861626E-7;2.418090346E-3;6.617236729E-8;1.328042649E-3;3.559660608E-8;7.144041082E-4;4.267522522E-7;8.564680617E-3;4.399182486E-8;8.828914851E-4
8.354166667E-3;NaN;6.058837865E-4;1.131954698E-7;2.283143241E-3;6.249051868E-8;1.260428581E-3;3.738956118E-8;7.541443495E-4;2.982545862E-7;6.015770279E-3;3.579580650E-8;7.219984497E-4
8.375000000E-3;NaN;6.089094187E-4;1.104164329E-7;2.238211830E-3;5.853008940E-8;1.186442408E-3;3.663804313E-8;7.426766054E-4;2.294818256E-7;4.651743616E-3;2.855604876E-8;5.788494020E-4
8.395833333E-3;NaN;6.119425867E-4;1.128504812E-7;2.298946558E-3;5.381844065E-8;1.096368554E-3;3.370871161E-8;6.867008956E-4;2.120371572E-7;4.319539336E-3;2.245723581E-8;4.574901623E-4
8.416666667E-3;NaN;6.149832905E-4;1.182782825E-7;2.421492386E-3;4.839113444E-8;9.907039662E-4;2.958707715E-8;6.057315048E-4;2.310335731E-7;4.729913441E-3;1.757975878E-8;3.599075935E-4
8.437500000E-3;NaN;6.180315301E-4;1.225617746E-7;2.521624731E-3;4.320673869E-8;8.889491126E-4;2.541329424E-8;5.228611566E-4;2.688554706E-7;5.531517519E-3;1.401932368E-8;2.884380012E-4
8.458333333E-3;NaN;6.210873056E-4;1.217024386E-7;2.516324902E-3;4.004793929E-8;8.280329309E-4;2.201291175E-8;4.551399188E-4;3.088194787E-7;6.385164945E-3;1.183020220E-8;2.446017742E-4
8.479166667E-3;NaN;6.241506169E-4;1.139951924E-7;2.368594531E-3;4.095611347E-8;8.509869966E-4;1.966690199E-8;4.086393078E-4;3.390176492E-7;7.044115926E-3;1.089845766E-8;2.264483851E-4
8.500000000E-3;NaN;6.272214640E-4;1.008133746E-7;2.105008466E-3;4.745161125E-8;9.908015058E-4;1.820186079E-8;3.800594039E-4;3.557468918E-7;7.428084038E-3;1.093925840E-8;2.284144502E-4
8.520833333E-3;NaN;6.302998469E-4;8.557257339E-8;1.795546169E-3;5.981758068E-8;1.255136121E-3;1.727464163E-8;3.624691343E-4;3.650298902E-7;7.659323483E-3;1.164092161E-8;2.442583105E-4
8.541666667E-3;NaN;6.333857657E-4;7.187206159E-8;1.515455485E-3;7.666129782E-8;1.616438734E-3;1.663275778E-8;3.507093501E-4;3.808106590E-7;8.029567944E-3;1.279469537E-8;2.697820384E-4
8.562500000E-3;NaN;6.364792203E-4;6.201832579E-8;1.314071662E-3;9.492219018E-8;2.011253265E-3;1.619630900E-8;3.431745443E-4;4.195978308E-7;8.890624053E-3;1.428242337E-8;3.026222907E-4
8.583333333E-3;NaN;6.395802106E-4;5.634765535E-8;1.199735886E-3;1.104760272E-7;2.352219514E-3;1.595279446E-8;3.396616928E-4;4.930077321E-7;1.049695972E-2;1.596183398E-8;3.398541593E-4
8.604166667E-3;NaN;6.426887369E-4;5.335503377E-8;1.141539307E-3;1.193040503E-7;2.552528848E-3;1.579352949E-8;3.379050381E-4;6.012276141E-7;1.286335901E-2;1.758504526E-8;3.762347987E-4
8.625000000E-3;NaN;6.458047989E-4;5.067360696E-8;1.089426334E-3;1.188676898E-7;2.555523463E-3;1.545809445E-8;3.323318818E-4;7.305209001E-7;1.570538893E-2;1.884240890E-8;4.050908880E-4
8.645833333E-3;NaN;6.489283968E-4;4.648106041E-8;1.004124558E-3;1.090599698E-7;2.356008943E-3;1.464491825E-8;3.163723447E-4;8.563923210E-7;1.850053663E-2;1.948260386E-8;4.208802644E-4
8.666666667E-3;NaN;6.520595304E-4;4.036772565E-8;8.762667060E-4;9.221725479E-8;2.001770196E-3;1.319846580E-8;2.865005635E-4;9.515041940E-7;2.065440726E-2;1.939627468E-8;4.210370897E-4
8.687500000E-3;NaN;6.551981999E-4;3.316357378E-8;7.233505280E-4;7.217164866E-8;1.574178963E-3;1.121938660E-8;2.447127464E-4;9.952804522E-7;2.170865678E-2;1.862654495E-8;4.062747043E-4
8.708333333E-3;NaN;6.583444053E-4;2.623805369E-8;5.750419763E-4;5.286339132E-8;1.158571797E-3;9.021503291E-9;1.977182889E-4;9.812277610E-7;2.150491639E-2;1.735152174E-8;3.802817645E-4
8.729166667E-3;NaN;6.614981464E-4;2.092930608E-8;4.608910168E-4;3.718226016E-8;8.188025740E-4;6.979065226E-9;1.536882520E-4;9.188380120E-7;2.023402897E-2;1.587648411E-8;3.496211903E-4
8.750000000E-3;NaN;6.646594234E-4;1.817137059E-8;4.020699671E-4;2.643286565E-8;5.848684538E-4;5.365983884E-9;1.187307778E-4;8.292305616E-7;1.834802185E-2;1.464852358E-8;3.241214725E-4
8.770833333E-3;NaN;6.678282361E-4;1.821555695E-8;4.049692187E-4;2.044553541E-8;4.545462171E-4;4.282567795E-9;9.521027213E-5;7.365271789E-7;1.637451092E-2;1.432247790E-8;3.184180809E-4
8.791666667E-3;NaN;6.710045847E-4;2.058679236E-8;4.598635145E-4;1.810790945E-8;4.044907403E-4;3.706185549E-9;8.278800710E-5;6.588622375E-7;1.471752854E-2;1.584107628E-8;3.538546893E-4
8.812500000E-3;NaN;6.741884692E-4;2.438057928E-8;5.471924833E-4;1.799932143E-8;4.039729031E-4;3.618980089E-9;8.122361160E-5;6.028152119E-7;1.352945511E-2;2.038285602E-8;4.574684414E-4
8.833333333E-3;NaN;6.773798894E-4;2.866070499E-8;6.462996936E-4;1.887786818E-8;4.256964519E-4;4.114648488E-9;9.278543771E-5;5.632731263E-7;1.270182464E-2;2.899558511E-8;6.538512497E-4
8.854166667E-3;NaN;6.805788455E-4;3.277544648E-8;7.425776003E-4;1.998171269E-8;4.527160985E-4;5.429754740E-9;1.230193537E-4;5.281660114E-7;1.196640447E-2;4.194352961E-8;9.502944706E-4
8.875000000E-3;NaN;6.837853374E-4;3.662370296E-8;8.336750787E-4;2.123376737E-8;4.833498868E-4;7.932009056E-9;1.805584291E-4;4.854797570E-7;1.105110466E-2;5.810417053E-8;1.322640668E-3
8.895833333E-3;NaN;6.869993651E-4;4.080957620E-8;9.333256529E-4;2.337293215E-8;5.345450551E-4;1.207267100E-8;2.761051350E-4;4.291401705E-7;9.814547641E-3;7.488221033E-8;1.712575683E-3
8.916666667E-3;NaN;6.902209286E-4;4.632851057E-8;1.064513673E-3;2.781862627E-8;6.392026784E-4;1.823428074E-8;4.189783123E-4;3.613881598E-7;8.303798952E-3;8.886393582E-8;2.041871702E-3
8.937500000E-3;NaN;6.934500280E-4;5.381849237E-8;1.242400107E-3;3.610304724E-8;8.334389865E-4;2.644738349E-8;6.105379512E-4;2.912389680E-7;6.723252714E-3;9.700050357E-8;2.239257004E-3
8.958333333E-3;NaN;6.966866631E-4;6.291156755E-8;1.459092368E-3;4.896859792E-8;1.135716534E-3;3.613266004E-8;8.380158139E-4;2.303803275E-7;5.343153740E-3;9.777992508E-8;2.267785527E-3
8.979166667E-3;NaN;6.999308341E-4;7.216496475E-8;1.681497834E-3;6.556073191E-8;1.527614252E-3;4.612955160E-8;1.074853170E-3;1.885976647E-7;4.394467116E-3;9.178937765E-8;2.138761381E-3
9.000000000E-3;NaN;7.031825410E-4;7.962686737E-8;1.863985338E-3;8.319685898E-8;1.947555272E-3;5.508922859E-8;1.289583752E-3;1.703442941E-7;3.987589581E-3;8.132291512E-8;1.903688120E-3
9.020833333E-3;NaN;7.064417836E-4;8.370073222E-8;1.968432006E-3;9.796204278E-8;2.303822384E-3;6.203980067E-8;1.459021039E-3;1.734348580E-7;4.078754348E-3;6.927824639E-8;1.629251190E-3
9.041666667E-3;NaN;7.097085621E-4;8.384067035E-8;1.980840783E-3;1.060145390E-7;2.504726185E-3;6.676467934E-8;1.577399121E-3;1.900832970E-7;4.490955825E-3;5.806180513E-8;1.371782824E-3
9.062500000E-3;NaN;7.129828763E-4;8.066909782E-8;1.914701519E-3;1.050910717E-7;2.494363269E-3;6.972077638E-8;1.654840330E-3;2.098031595E-7;4.979731261E-3;4.911974170E-8;1.165869541E-3
9.083333333E-3;NaN;7.162647264E-4;7.546241061E-8;1.799363974E-3;9.547974688E-8;2.276667487E-3;7.151110424E-8;1.705147022E-3;2.230343422E-7;5.318143922E-3;4.306265138E-8;1.026807690E-3
9.104166667E-3;NaN;7.195541124E-4;6.943266902E-8;1.663190907E-3;7.990869724E-8;1.914133801E-3;7.225999671E-8;1.730916745E-3;2.241620487E-7;5.369580147E-3;3.995169323E-8;9.570032931E-4
9.125000000E-3;NaN;7.228510341E-4;6.333179537E-8;1.524001480E-3;6.240949798E-8;1.501807532E-3;7.137521792E-8;1.717556516E-3;2.127956656E-7;5.120665022E-3;3.944202513E-8;9.491236485E-4
9.145833333E-3;NaN;7.261554917E-4;5.754806415E-8;1.391153740E-3;4.677398358E-8;1.130703580E-3;6.794123724E-8;1.642395929E-3;1.928504465E-7;4.661922582E-3;4.077681651E-8;9.857294353E-4
9.166666667E-3;NaN;7.294674850E-4;5.241747413E-8;1.272907398E-3;3.534373724E-8;8.582882968E-4;6.148544870E-8;1.493114344E-3;1.699326080E-7;4.126648174E-3;4.278068117E-8;1.038887250E-3
9.187500000E-3;NaN;7.327870143E-4;4.843545267E-8;1.181560353E-3;2.856259755E-8;6.967712902E-4;5.254229748E-8;1.281744923E-3;1.484355129E-7;3.621015338E-3;4.406317136E-8;1.074900583E-3
9.208333333E-3;NaN;7.361140793E-4;4.627083545E-8;1.133880399E-3;2.531802366E-8;6.204255981E-4;4.261675647E-8;1.044336121E-3;1.299192631E-7;3.183709660E-3;4.352508406E-8;1.066594955E-3
9.229166667E-3;NaN;7.394486801E-4;4.674378093E-8;1.150659052E-3;2.379268999E-8;5.856880545E-4;3.364440374E-8;8.282008204E-4;1.134443241E-7;2.792579800E-3;4.096335730E-8;1.008366395E-3
9.250000000E-3;NaN;7.427908168E-4;5.098104101E-8;1.260636878E-3;2.238129904E-8;5.534349709E-4;2.734806078E-8;6.762508822E-4;9.722695736E-8;2.404185665E-3;3.733686156E-8;9.232495777E-4
9.270833333E-3;NaN;7.461404893E-4;6.083404797E-8;1.511061380E-3;2.028440539E-8;5.038458333E-4;2.481753503E-8;6.164445729E-4;8.030027916E-8;1.994584524E-3;3.441389073E-8;8.548091562E-4
9.291666667E-3;NaN;7.494976976E-4;7.914826398E-8;1.974815281E-3;1.766220082E-8;4.406866595E-4;2.636626206E-8;6.578602561E-4;6.318974739E-8;1.576636965E-3;3.396858417E-8;8.475445412E-4
9.312500000E-3;NaN;7.528624417E-4;1.091322326E-7;2.735164521E-3;1.551423625E-8;3.888309396E-4;3.155390576E-8;7.908307329E-4;4.744583022E-8;1.189127615E-3;3.698055711E-8;9.268380692E-4
9.333333333E-3;NaN;7.562347217E-4;1.524023178E-7;3.836745285E-3;1.549677320E-8;3.901329873E-4;3.925309822E-8;9.882011092E-4;3.462817924E-8;8.717682599E-4;4.322337204E-8;1.088153194E-3
9.354166667E-3;NaN;7.596145375E-4;2.065393565E-7;5.222889885E-3;1.979556836E-8;5.005829180E-4;4.776903205E-8;1.207965390E-3;2.560623254E-8;6.475208172E-4;5.141503147E-8;1.300164057E-3
9.375000000E-3;NaN;7.630018891E-4;2.639039227E-7;6.703262725E-3;3.098203927E-8;7.869558998E-4;5.515072952E-8;1.400850073E-3;2.069185593E-8;5.255812235E-4;5.993320054E-8;1.522326705E-3
9.395833333E-3;NaN;7.663967765E-4;3.129969753E-7;7.985619121E-3;5.171175801E-8;1.319343113E-3;5.977196451E-8;1.524986439E-3;2.049503496E-8;5.228981620E-4;6.782487654E-8;1.730443658E-3
9.416666667E-3;NaN;7.697991997E-4;3.421743671E-7;8.768790825E-3;8.411434147E-8;2.155570775E-3;6.096579858E-8;1.562350622E-3;2.703717449E-8;6.928728459E-4;7.555806058E-8;1.936301757E-3
9.437500000E-3;NaN;7.732091588E-4;3.441017336E-7;8.857244487E-3;1.288620085E-7;3.316932764E-3;5.929416169E-8;1.526243071E-3;4.474510900E-8;1.151747670E-3;8.499739973E-8;2.187849338E-3
9.458333333E-3;NaN;7.766266537E-4;3.187450181E-7;8.240820969E-3;1.841664686E-7;4.761432526E-3;5.618943649E-8;1.452719447E-3;8.106866104E-8;2.095945925E-3;9.850150741E-8;2.546654039E-3
9.479166667E-3;NaN;7.800516844E-4;2.732271165E-7;7.095156189E-3;2.452069792E-7;6.367529833E-3;5.315387664E-8;1.380298784E-3;1.463464587E-7;3.800321855E-3;1.176183161E-7;3.054310034E-3
9.500000000E-3;NaN;7.834842509E-4;2.185709643E-7;5.700822534E-3;3.044810734E-7;7.941551478E-3;5.101129619E-8;1.330489380E-3;2.524348414E-7;6.584068642E-3;1.420166143E-7;3.704112838E-3
9.520833333E-3;NaN;7.869243532E-4;1.652909721E-7;4.330089789E-3;3.532491098E-7;9.253986131E-3;4.965688525E-8;1.300850065E-3;4.098359080E-7;1.073637754E-2;1.691405888E-7;4.430937318E-3
9.541666667E-3;NaN;7.903719914E-4;1.203228521E-7;3.165879947E-3;3.837957654E-7;1.009825894E-2;4.840491364E-8;1.273607986E-3;6.237008437E-7;1.641053182E-2;1.947643931E-7;5.124551782E-3
9.562500000E-3;NaN;7.938271654E-4;8.641667619E-8;2.283696032E-3;3.918743932E-7;1.035589468E-2;4.667852973E-8;1.233553266E-3;8.898612772E-7;2.351597814E-2;2.143195834E-7;5.663730703E-3
9.583333333E-3;NaN;7.972898752E-4;6.332630295E-8;1.680796618E-3;3.785206436E-7;1.004663446E-2;4.459765744E-8;1.183703900E-3;1.192436811E-6;3.164946737E-2;2.245962709E-7;5.961198349E-3
9.604166667E-3;NaN;8.007601208E-4;4.940818650E-8;1.317092062E-3;3.503855614E-7;9.340355806E-3;4.309168318E-8;1.148710728E-3;1.504297127E-6;4.010059762E-2;2.252036474E-7;6.003335832E-3
9.625000000E-3;NaN;8.042379023E-4;4.267090073E-8;1.142434026E-3;3.180630632E-7;8.515547119E-3;4.343689995E-8;1.162942231E-3;1.790678681E-6;4.794209215E-2;2.191092410E-7;5.866242522E-3
9.645833333E-3;NaN;8.077232195E-4;4.108658524E-8;1.104784056E-3;2.925944382E-7;7.867620742E-3;4.646987831E-8;1.249536323E-3;2.015132967E-6;5.418524708E-2;2.117735052E-7;5.694413170E-3
9.666666667E-3;NaN;8.112160726E-4;4.249951357E-8;1.147718253E-3;2.813113847E-7;7.596938972E-3;5.192838293E-8;1.402349060E-3;2.146350403E-6;5.796314657E-2;2.089350537E-7;5.642383985E-3
9.687500000E-3;NaN;8.147164615E-4;4.472669526E-8;1.213076206E-3;2.848562950E-7;7.725864644E-3;5.831790081E-8;1.581696511E-3;2.164383107E-6;5.870233946E-2;2.139342068E-7;5.802317708E-3
9.708333333E-3;NaN;8.182243863E-4;4.614500132E-8;1.256932235E-3;2.970355769E-7;8.090878335E-3;6.339483330E-8;1.726796126E-3;2.065067891E-6;5.624987161E-2;2.260459618E-7;6.157209836E-3
9.729166667E-3;NaN;8.217398468E-4;4.643670482E-8;1.270312359E-3;3.078806391E-7;8.422315547E-3;6.504453290E-8;1.779344042E-3;1.861628465E-6;5.092630187E-2;2.410609803E-7;6.594411548E-3
9.750000000E-3;NaN;8.252628432E-4;4.680091590E-8;1.285764488E-3;3.085036097E-7;8.475538951E-3;6.213521403E-8;1.707044618E-3;1.582754498E-6;4.348311323E-2;2.540355114E-7;6.979133483E-3
9.770833333E-3;NaN;8.287933754E-4;4.939096699E-8;1.362726127E-3;2.951503456E-7;8.143373408E-3;5.493478864E-8;1.515683460E-3;1.267156442E-6;3.496159915E-2;2.624112301E-7;7.240081758E-3
9.791666667E-3;NaN;8.323314434E-4;5.627175903E-8;1.559199099E-3;2.702757564E-7;7.488902481E-3;4.491393652E-8;1.244492274E-3;9.557837757E-7;2.648321693E-2;2.672464140E-7;7.404964320E-3
9.812500000E-3;NaN;8.358770473E-4;6.835936199E-8;1.902195645E-3;2.403470598E-7;6.687995866E-3;3.408301462E-8;9.484079442E-4;6.839325320E-7;1.903138715E-2;2.716224861E-7;7.558278705E-3
9.833333333E-3;NaN;8.394301869E-4;8.464288195E-8;2.365319473E-3;2.120890139E-7;5.926762689E-3;2.424355417E-8;6.774787135E-4;4.756263313E-7;1.329123250E-2;2.774808278E-7;7.754116948E-3
9.854166667E-3;NaN;8.429908624E-4;1.020244429E-7;2.863135366E-3;1.895998271E-7;5.320783480E-3;1.650329893E-8;4.631358671E-4;3.415845897E-7;9.585966768E-3;2.833051407E-7;7.950457209E-3
9.875000000E-3;NaN;8.465590737E-4;1.161427573E-7;3.273137002E-3;1.737242373E-7;4.895899171E-3;1.118879727E-8;3.153228596E-4;2.803483733E-7;7.900782237E-3;2.843946098E-7;8.014813336E-3
9.895833333E-3;NaN;8.501348208E-4;1.230511461E-7;3.482476949E-3;1.633238888E-7;4.622237954E-3;8.085752056E-9;2.288352936E-4;2.808593478E-7;7.948615152E-3;2.756142682E-7;7.800173880E-3
9.916666667E-3;NaN;8.537181038E-4;1.208899913E-7;3.435734690E-3;1.569161859E-7;4.459611399E-3;6.804902437E-9;1.933976428E-4;3.250667432E-7;9.238507455E-3;2.547200886E-7;7.239231594E-3
9.937500000E-3;NaN;8.573089225E-4;1.105925703E-7;3.156298563E-3;1.533881103E-7;4.377678095E-3;7.056760399E-9;2.013990873E-4;3.904020973E-7;1.114202858E-2;2.239349952E-7;6.391077647E-3
9.958333333E-3;NaN;8.609072771E-4;9.533989430E-8;2.732409756E-3;1.516180709E-7;4.345323635E-3;8.701082932E-9;2.493701516E-4;4.530160359E-7;1.298328937E-2;1.887764788E-7;5.410271286E-3
9.979166667E-3;NaN;8.645131675E-4;7.921913493E-8;2.279903632E-3;1.499251074E-7;4.314800927E-3;1.160350767E-8;3.339455715E-4;4.923579543E-7;1.416991854E-2;1.552721511E-7;4.468687287E-3
1.000000000E-2;NaN;8.681265938E-4;6.583882042E-8;1.902741910E-3;1.464226070E-7;4.231613341E-3;1.545097016E-8;4.465330375E-4;4.962040978E-7;1.434029843E-2;1.277738161E-7;3.692663285E-3
1.002083333E-2;NaN;8.717475558E-4;5.747383300E-8;1.667921790E-3;1.403648366E-7;4.073463651E-3;1.967253697E-8;5.709076872E-4;4.639897465E-7;1.346523397E-2;1.085949441E-7;3.151484148E-3
1.004166667E-2;NaN;8.753760537E-4;5.489291811E-8;1.599652920E-3;1.333994448E-7;3.887437918E-3;2.352818254E-8;6.856426511E-4;4.064628571E-7;1.184487031E-2;9.879204759E-8;2.878932161E-3
1.006250000E-2;NaN;8.790120874E-4;5.760658180E-8;1.685705624E-3;1.293330469E-7;3.784592623E-3;2.633362650E-8;7.705845567E-4;3.414078007E-7;9.990404425E-3;9.866248917E-8;2.887099142E-3
1.008333333E-2;NaN;8.826556569E-4;6.413556884E-8;1.884538622E-3;1.321331044E-7;3.882556013E-3;2.770344468E-8;8.140289764E-4;2.872571028E-7;8.440668953E-3;1.073399861E-7;3.154043117E-3
1.010416667E-2;NaN;8.863067622E-4;7.219083343E-8;2.130006363E-3;1.433200902E-7;4.228690675E-3;2.766201707E-8;8.161738769E-4;2.573977839E-7;7.594578030E-3;1.220913359E-7;3.602331626E-3
1.012500000E-2;NaN;8.899654034E-4;7.899625230E-8;2.340423201E-3;1.604598204E-7;4.753945607E-3;2.653488547E-8;7.861494665E-4;2.572840562E-7;7.622558754E-3;1.382374447E-7;4.095562934E-3
1.014583333E-2;NaN;8.936315804E-4;8.201197313E-8;2.439779350E-3;1.777796149E-7;5.288776951E-3;2.469642456E-8;7.346954885E-4;2.847010031E-7;8.469588058E-3;1.502124209E-7;4.468678764E-3
1.016666667E-2;NaN;8.973052932E-4;7.989409235E-8;2.386545283E-3;1.886935808E-7;5.636534091E-3;2.236917071E-8;6.681975760E-4;3.321086408E-7;9.920537136E-3;1.535644184E-7;4.587178196E-3
1.018750000E-2;NaN;9.009865418E-4;7.316909278E-8;2.194627195E-3;1.888685143E-7;5.664905250E-3;1.961294123E-8;5.882687972E-4;3.895931352E-7;1.168542149E-2;1.468623672E-7;4.404976648E-3
1.020833333E-2;NaN;9.046753262E-4;6.413983817E-8;1.931680910E-3;1.781106369E-7;5.364106413E-3;1.647675228E-8;4.962255712E-4;4.474366188E-7;1.347531892E-2;1.322272673E-7;3.982250271E-3
1.022916667E-2;NaN;9.083716465E-4;5.605945116E-8;1.695224396E-3;1.600880852E-7;4.841025413E-3;1.316961276E-8;3.982459404E-4;4.980091252E-7;1.505967685E-2;1.140719273E-7;3.449507800E-3
1.025000000E-2;NaN;9.120755026E-4;5.211359934E-8;1.582328474E-3;1.403131147E-7;4.260335871E-3;1.012757627E-8;3.075042311E-4;5.368922039E-7;1.630169154E-2;9.699166039E-8;2.944963846E-3
1.027083333E-2;NaN;9.157868945E-4;5.469214299E-8;1.667378308E-3;1.238589994E-7;3.776041632E-3;7.962155402E-9;2.427391665E-4;5.630659632E-7;1.716597525E-2;8.416569460E-8;2.565927129E-3
1.029166667E-2;NaN;9.195058222E-4;6.505997810E-8;1.991513151E-3;1.140945465E-7;3.492481805E-3;7.354188644E-9;2.251147914E-4;5.780912752E-7;1.769561581E-2;7.691035169E-8;2.354258045E-3
1.031250000E-2;NaN;9.232322858E-4;8.315183677E-8;2.555627853E-3;1.126448025E-7;3.462078603E-3;8.966426402E-9;2.755783871E-4;5.846382372E-7;1.796854792E-2;7.513919026E-8;2.309363389E-3
1.033333333E-2;NaN;9.269662851E-4;1.073011386E-7;3.311181990E-3;1.198291689E-7;3.697781693E-3;1.338238449E-8;4.129640291E-4;5.854301355E-7;1.806565846E-2;7.816945113E-8;2.412213721E-3
1.035416667E-2;NaN;9.307078203E-4;1.340622204E-7;4.153694521E-3;1.348050205E-7;4.176708944E-3;2.097755955E-8;6.499547293E-4;5.838368222E-7;1.808921113E-2;8.532439457E-8;2.643634195E-3
1.037500000E-2;NaN;9.344568913E-4;1.585072916E-7;4.930867116E-3;1.553324248E-7;4.832102913E-3;3.164950832E-8;9.845573556E-4;5.866761525E-7;1.825040425E-2;9.598810422E-8;2.986011445E-3
1.039583333E-2;NaN;9.382134982E-4;1.752722504E-7;5.474312961E-3;1.777672801E-7;5.552240718E-3;4.448118427E-8;1.389289651E-3;6.081729442E-7;1.899518620E-2;1.092323171E-7;3.411674626E-3
1.041666667E-2;NaN;9.419776408E-4;1.801991947E-7;5.650777699E-3;1.979527110E-7;6.207501464E-3;5.761881130E-8;1.806839894E-3;6.723094866E-7;2.108262170E-2;1.236534569E-7;3.877587788E-3
1.043750000E-2;NaN;9.457493193E-4;1.719115287E-7;5.412473987E-3;2.129567769E-7;6.704745305E-3;6.861127043E-8;2.160161794E-3;8.100274529E-7;2.550295812E-2;1.379372558E-7;4.342825722E-3
1.045833333E-2;NaN;9.495285336E-4;1.524669475E-7;4.819461417E-3;2.225985248E-7;7.036311930E-3;7.518817475E-8;2.376688936E-3;1.049183101E-6;3.316454851E-2;1.517627544E-7;4.797201959E-3
1.047916667E-2;NaN;9.533152837E-4;1.266359696E-7;4.018911270E-3;2.294004649E-7;7.280238915E-3;7.613307897E-8;2.416154669E-3;1.399061421E-6;4.440052643E-2;1.660380202E-7;5.269372303E-3
1.050000000E-2;NaN;9.571095696E-4;1.001126227E-7;3.189813412E-3;2.366436385E-7;7.539998771E-3;7.178777585E-8;2.287320061E-3;1.835863341E-6;5.849473674E-2;1.819405497E-7;5.797035281E-3
1.052083333E-2;NaN;9.609113914E-4;7.757457944E-8;2.481518710E-3;2.458659339E-7;7.864959366E-3;6.388668255E-8;2.043659137E-3;2.297851289E-6;7.350553503E-2;1.994282901E-7;6.379474265E-3
1.054166667E-2;NaN;9.647207490E-4;6.148521993E-8;1.974636373E-3;2.558396142E-7;8.216449553E-3;5.478372032E-8;1.759413513E-3;2.696269361E-6;8.659238036E-2;2.164923403E-7;6.952787193E-3
1.056250000E-2;NaN;9.685376424E-4;5.204900260E-8;1.678199929E-3;2.639976913E-7;8.511996093E-3;4.648003394E-8;1.498641391E-3;2.940979351E-6;9.482508966E-2;2.299840125E-7;7.415303543E-3
1.058333333E-2;NaN;9.723620716E-4;4.811277237E-8;1.557410776E-3;2.693356198E-7;8.718395883E-3;3.996010206E-8;1.293508781E-3;2.971395774E-6;9.618410182E-2;2.378122899E-7;7.697985477E-3
1.060416667E-2;NaN;9.761940366E-4;4.836684841E-8;1.571805204E-3;2.744944160E-7;8.920402419E-3;3.513146197E-8;1.141687262E-3;2.778902637E-6;9.030759229E-2;2.412076988E-7;7.838664883E-3
1.062500000E-2;NaN;9.800335375E-4;5.211667030E-8;1.700326727E-3;2.851608466E-7;9.303484012E-3;3.129845929E-8;1.021124460E-3;2.409829763E-6;7.862163737E-2;2.452552635E-7;8.001548775E-3
1.064583333E-2;NaN;9.838805742E-4;5.920948320E-8;1.939315367E-3;3.067019230E-7;1.004554879E-2;2.780722958E-8;9.107829476E-4;1.947566084E-6;6.378952544E-2;2.567675690E-7;8.410025983E-3
1.066666667E-2;NaN;9.877351467E-4;6.931074540E-8;2.279060528E-3;3.399718321E-7;1.117887823E-2;2.446611876E-8;8.044894802E-4;1.482935609E-6;4.876155917E-2;2.803541290E-7;9.218542168E-3
1.068750000E-2;NaN;9.915972550E-4;8.112252979E-8;2.677882911E-3;3.790418851E-7;1.251230440E-2;2.155400293E-8;7.115051300E-4;1.087198704E-6;3.588880719E-2;3.150169829E-7;1.039882012E-2
1.070833333E-2;NaN;9.954668992E-4;9.218401857E-8;3.054901716E-3;4.125927757E-7;1.367298147E-2;1.950598465E-8;6.464121103E-4;7.988768423E-7;2.647411421E-2;3.534084636E-7;1.171166259E-2
1.072916667E-2;NaN;9.993440791E-4;9.946124312E-8;3.308900508E-3;4.284878605E-7;1.425503699E-2;1.853220914E-8;6.165339817E-4;6.264396190E-7;2.084054360E-2;3.843026764E-7;1.278507368E-2
1.075000000E-2;NaN;1.003228795E-3;1.004510692E-7;3.354820862E-3;4.191781034E-7;1.399952691E-2;1.842198863E-8;6.152495165E-4;5.599406969E-7;1.870065442E-2;3.970305651E-7;1.325985311E-2
1.077083333E-2;NaN;1.007121047E-3;9.422963830E-8;3.159249884E-3;3.852044209E-7;1.291480095E-2;1.862588357E-8;6.244725289E-4;5.817848037E-7;1.950557815E-2;3.856771519E-7;1.293065027E-2
1.079166667E-2;NaN;1.011020834E-3;8.189616077E-8;2.756375813E-3;3.352523188E-7;1.128357391E-2;1.855166080E-8;6.243925069E-4;6.706001877E-7;2.257036374E-2;3.511779251E-7;1.181958140E-2
1.081250000E-2;NaN;1.014928157E-3;6.619122126E-8;2.236405120E-3;2.830407349E-7;9.563107260E-3;1.788354899E-8;6.042320984E-4;7.993364527E-7;2.700720883E-2;3.007366941E-7;1.016100126E-2
1.083333333E-2;NaN;1.018843016E-3;5.053155532E-8;1.713897009E-3;2.428189124E-7;8.235776738E-3;1.676484030E-8;5.686191425E-4;9.335797055E-7;3.166456000E-2;2.453286391E-7;8.320900042E-3
1.085416667E-2;NaN;1.022765411E-3;3.796782763E-8;1.292726239E-3;2.255450361E-7;7.679343391E-3;1.576264236E-8;5.366854688E-4;1.035381476E-6;3.525260423E-2;1.966007420E-7;6.693849863E-3
1.087500000E-2;NaN;1.026695342E-3;3.048421058E-8;1.041912689E-3;2.368757638E-7;8.096121212E-3;1.563965059E-8;5.345439521E-4;1.072868546E-6;3.666932259E-2;1.640984594E-7;5.608682784E-3
1.089583333E-2;NaN;1.030632808E-3;2.876334439E-8;9.868658642E-4;2.767309415E-7;9.494595485E-3;1.704080290E-8;5.846672922E-4;1.030779789E-6;3.536589395E-2;1.531552004E-7;5.254731062E-3
1.091666667E-2;NaN;1.034577811E-3;3.227860598E-8;1.111713072E-3;3.395349867E-7;1.169398343E-2;2.021882433E-8;6.963600391E-4;9.157072525E-7;3.153803246E-2;1.636250947E-7;5.635440295E-3
1.093750000E-2;NaN;1.038530349E-3;3.954515895E-8;1.367185049E-3;4.146760055E-7;1.433649149E-2;2.488972427E-8;8.605063120E-4;7.528707778E-7;2.602881612E-2;1.897827519E-7;6.561312377E-3
1.095833333E-2;NaN;1.042490423E-3;4.845832548E-8;1.681726079E-3;4.876242551E-7;1.692279744E-2;3.025691301E-8;1.050053611E-3;5.762215534E-7;1.999752992E-2;2.217470289E-7;7.695638627E-3
1.097916667E-2;NaN;1.046458033E-3;5.673810685E-8;1.976566540E-3;5.424646131E-7;1.889765914E-2;3.520338051E-8;1.226368448E-3;4.171557304E-7;1.453231531E-2;2.484031036E-7;8.653536228E-3
1.100000000E-2;NaN;1.050433178E-3;6.246269631E-8;2.184258027E-3;5.659617357E-7;1.979111594E-2;3.861156697E-8;1.350207886E-3;2.970659605E-7;1.038809957E-2;2.611107561E-7;9.130782031E-3
1.102083333E-2;NaN;1.054415860E-3;6.456110820E-8;2.266197148E-3;5.519451257E-7;1.937414806E-2;3.972627674E-8;1.394455231E-3;2.260776831E-7;7.935684732E-3;2.567763497E-7;9.013256548E-3
1.104166667E-2;NaN;1.058406077E-3;6.307459864E-8;2.222396799E-3;5.038735599E-7;1.775369183E-2;3.844169178E-8;1.354470652E-3;2.067283044E-7;7.283951572E-3;2.387219282E-7;8.411228301E-3
1.106250000E-2;NaN;1.062403830E-3;5.908627968E-8;2.089734227E-3;4.337858899E-7;1.534192416E-2;3.539366832E-8;1.251785703E-3;2.393003965E-7;8.463457709E-3;2.148294250E-7;7.597980528E-3
1.108333333E-2;NaN;1.066409119E-3;5.435825715E-8;1.929763805E-3;3.576990236E-7;1.269861590E-2;3.178688457E-8;1.128461112E-3;3.255404190E-7;1.155695842E-2;1.939256047E-7;6.884521918E-3
1.110416667E-2;NaN;1.070421944E-3;5.078977958E-8;1.809864719E-3;2.896519741E-7;1.032158228E-2;2.897998044E-8;1.032685013E-3;4.687988540E-7;1.670537878E-2;1.822917761E-7;6.495863083E-3
1.112500000E-2;NaN;1.074442305E-3;4.985297423E-8;1.783154424E-3;2.373889087E-7;8.490989543E-3;2.797687073E-8;1.000684144E-3;6.703080260E-7;2.397575552E-2;1.818040981E-7;6.502817271E-3
1.114583333E-2;NaN;1.078470201E-3;5.222506963E-8;1.875002969E-3;2.014982480E-7;7.234261550E-3;2.904157257E-8;1.042660836E-3;9.230541523E-7;3.313981749E-2;1.901846407E-7;6.828076410E-3
1.116666667E-2;NaN;1.082505633E-3;5.786453022E-8;2.085246395E-3;1.777961133E-7;6.407184207E-3;3.162617974E-8;1.139702976E-3;1.206120132E-6;4.346458267E-2;2.029951116E-7;7.315272809E-3
1.118750000E-2;NaN;1.086548601E-3;6.658934390E-8;2.408622147E-3;1.611751391E-7;5.829911916E-3;3.466792839E-8;1.253983524E-3;1.483353676E-6;5.365480881E-2;2.164763930E-7;7.830229342E-3
1.120833333E-2;NaN;1.090599105E-3;7.878637987E-8;2.860428293E-3;1.487546012E-7;5.400703403E-3;3.712959395E-8;1.348031744E-3;1.709287543E-6;6.205761017E-2;2.298592962E-7;8.345300741E-3
1.122916667E-2;NaN;1.094657145E-3;9.560584267E-8;3.483993468E-3;1.408065884E-7;5.131163749E-3;3.851114711E-8;1.403393153E-3;1.842250716E-6;6.713386213E-2;2.458219188E-7;8.958050424E-3
1.125000000E-2;NaN;1.098722720E-3;1.182291073E-7;4.324414332E-3;1.393531084E-7;5.097057680E-3;3.905832526E-8;1.428619275E-3;1.860292045E-6;6.804308824E-2;2.685765048E-7;9.823605313E-3
1.127083333E-2;NaN;1.102795832E-3;1.464624819E-7;5.376953585E-3;1.456491359E-7;5.347093898E-3;3.954263642E-8;1.451695464E-3;1.772373910E-6;6.506766869E-2;3.004461401E-7;1.103002577E-2
1.129166667E-2;NaN;1.106876479E-3;1.775199897E-7;6.541256889E-3;1.582414123E-7;5.830879834E-3;4.072078992E-8;1.500479738E-3;1.617927099E-6;5.961738056E-2;3.387405922E-7;1.248191393E-2
1.131250000E-2;NaN;1.110964662E-3;2.059773150E-7;7.617885134E-3;1.727428017E-7;6.388736647E-3;4.279297750E-8;1.582659659E-3;1.452893731E-6;5.373396363E-2;3.748927738E-7;1.386507096E-2
1.133333333E-2;NaN;1.115060380E-3;2.253885628E-7;8.366523626E-3;1.835113333E-7;6.812022254E-3;4.518635810E-8;1.677337695E-3;1.327585850E-6;4.928057679E-2;3.970115960E-7;1.473724689E-2
1.135416667E-2;NaN;1.119163635E-3;2.310905295E-7;8.609749585E-3;1.864384577E-7;6.946145468E-3;4.680200401E-8;1.743704234E-3;1.266767760E-6;4.719601976E-2;3.951022258E-7;1.472034026E-2
1.137500000E-2;NaN;1.123274425E-3;2.227267723E-7;8.328620561E-3;1.814030346E-7;6.783365235E-3;4.658610776E-8;1.742035818E-3;1.262003537E-6;4.719122221E-2;3.661737737E-7;1.369266204E-2
1.139583333E-2;NaN;1.127392752E-3;2.048355816E-7;7.687682169E-3;1.729632557E-7;6.491482223E-3;4.411111080E-8;1.655533659E-3;1.280217651E-6;4.804783587E-2;3.161506578E-7;1.186544718E-2
1.141666667E-2;NaN;1.131518614E-3;1.848593786E-7;6.963345975E-3;1.689514035E-7;6.364118958E-3;3.986341321E-8;1.501588613E-3;1.283812907E-6;4.835910142E-2;2.575874207E-7;9.702890612E-3
1.143750000E-2;NaN;1.135652012E-3;1.696176308E-7;6.412554212E-3;1.777629337E-7;6.720495057E-3;3.509673824E-8;1.326865230E-3;1.251238651E-6;4.730425512E-2;2.048408204E-7;7.744200054E-3
1.145833333E-2;NaN;1.139792945E-3;1.622295839E-7;6.155605814E-3;2.053572094E-7;7.792031529E-3;3.129611494E-8;1.187493320E-3;1.186687791E-6;4.502743637E-2;1.692762535E-7;6.422983189E-3
1.147916667E-2;NaN;1.143941415E-3;1.610755524E-7;6.134062478E-3;2.526597704E-7;9.621763167E-3;2.951852139E-8;1.124121270E-3;1.114032700E-6;4.242447771E-2;1.562669270E-7;5.950940905E-3
1.150000000E-2;NaN;1.148097420E-3;1.611420236E-7;6.158888428E-3;3.141531205E-7;1.200701080E-2;2.997607006E-8;1.145692892E-3;1.059661433E-6;4.050052489E-2;1.646703381E-7;6.293741488E-3
1.152083333E-2;NaN;1.152260961E-3;1.568907227E-7;6.018148419E-3;3.786496915E-7;1.452456846E-2;3.211004014E-8;1.231704361E-3;1.035410082E-6;3.971714480E-2;1.887318282E-7;7.239536756E-3
1.154166667E-2;NaN;1.156432038E-3;1.450594201E-7;5.584455499E-3;4.325744936E-7;1.665312744E-2;3.505807893E-8;1.349655758E-3;1.032053532E-6;3.973169766E-2;2.215371768E-7;8.528674000E-3
1.156250000E-2;NaN;1.160610651E-3;1.259006511E-7;4.864400342E-3;4.646136930E-7;1.795119396E-2;3.816425078E-8;1.474545151E-3;1.026380681E-6;3.965608194E-2;2.582931335E-7;9.979624376E-3
1.158333333E-2;NaN;1.164796800E-3;1.024310211E-7;3.971883056E-3;4.696579898E-7;1.821153975E-2;4.124095186E-8;1.599166309E-3;9.961414507E-7;3.862655384E-2;2.976874502E-7;1.154318025E-2
1.160416667E-2;NaN;1.168990484E-3;7.859145961E-8;3.058448084E-3;4.502902685E-7;1.752339778E-2;4.454954363E-8;1.733680314E-3;9.326885053E-7;3.629630225E-2;3.406834983E-7;1.325796464E-2
1.162500000E-2;NaN;1.173191705E-3;5.761368382E-8;2.250139330E-3;4.151806026E-7;1.621514441E-2;4.864304590E-8;1.899785320E-3;8.436634926E-7;3.294981817E-2;3.875879114E-7;1.513749418E-2
1.164583333E-2;NaN;1.177400461E-3;4.127164710E-8;1.617673180E-3;3.752289503E-7;1.470738029E-2;5.418276818E-8;2.123734259E-3;7.454578570E-7;2.921878012E-2;4.354392558E-7;1.706736840E-2
1.166666667E-2;NaN;1.181616753E-3;2.995012001E-8;1.178121249E-3;3.394601374E-7;1.335304168E-2;6.175471684E-8;2.429190403E-3;6.519697894E-7;2.564595608E-2;4.778074819E-7;1.879508820E-2
1.168750000E-2;NaN;1.185840580E-3;2.315854808E-8;9.142235797E-4;3.127801444E-7;1.234753501E-2;7.161172851E-8;2.826996345E-3;5.676675634E-7;2.240965496E-2;5.076750851E-7;2.004134853E-2
1.170833333E-2;NaN;1.190071944E-3;2.010466779E-8;7.964983866E-4;2.961589313E-7;1.173310165E-2;8.330855089E-8;3.300483602E-3;4.886526520E-7;1.935923801E-2;5.215407214E-7;2.066218390E-2
1.172916667E-2;NaN;1.194310843E-3;2.003409461E-8;7.965295242E-4;2.881082238E-7;1.145480796E-2;9.539869135E-8;3.792927792E-3;4.091897526E-7;1.626885194E-2;5.214050669E-7;2.073038677E-2
1.175000000E-2;NaN;1.198557279E-3;2.231672390E-8;8.904386784E-4;2.861198788E-7;1.141620105E-2;1.055518575E-7;4.211525711E-3;3.279773437E-7;1.308631651E-2;5.127705702E-7;2.045957780E-2
1.177083333E-2;NaN;1.202811250E-3;2.656045413E-8;1.063525139E-3;2.878182066E-7;1.152472381E-2;1.113264363E-7;4.457697260E-3;2.499297149E-7;1.000760504E-2;5.002881188E-7;2.003237552E-2
1.179166667E-2;NaN;1.207072756E-3;3.286798345E-8;1.320752040E-3;2.922007762E-7;1.174166257E-2;1.113266844E-7;4.473500654E-3;1.833622284E-7;7.368144063E-3;4.848356997E-7;1.948241638E-2
1.181250000E-2;NaN;1.211341799E-3;4.194790647E-8;1.691577020E-3;3.006170933E-7;1.212258274E-2;1.060246429E-7;4.275513718E-3;1.355966210E-7;5.468023257E-3;4.644311915E-7;1.872849439E-2
1.183333333E-2;NaN;1.215618378E-3;5.465072505E-8;2.211607060E-3;3.164426631E-7;1.280581048E-2;9.762970158E-8;3.950881476E-3;1.102759252E-7;4.462649206E-3;4.379027947E-7;1.772106246E-2
1.185416667E-2;NaN;1.219902492E-3;7.101093904E-8;2.883800127E-3;3.428330772E-7;1.392267283E-2;8.899693902E-8;3.614223209E-3;1.075168204E-7;4.366327562E-3;4.078433128E-7;1.656278051E-2
1.187500000E-2;NaN;1.224194142E-3;8.943068366E-8;3.644614764E-3;3.793947564E-7;1.546167013E-2;8.222000560E-8;3.350754283E-3;1.259305353E-7;5.132112038E-3;3.800541313E-7;1.548854198E-2
1.189583333E-2;NaN;1.228493328E-3;1.066393561E-7;4.361190915E-3;4.198292057E-7;1.716960215E-2;7.777204170E-8;3.180614869E-3;1.652399650E-7;6.757758678E-3;3.597571154E-7;1.471285575E-2
1.191666667E-2;NaN;1.232800050E-3;1.185738157E-7;4.866270219E-3;4.526487596E-7;1.857670824E-2;7.469255034E-8;3.065382784E-3;2.292678163E-7;9.409152775E-3;3.477169923E-7;1.427030778E-2
1.193750000E-2;NaN;1.237114307E-3;1.218551431E-7;5.018436994E-3;4.654075049E-7;1.916716997E-2;7.163010585E-8;2.949987698E-3;3.293097657E-7;1.356217119E-2;3.395964698E-7;1.398581499E-2
1.195833333E-2;NaN;1.241436101E-3;1.152247464E-7;4.761950908E-3;4.504345829E-7;1.861533601E-2;6.797607652E-8;2.809281420E-3;4.862311927E-7;2.009472046E-2;3.291128557E-7;1.360141211E-2
1.197916667E-2;NaN;1.245765430E-3;1.001922449E-7;4.155135251E-3;4.086674607E-7;1.694810386E-2;6.428493929E-8;2.666000923E-3;7.277729533E-7;3.018192732E-2;3.123921748E-7;1.295541126E-2
1.200000000E-2;NaN;1.250102295E-3;8.047242666E-8;3.348940508E-3;3.493198897E-7;1.453729653E-2;6.174465175E-8;2.569565427E-3;1.078364991E-6;4.487723746E-2;2.900716945E-7;1.207162364E-2
1.202083333E-2;NaN;1.254446696E-3;6.054299372E-8;2.528313284E-3;2.859583892E-7;1.194180118E-2;6.116437979E-8;2.554262754E-3;1.543001554E-6;6.443670995E-2;2.658738525E-7;1.110305837E-2
1.204166667E-2;NaN;1.258798633E-3;4.413370908E-8;1.849445223E-3;2.315743376E-7;9.704238806E-3;6.224892485E-8;2.608572429E-3;2.092216693E-6;8.767539025E-2;2.433208565E-7;1.019648257E-2
1.206250000E-2;NaN;1.263158105E-3;3.328772357E-8;1.399769711E-3;1.951268456E-7;8.205206574E-3;6.363282240E-8;2.675800201E-3;2.657451392E-6;1.117475023E-1;2.234187081E-7;9.394897184E-3
1.208333333E-2;NaN;1.267525113E-3;2.818400287E-8;1.189252381E-3;1.802758927E-7;7.606922820E-3;6.360722766E-8;2.683971020E-3;3.142986919E-6;1.326214979E-1;2.047920627E-7;8.641407299E-3
1.210416667E-2;NaN;1.271899658E-3;2.759390327E-8;1.168371004E-3;1.856299179E-7;7.859874388E-3;6.104571599E-8;2.584775477E-3;3.452590731E-6;1.461883395E-1;1.855392138E-7;7.856033826E-3
1.212500000E-2;NaN;1.276281738E-3;2.969786966E-8;1.261788701E-3;2.055404870E-7;8.732904655E-3;5.596286729E-8;2.377723198E-3;3.520645777E-6;1.495834924E-1;1.649532738E-7;7.008454797E-3
1.214583333E-2;NaN;1.280671353E-3;3.291208544E-8;1.403162208E-3;2.311815370E-7;9.856111873E-3;4.939074878E-8;2.105707712E-3;3.334144304E-6;1.421467289E-1;1.438544266E-7;6.133038737E-3
1.216666667E-2;NaN;1.285068505E-3;3.642585533E-8;1.558299103E-3;2.523017697E-7;1.079347672E-2;4.270588403E-8;1.826958905E-3;2.936029508E-6;1.256034239E-1;1.236792210E-7;5.291000509E-3
1.218750000E-2;NaN;1.289473193E-3;4.031103602E-8;1.730418144E-3;2.598670649E-7;1.115522518E-2;3.688292742E-8;1.583260891E-3;2.409537937E-6;1.034334162E-1;1.054013408E-7;4.524527537E-3
1.220833333E-2;NaN;1.293885416E-3;4.519510208E-8;1.946713191E-3;2.488894139E-7;1.072054897E-2;3.213814437E-8;1.384303756E-3;1.851891722E-6;7.976753847E-2;8.918687856E-8;3.841594885E-3
1.222916667E-2;NaN;1.298305175E-3;5.163052064E-8;2.231506083E-3;2.200838949E-7;9.512175049E-3;2.808625420E-8;1.213906935E-3;1.349071301E-6;5.830777565E-2;7.480330276E-8;3.233049426E-3
1.225000000E-2;NaN;1.302732470E-3;5.944327932E-8;2.577939853E-3;1.794192239E-7;7.781064114E-3;2.420168830E-8;1.049580331E-3;9.603123281E-7;4.164688507E-2;6.219410194E-8;2.697237700E-3
1.227083333E-2;NaN;1.307167301E-3;6.745565766E-8;2.935380051E-3;1.357821209E-7;5.908653814E-3;2.022530908E-8;8.801184489E-4;7.144330752E-7;3.108905419E-2;5.169656694E-8;2.249612213E-3
1.229166667E-2;NaN;1.311609667E-3;7.384300968E-8;3.224250535E-3;9.800579028E-8;4.279284161E-3;1.627895125E-8;7.107973728E-4;6.140779622E-7;2.681284534E-2;4.380170369E-8;1.912539415E-3
1.231250000E-2;NaN;1.316059569E-3;7.697786153E-8;3.372532720E-3;7.268996982E-8;3.184672798E-3;1.269439637E-8;5.561633731E-4;6.421660050E-7;2.813439891E-2;3.876617494E-8;1.698412905E-3
1.233333333E-2;NaN;1.320517008E-3;7.626346918E-8;3.352550579E-3;6.355725187E-8;2.793983854E-3;9.764945676E-9;4.292680969E-4;7.669529590E-7;3.371533729E-2;3.648107211E-8;1.603711984E-3
1.235416667E-2;NaN;1.324981982E-3;7.243831314E-8;3.195163476E-3;7.202830922E-8;3.177078716E-3;7.625964948E-9;3.363717847E-4;9.458309399E-7;4.171942088E-2;3.676065038E-8;1.621466353E-3
1.237500000E-2;NaN;1.329454491E-3;6.718406570E-8;2.973408235E-3;9.798694435E-8;4.336670969E-3;6.307909378E-9;2.791731863E-4;1.130118783E-6;5.001639096E-2;3.973440924E-8;1.758551205E-3
1.239583333E-2;NaN;1.333934537E-3;6.229528319E-8;2.766333041E-3;1.399251466E-7;6.213625438E-3;5.857976633E-9;2.601338894E-4;1.272535855E-6;5.650922191E-2;4.595937038E-8;2.040907727E-3
1.241666667E-2;NaN;1.338422119E-3;5.888972555E-8;2.623900835E-3;1.944629400E-7;8.664524513E-3;6.397306862E-9;2.850395152E-4;1.336687854E-6;5.955769611E-2;5.605678116E-8;2.497675673E-3
1.243750000E-2;NaN;1.342917236E-3;5.707784051E-8;2.551711459E-3;2.558566917E-7;1.143828228E-2;8.060061545E-9;3.603316317E-4;1.305456739E-6;5.836150931E-2;7.004058574E-8;3.131221567E-3
1.245833333E-2;NaN;1.347419889E-3;5.620550980E-8;2.521138052E-3;3.161192655E-7;1.417975412E-2;1.084148690E-8;4.863025930E-4;1.184703452E-6;5.314071455E-2;8.670443575E-8;3.889189032E-3
1.247916667E-2;NaN;1.351930078E-3;5.545784860E-8;2.495927870E-3;3.660288609E-7;1.647344169E-2;1.444645368E-8;6.501749939E-4;1.000093434E-6;4.501005968E-2;1.034712056E-7;4.656810033E-3
1.250000000E-2;NaN;1.356447803E-3;5.445219617E-8;2.458856983E-3;3.969402407E-7;1.792433274E-2;1.824296613E-8;8.237839391E-4;7.879735355E-7;3.558192996E-2;1.169661238E-7;5.281751527E-3
1.252083333E-2;NaN;1.360973063E-3;5.348792190E-8;2.423371729E-3;4.029857734E-7;1.825803463E-2;2.139147825E-8;9.691814860E-4;5.838965793E-7;2.645454175E-2;1.242220259E-7;5.628114443E-3
1.254166667E-2;NaN;1.365505860E-3;5.334607971E-8;2.424995070E-3;3.829420983E-7;1.740770279E-2;2.312836880E-8;1.051364611E-3;4.132521601E-7;1.878553132E-2;1.239797205E-7;5.635844518E-3
1.256250000E-2;NaN;1.370046192E-3;5.477792668E-8;2.498363248E-3;3.409023062E-7;1.554819331E-2;2.306766157E-8;1.052091625E-3;2.870926663E-7;1.309399260E-2;1.173279672E-7;5.351204383E-3
1.258333333E-2;NaN;1.374594060E-3;5.799548978E-8;2.653893347E-3;2.852121803E-7;1.305140642E-2;2.135782131E-8;9.773411706E-4;2.036186466E-7;9.317658555E-3;1.071764574E-7;4.904431161E-3
1.260416667E-2;NaN;1.379149464E-3;6.248567291E-8;2.868841591E-3;2.259039841E-7;1.037170146E-2;1.862694895E-8;8.552002945E-4;1.534158267E-7;7.043625905E-3;9.677914134E-8;4.443322971E-3
1.262500000E-2;NaN;1.383712404E-3;6.731208901E-8;3.100656706E-3;1.716673513E-7;7.907666095E-3;1.576818167E-8;7.263437956E-4;1.255354355E-7;5.782650570E-3;8.821168535E-8;4.063373426E-3
1.264583333E-2;NaN;1.388282879E-3;7.180160238E-8;3.318385878E-3;1.276977641E-7;5.901685242E-3;1.366908748E-8;6.317311227E-4;1.120654059E-7;5.179219517E-3;8.173443365E-8;3.777442027E-3
1.266666667E-2;NaN;1.392860890E-3;7.619130307E-8;3.532872204E-3;9.528229845E-8;4.418091962E-3;1.296247113E-8;6.010496226E-4;1.100924999E-7;5.104817965E-3;7.631062424E-8;3.538404941E-3
1.268750000E-2;NaN;1.397446438E-3;8.170168375E-8;3.800852008E-3;7.301610284E-8;3.396789251E-3;1.386124207E-8;6.448401959E-4;1.213029256E-7;5.643145249E-3;7.075684988E-8;3.291686323E-3
1.270833333E-2;NaN;1.402039521E-3;8.980049442E-8;4.191348433E-3;5.872008242E-8;2.740701229E-3;1.611630716E-8;7.522125484E-4;1.499066783E-7;6.996744563E-3;6.468772288E-8;3.019234890E-3
1.272916667E-2;NaN;1.406640139E-3;1.009727767E-7;4.728268034E-3;5.105360692E-8;2.390695251E-3;1.911320649E-8;8.950171151E-4;1.996714587E-7;9.350046683E-3;5.873007346E-8;2.750162352E-3
1.275000000E-2;NaN;1.411248294E-3;1.137741545E-7;5.345173777E-3;5.026953934E-8;2.361691235E-3;2.207545696E-8;1.037117385E-3;2.707508074E-7;1.272002523E-2;5.408940694E-8;2.541150763E-3
1.277083333E-2;NaN;1.415863984E-3;1.249025255E-7;5.887183015E-3;5.813198931E-8;2.740005926E-3;2.432758044E-8;1.146661508E-3;3.572857207E-7;1.684038347E-2;5.199008750E-8;2.450512180E-3
1.279166667E-2;NaN;1.420487211E-3;1.304603152E-7;6.169223921E-3;7.709547331E-8;3.645700513E-3;2.551217726E-8;1.206423072E-3;4.471270074E-7;2.114379859E-2;5.339388399E-8;2.524896753E-3
1.281250000E-2;NaN;1.425117973E-3;1.278079180E-7;6.063499691E-3;1.088440695E-7;5.163811381E-3;2.565663479E-8;1.217209384E-3;5.246525485E-7;2.489071581E-2;5.897163672E-8;2.797749206E-3
1.283333333E-2;NaN;1.429756271E-3;1.170030982E-7;5.568960714E-3;1.524970033E-7;7.258353272E-3;2.503891295E-8;1.191769489E-3;5.762998532E-7;2.742996802E-2;6.897471915E-8;3.282968632E-3
1.285416667E-2;NaN;1.434402104E-3;1.010948543E-7;4.827416238E-3;2.032688676E-7;9.706363776E-3;2.394584259E-8;1.143446421E-3;5.965283525E-7;2.848503689E-2;8.279693228E-8;3.953665673E-3
1.287500000E-2;NaN;1.439055474E-3;8.522649295E-8;4.082883010E-3;2.526328088E-7;1.210269444E-2;2.250484935E-8;1.078123291E-3;5.908763143E-7;2.830667767E-2;9.850001423E-8;4.718767846E-3
1.289583333E-2;NaN;1.443716379E-3;7.506040689E-8;3.607510305E-3;2.905427877E-7;1.396390113E-2;2.070262818E-8;9.949978637E-4;5.736938830E-7;2.757254697E-2;1.128878051E-7;5.425549062E-3
1.291666667E-2;NaN;1.448384821E-3;7.512144769E-8;3.622118845E-3;3.090679001E-7;1.490227758E-2;1.855319728E-8;8.945765499E-4;5.609657169E-7;2.704799438E-2;1.224690605E-7;5.905071131E-3
1.293750000E-2;NaN;1.453060798E-3;8.742964076E-8;4.229190639E-3;3.056069027E-7;1.478297109E-2;1.625271525E-8;7.861845321E-4;5.618097044E-7;2.717614212E-2;1.249397277E-7;6.043647464E-3
1.295833333E-2;NaN;1.457744310E-3;1.106508450E-7;5.369710501E-3;2.837612260E-7;1.377048350E-2;1.417582103E-8;6.879301741E-4;5.735022976E-7;2.783115945E-2;1.202925907E-7;5.837609172E-3
1.297916667E-2;NaN;1.462435359E-3;1.400474217E-7;6.818150431E-3;2.512737143E-7;1.223315619E-2;1.269897237E-8;6.182441842E-4;5.830848960E-7;2.838724546E-2;1.108182308E-7;5.395139439E-3
1.300000000E-2;NaN;1.467133943E-3;1.684979131E-7;8.229606573E-3;2.163081941E-7;1.056470851E-2;1.198169817E-8;5.851981203E-4;5.747068517E-7;2.806925735E-2;1.000296200E-7;4.885546670E-3
1.302083333E-2;NaN;1.471840064E-3;1.885606499E-7;9.239031951E-3;1.843338928E-7;9.031930714E-3;1.188030431E-8;5.821071957E-4;5.383930725E-7;2.638000454E-2;9.129918567E-8;4.473447106E-3
1.304166667E-2;NaN;1.476553720E-3;1.949641510E-7;9.583381948E-3;1.572251019E-7;7.728334644E-3;1.205092484E-8;5.923582104E-4;4.752542894E-7;2.336092740E-2;8.703975193E-8;4.278402891E-3
1.306250000E-2;NaN;1.481274912E-3;1.864531865E-7;9.194333646E-3;1.344783510E-7;6.631363350E-3;1.215367575E-8;5.993190676E-4;3.966703899E-7;1.956051265E-2;8.856547126E-8;4.367318724E-3
1.308333333E-2;NaN;1.486003640E-3;1.659933485E-7;8.211553773E-3;1.151284487E-7;5.695309217E-3;1.201126649E-8;5.941874274E-4;3.188319848E-7;1.577235481E-2;9.613551773E-8;4.755744617E-3
1.310416667E-2;NaN;1.490739903E-3;1.391698235E-7;6.906559145E-3;9.895385484E-8;4.910767536E-3;1.165427140E-8;5.783647110E-4;2.564928785E-7;1.272893212E-2;1.088736467E-7;5.403055500E-3
1.312500000E-2;NaN;1.495483703E-3;1.116916740E-7;5.560543811E-3;8.656591961E-8;4.309664019E-3;1.126688937E-8;5.609194468E-4;2.193259075E-7;1.091908890E-2;1.248574793E-7;6.216000345E-3
1.314583333E-2;NaN;1.500235038E-3;8.738725431E-8;4.364376218E-3;7.889614292E-8;3.940305169E-3;1.108933514E-8;5.538339764E-4;2.115938188E-7;1.056761696E-2;1.417566569E-7;7.079743918E-3
1.316666667E-2;NaN;1.504993909E-3;6.760593054E-8;3.387149139E-3;7.667486585E-8;3.841515142E-3;1.132529263E-8;5.674125756E-4;2.332744897E-7;1.168736944E-2;1.577634785E-7;7.904165006E-3
1.318750000E-2;NaN;1.509760316E-3;5.194818210E-8;2.610917459E-3;8.016522544E-8;4.029107049E-3;1.210699264E-8;6.084978758E-4;2.804325109E-7;1.409454786E-2;1.721797661E-7;8.653761097E-3
1.320833333E-2;NaN;1.514534258E-3;3.950182125E-8;1.991640748E-3;8.915552390E-8;4.495128800E-3;1.353407187E-8;6.823738292E-4;3.444871902E-7;1.736868589E-2;1.853407157E-7;9.344686144E-3
1.322916667E-2;NaN;1.519315737E-3;2.971703687E-8;1.503032328E-3;1.032549675E-7;5.222443774E-3;1.574488456E-8;7.963469101E-4;4.121076575E-7;2.084363709E-2;1.980596770E-7;1.001748925E-2
1.325000000E-2;NaN;1.524104751E-3;2.258033494E-8;1.145671155E-3;1.223957752E-7;6.210063296E-3;1.894173494E-8;9.610574604E-4;4.677579861E-7;2.373290005E-2;2.109750852E-7;1.070436157E-2
1.327083333E-2;NaN;1.528901301E-3;1.834697191E-8;9.338102329E-4;1.471855583E-7;7.491338690E-3;2.332021388E-8;1.186934523E-3;4.990507744E-7;2.540030705E-2;2.241567558E-7;1.140896020E-2
1.329166667E-2;NaN;1.533705387E-3;1.732056086E-8;8.843387924E-4;1.785592806E-7;9.116731262E-3;2.890059209E-8;1.475582397E-3;5.024849330E-7;2.565545785E-2;2.371572905E-7;1.210857972E-2
1.331250000E-2;NaN;1.538517009E-3;1.994575762E-8;1.021568802E-3;2.165057688E-7;1.108885123E-2;3.530909042E-8;1.808437959E-3;4.860820292E-7;2.489583228E-2;2.491778582E-7;1.276222899E-2
1.333333333E-2;NaN;1.543336167E-3;2.708544172E-8;1.391589806E-3;2.583471127E-7;1.327330055E-2;4.165867834E-8;2.140330318E-3;4.668271016E-7;2.398453909E-2;2.588419863E-7;1.329872605E-2
1.335416667E-2;NaN;1.548162860E-3;4.006002617E-8;2.064632007E-3;2.978611771E-7;1.535130600E-2;4.669942544E-8;2.406816413E-3;4.639905089E-7;2.391335571E-2;2.637317231E-7;1.359232654E-2
1.337500000E-2;NaN;1.552997089E-3;6.015544913E-8;3.110000063E-3;3.266113614E-7;1.688560836E-2;4.925701244E-8;2.546557527E-3;4.918189568E-7;2.542674036E-2;2.606625146E-7;1.347609317E-2
1.339583333E-2;NaN;1.557838854E-3;8.767216158E-8;4.546728567E-3;3.375583839E-7;1.750597133E-2;4.872564337E-8;2.526939802E-3;5.551087759E-7;2.878825939E-2;2.472033642E-7;1.282010820E-2
1.341666667E-2;NaN;1.562688155E-3;1.209427838E-7;6.291686341E-3;3.291172123E-7;1.712133790E-2;4.531531511E-8;2.357393638E-3;6.492097734E-7;3.377319534E-2;2.235757724E-7;1.163086038E-2
1.343750000E-2;NaN;1.567544992E-3;1.559025177E-7;8.135568871E-3;3.071150723E-7;1.602639816E-2;3.993403406E-8;2.083905310E-3;7.634364770E-7;3.983893352E-2;1.934573215E-7;1.009531716E-2
1.345833333E-2;NaN;1.572409365E-3;1.866246815E-7;9.768985919E-3;2.832065657E-7;1.482462518E-2;3.382473983E-8;1.770577206E-3;8.856394580E-7;4.635935249E-2;1.630587132E-7;8.535410540E-3
1.347916667E-2;NaN;1.577281273E-3;2.068536562E-7;1.086143308E-2;2.702611135E-7;1.419081999E-2;2.815445896E-8;1.478329065E-3;1.005986696E-6;5.282216125E-2;1.389783776E-7;7.297450654E-3
1.350000000E-2;NaN;1.582160717E-3;2.120145804E-7;1.116686096E-2;2.767771205E-7;1.457792013E-2;2.371868369E-8;1.249269000E-3;1.119276959E-6;5.895259722E-2;1.258091473E-7;6.626399241E-3
1.352083333E-2;NaN;1.587047697E-3;2.008421794E-7;1.061108240E-2;3.029536314E-7;1.600593040E-2;2.084087263E-8;1.101084530E-3;1.225933840E-6;6.476968648E-2;1.244923747E-7;6.577297906E-3
1.354166667E-2;NaN;1.591942213E-3;1.758741241E-7;9.320603401E-3;3.403820817E-7;1.803884684E-2;1.945333969E-8;1.030946793E-3;1.331726267E-6;7.057600107E-2;1.321641624E-7;7.004155661E-3
1.356250000E-2;NaN;1.596844265E-3;1.425841052E-7;7.579637918E-3;3.755119806E-7;1.996186631E-2;1.926417217E-8;1.024065408E-3;1.445621337E-6;7.684788063E-2;1.434910427E-7;7.627849870E-3
1.358333333E-2;NaN;1.601753852E-3;1.075552342E-7;5.735114722E-3;3.950926199E-7;2.106732897E-2;1.989601760E-8;1.060905537E-3;1.575177495E-6;8.399241292E-2;1.525931317E-7;8.136648322E-3
1.360416667E-2;NaN;1.606670975E-3;7.653988889E-8;4.093827679E-3;3.910281887E-7;2.091461126E-2;2.097018484E-8;1.121615466E-3;1.720281698E-6;9.201132814E-2;1.546972523E-7;8.274167919E-3
1.362500000E-2;NaN;1.611595634E-3;5.324656091E-8;2.856685480E-3;3.627693235E-7;1.946262522E-2;2.216306063E-8;1.189051319E-3;1.867883439E-6;1.002122092E-1;1.473286358E-7;7.904202029E-3
1.364583333E-2;NaN;1.616527829E-3;3.923850163E-8;2.111593823E-3;3.165909665E-7;1.703713194E-2;2.323550944E-8;1.250403460E-3;1.991259976E-6;1.071583289E-1;1.310045157E-7;7.049920733E-3
1.366666667E-2;NaN;1.621467560E-3;3.468250085E-8;1.872119006E-3;2.622854524E-7;1.415784815E-2;2.399754347E-8;1.295358066E-3;2.055850439E-6;1.109722940E-1;1.089679100E-7;5.881954600E-3
1.368750000E-2;NaN;1.626414827E-3;3.931802274E-8;2.128814289E-3;2.090160918E-7;1.131685705E-2;2.423064618E-8;1.311931329E-3;2.030471872E-6;1.099367983E-1;8.579246223E-8;4.645101833E-3
1.370833333E-2;NaN;1.631369629E-3;5.298084269E-8;2.877305772E-3;1.625308513E-7;8.826793475E-3;2.367872223E-8;1.285953954E-3;1.899531194E-6;1.031605349E-1;6.569166167E-8;3.567610248E-3
1.372916667E-2;NaN;1.636331967E-3;7.537053855E-8;4.105705701E-3;1.248291653E-7;6.799895892E-3;2.217330629E-8;1.207860150E-3;1.670639634E-6;9.100578028E-2;5.152797390E-8;2.806915013E-3
1.375000000E-2;NaN;1.641301841E-3;1.052591872E-7;5.751263310E-3;9.551250242E-8;5.218713589E-3;1.980931106E-8;1.082362185E-3;1.373747025E-6;7.506024953E-2;4.464110473E-8;2.439148111E-3
1.377083333E-2;NaN;1.646279251E-3;1.397233166E-7;7.657502951E-3;7.335730259E-8;4.020329425E-3;1.699690154E-8;9.315111241E-4;1.052008293E-6;5.765506293E-2;4.500420217E-8;2.466444537E-3
1.379166667E-2;NaN;1.651264197E-3;1.740492137E-7;9.567608864E-3;5.730113686E-8;3.149884181E-3;1.432344505E-8;7.873699450E-4;7.486618065E-7;4.115447110E-2;5.140706762E-8;2.825883010E-3
1.381250000E-2;NaN;1.656256678E-3;2.025710866E-7;1.116914380E-2;4.667771647E-8;2.573665060E-3;1.231039163E-8;6.787569575E-4;4.956976378E-7;2.733123612E-2;6.157936679E-8;3.395296014E-3
1.383333333E-2;NaN;1.661256696E-3;2.201783451E-7;1.217660253E-2;4.080535637E-8;2.256673359E-3;1.120646416E-8;6.197551342E-4;3.085174022E-7;1.706204930E-2;7.233457959E-8;4.000345376E-3
1.385416667E-2;NaN;1.666264249E-3;2.239122459E-7;1.242042637E-2;3.853974228E-8;2.137801930E-3;1.091146431E-8;6.052596121E-4;1.872512796E-7;1.038684027E-2;8.011081874E-8;4.443752157E-3
1.387500000E-2;NaN;1.671279338E-3;2.140142800E-7;1.190711584E-2;3.844788785E-8;2.139125737E-3;1.107409938E-8;6.161298403E-4;1.223364236E-7;6.806433509E-3;8.217075204E-8;4.571735415E-3
1.389583333E-2;NaN;1.676301963E-3;1.939838641E-7;1.082511807E-2;3.943472878E-8;2.200624249E-3;1.132013763E-8;6.317114414E-4;1.006003256E-7;5.613922619E-3;7.785420344E-8;4.344593033E-3
1.391666667E-2;NaN;1.681332123E-3;1.695002985E-7;9.487215386E-3;4.099771346E-8;2.294710637E-3;1.147313198E-8;6.421703985E-4;1.090584638E-7;6.104184742E-3;6.889020178E-8;3.855899889E-3
1.393750000E-2;NaN;1.686369820E-3;1.465162842E-7;8.225333194E-3;4.293745321E-8;2.410481955E-3;1.162440318E-8;6.525867744E-4;1.358951083E-7;7.629066976E-3;5.863780707E-8;3.291890069E-3
1.395833333E-2;NaN;1.691415052E-3;1.292400637E-7;7.277163574E-3;4.517285411E-8;2.543563032E-3;1.206058432E-8;6.790993625E-4;1.701450245E-7;9.580412904E-3;5.102832187E-8;2.873268818E-3
1.397916667E-2;NaN;1.696467820E-3;1.188539277E-7;6.712339995E-3;4.795771544E-8;2.708437978E-3;1.317757510E-8;7.442106974E-4;2.019146573E-7;1.140323973E-2;4.967259882E-8;2.805286946E-3
1.400000000E-2;NaN;1.701528124E-3;1.135135530E-7;6.429861694E-3;5.198414840E-8;2.944590102E-3;1.540974341E-8;8.728695057E-4;2.236890795E-7;1.267064422E-2;5.698336740E-8;3.227765863E-3
1.402083333E-2;NaN;1.706595964E-3;1.095907080E-7;6.226144979E-3;5.797559685E-8;3.293750699E-3;1.910626349E-8;1.085478584E-3;2.318923304E-7;1.317443143E-2;7.344482875E-8;4.172599666E-3
1.404166667E-2;NaN;1.711671339E-3;1.035316047E-7;5.899403566E-3;6.622079303E-8;3.773371270E-3;2.430694496E-8;1.385050277E-3;2.274066227E-7;1.295800877E-2;9.762293884E-8;5.562717929E-3
1.406250000E-2;NaN;1.716754250E-3;9.344691501E-8;5.340573324E-3;7.658192504E-8;4.376724324E-3;3.054007147E-8;1.745391927E-3;2.144888831E-7;1.225822818E-2;1.270509355E-7;7.261072632E-3
1.408333333E-2;NaN;1.721844698E-3;7.970381330E-8;4.568649700E-3;8.876049936E-8;5.087782027E-3;3.682268848E-8;2.110689034E-3;1.985858463E-7;1.138300829E-2;1.592882179E-7;9.130454851E-3
1.410416667E-2;NaN;1.726942681E-3;6.437500309E-8;3.700922308E-3;1.023680441E-7;5.885144229E-3;4.192755201E-8;2.410417167E-3;1.842222449E-7;1.059094654E-2;1.924530272E-7;1.106413464E-2
1.412500000E-2;NaN;1.732048199E-3;5.000276419E-8;2.883160164E-3;1.167974866E-7;6.734544903E-3;4.481771681E-8;2.584190252E-3;1.739448804E-7;1.002966452E-2;2.250051506E-7;1.297380050E-2
1.414583333E-2;NaN;1.737161254E-3;3.848626287E-8;2.225669418E-3;1.310381359E-7;7.577965487E-3;4.504049404E-8;2.604702112E-3;1.684521315E-7;9.741625440E-3;2.548987491E-7;1.474085319E-2
1.416666667E-2;NaN;1.742281844E-3;3.065308578E-8;1.777900262E-3;1.434074242E-7;8.317730194E-3;4.288998429E-8;2.487648874E-3;1.672311420E-7;9.699522369E-3;2.785996795E-7;1.615897488E-2
1.418750000E-2;NaN;1.747409971E-3;2.653478179E-8;1.543565675E-3;1.514587037E-7;8.810566376E-3;3.922758431E-8;2.281923896E-3;1.690004884E-7;9.830996730E-3;2.910418038E-7;1.693031214E-2
1.420833333E-2;NaN;1.752545633E-3;2.592358904E-8;1.512443798E-3;1.526677940E-7;8.907001950E-3;3.505861292E-8;2.045402803E-3;1.719476524E-7;1.003183472E-2;2.873735871E-7;1.676605808E-2
1.422916667E-2;NaN;1.757688831E-3;2.873802465E-8;1.681565112E-3;1.458420053E-7;8.533739911E-3;3.112576186E-8;1.821280198E-3;1.741899937E-7;1.019248260E-2;2.657419009E-7;1.554951375E-2
1.425000000E-2;NaN;1.762839564E-3;3.504849658E-8;2.056823212E-3;1.321695718E-7;7.756379584E-3;2.775484643E-8;1.628794898E-3;1.745595185E-7;1.024403625E-2;2.290180932E-7;1.343994111E-2
1.427083333E-2;NaN;1.767997834E-3;4.498997211E-8;2.647964966E-3;1.151009328E-7;6.774470475E-3;2.496252220E-8;1.469213720E-3;1.731512938E-7;1.019112790E-2;1.841006150E-7;1.083556970E-2
1.429166667E-2;NaN;1.773163639E-3;5.890894928E-8;3.477321742E-3;9.935060747E-8;5.864542343E-3;2.265057794E-8;1.337035342E-3;1.710302927E-7;1.009570468E-2;1.393847445E-7;8.227707477E-3
1.431250000E-2;NaN;1.778336981E-3;7.783614984E-8;4.607975778E-3;8.959548493E-8;5.304139854E-3;2.073638211E-8;1.227613990E-3;1.690943667E-7;1.001055098E-2;1.019800606E-7;6.037318782E-3
1.433333333E-2;NaN;1.783517858E-3;1.038742795E-7;6.167373763E-3;8.901034861E-8;5.284850988E-3;1.921151049E-8;1.140653551E-3;1.668761802E-7;9.908013614E-3;7.585228209E-8;4.503611257E-3
1.435416667E-2;NaN;1.788706271E-3;1.397826207E-7;8.323519290E-3;9.802631326E-8;5.837091230E-3;1.820459307E-8;1.084013741E-3;1.622713049E-7;9.662634238E-3;6.145961932E-8;3.659684762E-3
1.437500000E-2;NaN;1.793902219E-3;1.873788325E-7;1.119010285E-2;1.142312463E-7;6.821791859E-3;1.807423582E-8;1.079377831E-3;1.526546297E-7;9.116403296E-3;5.697821424E-8;3.402689989E-3
1.439583333E-2;NaN;1.799105704E-3;2.452548323E-7;1.468889194E-2;1.337176171E-7;8.008664333E-3;1.944884405E-8;1.164837267E-3;1.367665416E-7;8.191271634E-3;6.034848636E-8;3.614413573E-3
1.441666667E-2;NaN;1.804316724E-3;3.071516041E-7;1.844931919E-2;1.528907559E-7;9.183511722E-3;2.303885942E-8;1.383848450E-3;1.160293238E-7;6.969398830E-3;7.066643172E-8;4.244638601E-3
1.443750000E-2;NaN;1.809535280E-3;3.623861355E-7;2.182998367E-2;1.696123610E-7;1.021737508E-2;2.920012131E-8;1.759002647E-3;9.431763895E-8;5.681653675E-3;8.803478244E-8;5.303177123E-3
1.445833333E-2;NaN;1.814761372E-3;3.987600598E-7;2.409050818E-2;1.835522868E-7;1.108904404E-2;3.748885706E-8;2.264834693E-3;7.641571847E-8;4.616544324E-3;1.125034785E-7;6.796733783E-3
1.447916667E-2;NaN;1.819995000E-3;4.069311039E-7;2.465504865E-2;1.961242953E-7;1.188273394E-2;4.656508874E-8;2.821274945E-3;6.621257110E-8;4.011672113E-3;1.433641953E-7;8.686117075E-3
1.450000000E-2;NaN;1.825236163E-3;3.842216024E-7;2.334616906E-2;2.099888646E-7;1.275939589E-2;5.460607249E-8;3.317987828E-3;6.549619248E-8;3.979696022E-3;1.794078593E-7;1.090122520E-2
1.452083333E-2;NaN;1.830484863E-3;3.359454480E-7;2.047150091E-2;2.279733378E-7;1.389200663E-2;6.002671382E-8;3.657846636E-3;7.359060315E-8;4.484389083E-3;2.197842526E-7;1.339298852E-2
1.454166667E-2;NaN;1.835741098E-3;2.735871474E-7;1.671944683E-2;2.517231360E-7;1.538329423E-2;6.210197189E-8;3.795173226E-3;8.767539275E-8;5.358015101E-3;2.645728982E-7;1.616856839E-2
1.456250000E-2;NaN;1.841004869E-3;2.108692221E-7;1.292358238E-2;2.805723483E-7;1.719549122E-2;6.112735486E-8;3.746323898E-3;1.035830977E-7;6.348317136E-3;3.141656352E-7;1.925432942E-2
1.458333333E-2;NaN;1.846276176E-3;1.596756524E-7;9.814092505E-3;3.108421900E-7;1.910519207E-2;5.803960042E-8;3.567269017E-3;1.168970025E-7;7.184802311E-3;3.672377545E-7;2.257141424E-2
1.460416667E-2;NaN;1.851555019E-3;1.273729669E-7;7.851066734E-3;3.359360683E-7;2.070656400E-2;5.377760938E-8;3.314766158E-3;1.241995456E-7;7.655462103E-3;4.184090326E-7;2.579006611E-2
1.462500000E-2;NaN;1.856841397E-3;1.159167967E-7;7.165326149E-3;3.480326435E-7;2.151342578E-2;4.887095225E-8;3.020928133E-3;1.243205193E-7;7.684797144E-3;4.578008591E-7;2.829868113E-2
1.464583333E-2;NaN;1.862135312E-3;1.223229847E-7;7.582878327E-3;3.414706037E-7;2.116797629E-2;4.353412754E-8;2.698707794E-3;1.191822531E-7;7.388182412E-3;4.740733727E-7;2.938810487E-2
1.466666667E-2;NaN;1.867436762E-3;1.400742821E-7;8.708013458E-3;3.161611091E-7;1.965482280E-2;3.808587292E-8;2.367688694E-3;1.136001098E-7;7.062190651E-3;4.599785356E-7;2.859553673E-2
1.468750000E-2;NaN;1.872745748E-3;1.612521443E-7;1.005307912E-2;2.787244064E-7;1.737675193E-2;3.322954422E-8;2.071657642E-3;1.136924910E-7;7.088027340E-3;4.170794826E-7;2.600233972E-2
1.470833333E-2;NaN;1.878062270E-3;1.790132273E-7;1.119205646E-2;2.407118539E-7;1.504950612E-2;2.990041508E-8;1.869398920E-3;1.244537311E-7;7.780951195E-3;3.564922051E-7;2.228819036E-2
1.472916667E-2;NaN;1.883386327E-3;1.895537895E-7;1.188465740E-2;2.153242539E-7;1.350041587E-2;2.878803674E-8;1.804954439E-3;1.478882708E-7;9.272309653E-3;2.951643695E-7;1.850623729E-2
1.475000000E-2;NaN;1.888717921E-3;1.927168910E-7;1.211718292E-2;2.141723435E-7;1.346620657E-2;2.990117051E-8;1.880052915E-3;1.830407449E-7;1.150878980E-2;2.499512417E-7;1.571582492E-2
1.477083333E-2;NaN;1.894057050E-3;1.910364342E-7;1.204547808E-2;2.444706406E-7;1.541468126E-2;3.249594221E-8;2.048976475E-3;2.281794706E-7;1.438746919E-2;2.322779457E-7;1.464589158E-2
1.479166667E-2;NaN;1.899403715E-3;1.878615386E-7;1.187872807E-2;3.065581512E-7;1.938406840E-2;3.542536718E-8;2.239991786E-3;2.838154378E-7;1.794601722E-2;2.451004325E-7;1.549801736E-2
1.481250000E-2;NaN;1.904757916E-3;1.856602438E-7;1.177262975E-2;3.923208566E-7;2.487688315E-2;3.769047809E-8;2.389935695E-3;3.542675458E-7;2.246394040E-2;2.826465157E-7;1.792248417E-2
1.483333333E-2;NaN;1.910119653E-3;1.854099007E-7;1.178984992E-2;4.856289750E-7;3.088018875E-2;3.882431193E-8;2.468761425E-3;4.458875000E-7;2.835310673E-2;3.327261882E-7;2.115740209E-2
1.485416667E-2;NaN;1.915488925E-3;1.870863696E-7;1.192989374E-2;5.656044990E-7;3.606677271E-2;3.888018525E-8;2.479263880E-3;5.620617486E-7;3.584086296E-2;3.807934678E-7;2.428196996E-2
1.487500000E-2;NaN;1.920865734E-3;1.903581292E-7;1.217259632E-2;6.125185069E-7;3.916796489E-2;3.812847926E-8;2.438154798E-3;6.977021122E-7;4.461509574E-2;4.144984134E-7;2.650541839E-2
1.489583333E-2;NaN;1.926250078E-3;1.945697407E-7;1.247678673E-2;6.145961828E-7;3.941098689E-2;3.678072749E-8;2.358564549E-3;8.370812436E-7;5.367784383E-2;4.272442477E-7;2.739704202E-2
1.491666667E-2;NaN;1.931641958E-3;1.981015344E-7;1.273882149E-2;5.726471457E-7;3.682379236E-2;3.493705886E-8;2.246610344E-3;9.572288397E-7;6.155412857E-2;4.195071144E-7;2.697619815E-2
1.493750000E-2;NaN;1.937041374E-3;1.981157522E-7;1.277534647E-2;4.996722486E-7;3.222099215E-2;3.267924483E-8;2.107296721E-3;1.035670891E-6;6.678446470E-2;3.973067742E-7;2.562003091E-2
1.495833333E-2;NaN;1.942448325E-3;1.914012893E-7;1.237682115E-2;4.152879679E-7;2.685428570E-2;3.012388652E-8;1.947938581E-3;1.058542431E-6;6.844985426E-2;3.684829237E-7;2.382767254E-2
1.497916667E-2;NaN;1.947862813E-3;1.759699138E-7;1.141068115E-2;3.380934643E-7;2.192350179E-2;2.738168122E-8;1.775551440E-3;1.024949150E-6;6.646231562E-2;3.387647635E-7;2.196703185E-2
1.500000000E-2;NaN;1.953284836E-3;1.523762965E-7;9.908268677E-3;2.799954124E-7;1.820670169E-2;2.450343823E-8;1.593336071E-3;9.458023425E-7;6.150079732E-2;3.099765532E-7;2.015622537E-2
1.502083333E-2;NaN;1.958714395E-3;1.239113205E-7;8.079730639E-3;2.445400913E-7;1.594542016E-2;2.149496322E-8;1.401595207E-3;8.384767527E-7;5.467350588E-2;2.812438077E-7;1.833871353E-2
1.504166667E-2;NaN;1.964151490E-3;9.547278958E-8;6.242655590E-3;2.287109595E-7;1.495466673E-2;1.840253240E-8;1.203281817E-3;7.205843183E-7;4.711666793E-2;2.517433072E-7;1.646067713E-2
1.506250000E-2;NaN;1.969596121E-3;7.166705969E-8;4.699066050E-3;2.263524070E-7;1.484147551E-2;1.541118304E-8;1.010480510E-3;6.059403878E-7;3.973030172E-2;2.225113429E-7;1.458962460E-2
1.508333333E-2;NaN;1.975048287E-3;5.516937678E-8;3.627359321E-3;2.314529247E-7;1.521791568E-2;1.286770592E-8;8.460453199E-4;5.037589327E-7;3.312190144E-2;1.961055247E-7;1.289384156E-2
1.510416667E-2;NaN;1.980507990E-3;4.622737124E-8;3.047828872E-3;2.400947857E-7;1.582975195E-2;1.115908015E-8;7.357322239E-4;4.199480689E-7;2.768770567E-2;1.749555339E-7;1.153503894E-2
1.512500000E-2;NaN;1.985975228E-3;4.337634343E-8;2.867751715E-3;2.505648477E-7;1.656566033E-2;1.048998457E-8;6.935271365E-4;3.584385671E-7;2.369754420E-2;1.599242140E-7;1.057311204E-2
1.514583333E-2;NaN;1.991450002E-3;4.460213629E-8;2.956921875E-3;2.620536326E-7;1.737298217E-2;1.071698715E-8;7.104882497E-4;3.211975084E-7;2.129395625E-2;1.497999483E-7;9.931065658E-3
1.516666667E-2;NaN;1.996932312E-3;4.821756909E-8;3.205408898E-3;2.731435237E-7;1.815804276E-2;1.138929292E-8;7.571377312E-4;3.070852639E-7;2.041442270E-2;1.417753810E-7;9.424947717E-3
1.518750000E-2;NaN;2.002422158E-3;5.332190877E-8;3.554480305E-3;2.814039969E-7;1.875861138E-2;1.198177916E-8;7.987148062E-4;3.108258465E-7;2.071989497E-2;1.326943591E-7;8.845510161E-3
1.520833333E-2;NaN;2.007919539E-3;6.009253937E-8;4.016813286E-3;2.844319856E-7;1.901251288E-2;1.214752910E-8;8.119869257E-4;3.233958719E-7;2.161700685E-2;1.205084447E-7;8.055241583E-3
1.522916667E-2;NaN;2.013424456E-3;6.992941870E-8;4.687162820E-3;2.814359178E-7;1.886382004E-2;1.182426195E-8;7.925454269E-4;3.343396427E-7;2.240980079E-2;1.050640146E-7;7.042131226E-3
1.525000000E-2;NaN;2.018936910E-3;8.528183640E-8;5.731840196E-3;2.740075652E-7;1.841620258E-2;1.116124339E-8;7.501534467E-4;3.353172378E-7;2.253686017E-2;8.785202067E-8;5.904583726E-3
1.527083333E-2;NaN;2.024456899E-3;1.089808486E-7;7.344690549E-3;2.652896005E-7;1.787901312E-2;1.036076283E-8;6.982566003E-4;3.231833620E-7;2.178072400E-2;7.122511209E-8;4.800168235E-3
1.529166667E-2;NaN;2.029984423E-3;1.430338004E-7;9.665986090E-3;2.578536736E-7;1.742532195E-2;9.544914996E-9;6.450294638E-4;3.007859529E-7;2.032661391E-2;5.772674108E-8;3.901077051E-3
1.531250000E-2;NaN;2.035519484E-3;1.870405475E-7;1.267435337E-2;2.515814554E-7;1.704781294E-2;8.715564627E-9;5.905892992E-4;2.748069398E-7;1.862163210E-2;4.957253842E-8;3.359163976E-3
1.533333333E-2;NaN;2.041062080E-3;2.368140292E-7;1.609082916E-2;2.431780157E-7;1.652324365E-2;7.801522156E-9;5.300908928E-4;2.517585324E-7;1.710626497E-2;4.811403161E-8;3.269209452E-3
1.535416667E-2;NaN;2.046612213E-3;2.842512755E-7;1.936657249E-2;2.280199927E-7;1.553542974E-2;6.748719556E-9;4.598029201E-4;2.344547672E-7;1.597384300E-2;5.346426725E-8;3.642620796E-3
1.537500000E-2;NaN;2.052169881E-3;3.191958428E-7;2.180646748E-2;2.032155781E-7;1.388305642E-2;5.585863769E-9;3.816088441E-4;2.209729572E-7;1.509618535E-2;6.451508730E-8;4.407470163E-3
1.539583333E-2;NaN;2.057735085E-3;3.328726616E-7;2.280249522E-2;1.696497245E-7;1.162137201E-2;4.420155333E-9;3.027901732E-4;2.064734756E-7;1.414387838E-2;7.907958521E-8;5.417122137E-3
1.541666667E-2;NaN;2.063307824E-3;3.213095001E-7;2.207000207E-2;1.316489277E-7;9.042658579E-3;3.373260888E-9;2.317014428E-4;1.865012196E-7;1.281033490E-2;9.392924394E-8;6.451781250E-3
1.543750000E-2;NaN;2.068888100E-3;2.869887599E-7;1.976590354E-2;9.488092323E-8;6.534775706E-3;2.518065091E-9;1.734278085E-4;1.597007244E-7;1.099913849E-2;1.051885012E-7;7.244694077E-3
1.545833333E-2;NaN;2.074475911E-3;2.378615844E-7;1.642659259E-2;6.413658421E-8;4.429237876E-3;1.861462149E-9;1.285515710E-4;1.285084808E-7;8.874726295E-3;1.096261549E-7;7.570723065E-3
1.547916667E-2;NaN;2.080071259E-3;1.842722959E-7;1.276006958E-2;4.210087800E-8;2.915306014E-3;1.372640691E-9;9.504950613E-5;9.781453030E-8;6.773238516E-3;1.062603762E-7;7.358077277E-3
1.550000000E-2;NaN;2.085674142E-3;1.353511123E-7;9.397732270E-3;2.920703408E-8;2.027910092E-3;1.020694568E-9;7.086912043E-5;7.274237050E-8;5.050666454E-3;9.702922334E-8;6.736957292E-3
1.552083333E-2;NaN;2.091284560E-3;9.657773883E-8;6.723647654E-3;2.423803395E-8;1.687428201E-3;7.908999217E-10;5.506167847E-5;5.693236637E-8;3.963575625E-3;8.616700428E-8;5.998862504E-3
1.554166667E-2;NaN;2.096902515E-3;6.936690002E-8;4.842228834E-3;2.527403357E-8;1.764280284E-3;6.786170044E-10;4.737156806E-5;5.195969497E-8;3.627100722E-3;7.906355691E-8;5.519114085E-3
1.556250000E-2;NaN;2.102528005E-3;5.226642830E-8;3.658300654E-3;3.057708528E-8;2.140191605E-3;6.768221239E-10;4.737302507E-5;5.758148167E-8;4.030318866E-3;8.130849625E-8;5.691051304E-3
1.558333333E-2;NaN;2.108161032E-3;4.260900061E-8;2.990335466E-3;3.903483262E-8;2.739497354E-3;7.679043132E-10;5.389216995E-5;7.228941631E-8;5.073331980E-3;9.787788008E-8;6.869151868E-3
1.560416667E-2;NaN;2.113801594E-3;3.767085114E-8;2.650845621E-3;5.014996252E-8;3.528983406E-3;9.273794966E-10;6.525841077E-5;9.407902138E-8;6.620210436E-3;1.320777865E-7;9.294130911E-3
1.562500000E-2;NaN;2.119449692E-3;3.520929290E-8;2.484249426E-3;6.380361518E-8;4.501768747E-3;1.138098591E-9;8.030041328E-5;1.216744078E-7;8.584937467E-3;1.841177804E-7;1.299073207E-2
1.564583333E-2;NaN;2.125105326E-3;3.367893503E-8;2.382613467E-3;8.002247680E-8;5.661183487E-3;1.407795204E-9;9.959435503E-5;1.561024339E-7;1.104345375E-2;2.496391023E-7;1.766069760E-2
1.566666667E-2;NaN;2.130768495E-3;3.231695506E-8;2.292352937E-3;9.900122387E-8;7.022497813E-3;1.770615350E-9;1.255958456E-4;2.017673819E-7;1.431205538E-2;3.191080843E-7;2.263543557E-2
1.568750000E-2;NaN;2.136439201E-3;3.105521543E-8;2.208715946E-3;1.216354756E-7;8.650985378E-3;2.266195827E-9;1.611768842E-4;2.656678197E-7;1.889488583E-2;3.793064338E-7;2.697711664E-2
1.570833333E-2;NaN;2.142117442E-3;3.026063333E-8;2.157923641E-3;1.504803068E-7;1.073093904E-2;2.925449291E-9;2.086174509E-4;3.540243113E-7;2.524591679E-2;4.173823403E-7;2.976405714E-2
1.572916667E-2;NaN;2.147803219E-3;3.046006128E-8;2.177910577E-3;1.902349220E-7;1.360189807E-2;3.781428387E-9;2.703741402E-4;4.671917706E-7;3.340446000E-2;4.260522472E-7;3.046296220E-2
1.575000000E-2;NaN;2.153496532E-3;3.213733142E-8;2.303927298E-3;2.463880488E-7;1.766357462E-2;4.892076261E-9;3.507132529E-4;5.954833422E-7;4.269023802E-2;4.069952400E-7;2.917751419E-2
1.577083333E-2;NaN;2.159197380E-3;3.560788390E-8;2.559489147E-3;3.217004059E-7;2.312377505E-2;6.325833776E-9;4.546999462E-4;7.190471015E-7;5.168499362E-2;3.700825442E-7;2.660147561E-2
1.579166667E-2;NaN;2.164905765E-3;4.096133989E-8;2.952078717E-3;4.121010169E-7;2.970006949E-2;8.099052737E-9;5.836977324E-4;8.133514436E-7;5.861813828E-2;3.286899887E-7;2.368864697E-2
1.581250000E-2;NaN;2.170621685E-3;4.807663310E-8;3.474025208E-3;5.047900470E-7;3.647620964E-2;1.010262698E-8;7.300174435E-4;8.586676181E-7;6.204745961E-2;2.939727883E-7;2.124252076E-2
1.583333333E-2;NaN;2.176345141E-3;5.663739221E-8;4.103418397E-3;5.806023264E-7;4.206504175E-2;1.207396656E-8;8.747672619E-4;8.490480075E-7;6.151411776E-2;2.714292255E-7;1.966523588E-2
1.585416667E-2;NaN;2.182076133E-3;6.613433957E-8;4.804096279E-3;6.203250510E-7;4.506132954E-2;1.364393739E-8;9.911157998E-4;7.956786187E-7;5.779927215E-2;2.611091235E-7;1.896735307E-2
1.587500000E-2;NaN;2.187814661E-3;7.606966201E-8;5.540344847E-3;6.122182473E-7;4.458939506E-2;1.446316893E-8;1.053388977E-3;7.220995974E-7;5.259233021E-2;2.602458869E-7;1.895436262E-2
1.589583333E-2;NaN;2.193560725E-3;8.655331510E-8;6.320452189E-3;5.570065963E-7;4.067473969E-2;1.436779222E-8;1.049190822E-3;6.533521672E-7;4.771025963E-2;2.658335742E-7;1.941217843E-2
1.591666667E-2;NaN;2.199314324E-3;9.888960660E-8;7.240236197E-3;4.677379623E-7;3.424559407E-2;1.349007920E-8;9.876807391E-4;6.047841643E-7;4.427947838E-2;2.753629683E-7;2.016079342E-2
1.593750000E-2;NaN;2.205075459E-3;1.153535919E-7;8.467775989E-3;3.645981054E-7;2.676410012E-2;1.223246340E-8;8.979500179E-4;5.765028690E-7;4.231942042E-2;2.858180282E-7;2.098108084E-2
1.595833333E-2;NaN;2.210844130E-3;1.377691971E-7;1.013969833E-2;2.674477304E-7;1.968393055E-2;1.110429717E-8;8.172670372E-4;5.560676414E-7;4.092611598E-2;2.926907358E-7;2.154179476E-2
1.597916667E-2;NaN;2.216620337E-3;1.656131573E-7;1.222083647E-2;1.897974002E-7;1.400542703E-2;1.051424912E-8;7.758617803E-4;5.272209096E-7;3.890440001E-2;2.907035044E-7;2.145143566E-2
1.600000000E-2;NaN;2.222404080E-3;1.949820330E-7;1.442555073E-2;1.364868332E-7;1.009784187E-2;1.061528158E-8;7.853609920E-4;4.792397443E-7;3.545607324E-2;2.761785576E-7;2.043279440E-2
1.602083333E-2;NaN;2.228195359E-3;2.193342052E-7;1.626950774E-2;1.049988890E-7;7.788480763E-3;1.125221922E-8;8.346535255E-4;4.117863824E-7;3.054499288E-2;2.491841338E-7;1.848367969E-2
1.604166667E-2;NaN;2.233994173E-3;2.318847963E-7;1.724523406E-2;8.883014952E-8;6.606283569E-3;1.202456522E-8;8.942649325E-4;3.334491766E-7;2.479856027E-2;2.136765848E-7;1.589109237E-2
1.606250000E-2;NaN;2.239800523E-3;2.285481268E-7;1.704126344E-2;8.115375860E-8;6.051078164E-3;1.245091350E-8;9.283790680E-4;2.560958109E-7;1.909530496E-2;1.756024242E-7;1.309346619E-2
1.608333333E-2;NaN;2.245614409E-3;2.098752742E-7;1.568957737E-2;7.747193441E-8;5.791544115E-3;1.216802061E-8;9.096407454E-4;1.891861233E-7;1.414292527E-2;1.404391198E-7;1.049876144E-2
1.610416667E-2;NaN;2.251435831E-3;1.809459986E-7;1.356198749E-2;7.667936858E-8;5.747154652E-3;1.106731039E-8;8.295001067E-4;1.371975064E-7;1.028301747E-2;1.116984914E-7;8.371854336E-3
1.612500000E-2;NaN;2.257264789E-3;1.493469413E-7;1.122260356E-2;8.071756247E-8;6.065482134E-3;9.315864433E-9;7.000361205E-4;1.007514349E-7;7.570917778E-3;9.095364913E-8;6.834667908E-3
1.614583333E-2;NaN;2.263101282E-3;1.224045792E-7;9.221815696E-3;9.348802432E-8;7.043276776E-3;7.278346131E-9;5.483419576E-4;7.976513267E-8;6.009410409E-3;7.889046285E-8;5.943513823E-3
1.616666667E-2;NaN;2.268945311E-3;1.050581805E-7;7.935397487E-3;1.193389460E-7;9.014071704E-3;5.395116684E-9;4.075112967E-4;7.638026782E-8;5.769258351E-3;7.623516400E-8;5.758298172E-3
1.618750000E-2;NaN;2.274796876E-3;9.923447588E-8;7.514844283E-3;1.610264791E-7;1.219423900E-2;4.057027770E-9;3.072312487E-4;9.629724748E-8;7.292413380E-3;8.366463406E-8;6.335768808E-3
1.620833333E-2;NaN;2.280655977E-3;1.047106748E-7;7.949970561E-3;2.173803153E-7;1.650421135E-2;3.524499939E-9;2.675913493E-4;1.483007098E-7;1.125946595E-2;1.009781954E-7;7.666588744E-3
1.622916667E-2;NaN;2.286522614E-3;1.207283660E-7;9.189663436E-3;2.818545251E-7;2.145434673E-2;3.940012691E-9;2.999078988E-4;2.421773006E-7;1.843417549E-2;1.268312491E-7;9.654205810E-3
1.625000000E-2;NaN;2.292396787E-3;1.471799322E-7;1.123189855E-2;3.433325317E-7;2.620110028E-2;5.428018727E-9;4.142341604E-4;3.850570826E-7;2.938527027E-2;1.598728582E-7;1.220054729E-2
1.627083333E-2;NaN;2.298278495E-3;1.844423983E-7;1.411166300E-2;3.894072399E-7;2.979349536E-2;8.176573986E-9;6.255885720E-4;5.764168057E-7;4.410157200E-2;2.004322481E-7;1.533504424E-2
1.629166667E-2;NaN;2.304167739E-3;2.317956572E-7;1.778009877E-2;4.108037631E-7;3.151107993E-2;1.239427282E-8;9.507140792E-4;8.030998623E-7;6.160251251E-2;2.507926041E-7;1.923727703E-2
1.631250000E-2;NaN;2.310064519E-3;2.853703091E-7;2.194561105E-2;4.049033995E-7;3.113797139E-2;1.811935795E-8;1.393418899E-3;1.037241586E-6;7.976618336E-2;3.129994814E-7;2.407035581E-2
1.633333333E-2;NaN;2.315968835E-3;3.371691100E-7;2.599532629E-2;3.766483106E-7;2.903912440E-2;2.499466910E-8;1.927058438E-3;1.240168883E-6;9.561550515E-2;3.852451518E-7;2.970193035E-2
1.635416667E-2;NaN;2.321880687E-3;3.765058899E-7;2.910224255E-2;3.363216822E-7;2.599618076E-2;3.219260172E-8;2.488345943E-3;1.373022919E-6;1.061286081E-1;4.593614571E-7;3.550661199E-2
1.637500000E-2;NaN;2.327800074E-3;3.937388001E-7;3.051185934E-2;2.954389235E-7;2.289434232E-2;3.862012698E-8;2.992775621E-3;1.410660480E-6;1.093158056E-1;5.218362682E-7;4.043847040E-2
1.639583333E-2;NaN;2.333726998E-3;3.843633900E-7;2.986117191E-2;2.631516402E-7;2.044423734E-2;4.336736579E-8;3.369208408E-3;1.352226611E-6;1.050544155E-1;5.589315233E-7;4.342336118E-2
1.641666667E-2;NaN;2.339661457E-3;3.509972479E-7;2.733830059E-2;2.448756067E-7;1.907275052E-2;4.613326382E-8;3.593204906E-3;1.222209708E-6;9.519486713E-2;5.636142293E-7;4.389850720E-2
1.643750000E-2;NaN;2.345603452E-3;3.021724958E-7;2.359523494E-2;2.427778710E-7;1.895738687E-2;4.732740565E-8;3.695575445E-3;1.060464307E-6;8.280669099E-2;5.400681872E-7;4.217139528E-2
1.645833333E-2;NaN;2.351552983E-3;2.488740075E-7;1.948269769E-2;2.565085784E-7;2.008035768E-2;4.772808963E-8;3.736316022E-3;9.059591878E-7;7.092154441E-2;5.024856338E-7;3.933627217E-2
1.647916667E-2;NaN;2.357510049E-3;2.007814162E-7;1.575766445E-2;2.831618863E-7;2.222302280E-2;4.790431189E-8;3.759611256E-3;7.828439621E-7;6.143891553E-2;4.684215036E-7;3.676251027E-2
1.650000000E-2;NaN;2.363474652E-3;1.638304917E-7;1.289022405E-2;3.168742398E-7;2.493174441E-2;4.779661979E-8;3.760649995E-3;6.959187088E-7;5.475505799E-2;4.504729016E-7;3.544332052E-2
1.652083333E-2;NaN;2.369446790E-3;1.397512255E-7;1.102344571E-2;3.493015522E-7;2.755257912E-2;4.675861785E-8;3.688275960E-3;6.365762603E-7;5.021253890E-2;4.508671723E-7;3.556398006E-2
1.654166667E-2;NaN;2.375426464E-3;1.271962914E-7;1.005844445E-2;3.718284729E-7;2.940349910E-2;4.403375588E-8;3.482106929E-3;5.938505873E-7;4.696059201E-2;4.616122153E-7;3.650342927E-2
1.656250000E-2;NaN;2.381413674E-3;1.233581096E-7;9.779515303E-3;3.791756523E-7;3.006007556E-2;3.933561245E-8;3.118426711E-3;5.627268040E-7;4.461154123E-2;4.697345754E-7;3.723935528E-2
1.658333333E-2;NaN;2.387408419E-3;1.251190107E-7;9.944084483E-3;3.727471122E-7;2.962482482E-2;3.313044780E-8;2.633108830E-3;5.448601932E-7;4.330385736E-2;4.645550118E-7;3.692144190E-2
1.660416667E-2;NaN;2.393410701E-3;1.296135339E-7;1.032719464E-2;3.616099594E-7;2.881193286E-2;2.645800697E-8;2.108089948E-3;5.427206292E-7;4.324225570E-2;4.431888059E-7;3.531187620E-2
1.662500000E-2;NaN;2.399420518E-3;1.345791918E-7;1.074976739E-2;3.598992573E-7;2.874763361E-2;2.045628253E-8;1.633984242E-3;5.527484454E-7;4.415182712E-2;4.118183274E-7;3.289476750E-2
1.664583333E-2;NaN;2.405437871E-3;1.386199754E-7;1.110030071E-2;3.813256496E-7;3.053549365E-2;1.593156473E-8;1.275755235E-3;5.632028847E-7;4.509971498E-2;3.826766662E-7;3.064367929E-2
1.666666667E-2;NaN;2.411462760E-3;1.410835631E-7;1.132587493E-2;4.330254684E-7;3.476232232E-2;1.319592269E-8;1.059339349E-3;5.584049369E-7;4.482750743E-2;3.684472805E-7;2.957812891E-2
1.668750000E-2;NaN;2.417495185E-3;1.416336116E-7;1.139847444E-2;5.114059758E-7;4.115723577E-2;1.215184258E-8;9.779632498E-4;5.264179568E-7;4.236537895E-2;3.764730047E-7;3.029801947E-2
1.670833333E-2;NaN;2.423535146E-3;1.400444671E-7;1.129874116E-2;6.018179240E-7;4.855447055E-2;1.247358359E-8;1.006364588E-3;4.651385835E-7;3.752722668E-2;4.050222280E-7;3.267705905E-2
1.672916667E-2;NaN;2.429582642E-3;1.364478100E-7;1.103603395E-2;6.824731310E-7;5.519910250E-2;1.375550186E-8;1.112558609E-3;3.834033915E-7;3.101004588E-2;4.433151182E-7;3.585576565E-2
1.675000000E-2;NaN;2.435637675E-3;1.315139249E-7;1.066348604E-2;7.313660311E-7;5.930103192E-2;1.561641674E-8;1.266219086E-3;2.972139831E-7;2.409887136E-2;4.757082369E-7;3.857164285E-2
1.677083333E-2;NaN;2.441700243E-3;1.260795368E-7;1.024829772E-2;7.336007374E-7;5.963028540E-2;1.780786844E-8;1.447501650E-3;2.240288021E-7;1.821004360E-2;4.883997368E-7;3.969927265E-2
1.679166667E-2;NaN;2.447770347E-3;1.204818202E-7;9.817637034E-3;6.861663884E-7;5.591327001E-2;2.030735290E-8;1.654774301E-3;1.784070908E-7;1.453776228E-2;4.753597427E-7;3.873538269E-2
1.681250000E-2;NaN;2.453847986E-3;1.142498223E-7;9.332929192E-3;5.982523738E-7;4.887050963E-2;2.333841668E-8;1.906486906E-3;1.703915508E-7;1.391907879E-2;4.403734047E-7;3.597356845E-2
1.683333333E-2;NaN;2.459933162E-3;1.064480043E-7;8.717171962E-3;4.872910380E-7;3.990492636E-2;2.721121098E-8;2.228363105E-3;2.055114687E-7;1.682961390E-2;3.942580574E-7;3.228632895E-2
1.685416667E-2;NaN;2.466025873E-3;9.648194179E-8;7.920606662E-3;3.727621745E-7;3.060160801E-2;3.202830247E-8;2.629337482E-3;2.842503224E-7;2.333529939E-2;3.490300287E-7;2.865333677E-2
1.687500000E-2;NaN;2.472126121E-3;8.502612688E-8;6.997417749E-3;2.704688164E-7;2.225884403E-2;3.743165364E-8;3.080522742E-3;4.000544150E-7;3.292338446E-2;3.122996699E-7;2.570140889E-2
1.689583333E-2;NaN;2.478233904E-3;7.456129250E-8;6.151350934E-3;1.892767790E-7;1.561544674E-2;4.260187768E-8;3.514680222E-3;5.371963120E-7;4.431901494E-2;2.847771352E-7;2.349428286E-2
1.691666667E-2;NaN;2.484349222E-3;6.892771060E-8;5.700609344E-3;1.309169904E-7;1.082738150E-2;4.656680634E-8;3.851269236E-3;6.711431529E-7;5.550633983E-2;2.619012674E-7;2.166032789E-2
1.693750000E-2;NaN;2.490472077E-3;7.174829737E-8;5.948508119E-3;9.217907398E-8;7.642383025E-3;4.865536651E-8;4.033919317E-3;7.733003531E-7;6.411278869E-2;2.382558704E-7;1.975331863E-2
1.695833333E-2;NaN;2.496602468E-3;8.450811495E-8;7.023645639E-3;6.804817664E-8;5.655625846E-3;4.880916686E-8;4.056631628E-3;8.193823843E-7;6.810057843E-2;2.118789065E-7;1.760969770E-2
1.697916667E-2;NaN;2.502740394E-3;1.054022523E-7;8.781738019E-3;5.428239205E-8;4.522614417E-3;4.755164024E-8;3.961832292E-3;7.979597011E-7;6.648314329E-2;1.858014086E-7;1.548030766E-2
1.700000000E-2;NaN;2.508885856E-3;1.295084129E-7;1.081667215E-2;4.846087865E-8;4.047501046E-3;4.563657891E-8;3.811612707E-3;7.149640708E-7;5.971451416E-2;1.661493572E-7;1.387696046E-2
1.702083333E-2;NaN;2.515038854E-3;1.501502342E-7;1.257145355E-2;4.955217776E-8;4.148797398E-3;4.361274464E-8;3.651513408E-3;5.917453008E-7;4.954436869E-2;1.584696567E-7;1.326800413E-2
1.704166667E-2;NaN;2.521199388E-3;1.610480467E-7;1.351691047E-2;5.686269545E-8;4.772538252E-3;4.158316596E-8;3.490113309E-3;4.576946213E-7;3.841472992E-2;1.649137176E-7;1.384135978E-2
1.706250000E-2;NaN;2.527367457E-3;1.585945883E-7;1.334355455E-2;6.937155009E-8;5.836662353E-3;3.930087925E-8;3.306628755E-3;3.410788697E-7;2.869709839E-2;1.840446569E-7;1.548482799E-2
1.708333333E-2;NaN;2.533543063E-3;1.431921603E-7;1.207709031E-2;8.589691722E-8;7.244704073E-3;3.649615826E-8;3.078153151E-3;2.619789259E-7;2.209578472E-2;2.130768059E-7;1.797128993E-2
1.710416667E-2;NaN;2.539726204E-3;1.188590274E-7;1.004925472E-2;1.057098744E-7;8.937524374E-3;3.317892184E-8;2.805200784E-3;2.292337652E-7;1.938118245E-2;2.506126645E-7;2.118871874E-2
1.712500000E-2;NaN;2.545916881E-3;9.135049889E-8;7.742298773E-3;1.287927295E-7;1.091566881E-2;2.969209404E-8;2.516516779E-3;2.409423175E-7;2.042076871E-2;2.975256730E-7;2.521642115E-2
1.714583333E-2;NaN;2.552115094E-3;6.597193060E-8;5.604982124E-3;1.551639142E-7;1.318274238E-2;2.649929816E-8;2.251383143E-3;2.870533148E-7;2.438807965E-2;3.548569818E-7;3.014868629E-2
1.716666667E-2;NaN;2.558320843E-3;4.616118202E-8;3.931395284E-3;1.835233975E-7;1.563008112E-2;2.388286244E-8;2.034024448E-3;3.531561139E-7;3.007713884E-2;4.199908669E-7;3.576923383E-2
1.718750000E-2;NaN;2.564534127E-3;3.317647157E-8;2.832392662E-3;2.103364063E-7;1.795716258E-2;2.179096210E-8;1.860371469E-3;4.254703315E-7;3.632390631E-2;4.841041531E-7;4.132968293E-2
1.720833333E-2;NaN;2.570754947E-3;2.659270912E-8;2.275820713E-3;2.305445149E-7;1.973014408E-2;1.992147678E-8;1.704892468E-3;4.966328353E-7;4.250214930E-2;5.334115250E-7;4.564969262E-2
1.722916667E-2;NaN;2.576983304E-3;2.508315926E-8;2.151833293E-3;2.399944045E-7;2.058863258E-2;1.797299797E-8;1.541866996E-3;5.702564457E-7;4.892114239E-2;5.541883112E-7;4.754268976E-2
1.725000000E-2;NaN;2.583219196E-3;2.702510709E-8;2.324039286E-3;2.382984982E-7;2.049261340E-2;1.586579379E-8;1.364387862E-3;6.609066187E-7;5.683503644E-2;5.390223133E-7;4.635352703E-2
1.727083333E-2;NaN;2.589462623E-3;3.074278978E-8;2.650133210E-3;2.302870675E-7;1.985152974E-2;1.379546407E-8;1.189216000E-3;7.872438376E-7;6.786310069E-2;4.909260999E-7;4.231950224E-2
1.729166667E-2;NaN;2.595713587E-3;3.464126760E-8;2.993403956E-3;2.249035558E-7;1.943425400E-2;1.210672805E-8;1.046160551E-3;9.598604937E-7;8.294298671E-2;4.231287577E-7;3.656319138E-2
1.731250000E-2;NaN;2.601972086E-3;3.753625705E-8;3.251384867E-3;2.317640327E-7;2.007536520E-2;1.109869598E-8;9.613673552E-4;1.169640745E-6;1.013141032E-1;3.545304837E-7;3.070937649E-2
1.733333333E-2;NaN;2.608238122E-3;3.907171963E-8;3.392536638E-3;2.568553300E-7;2.230234875E-2;1.088756085E-8;9.453499721E-4;1.383862115E-6;1.201585948E-1;3.028511305E-7;2.629609256E-2
1.735416667E-2;NaN;2.614511693E-3;3.974466215E-8;3.459267769E-3;2.993697771E-7;2.605633473E-2;1.138931430E-8;9.912950756E-4;1.554060260E-6;1.352611968E-1;2.784822308E-7;2.423833926E-2
1.737500000E-2;NaN;2.620792800E-3;4.037920854E-8;3.522940202E-3;3.512050544E-7;3.064137337E-2;1.238855337E-8;1.080856566E-3;1.633300035E-6;1.424995329E-1;2.815006900E-7;2.455991916E-2
1.739583333E-2;NaN;2.627081442E-3;4.145854966E-8;3.625788140E-3;3.993881140E-7;3.492878306E-2;1.361782820E-8;1.190957243E-3;1.594879215E-6;1.394813420E-1;3.025788340E-7;2.646225584E-2
1.741666667E-2;NaN;2.633377621E-3;4.280144940E-8;3.752203626E-3;4.303517363E-7;3.772693140E-2;1.480588606E-8;1.297963040E-3;1.443223776E-6;1.265207034E-1;3.269532047E-7;2.866246394E-2
1.743750000E-2;NaN;2.639681335E-3;4.370050730E-8;3.840190444E-3;4.343390975E-7;3.816763133E-2;1.571994041E-8;1.381392772E-3;1.211807025E-6;1.064877743E-1;3.398074044E-7;2.986064070E-2
1.745833333E-2;NaN;2.645992586E-3;4.339363776E-8;3.822341314E-3;4.083524594E-7;3.596984620E-2;1.624141115E-8;1.430629466E-3;9.498371601E-7;8.366668493E-2;3.312516753E-7;2.917840101E-2
1.747916667E-2;NaN;2.652311372E-3;4.167163320E-8;3.679423784E-3;3.567194751E-7;3.149677659E-2;1.645800985E-8;1.453170616E-3;7.049908702E-7;6.224762449E-2;2.992204592E-7;2.641986382E-2
1.750000000E-2;NaN;2.658637693E-3;3.929891156E-8;3.478199291E-3;2.892822536E-7;2.560328745E-2;1.668825760E-8;1.477015099E-3;5.105211335E-7;4.518431107E-2;2.493413804E-7;2.206827055E-2
1.752083333E-2;NaN;2.664971551E-3;3.791869728E-8;3.364037033E-3;2.180590697E-7;1.934556930E-2;1.736207393E-8;1.540312929E-3;3.814086420E-7;3.383747039E-2;1.920855744E-7;1.704127599E-2
1.754166667E-2;NaN;2.671312945E-3;3.943962039E-8;3.507294847E-3;1.538149493E-7;1.367848812E-2;1.877960676E-8;1.670036815E-3;3.184724868E-7;2.832118820E-2;1.388337368E-7;1.234623571E-2
1.756250000E-2;NaN;2.677661874E-3;4.525338709E-8;4.033867303E-3;1.038435886E-7;9.256572463E-3;2.088291810E-8;1.861494265E-3;3.151794725E-7;2.809496152E-2;9.874566629E-8;8.802145877E-3
1.758333333E-2;NaN;2.684018339E-3;5.562656432E-8;4.970298806E-3;7.149497582E-8;6.388159996E-3;2.318916398E-8;2.071979017E-3;3.617824460E-7;3.232568614E-2;7.745213681E-8;6.920439323E-3
1.760416667E-2;NaN;2.690382340E-3;6.945049667E-8;6.220197034E-3;5.708585403E-8;5.112782154E-3;2.495047000E-8;2.234639735E-3;4.450559331E-7;3.986055864E-2;7.725922310E-8;6.919570246E-3
1.762500000E-2;NaN;2.696753877E-3;8.445978555E-8;7.582389125E-3;5.935014887E-8;5.328167961E-3;2.548812419E-8;2.288199933E-3;5.461871683E-7;4.903402984E-2;9.779862555E-8;8.779885362E-3
1.764583333E-2;NaN;2.703132949E-3;9.793714591E-8;8.813118960E-3;7.656716871E-8;6.890088128E-3;2.454813441E-8;2.209025255E-3;6.411876900E-7;5.769887753E-2;1.361917784E-7;1.225555771E-2
1.766666667E-2;NaN;2.709519558E-3;1.077356021E-7;9.717763279E-3;1.068586558E-7;9.638662631E-3;2.247728602E-8;2.027453696E-3;7.060269640E-7;6.368371060E-2;1.866515050E-7;1.683598649E-2
1.768750000E-2;NaN;2.715913702E-3;1.132961998E-7;1.024344622E-2;1.476431768E-7;1.334885850E-2;2.009366395E-8;1.816727890E-3;7.247049808E-7;6.552273162E-2;2.403216562E-7;2.172819533E-2
1.770833333E-2;NaN;2.722315382E-3;1.163136689E-7;1.054105245E-2;1.947268117E-7;1.764732860E-2;1.829977694E-8;1.658437142E-3;6.955232184E-7;6.303254635E-2;2.863804540E-7;2.595353939E-2
1.772916667E-2;NaN;2.728724598E-3;1.206040337E-7;1.095560389E-2;2.417793130E-7;2.196309941E-2;1.766286269E-8;1.604484703E-3;6.314872292E-7;5.736395154E-2;3.146843470E-7;2.858575249E-2
1.775000000E-2;NaN;2.735141350E-3;1.307969063E-7;1.190945888E-2;2.808476692E-7;2.557204038E-2;1.819373429E-8;1.656595225E-3;5.545327783E-7;5.049190772E-2;3.190225486E-7;2.904798006E-2
1.777083333E-2;NaN;2.741565637E-3;1.500636399E-7;1.369584735E-2;3.040601207E-7;2.775063299E-2;1.942156800E-8;1.772546839E-3;4.873259242E-7;4.447673980E-2;2.993619471E-7;2.732184513E-2
1.779166667E-2;NaN;2.747997460E-3;1.778780868E-7;1.627247298E-2;3.060233394E-7;2.799533439E-2;2.069195694E-8;1.892921811E-3;4.474908689E-7;4.093693160E-2;2.618679356E-7;2.395595198E-2
1.781250000E-2;NaN;2.754436820E-3;2.091345644E-7;1.917667966E-2;2.858524802E-7;2.621136041E-2;2.150233324E-8;1.971665266E-3;4.464541046E-7;4.093779223E-2;2.165939220E-7;1.986066851E-2
1.783333333E-2;NaN;2.760883714E-3;2.354214839E-7;2.163759512E-2;2.477401698E-7;2.276980589E-2;2.168247215E-8;1.992836618E-3;4.908991350E-7;4.511855314E-2;1.738929077E-7;1.598250198E-2
1.785416667E-2;NaN;2.767338145E-3;2.481423467E-7;2.286008795E-2;1.996271253E-7;1.839062821E-2;2.134052831E-8;1.965993957E-3;5.828556580E-7;5.369551703E-2;1.411917571E-7;1.300727598E-2
1.787500000E-2;NaN;2.773800112E-3;2.421132540E-7;2.235674166E-2;1.505549413E-7;1.390224564E-2;2.066632016E-8;1.908328327E-3;7.164763601E-7;6.615943829E-2;1.214095186E-7;1.121095685E-2
1.789583333E-2;NaN;2.780269614E-3;2.178469480E-7;2.016290832E-2;1.079785559E-7;9.993996905E-3;1.977887058E-8;1.830640998E-3;8.737554519E-7;8.087077299E-2;1.133315994E-7;1.048944991E-2
1.791666667E-2;NaN;2.786746653E-3;1.813397580E-7;1.682307195E-2;7.622914812E-8;7.071854830E-3;1.874202560E-8;1.738716588E-3;1.024076406E-6;9.500459934E-2;1.133990328E-7;1.052014246E-2
1.793750000E-2;NaN;2.793231227E-3;1.415647149E-7;1.316366101E-2;5.654780633E-8;5.258204020E-3;1.770404285E-8;1.646243689E-3;1.130959419E-6;1.051643865E-1;1.180539636E-7;1.097746962E-2
1.795833333E-2;NaN;2.799723337E-3;1.071135703E-7;9.983306274E-3;4.818544287E-8;4.491027915E-3;1.701223504E-8;1.585591372E-3;1.164549512E-6;1.085395102E-1;1.257291480E-7;1.171833400E-2
1.797916667E-2;NaN;2.806222982E-3;8.360505733E-8;7.810332239E-3;4.957698311E-8;4.631450798E-3;1.718669584E-8;1.605570391E-3;1.113774642E-6;1.040481314E-1;1.375413338E-7;1.284902550E-2
1.800000000E-2;NaN;2.812730164E-3;7.268330697E-8;6.805774131E-3;5.884627002E-8;5.510129339E-3;1.873333526E-8;1.754114581E-3;9.913112306E-7;9.282241838E-2;1.561443308E-7;1.462073056E-2
1.802083333E-2;NaN;2.819244881E-3;7.246863853E-8;6.801390105E-3;7.363252253E-8;6.910623965E-3;2.187080788E-8;2.052638208E-3;8.284174954E-7;7.774936400E-2;1.832529379E-7;1.719881516E-2
1.804166667E-2;NaN;2.825767134E-3;7.889142373E-8;7.421316367E-3;9.091604182E-8;8.552472211E-3;2.631278107E-8;2.475243361E-3;6.627826445E-7;6.234796452E-2;2.173875848E-7;2.044965048E-2
1.806250000E-2;NaN;2.832296923E-3;8.732521743E-8;8.233665864E-3;1.074896081E-7;1.013491341E-2;3.123886739E-8;2.945430926E-3;5.263729390E-7;4.963032474E-2;2.534354186E-7;2.389576135E-2
1.808333333E-2;NaN;2.838834248E-3;9.406726704E-8;8.889827725E-3;1.210740252E-7;1.144210159E-2;3.549712950E-8;3.354656470E-3;4.391648515E-7;4.150327735E-2;2.845362879E-7;2.689010386E-2
1.810416667E-2;NaN;2.845379109E-3;9.732365257E-8;9.218777233E-3;1.312815812E-7;1.243537023E-2;3.795707598E-8;3.595403775E-3;4.096222023E-7;3.880059711E-2;3.052439103E-7;2.891358408E-2
1.812500000E-2;NaN;2.851931505E-3;9.743934195E-8;9.250990087E-3;1.395444802E-7;1.324849467E-2;3.786526780E-8;3.594966982E-3;4.381486441E-7;4.159827727E-2;3.139523544E-7;2.980695539E-2
1.814583333E-2;NaN;2.858491438E-3;9.623211828E-8;9.157390277E-3;1.477919719E-7;1.406379482E-2;3.507600578E-8;3.337811534E-3;5.188173262E-7;4.937034354E-2;3.129903987E-7;2.978397738E-2
1.816666667E-2;NaN;2.865058906E-3;9.561315201E-8;9.119393868E-3;1.566421178E-7;1.494021626E-2;3.008183782E-8;2.869146363E-3;6.378982651E-7;6.084147845E-2;3.064682413E-7;2.923033643E-2
1.818750000E-2;NaN;2.871633910E-3;9.619550495E-8;9.195993044E-3;1.643639987E-7;1.571269041E-2;2.383274234E-8;2.278336528E-3;7.720189757E-7;7.380262866E-2;2.976674464E-7;2.845608813E-2
1.820833333E-2;NaN;2.878216449E-3;9.676817497E-8;9.271943653E-3;1.674632187E-7;1.604566303E-2;1.741473111E-8;1.668610632E-3;8.904744676E-7;8.532174024E-2;2.879827466E-7;2.759336734E-2
1.822916667E-2;NaN;2.884806525E-3;9.500348805E-8;9.123700591E-3;1.626828818E-7;1.562332010E-2;1.172389685E-8;1.125909446E-3;9.636212807E-7;9.254178165E-2;2.778089179E-7;2.667949820E-2
1.825000000E-2;NaN;2.891404136E-3;8.891488693E-8;8.558507999E-3;1.492469315E-7;1.436577272E-2;7.268880120E-9;6.996665103E-4;9.741904711E-7;9.377076468E-2;2.679260056E-7;2.578923442E-2
1.827083333E-2;NaN;2.898009284E-3;7.809426308E-8;7.534139997E-3;1.300204820E-7;1.254371928E-2;4.154949503E-9;4.008485387E-4;9.249092040E-7;8.923056769E-2;2.597002309E-7;2.505456636E-2
1.829166667E-2;NaN;2.904621967E-3;6.401411079E-8;6.189849888E-3;1.109774550E-7;1.073097445E-2;2.206671255E-9;2.133742647E-4;8.372560963E-7;8.095854945E-2;2.538667553E-7;2.454766750E-2
1.831250000E-2;NaN;2.911242186E-3;4.935035219E-8;4.782812708E-3;9.929100160E-8;9.622834350E-3;1.136738982E-9;1.101675958E-4;7.418519360E-7;7.189693102E-2;2.492231674E-7;2.415358107E-2
1.833333333E-2;NaN;2.917869940E-3;3.685184600E-8;3.579645008E-3;1.009371350E-7;9.804640760E-3;6.774331115E-10;6.580321799E-5;6.666966283E-7;6.476031776E-2;2.427686832E-7;2.358160578E-2
1.835416667E-2;NaN;2.924505231E-3;2.839806578E-8;2.764750503E-3;1.186473608E-7;1.155115116E-2;6.481449182E-10;6.310144509E-5;6.307071126E-7;6.140375263E-2;2.315686843E-7;2.254483249E-2
1.837500000E-2;NaN;2.931148057E-3;2.458056235E-8;2.398525569E-3;1.507583313E-7;1.471071765E-2;9.641298918E-10;9.407800216E-5;6.455290988E-7;6.298952918E-2;2.150356889E-7;2.098278269E-2
1.839583333E-2;NaN;2.937798419E-3;2.477829135E-8;2.423305290E-3;1.912201137E-7;1.870123756E-2;1.613731491E-9;1.578221841E-4;7.218408183E-7;7.059569398E-2;1.957423575E-7;1.914351090E-2
1.841666667E-2;NaN;2.944456317E-3;2.754774149E-8;2.700261951E-3;2.308663362E-7;2.262978922E-2;2.611568862E-9;2.559890448E-4;8.722933954E-7;8.550322235E-2;1.778900399E-7;1.743699049E-2
1.843750000E-2;NaN;2.951121751E-3;3.114682326E-8;3.059959426E-3;2.598020672E-7;2.552375174E-2;3.937668817E-9;3.868486591E-4;1.105521926E-6;1.086098640E-1;1.644898524E-7;1.615998749E-2
1.845833333E-2;NaN;2.957794721E-3;3.405262871E-8;3.352999239E-3;2.703536172E-7;2.662042571E-2;5.496134943E-9;5.411780817E-4;1.413044811E-6;1.391357541E-1;1.554387548E-7;1.530530964E-2
1.847916667E-2;NaN;2.964475226E-3;3.534002864E-8;3.487622773E-3;2.595375436E-7;2.561313849E-2;7.129459740E-9;7.035893038E-4;1.758121843E-6;1.735048333E-1;1.478726828E-7;1.459320085E-2
1.850000000E-2;NaN;2.971163267E-3;3.482826017E-8;3.444871920E-3;2.299598987E-7;2.274539107E-2;8.692929717E-9;8.598198515E-4;2.077062492E-6;2.054427704E-1;1.383237826E-7;1.368163992E-2
1.852083333E-2;NaN;2.977858844E-3;3.299299643E-8;3.270699541E-3;1.886306903E-7;1.869955381E-2;1.014268016E-8;1.005475796E-3;2.296827350E-6;2.276917216E-1;1.249307682E-7;1.238478012E-2
1.854166667E-2;NaN;2.984561957E-3;3.067171354E-8;3.047427769E-3;1.442457429E-7;1.433172235E-2;1.156892223E-8;1.149445231E-3;2.362385537E-6;2.347178706E-1;1.082552846E-7;1.075584382E-2
1.856250000E-2;NaN;2.991272606E-3;2.867102206E-8;2.855051529E-3;1.042482757E-7;1.038101112E-2;1.313243900E-8;1.307724223E-3;2.259959268E-6;2.250460465E-1;9.050953427E-8;9.012911492E-3
1.858333333E-2;NaN;2.997990790E-3;2.746831218E-8;2.741429308E-3;7.295370193E-8;7.281023138E-3;1.492244857E-8;1.489310213E-3;2.023215371E-6;2.019236521E-1;7.405541687E-8;7.390977969E-3
1.860416667E-2;NaN;3.004716511E-3;2.713514175E-8;2.714253337E-3;5.128541489E-8;5.129938505E-3;1.682367931E-8;1.682826208E-3;1.718561939E-6;1.719030075E-1;6.025566437E-8;6.027207802E-3
1.862500000E-2;NaN;3.011449767E-3;2.742479973E-8;2.749374310E-3;3.782016950E-8;3.791524586E-3;1.849202509E-8;1.853851230E-3;1.417208989E-6;1.420771720E-1;4.926827126E-8;4.939212707E-3
1.864583333E-2;NaN;3.018190559E-3;2.789236904E-8;2.802507873E-3;3.032933932E-8;3.047364392E-3;1.947529944E-8;1.956796137E-3;1.168618945E-6;1.174179142E-1;4.056925976E-8;4.076228510E-3
1.866666667E-2;NaN;3.024938887E-3;2.802577831E-8;2.822208331E-3;2.701153009E-8;2.720073086E-3;1.941750617E-8;1.955351501E-3;9.881472369E-7;9.950686593E-2;3.358624524E-8;3.382149823E-3
1.868750000E-2;NaN;3.031694750E-3;2.743622546E-8;2.769010593E-3;2.697441924E-8;2.722402640E-3;1.823375735E-8;1.840248300E-3;8.626696153E-7;8.706523084E-2;2.799980361E-8;2.825889914E-3
1.870833333E-2;NaN;3.038458150E-3;2.608000577E-8;2.638005668E-3;3.005648974E-8;3.040229018E-3;1.616959810E-8;1.635562961E-3;7.677745004E-7;7.766077593E-2;2.373187941E-8;2.400491509E-3
1.872916667E-2;NaN;3.045229085E-3;2.439430177E-8;2.472994460E-3;3.632944864E-8;3.682930795E-3;1.372624018E-8;1.391510044E-3;6.849158341E-7;6.943396368E-2;2.082214941E-8;2.110864276E-3
1.875000000E-2;NaN;3.052007556E-3;2.324719150E-8;2.361950980E-3;4.564691336E-8;4.637797721E-3;1.149471037E-8;1.167880534E-3;6.092357976E-7;6.189930897E-2;1.932713455E-8;1.963667069E-3
1.877083333E-2;NaN;3.058793563E-3;2.370226100E-8;2.413541251E-3;5.748027579E-8;5.853071011E-3;9.973223297E-9;1.015548088E-3;5.463263938E-7;5.563103403E-2;1.929627387E-8;1.964890733E-3
1.879166667E-2;NaN;3.065587106E-3;2.666334249E-8;2.721090802E-3;7.115925568E-8;7.262060118E-3;9.427979419E-9;9.621594925E-4;5.033261626E-7;5.136626032E-2;2.087602414E-8;2.130473975E-3
1.881250000E-2;NaN;3.072388184E-3;3.251647913E-8;3.325786628E-3;8.633844128E-8;8.830698810E-3;9.835580793E-9;1.005983549E-3;4.820853068E-7;4.930770212E-2;2.446031736E-8;2.501802120E-3
1.883333333E-2;NaN;3.079196799E-3;4.091645198E-8;4.194210241E-3;1.032328464E-7;1.058205784E-2;1.090988878E-8;1.118336636E-3;4.787200668E-7;4.907201162E-2;3.066556545E-8;3.143425747E-3
1.885416667E-2;NaN;3.086012949E-3;5.083044578E-8;5.221994919E-3;1.222277206E-7;1.255689432E-2;1.220101709E-8;1.253454465E-3;4.880405015E-7;5.013815991E-2;4.000895454E-8;4.110264117E-3
1.887500000E-2;NaN;3.092836635E-3;6.083270968E-8;6.263382363E-3;1.429519289E-7;1.471844004E-2;1.324671430E-8;1.363891847E-3;5.077475942E-7;5.227808104E-2;5.246878287E-8;5.402226056E-3
1.889583333E-2;NaN;3.099667857E-3;6.959199035E-8;7.181070654E-3;1.634720278E-7;1.686838062E-2;1.373121694E-8;1.416899251E-3;5.383150951E-7;5.554775360E-2;6.723633505E-8;6.937994877E-3
1.891666667E-2;NaN;3.106506615E-3;7.640346427E-8;7.901328458E-3;1.803580825E-7;1.865188266E-2;1.358758846E-8;1.405171878E-3;5.788672277E-7;5.986404076E-2;8.288619828E-8;8.571745843E-3
1.893750000E-2;NaN;3.113352908E-3;8.151792321E-8;8.448823572E-3;1.898595763E-7;1.967775920E-2;1.299876694E-8;1.347241002E-3;6.232127332E-7;6.459210715E-2;9.797594670E-8;1.015459491E-2
1.895833333E-2;NaN;3.120206737E-3;8.596752452E-8;8.929611693E-3;1.896389942E-7;1.969816614E-2;1.229962029E-8;1.277585155E-3;6.603920074E-7;6.859618471E-2;1.117625201E-7;1.160898737E-2
1.897916667E-2;NaN;3.127068103E-3;9.090726078E-8;9.463476189E-3;1.800301886E-7;1.874120272E-2;1.182584363E-8;1.231074269E-3;6.803504371E-7;7.082470758E-2;1.245037983E-7;1.296088695E-2
1.900000000E-2;NaN;3.133937004E-3;9.694341161E-8;1.011400919E-2;1.639534711E-7;1.710510169E-2;1.177046121E-8;1.228000448E-3;6.806644935E-7;7.101304595E-2;1.369435788E-7;1.428718663E-2
1.902083333E-2;NaN;3.140813440E-3;1.040008426E-7;1.087411148E-2;1.454397872E-7;1.520688122E-2;1.210924290E-8;1.266117215E-3;6.687528224E-7;6.992340217E-2;1.492226548E-7;1.560240997E-2
1.904166667E-2;NaN;3.147697413E-3;1.118143194E-7;1.171669660E-2;1.276799758E-7;1.337921249E-2;1.264368882E-8;1.324895296E-3;6.570992493E-7;6.885551494E-2;1.601511307E-7;1.678177016E-2
1.906250000E-2;NaN;3.154588921E-3;1.205352868E-7;1.265819442E-2;1.118435453E-7;1.174541811E-2;1.314888618E-8;1.380850057E-3;6.544451246E-7;6.872753899E-2;1.677031430E-7;1.761159777E-2
1.908333333E-2;NaN;3.161487966E-3;1.308090154E-7;1.376714835E-2;9.733143020E-8;1.024376060E-2;1.352782573E-8;1.423751895E-3;6.592804309E-7;6.938674269E-2;1.706198052E-7;1.795708164E-2
1.910416667E-2;NaN;3.168394546E-3;1.430531479E-7;1.508868730E-2;8.305330795E-8;8.760138532E-3;1.386467645E-8;1.462391919E-3;6.604546142E-7;6.966217309E-2;1.699209347E-7;1.792259651E-2
1.912500000E-2;NaN;3.175308662E-3;1.563593148E-7;1.652815926E-2;6.873087893E-8;7.265284544E-3;1.436143147E-8;1.518093289E-3;6.445896791E-7;6.813716784E-2;1.689573705E-7;1.785985269E-2
1.914583333E-2;NaN;3.182230313E-3;1.679534206E-7;1.779242911E-2;5.544241452E-8;5.873385765E-3;1.523386108E-8;1.613824787E-3;6.050568623E-7;6.409772000E-2;1.716526697E-7;1.818431530E-2
1.916666667E-2;NaN;3.189159501E-3;1.739764328E-7;1.847061877E-2;4.524328422E-8;4.803360094E-3;1.664623825E-8;1.767287188E-3;5.463796214E-7;5.800768257E-2;1.798946640E-7;1.909894175E-2
1.918750000E-2;NaN;3.196096224E-3;1.713899357E-7;1.823559526E-2;4.020257643E-8;4.277485191E-3;1.869907924E-8;1.989549965E-3;4.815122757E-7;5.123208041E-2;1.917234889E-7;2.039905044E-2
1.920833333E-2;NaN;3.203040483E-3;1.598454424E-7;1.704423322E-2;4.143415461E-8;4.418101534E-3;2.143096035E-8;2.285171731E-3;4.246791308E-7;4.528330642E-2;2.016436014E-7;2.150114834E-2
1.922916667E-2;NaN;3.209992278E-3;1.422213625E-7;1.519790079E-2;4.855875674E-8;5.189031761E-3;2.478249309E-8;2.648279166E-3;3.851670857E-7;4.115929598E-2;2.031199664E-7;2.170557954E-2
1.925000000E-2;NaN;3.216951609E-3;1.234159000E-7;1.321692499E-2;5.971551949E-8;6.395088003E-3;2.849137798E-8;3.051214677E-3;3.660543631E-7;3.920169976E-2;1.918480166E-7;2.054549571E-2
1.927083333E-2;NaN;3.223918476E-3;1.074742018E-7;1.153461390E-2;7.199675622E-8;7.727015145E-3;3.198547926E-8;3.432825249E-3;3.674931329E-7;3.944101307E-2;1.678183059E-7;1.801101410E-2
1.929166667E-2;NaN;3.230892878E-3;9.726117200E-8;1.046108763E-2;8.217624062E-8;8.838602663E-3;3.442918001E-8;3.703087897E-3;3.906276914E-7;4.201461307E-2;1.351069851E-7;1.453165720E-2
1.931250000E-2;NaN;3.237874816E-3;9.341676596E-8;1.006930891E-2;8.764367347E-8;9.447032479E-3;3.500268452E-8;3.772907780E-3;4.380567661E-7;4.721774354E-2;9.987972389E-8;1.076594531E-2
1.933333333E-2;NaN;3.244864291E-3;9.530100072E-8;1.029458352E-2;8.724963416E-8;9.424860592E-3;3.327992038E-8;3.594956164E-3;5.099279037E-7;5.508331869E-2;6.794200504E-8;7.339216171E-3
1.935416667E-2;NaN;3.251861300E-3;1.020541428E-7;1.104784151E-2;8.160566778E-8;8.834197799E-3;2.946243181E-8;3.189446975E-3;5.988287360E-7;6.482603042E-2;4.301182403E-8;4.656232484E-3
1.937500000E-2;NaN;3.258865846E-3;1.131206529E-7;1.227222102E-2;7.261931584E-8;7.878316394E-3;2.433301305E-8;2.639837259E-3;6.884206583E-7;7.468530508E-2;2.623488524E-8;2.846167361E-3
1.939583333E-2;NaN;3.265877928E-3;1.281092032E-7;1.392820210E-2;6.257002377E-8;6.802695787E-3;1.897223011E-8;2.062685965E-3;7.584570278E-7;8.246045177E-2;1.686807833E-8;1.833919799E-3
1.941666667E-2;NaN;3.272897545E-3;1.464407690E-7;1.595545500E-2;5.323029533E-8;5.799707197E-3;1.437415696E-8;1.566136371E-3;7.940524739E-7;8.651599280E-2;1.348805887E-8;1.469591548E-3
1.943750000E-2;NaN;3.279924698E-3;1.672159714E-7;1.825813491E-2;4.540246758E-8;4.957447372E-3;1.112908800E-8;1.215173337E-3;7.933632227E-7;8.662649044E-2;1.485854504E-8;1.622388804E-3
1.945833333E-2;NaN;3.286959387E-3;NaN;1.829729444E-2;3.901404576E-8;4.269038874E-3;9.327361545E-9;1.020629064E-3;7.682396482E-7;8.406318439E-2;2.004220504E-8;2.193080742E-3
1.947916667E-2;NaN;3.294001612E-3;NaN;1.833649591E-2;3.366298321E-8;3.691400700E-3;8.703359879E-9;9.543892336E-4;7.370349692E-7;8.082145852E-2;2.812317851E-8;3.083919218E-3
1.950000000E-2;NaN;3.301051373E-3;NaN;1.837573934E-2;2.920621524E-8;3.209536707E-3;8.864982146E-9;9.741928343E-4;7.142322556E-7;7.848858960E-2;3.808673050E-8;4.185436510E-3
1.952083333E-2;NaN;3.308108669E-3;NaN;1.841502471E-2;2.594743979E-8;2.857518578E-3;9.460007350E-9;1.041804007E-3;7.038811828E-7;7.751645530E-2;4.894791066E-8;5.390495756E-3
1.954166667E-2;NaN;3.315173502E-3;NaN;1.845435204E-2;2.439519615E-8;2.692311828E-3;1.029154728E-8;1.135799618E-3;7.011371664E-7;7.737916410E-2;5.985983916E-8;6.606274121E-3
1.956250000E-2;NaN;3.322245870E-3;NaN;1.849372131E-2;2.496736496E-8;2.761336046E-3;1.143616473E-8;1.264814847E-3;7.001919173E-7;7.743969712E-2;7.011309839E-8;7.754355583E-3
1.958333333E-2;NaN;3.329325774E-3;NaN;1.853313253E-2;2.792136975E-8;3.094623328E-3;1.328637803E-8;1.472575872E-3;7.021487148E-7;7.782160446E-2;7.912081319E-8;8.769237198E-3
1.960416667E-2;NaN;3.336413213E-3;NaN;1.857258570E-2;3.341253187E-8;3.711111483E-3;1.637830374E-8;1.819129161E-3;7.164316665E-7;7.957366998E-2;8.636474410E-8;9.592484484E-3
1.962500000E-2;NaN;3.343508189E-3;NaN;1.861208082E-2;4.146697623E-8;4.615508354E-3;2.102660251E-8;2.340379463E-3;7.542441208E-7;8.395162505E-2;9.126848557E-8;1.015869725E-2
1.964583333E-2;NaN;3.350610700E-3;NaN;1.865161789E-2;5.181289832E-8;5.779318645E-3;2.697882477E-8;3.009274333E-3;8.185709700E-7;9.130511171E-2;9.320075803E-8;1.039580676E-2
1.966666667E-2;NaN;3.357720748E-3;NaN;1.869119691E-2;6.366793370E-8;7.116723813E-3;3.331189737E-8;3.723563173E-3;8.980485593E-7;1.003827703E-1;9.179546285E-8;1.026078464E-2
1.968750000E-2;NaN;3.364838331E-3;NaN;1.873081788E-2;7.561291982E-8;8.469835856E-3;3.866754745E-8;4.331373271E-3;9.697761632E-7;1.086301777E-1;8.731664858E-8;9.780837491E-3
1.970833333E-2;NaN;3.371963450E-3;NaN;1.877048080E-2;8.578337963E-8;9.629434714E-3;4.178569197E-8;4.690565871E-3;1.010335548E-6;1.134131138E-1;8.062507107E-8;9.050399524E-3
1.972916667E-2;NaN;3.379096104E-3;NaN;1.881018566E-2;9.262136338E-8;1.041901097E-2;4.215321948E-8;4.741831046E-3;1.008970484E-6;1.134994581E-1;7.281395214E-8;8.190868055E-3
1.975000000E-2;NaN;3.386236295E-3;NaN;1.884993248E-2;9.599463139E-8;1.082128881E-2;4.045337704E-8;4.560230815E-3;9.750534104E-7;1.099158818E-1;6.502274543E-8;7.329888111E-3
1.977083333E-2;NaN;3.393384021E-3;NaN;1.888972124E-2;9.788583636E-8;1.105777245E-2;3.851154765E-8;4.350495910E-3;9.349496355E-7;1.056175307E-1;5.861988440E-8;6.622054497E-3
1.979166667E-2;NaN;3.400539283E-3;NaN;1.892955196E-2;1.018771698E-7;1.153292453E-2;3.869401010E-8;4.380324848E-3;9.192607044E-7;1.040641819E-1;5.532334942E-8;6.262836070E-3
1.981250000E-2;NaN;3.407702081E-3;NaN;1.896942462E-2;1.114317233E-7;1.264111112E-2;4.297420782E-8;4.875108453E-3;9.467944274E-7;1.074068785E-1;5.684677776E-8;6.448849690E-3
1.983333333E-2;NaN;3.414872415E-3;NaN;1.900933923E-2;1.278425784E-7;1.453331832E-2;5.201762457E-8;5.913434363E-3;1.013605977E-6;1.152281071E-1;6.416660080E-8;7.294546517E-3
1.985416667E-2;NaN;3.422050285E-3;NaN;1.904929579E-2;1.489634446E-7;1.696996222E-2;6.463934928E-8;7.363734898E-3;1.093007153E-6;1.245157169E-1;7.684075344E-8;8.753722678E-3
1.987500000E-2;NaN;3.429235690E-3;NaN;1.908929430E-2;1.695466779E-7;1.935536663E-2;7.794231619E-8;8.897857063E-3;1.146777921E-6;1.309156120E-1;9.280086636E-8;1.059410195E-2
1.989583333E-2;NaN;3.436428631E-3;NaN;1.912933476E-2;1.832877074E-7;2.096792479E-2;8.822027249E-8;1.009230823E-2;1.142055164E-6;1.306499335E-1;1.089419796E-7;1.246285017E-2
1.991666667E-2;NaN;3.443629109E-3;NaN;1.916941717E-2;1.856885176E-7;2.128708536E-2;9.230793295E-8;1.058205900E-2;1.065407303E-6;1.221368801E-1;1.223959583E-7;1.403131031E-2
1.993750000E-2;NaN;3.450837121E-3;NaN;1.920954153E-2;1.761358846E-7;2.023424893E-2;8.876691128E-8;1.019742106E-2;9.273202627E-7;1.065292803E-1;1.317076819E-7;1.513039791E-2
1.995833333E-2;NaN;3.458052670E-3;NaN;1.924970784E-2;1.579750396E-7;1.818590252E-2;7.837586103E-8;9.022537819E-3;7.557016833E-7;8.699549745E-2;1.369757464E-7;1.576848835E-2
1.997916667E-2;NaN;3.465275755E-3;NaN;1.928991609E-2;1.366621445E-7;1.576524824E-2;6.374140910E-8;7.353163832E-3;5.828773758E-7;6.724032145E-2;1.388578210E-7;1.601853994E-2
2.000000000E-2;NaN;3.472506375E-3;NaN;1.933016630E-2;1.172034859E-7;1.354872298E-2;4.824946012E-8;5.577637589E-3;4.333591992E-7;5.009632343E-2;1.373926622E-7;1.588259175E-2
2.002083333E-2;NaN;3.479744531E-3;NaN;1.937045845E-2;1.022920665E-7;1.184961105E-2;3.484699771E-8;4.036709625E-3;3.180000001E-7;3.683742490E-2;1.316935575E-7;1.525550797E-2
2.004166667E-2;NaN;3.486990223E-3;NaN;1.941079256E-2;9.191882563E-8;1.067013660E-2;2.519900613E-8;2.925155273E-3;2.356614350E-7;2.735609038E-2;1.207043529E-7;1.401162302E-2
2.006250000E-2;NaN;3.494243451E-3;NaN;1.945116861E-2;8.435795747E-8;9.812823740E-3;1.952496822E-8;2.271215158E-3;1.793858489E-7;2.086681292E-2;1.043226666E-7;1.213519116E-2
2.008333333E-2;NaN;3.501504215E-3;NaN;1.949158661E-2;7.776385361E-8;9.064570058E-3;1.703502167E-8;1.985693098E-3;1.426922313E-7;1.663296849E-2;8.402762582E-8;9.794708797E-3
2.010416667E-2;NaN;3.508772514E-3;NaN;1.953204656E-2;7.141810838E-8;8.342156590E-3;1.659172195E-8;1.938034285E-3;1.230935533E-7;1.437822592E-2;6.258563808E-8;7.310459561E-3
2.012500000E-2;NaN;3.516048350E-3;NaN;1.957254846E-2;6.602634642E-8;7.728351867E-3;1.722464267E-8;2.016136081E-3;1.222358558E-7;1.430764772E-2;4.302453158E-8;5.036000582E-3
2.014583333E-2;NaN;3.523331721E-3;NaN;1.961309231E-2;6.308663264E-8;7.399556028E-3;1.831726928E-8;2.148468774E-3;1.436941742E-7;1.685417415E-2;2.751702915E-8;3.227526822E-3
2.016666667E-2;NaN;3.530622628E-3;NaN;1.965367811E-2;6.383865399E-8;7.503256691E-3;1.952814478E-8;2.295234530E-3;1.897249014E-7;2.229925832E-2;1.684631306E-8;1.980026258E-3
2.018750000E-2;NaN;3.537921070E-3;NaN;1.969430586E-2;6.837488911E-8;8.053034453E-3;2.061290924E-8;2.427740219E-3;2.581534326E-7;3.040470725E-2;1.067911938E-8;1.257761693E-3
2.020833333E-2;NaN;3.545227049E-3;NaN;1.973497555E-2;7.531326974E-8;8.888538125E-3;2.132587420E-8;2.516898370E-3;3.406093965E-7;4.019901960E-2;8.296358831E-9;9.791435430E-4
2.022916667E-2;NaN;3.552540563E-3;NaN;1.977568720E-2;8.213711624E-8;9.713892185E-3;2.145001821E-8;2.536772336E-3;4.233839468E-7;5.007122480E-2;9.251792145E-9;1.094157131E-3
2.025000000E-2;NaN;3.559861614E-3;NaN;1.981644079E-2;8.608090880E-8;1.020128172E-2;2.089734268E-8;2.476503592E-3;4.915106014E-7;5.824796907E-2;1.367720868E-8;1.620859501E-3
2.027083333E-2;NaN;3.567190200E-3;NaN;1.985723634E-2;8.520077645E-8;1.011776530E-2;1.977137304E-8;2.347890717E-3;5.349457522E-7;6.352589492E-2;2.217707600E-8;2.633572832E-3
2.029166667E-2;NaN;3.574526322E-3;NaN;1.989807383E-2;7.914413642E-8;9.417855580E-3;1.832665535E-8;2.180803294E-3;5.537850380E-7;6.589834378E-2;3.534411183E-8;4.205816829E-3
2.031250000E-2;NaN;3.581869979E-3;NaN;1.993895327E-2;6.922527725E-8;8.254472085E-3;1.684841498E-8;2.009017177E-3;5.590011087E-7;6.665569616E-2;5.303971179E-8;6.324493563E-3
2.033333333E-2;NaN;3.589221173E-3;NaN;1.997987467E-2;5.780691921E-8;6.907085434E-3;1.554020085E-8;1.856827806E-3;5.672285098E-7;6.777555059E-2;7.376581317E-8;8.813940972E-3
2.035416667E-2;NaN;3.596579902E-3;NaN;2.002083801E-2;4.737487987E-8;5.672214127E-3;1.451086328E-8;1.737391713E-3;5.917522253E-7;7.085074075E-2;9.460967333E-8;1.132765565E-2
2.037500000E-2;NaN;3.603946167E-3;NaN;2.006184330E-2;3.980301431E-8;4.775392141E-3;1.386840244E-8;1.663870468E-3;6.347458829E-7;7.615404394E-2;1.120432986E-7;1.344246653E-2
2.039583333E-2;NaN;3.611319968E-3;NaN;2.010289054E-2;3.607686273E-8;4.337200664E-3;1.382485848E-8;1.662039902E-3;6.856961329E-7;8.243515366E-2;1.233246443E-7;1.482622624E-2
2.041666667E-2;NaN;3.618701305E-3;NaN;2.014397972E-2;3.636243075E-8;4.380467137E-3;1.470928433E-8;1.771981006E-3;7.275524131E-7;8.764594034E-2;1.276960510E-7;1.538313978E-2
2.043750000E-2;NaN;3.626090178E-3;NaN;2.018511086E-2;4.014880986E-8;4.846475914E-3;1.686506229E-8;2.035829168E-3;7.472485154E-7;9.020247285E-2;1.265730428E-7;1.527898848E-2
2.045833333E-2;NaN;3.633486586E-3;NaN;2.022628395E-2;4.632019561E-8;5.602846551E-3;2.049606425E-8;2.479184325E-3;7.441347711E-7;9.000983007E-2;1.225122767E-7;1.481896780E-2
2.047916667E-2;NaN;3.640890530E-3;NaN;2.026749898E-2;5.327441894E-8;6.457153718E-3;2.553384003E-8;3.094842391E-3;7.307628284E-7;8.857248953E-2;1.176088634E-7;1.425484359E-2
2.050000000E-2;NaN;3.648302010E-3;NaN;2.030875597E-2;5.930244448E-8;7.202415313E-3;3.155672063E-8;3.832634723E-3;7.251783046E-7;8.807453674E-2;1.123869512E-7;1.364964809E-2
2.052083333E-2;NaN;3.655721026E-3;NaN;2.035005490E-2;6.319409727E-8;7.690672954E-3;3.778061174E-8;4.597871343E-3;7.394550109E-7;8.999110515E-2;1.058695632E-7;1.288424428E-2
2.054166667E-2;NaN;3.663147578E-3;NaN;2.039139578E-2;6.474404366E-8;7.895306935E-3;4.315150720E-8;5.262173549E-3;7.718722251E-7;9.412708548E-2;9.663469419E-8;1.178425888E-2
2.056250000E-2;NaN;3.670581665E-3;NaN;2.043277862E-2;6.476380696E-8;7.913744833E-3;4.655564109E-8;5.688817279E-3;8.080639406E-7;9.874051782E-2;8.402657277E-8;1.026753811E-2
2.058333333E-2;NaN;3.678023289E-3;NaN;2.047420340E-2;6.451935486E-8;7.899857790E-3;4.712984918E-8;5.770657611E-3;8.308036772E-7;1.017249927E-1;6.876246302E-8;8.419391054E-3
2.060416667E-2;NaN;3.685472448E-3;NaN;2.051567013E-2;6.491987212E-8;7.964996823E-3;4.459000352E-8;5.470732223E-3;8.325076577E-7;1.021400787E-1;5.269881198E-8;6.465599150E-3
2.062500000E-2;NaN;3.692929143E-3;NaN;2.055717881E-2;6.598121127E-8;8.111590934E-3;3.942923294E-8;4.847346726E-3;8.225881435E-7;1.011272512E-1;3.801456039E-8;4.673429868E-3
2.064583333E-2;NaN;3.700393374E-3;NaN;2.059872944E-2;6.698466799E-8;8.251598459E-3;3.284483384E-8;4.046036033E-3;8.247717584E-7;1.016006435E-1;2.633892932E-8;3.244597235E-3
2.066666667E-2;NaN;3.707865141E-3;NaN;2.064032201E-2;6.731458590E-8;8.308983390E-3;2.637836481E-8;3.256016391E-3;8.654393228E-7;1.068255990E-1;1.833482753E-8;2.263161474E-3
2.068750000E-2;NaN;3.715344443E-3;NaN;2.068195654E-2;6.744357231E-8;8.341697384E-3;2.141636062E-8;2.648863239E-3;9.591559957E-7;1.186323438E-1;1.385208166E-8;1.713282221E-3
2.070833333E-2;NaN;3.722831281E-3;NaN;2.072363302E-2;6.925702600E-8;8.583254209E-3;1.876761659E-8;2.325933315E-3;1.098991688E-6;1.362017051E-1;1.234438312E-8;1.529880569E-3
2.072916667E-2;NaN;3.730325655E-3;NaN;2.076535144E-2;7.530101752E-8;9.351092957E-3;1.848002820E-8;2.294902077E-3;1.256313198E-6;1.560125199E-1;1.318627757E-8;1.637509178E-3
2.075000000E-2;NaN;3.737827565E-3;NaN;2.080711182E-2;8.727036945E-8;1.085927570E-2;1.993260957E-8;2.480265686E-3;1.389903278E-6;1.729492265E-1;1.578029572E-8;1.963582633E-3
2.077083333E-2;NaN;3.745337011E-3;NaN;2.084891414E-2;1.045870099E-7;1.304017535E-2;2.213359993E-8;2.759673736E-3;1.460036467E-6;1.820410735E-1;1.953552953E-8;2.435739687E-3
2.079166667E-2;NaN;3.752853993E-3;NaN;2.089075841E-2;1.239027217E-7;1.547951314E-2;2.408268543E-8;3.008717163E-3;1.441545403E-6;1.800962940E-1;2.377391148E-8;2.970141172E-3
2.081250000E-2;NaN;3.760378510E-3;NaN;2.093264464E-2;1.399480548E-7;1.751915725E-2;2.506338981E-8;3.137517474E-3;1.331045420E-6;1.666246384E-1;2.764310306E-8;3.460454453E-3
2.083333333E-2;NaN;3.767910563E-3;NaN;2.097457281E-2;1.475052467E-7;1.850217722E-2;2.480224695E-8;3.111045733E-3;1.146429738E-6;1.438012996E-1;3.018120784E-8;3.785750462E-3
2.085416667E-2;NaN;3.775450152E-3;NaN;2.101654293E-2;1.436104678E-7;1.804968470E-2;2.348818820E-8;2.952113433E-3;9.197805612E-7;1.156026394E-1;3.062761962E-8;3.849433023E-3
2.087500000E-2;NaN;3.782997277E-3;NaN;2.105855500E-2;1.288289945E-7;1.622424247E-2;2.165673877E-8;2.727368806E-3;6.869602683E-7;8.651321082E-2;2.880197332E-8;3.627212963E-3
2.089583333E-2;NaN;3.790551938E-3;NaN;2.110060901E-2;1.069734092E-7;1.349873497E-2;1.996994989E-8;2.519963261E-3;4.778129814E-7;6.029415023E-2;2.525119407E-8;3.186391638E-3
2.091666667E-2;NaN;3.798114134E-3;NaN;2.114270498E-2;8.362440758E-8;1.057342886E-2;1.894236492E-8;2.395063281E-3;3.101426211E-7;3.921428010E-2;2.105673154E-8;2.662402754E-3
2.093750000E-2;NaN;3.805683867E-3;NaN;2.118484290E-2;6.435815708E-8;8.153631709E-3;1.872669596E-8;2.372513274E-3;1.887654405E-7;2.391497755E-2;1.748738110E-8;2.215502611E-3
2.095833333E-2;NaN;3.813261135E-3;NaN;2.122702276E-2;5.339943817E-8;6.778725021E-3;1.905814577E-8;2.419312525E-3;1.087658698E-7;1.380714758E-2;1.572596915E-8;1.996313523E-3
2.097916667E-2;NaN;3.820845939E-3;NaN;2.126924458E-2;5.287902821E-8;6.726014115E-3;1.938782891E-8;2.466059141E-3;6.064704593E-8;7.714076842E-3;1.671315494E-8;2.125850641E-3
2.100000000E-2;NaN;3.828438279E-3;NaN;2.131150834E-2;6.257135509E-8;7.974656635E-3;1.914397294E-8;2.439880207E-3;3.503904744E-8;4.465691557E-3;2.105975033E-8;2.684044120E-3
2.102083333E-2;NaN;3.836038154E-3;NaN;2.135381406E-2;7.996429685E-8;1.021160067E-2;1.799491965E-8;2.297987237E-3;2.570302283E-8;3.282327433E-3;2.908752616E-8;3.714535279E-3
2.104166667E-2;NaN;3.843645566E-3;NaN;2.139616172E-2;1.006641436E-7;1.288050583E-2;1.598278993E-8;2.045081909E-3;3.085104443E-8;3.947553156E-3;4.109135789E-8;5.257855043E-3
2.106250000E-2;NaN;3.851260513E-3;NaN;2.143855133E-2;1.192943589E-7;1.529458111E-2;1.346418488E-8;1.726226365E-3;5.338934139E-8;6.844980932E-3;5.775606487E-8;7.404833108E-3
2.108333333E-2;NaN;3.858882996E-3;NaN;2.148098289E-2;1.309571635E-7;1.682308552E-2;1.091917004E-8;1.402703957E-3;1.005608857E-7;1.291830347E-2;8.037296481E-8;1.032491255E-2
2.110416667E-2;NaN;3.866513015E-3;NaN;2.152345640E-2;1.329035102E-7;1.710687612E-2;8.757994601E-9;1.127298507E-3;1.828647309E-7;2.353771012E-2;1.104321059E-7;1.421443535E-2
2.112500000E-2;NaN;3.874150570E-3;NaN;2.156597186E-2;1.255563174E-7;1.619309438E-2;7.222627671E-9;9.315078206E-4;3.118641930E-7;4.022136374E-2;1.484028199E-7;1.913962530E-2
2.114583333E-2;NaN;3.881795660E-3;NaN;2.160852927E-2;1.121988235E-7;1.449892340E-2;6.392029207E-9;8.260117083E-4;4.965820811E-7;6.417095413E-2;1.921411037E-7;2.482948625E-2
2.116666667E-2;NaN;3.889448286E-3;NaN;2.165112863E-2;9.750382227E-8;1.262479762E-2;6.240044954E-9;8.079611940E-4;7.389959585E-7;9.568521724E-2;2.360183398E-7;3.055966119E-2
2.118750000E-2;NaN;3.897108449E-3;NaN;2.169376993E-2;8.588839116E-8;1.114273345E-2;6.692667038E-9;8.682733934E-4;1.029746757E-6;1.335942318E-1;2.719189156E-7;3.527741007E-2
2.120833333E-2;NaN;3.904776147E-3;NaN;2.173645319E-2;8.059441434E-8;1.047649157E-2;7.650610707E-9;9.945051306E-4;1.345633289E-6;1.749192660E-1;2.921974671E-7;3.798283448E-2
2.122916667E-2;NaN;3.912451380E-3;NaN;2.177917839E-2;8.356705075E-8;1.088425759E-2;8.982733136E-9;1.169963286E-3;1.650465204E-6;2.149661651E-1;2.931616357E-7;3.818307252E-2
2.125000000E-2;NaN;3.920134150E-3;NaN;2.182194555E-2;9.551065361E-8;1.246428953E-2;1.052620184E-8;1.373685788E-3;1.900333985E-6;2.479965543E-1;2.769132619E-7;3.613761336E-2
2.127083333E-2;NaN;3.927824455E-3;NaN;2.186475465E-2;1.155841338E-7;1.511350085E-2;1.212398288E-8;1.585302580E-3;2.053116628E-6;2.684605481E-1;2.502556140E-7;3.272281680E-2
2.129166667E-2;NaN;3.935522297E-3;NaN;2.190760570E-2;1.408417558E-7;1.845221857E-2;1.368100411E-8;1.792400816E-3;2.080061167E-6;2.725167907E-1;2.212609148E-7;2.898824099E-2
2.131250000E-2;NaN;3.943227674E-3;NaN;2.195049870E-2;1.661411838E-7;2.180941096E-2;1.521551551E-8;1.997346011E-3;1.975597452E-6;2.593373643E-1;1.955842055E-7;2.567440665E-2
2.133333333E-2;NaN;3.950940587E-3;NaN;2.199343366E-2;1.851753618E-7;2.435558039E-2;1.687585450E-8;2.219632390E-3;1.761114590E-6;2.316343143E-1;1.746611828E-7;2.297268080E-2
2.135416667E-2;NaN;3.958661036E-3;NaN;2.203641055E-2;1.925562902E-7;2.537586231E-2;1.889162466E-8;2.489616234E-3;1.480208021E-6;1.950679195E-1;1.565608056E-7;2.063222884E-2
2.137500000E-2;NaN;3.966389020E-3;NaN;2.207942940E-2;1.859744095E-7;2.455631965E-2;2.143448420E-8;2.830239102E-3;1.186291358E-6;1.566395606E-1;1.385000868E-7;1.828774407E-2
2.139583333E-2;NaN;3.974124540E-3;NaN;2.212249020E-2;1.671380040E-7;2.211217519E-2;2.443670190E-8;3.232948944E-3;9.269744038E-7;1.226377001E-1;1.191230234E-7;1.575984576E-2
2.141666667E-2;NaN;3.981867597E-3;NaN;2.216559295E-2;1.408238756E-7;1.866714452E-2;2.748675725E-8;3.643553109E-3;7.313256993E-7;9.694210203E-2;9.917032686E-8;1.314568865E-2
2.143750000E-2;NaN;3.989618189E-3;NaN;2.220873765E-2;1.126120388E-7;1.495653319E-2;2.990265763E-8;3.971512245E-3;6.049262473E-7;8.034309285E-2;8.059036933E-8;1.070358503E-2
2.145833333E-2;NaN;3.997376317E-3;NaN;2.225192429E-2;8.677141852E-8;1.154692951E-2;3.098159622E-8;4.122812716E-3;5.341240556E-7;7.107746912E-2;6.523101168E-8;8.680483812E-3
2.147916667E-2;NaN;4.005141980E-3;NaN;2.229515289E-2;6.543786053E-8;8.724926767E-3;3.031000696E-8;4.041278074E-3;4.967763101E-7;6.623592045E-2;5.423055674E-8;7.230640369E-3
2.150000000E-2;NaN;4.012915180E-3;NaN;2.233842343E-2;4.907485403E-8;6.555922019E-3;2.796739215E-8;3.736170910E-3;4.741378646E-7;6.334019586E-2;4.831072199E-8;6.453841428E-3
2.152083333E-2;NaN;4.020695915E-3;NaN;2.238173592E-2;3.737285177E-8;5.002328975E-3;2.449172537E-8;3.278199593E-3;4.585539376E-7;6.137711038E-2;4.840910481E-8;6.479523402E-3
2.154166667E-2;NaN;4.028484186E-3;NaN;2.242509036E-2;2.990733838E-8;4.010829587E-3;2.061908543E-8;2.765195513E-3;4.540777424E-7;6.089570463E-2;5.603186235E-8;7.514351444E-3
2.156250000E-2;NaN;4.036279993E-3;NaN;2.246848675E-2;2.648216813E-8;3.558357727E-3;1.697511051E-8;2.280912776E-3;4.706135585E-7;6.323543389E-2;7.304272198E-8;9.814609318E-3
2.158333333E-2;NaN;4.044083336E-3;NaN;2.251192509E-2;2.726553397E-8;3.670699952E-3;1.392239692E-8;1.874342228E-3;5.152523060E-7;6.936730515E-2;1.008264668E-7;1.357404947E-2
2.160416667E-2;NaN;4.051894215E-3;NaN;2.255540538E-2;3.272062449E-8;4.413615179E-3;1.161835528E-8;1.567175139E-3;5.854227415E-7;7.896642374E-2;1.390940984E-7;1.876210597E-2
2.162500000E-2;NaN;4.059712629E-3;NaN;2.259892762E-2;4.346495018E-8;5.874207199E-3;1.017176848E-8;1.374695597E-3;6.672651135E-7;9.017963940E-2;1.851137916E-7;2.501778474E-2
2.164583333E-2;NaN;4.067538579E-3;NaN;2.264249181E-2;6.040158277E-8;8.178897813E-3;9.784079913E-9;1.324849220E-3;7.398278111E-7;1.001790978E-1;2.343622039E-7;3.173467366E-2
2.166666667E-2;NaN;4.075372065E-3;NaN;2.268609795E-2;8.521057255E-8;1.156047104E-2;1.084821182E-8;1.471770871E-3;7.827506237E-7;1.061953423E-1;2.828348401E-7;3.837204563E-2
2.168750000E-2;NaN;4.083213087E-3;NaN;2.272974603E-2;1.206608083E-7;1.640148071E-2;1.398291176E-8;1.900703805E-3;7.835284646E-7;1.065053945E-1;3.298311607E-7;4.483410557E-2
2.170833333E-2;NaN;4.091061645E-3;NaN;2.277343607E-2;1.699297726E-7;2.314303340E-2;1.990610693E-8;2.711047573E-3;7.409855787E-7;1.009161240E-1;3.791250971E-7;5.163371110E-2
2.172916667E-2;NaN;4.098917738E-3;NaN;2.281716805E-2;2.346174902E-7;3.201432648E-2;2.908819897E-8;3.969180208E-3;6.639242929E-7;9.059464856E-2;4.368746659E-7;5.961298185E-2
2.175000000E-2;NaN;4.106781368E-3;NaN;2.286094199E-2;3.120213761E-7;4.265802194E-2;4.128194055E-8;5.643863083E-3;5.664372135E-7;7.744049905E-2;5.065870401E-7;6.925807885E-2
2.177083333E-2;NaN;4.114652533E-3;NaN;2.290475787E-2;3.931527253E-7;5.385291789E-2;5.517664148E-8;7.557936017E-3;4.626751515E-7;6.337589780E-2;5.838755864E-7;7.997758120E-2
2.179166667E-2;NaN;4.122531234E-3;NaN;2.294861570E-2;4.634367385E-7;6.360176915E-2;6.845683319E-8;9.394973121E-3;3.633898704E-7;4.987139932E-2;6.548564097E-7;8.987208552E-2
2.181250000E-2;NaN;4.130417471E-3;NaN;2.299251548E-2;5.070739788E-7;6.972364068E-2;7.841906129E-8;1.078277072E-2;2.750069872E-7;3.781398605E-2;7.004207228E-7;9.630918730E-2
2.183333333E-2;NaN;4.138311243E-3;NaN;2.303645721E-2;5.135826522E-7;7.075355715E-2;8.298421943E-8;1.143229563E-2;2.004944679E-7;2.762105910E-2;7.048907993E-7;9.710906558E-2
2.185416667E-2;NaN;4.146212552E-3;NaN;2.308044089E-2;4.829078962E-7;6.665468051E-2;8.158906550E-8;1.126155347E-2;1.406869575E-7;1.941870133E-2;6.643028466E-7;9.169221368E-2
2.187500000E-2;NaN;4.154121396E-3;NaN;2.312446652E-2;4.258779106E-7;5.889508879E-2;7.539750695E-8;1.042679781E-2;9.515675729E-8;1.315932461E-2;5.894375188E-7;8.151391312E-2
2.189583333E-2;NaN;4.162037776E-3;NaN;2.316853410E-2;3.596032029E-7;4.982466086E-2;6.665730408E-8;9.235672939E-3;6.253880201E-8;8.665035727E-3;5.017227587E-7;6.951597232E-2
2.191666667E-2;NaN;4.169961692E-3;NaN;2.321264362E-2;3.003365541E-7;4.169222196E-2;5.760113723E-8;7.996094268E-3;4.069496401E-8;5.649207361E-3;4.241767295E-7;5.888350957E-2
2.193750000E-2;NaN;4.177893144E-3;NaN;2.325679510E-2;2.574953580E-7;3.581306694E-2;4.956112780E-8;6.893079556E-3;2.703908246E-8;3.760659911E-3;3.721145209E-7;5.175457280E-2
2.195833333E-2;NaN;4.185832131E-3;NaN;2.330098852E-2;2.316080125E-7;3.227380492E-2;4.275135727E-8;5.957259205E-3;1.904455554E-8;2.653795366E-3;3.482719541E-7;4.853053651E-2
2.197916667E-2;NaN;4.193778655E-3;NaN;2.334522390E-2;2.166459202E-7;3.024619879E-2;3.669597343E-8;5.123169208E-3;1.476953377E-8;2.061992462E-3;3.444032867E-7;4.808255915E-2
2.200000000E-2;NaN;4.201732714E-3;NaN;2.338950122E-2;2.047618616E-7;2.864127015E-2;3.090550919E-8;4.322939003E-3;1.323629756E-8;1.851440357E-3;3.476638956E-7;4.862983506E-2
2.202083333E-2;NaN;4.209694309E-3;NaN;2.343382049E-2;1.904304576E-7;2.668712277E-2;2.533552909E-8;3.550547449E-3;1.463996736E-8;2.051660282E-3;3.476356318E-7;4.871801972E-2
2.204166667E-2;NaN;4.217663440E-3;NaN;2.347818172E-2;1.720716913E-7;2.415995554E-2;2.038795183E-8;2.862597595E-3;2.047466859E-8;2.874773178E-3;3.402434972E-7;4.777234247E-2
2.206250000E-2;NaN;4.225640106E-3;NaN;2.352258489E-2;1.512942611E-7;2.128284798E-2;1.655681617E-8;2.329078440E-3;3.360637754E-8;4.727472272E-3;3.272671258E-7;4.603728149E-2
2.208333333E-2;NaN;4.233624309E-3;NaN;2.356703001E-2;1.310878639E-7;1.847521857E-2;1.404852128E-8;1.979965907E-3;5.818279390E-8;8.200147616E-3;3.127037480E-7;4.407173877E-2
2.210416667E-2;NaN;4.241616047E-3;NaN;2.361151707E-2;1.141602525E-7;1.611985224E-2;1.265306275E-8;1.786659519E-3;9.910569953E-8;1.399409337E-2;2.986444720E-7;4.216971015E-2
2.212500000E-2;NaN;4.249615321E-3;NaN;2.365604609E-2;1.019899856E-7;1.442852486E-2;1.189474661E-8;1.682749989E-3;1.609225540E-7;2.276571623E-2;2.833333689E-7;4.008317613E-2
2.214583333E-2;NaN;4.257622131E-3;NaN;2.370061706E-2;9.466620775E-8;1.341766291E-2;1.129734540E-8;1.601246907E-3;2.463203989E-7;3.491260672E-2;2.624838834E-7;3.720356346E-2
2.216666667E-2;NaN;4.265636477E-3;NaN;2.374522998E-2;9.124567867E-8;1.295719306E-2;1.059371909E-8;1.504343718E-3;3.547444567E-7;5.037490519E-2;2.326155328E-7;3.303218750E-2
2.218750000E-2;NaN;4.273658359E-3;NaN;2.378988484E-2;9.020624826E-8;1.283367994E-2;9.806101050E-9;1.395118018E-3;4.818379516E-7;6.855128300E-2;1.938695594E-7;2.758190173E-2
2.220833333E-2;NaN;4.281687776E-3;NaN;2.383458166E-2;8.986677635E-8;1.280940451E-2;9.184486995E-9;1.309135744E-3;6.200096271E-7;8.837475246E-2;1.504776542E-7;2.144874025E-2
2.222916667E-2;NaN;4.289724729E-3;NaN;2.387932042E-2;8.888513487E-8;1.269326487E-2;9.036781426E-9;1.290499929E-3;7.598872565E-7;1.085158979E-1;1.089080428E-7;1.555264146E-2
2.225000000E-2;NaN;4.297769218E-3;NaN;2.392410113E-2;8.677555356E-8;1.241524420E-2;9.530125973E-9;1.363504309E-3;8.918752484E-7;1.276033232E-1;7.516005046E-8;1.075337860E-2
2.227083333E-2;NaN;4.305821243E-3;NaN;2.396892379E-2;8.408127139E-8;1.205230319E-2;1.056370406E-8;1.514213118E-3;1.007048977E-6;1.443515232E-1;5.276760865E-8;7.563767861E-3
2.229166667E-2;NaN;4.313880804E-3;NaN;2.401378841E-2;8.194747527E-8;1.176842926E-2;1.178104583E-8;1.691869139E-3;1.097159986E-6;1.575625075E-1;4.229433436E-8;6.073864759E-3
2.231250000E-2;NaN;4.321947900E-3;NaN;2.405869497E-2;8.128485945E-8;1.169510078E-2;1.270376582E-8;1.827792071E-3;1.154332056E-6;1.660829560E-1;4.204278156E-8;6.049030176E-3
2.233333333E-2;NaN;4.330022533E-3;NaN;2.410364348E-2;8.199019538E-8;1.181862247E-2;1.291977344E-8;1.862343711E-3;1.171327223E-6;1.688430449E-1;4.911666800E-8;7.080009427E-3
2.235416667E-2;NaN;4.338104701E-3;NaN;2.414863393E-2;8.271382332E-8;1.194518576E-2;1.224512667E-8;1.768390178E-3;1.142915828E-6;1.650551423E-1;6.015105876E-8;8.686765302E-3
2.237500000E-2;NaN;4.346194405E-3;NaN;2.419366634E-2;8.145535109E-8;1.178537893E-2;1.078871823E-8;1.560967215E-3;1.068034100E-6;1.545286639E-1;7.171475150E-8;1.037605891E-2
2.239583333E-2;NaN;4.354291645E-3;NaN;2.423874070E-2;7.678360993E-8;1.113014502E-2;8.891612095E-9;1.288880949E-3;9.516431494E-7;1.379451457E-1;8.078744076E-8;1.171051911E-2
2.241666667E-2;NaN;4.362396420E-3;NaN;2.428385701E-2;6.893590573E-8;1.001118292E-2;6.989470548E-9;1.015042414E-3;8.050513143E-7;1.169131802E-1;8.538567935E-8;1.240009318E-2
2.243750000E-2;NaN;4.370508732E-3;NaN;2.432901526E-2;6.006037283E-8;8.738457903E-3;5.472413626E-9;7.962064477E-4;6.441245650E-7;9.371662430E-2;8.496312191E-8;1.236167258E-2
2.245833333E-2;NaN;4.378628579E-3;NaN;2.437421547E-2;5.351321817E-8;7.800347650E-3;4.599492447E-9;6.704444495E-4;4.858999413E-7;7.082714505E-2;8.034788736E-8;1.171189990E-2
2.247916667E-2;NaN;4.386755962E-3;NaN;2.441945762E-2;5.268978125E-8;7.694575279E-3;4.487191496E-9;6.552889752E-4;3.449056754E-7;5.036845135E-2;7.334361488E-8;1.071076692E-2
2.250000000E-2;NaN;4.394890881E-3;NaN;2.446474172E-2;5.979961191E-8;8.749056970E-3;5.163550268E-9;7.554596764E-4;2.305690300E-7;3.373369014E-2;6.614283264E-8;9.677109808E-3
2.252083333E-2;NaN;4.403033336E-3;NaN;2.451006777E-2;7.483023582E-8;1.096841489E-2;6.648153811E-9;9.744685215E-4;1.464770027E-7;2.147020546E-2;6.062220087E-8;8.885839308E-3
2.254166667E-2;NaN;4.411183326E-3;NaN;2.455543577E-2;9.514499596E-8;1.397191200E-2;8.987847893E-9;1.319853120E-3;9.142287759E-8;1.342532403E-2;5.781513601E-8;8.490073328E-3
2.256250000E-2;NaN;4.419340853E-3;NaN;2.460084572E-2;1.161455763E-7;1.708735942E-2;1.219299369E-8;1.793835565E-3;6.149374314E-8;9.046971262E-3;5.784875462E-8;8.510719852E-3
2.258333333E-2;NaN;4.427505915E-3;NaN;2.464629762E-2;1.327817257E-7;1.957096503E-2;1.609659944E-8;2.372510096E-3;5.206765162E-8;7.674355670E-3;6.021011481E-8;8.874489660E-3
2.260416667E-2;NaN;4.435678513E-3;NaN;2.469179147E-2;1.412515131E-7;2.085777379E-2;2.023967243E-8;2.988672474E-3;5.890266776E-8;8.697807853E-3;6.400674211E-8;9.451496262E-3
2.262500000E-2;NaN;4.443858647E-3;NaN;2.473732727E-2;1.404710813E-7;2.078078475E-2;2.389356947E-8;3.534728426E-3;7.808518125E-8;1.155163988E-2;6.824167164E-8;1.009542659E-2
2.264583333E-2;NaN;4.452046316E-3;NaN;2.478290502E-2;1.329067376E-7;1.969796919E-2;2.625302514E-8;3.890933521E-3;1.053016271E-7;1.560664451E-2;7.222684570E-8;1.070466560E-2
2.266666667E-2;NaN;4.460241522E-3;NaN;2.482852471E-2;1.239806213E-7;1.840886306E-2;2.672444608E-8;3.968093264E-3;1.352276549E-7;2.007884261E-2;7.584867445E-8;1.126214602E-2
2.268750000E-2;NaN;4.468444263E-3;NaN;2.487418636E-2;1.198046925E-7;1.782152878E-2;2.517804283E-8;3.745355925E-3;1.617230109E-7;2.405708185E-2;7.936975894E-8;1.180663640E-2
2.270833333E-2;NaN;4.476654540E-3;NaN;2.491988995E-2;1.243876834E-7;1.853726863E-2;2.203543528E-8;3.283900559E-3;1.789779946E-7;2.667276271E-2;8.306072790E-8;1.237838815E-2
2.272916667E-2;NaN;4.484872353E-3;NaN;2.496563549E-2;1.378816275E-7;2.058596691E-2;1.813019633E-8;2.706869859E-3;1.831189770E-7;2.733998189E-2;8.715818652E-8;1.301286890E-2
2.275000000E-2;NaN;4.493097702E-3;NaN;2.501142299E-2;1.565338846E-7;2.341364383E-2;1.439871256E-8;2.153695531E-3;1.733868996E-7;2.593444303E-2;9.207509687E-8;1.377218441E-2
2.277083333E-2;NaN;4.501330586E-3;NaN;2.505725243E-2;1.741396222E-7;2.609475898E-2;1.155793946E-8;1.731953020E-3;1.522459320E-7;2.281399747E-2;9.839909698E-8;1.474506885E-2
2.279166667E-2;NaN;4.509571007E-3;NaN;2.510312382E-2;1.845086333E-7;2.769916670E-2;9.916737196E-9;1.488739859E-3;1.243870827E-7;1.867348144E-2;1.065727392E-7;1.599912164E-2
2.281250000E-2;NaN;4.517818963E-3;NaN;2.514903716E-2;1.839998008E-7;2.767330050E-2;9.359115439E-9;1.407597252E-3;9.513803919E-8;1.430862173E-2;1.164883974E-7;1.751968433E-2
2.283333333E-2;NaN;4.526074455E-3;NaN;2.519499245E-2;1.727486814E-7;2.602862446E-2;9.462677463E-9;1.425773418E-3;6.899663386E-8;1.039595473E-2;1.271568619E-7;1.915915177E-2
2.285416667E-2;NaN;4.534337483E-3;NaN;2.524098969E-2;1.538963566E-7;2.323041463E-2;9.688979022E-9;1.462536249E-3;4.886881288E-8;7.376670968E-3;1.365711800E-7;2.061520629E-2
2.287500000E-2;NaN;4.542608047E-3;NaN;2.528702887E-2;1.316383388E-7;1.990684530E-2;9.581023890E-9;1.448878511E-3;3.615204188E-8;5.467047908E-3;1.421269388E-7;2.149297089E-2
2.289583333E-2;NaN;4.550886146E-3;NaN;2.533311001E-2;1.095528126E-7;1.659717926E-2;8.902330231E-9;1.348697192E-3;3.134340634E-8;4.748505504E-3;1.417167555E-7;2.146999551E-2
2.291666667E-2;NaN;4.559171782E-3;NaN;2.537923310E-2;8.990047138E-8;1.364465965E-2;7.675608252E-9;1.164966775E-3;3.459622172E-8;5.250847558E-3;1.348795588E-7;2.047136845E-2
2.293750000E-2;NaN;4.567464953E-3;NaN;2.542539813E-2;7.363513331E-8;1.119631435E-2;6.128650459E-9;9.318689871E-4;4.582486248E-8;6.967727801E-3;1.230520551E-7;1.871021928E-2
2.295833333E-2;NaN;4.575765660E-3;NaN;2.547160511E-2;6.075886571E-8;9.255251286E-3;4.586013801E-9;6.985764074E-4;6.427036800E-8;9.790149949E-3;1.087539438E-7;1.656622562E-2
2.297916667E-2;NaN;4.584073902E-3;NaN;2.551785405E-2;5.087347754E-8;7.763504668E-3;3.347603548E-9;5.108582513E-4;8.786502225E-8;1.340856854E-2;9.441905853E-8;1.440874178E-2
2.300000000E-2;NaN;4.592389681E-3;NaN;2.556414493E-2;4.358577807E-8;6.663437337E-3;2.604107649E-9;3.981185815E-4;1.129241049E-7;1.726395007E-2;8.160007927E-8;1.247510172E-2
2.302083333E-2;NaN;4.600712996E-3;NaN;2.561047776E-2;3.843511018E-8;5.886647824E-3;2.418966015E-9;3.704841996E-4;1.345751087E-7;2.061126576E-2;7.072507392E-8;1.083211680E-2
2.304166667E-2;NaN;4.609043846E-3;NaN;2.565685254E-2;3.468227473E-8;5.321489335E-3;2.774528710E-9;4.257109735E-4;1.479828733E-7;2.270581409E-2;6.135118535E-8;9.413444793E-3
2.306250000E-2;NaN;4.617382232E-3;NaN;2.570326927E-2;3.155774252E-8;4.850835400E-3;3.624827211E-9;5.571830792E-4;1.499285462E-7;2.304596721E-2;5.280536105E-8;8.116870670E-3
2.308333333E-2;NaN;4.625728154E-3;NaN;2.574972795E-2;2.873050572E-8;4.424234717E-3;4.907077709E-9;7.556450198E-4;1.400244496E-7;2.156248266E-2;4.477282947E-8;6.894605631E-3
2.310416667E-2;NaN;4.634081611E-3;NaN;2.579622858E-2;2.634143813E-8;4.063665409E-3;6.532125820E-9;1.007704045E-3;1.209509114E-7;1.865896738E-2;3.737484328E-8;5.765776989E-3
2.312500000E-2;NaN;4.642442605E-3;NaN;2.584277115E-2;2.465266531E-8;3.810002013E-3;8.414554471E-9;1.300446385E-3;9.764038251E-8;1.509005413E-2;3.089083860E-8;4.774094639E-3
2.314583333E-2;NaN;4.650811134E-3;NaN;2.588935568E-2;2.386994779E-8;3.695685065E-3;1.055023223E-8;1.633448721E-3;7.590530036E-8;1.175210300E-2;2.565876806E-8;3.972640693E-3
2.316666667E-2;NaN;4.659187200E-3;NaN;2.593598216E-2;2.422851700E-8;3.757956726E-3;1.306804473E-8;2.026915084E-3;6.122147345E-8;9.495737933E-3;2.219887613E-8;3.443149900E-3
2.318750000E-2;NaN;4.667570801E-3;NaN;2.598265058E-2;2.610995111E-8;4.057063033E-3;1.616253821E-8;2.511396364E-3;5.808372975E-8;9.025269785E-3;2.116772734E-8;3.289121597E-3
2.320833333E-2;NaN;4.675961937E-3;NaN;2.602936095E-2;3.025353583E-8;4.709359982E-3;1.990731541E-8;3.098834962E-3;6.973116101E-8;1.085457055E-2;2.310058752E-8;3.595909683E-3
2.322916667E-2;NaN;4.684360610E-3;NaN;2.607611328E-2;3.815220032E-8;5.949557861E-3;2.404477778E-8;3.749608029E-3;9.766877973E-8;1.523073509E-2;2.832159022E-8;4.416545790E-3
2.325000000E-2;NaN;4.692766818E-3;NaN;2.612290755E-2;5.208394749E-8;8.136687742E-3;2.790161257E-8;4.358861413E-3;1.406622146E-7;2.197461161E-2;3.710271786E-8;5.796281661E-3
2.327083333E-2;NaN;4.701180563E-3;NaN;2.616974377E-2;7.418978156E-8;1.161089791E-2;3.054150927E-8;4.779827340E-3;1.936526040E-7;3.030714700E-2;4.974196993E-8;7.784750442E-3
2.329166667E-2;NaN;4.709601843E-3;NaN;2.621662194E-2;1.048571845E-7;1.643982414E-2;3.113677461E-8;4.881716988E-3;2.476208984E-7;3.882274774E-2;6.631510242E-8;1.039708082E-2
2.331250000E-2;NaN;4.718030659E-3;NaN;2.626354206E-2;1.414767733E-7;2.222085101E-2;2.937902381E-8;4.614375176E-3;2.912417013E-7;4.574346939E-2;8.624545795E-8;1.354602191E-2
2.333333333E-2;NaN;4.726467011E-3;NaN;2.631050413E-2;1.785745822E-7;2.809771842E-2;2.569151725E-8;4.042417509E-3;3.141709547E-7;4.943305433E-2;1.080987110E-7;1.700873163E-2
2.335416667E-2;NaN;4.734910898E-3;NaN;2.635750815E-2;2.095863714E-7;3.303616540E-2;2.111397021E-8;3.328101001E-3;3.107112632E-7;4.897603130E-2;1.299592639E-7;2.048489943E-2
2.337500000E-2;NaN;4.743362322E-3;NaN;2.640455411E-2;2.295851843E-7;3.625308258E-2;1.693364649E-8;2.673939465E-3;2.820630299E-7;4.453969600E-2;1.503772611E-7;2.374560572E-2
2.339583333E-2;NaN;4.751821281E-3;NaN;2.645164203E-2;2.374713139E-7;3.756522857E-2;1.425750724E-8;2.255373542E-3;2.359671456E-7;3.732728645E-2;1.693095027E-7;2.678281457E-2
2.341666667E-2;NaN;4.760287776E-3;NaN;2.649877189E-2;2.361429446E-7;3.742165279E-2;1.371105790E-8;2.172796011E-3;1.839444388E-7;2.914973781E-2;1.881272533E-7;2.981258984E-2
2.343750000E-2;NaN;4.768761807E-3;NaN;2.654594371E-2;2.303364369E-7;3.656647170E-2;1.531676000E-8;2.431573044E-3;1.375879448E-7;2.184242215E-2;2.082933986E-7;3.306708556E-2
2.345833333E-2;NaN;4.777243373E-3;NaN;2.659315747E-2;2.235968451E-7;3.555967806E-2;1.853358331E-8;2.947484592E-3;1.056486841E-7;1.680181665E-2;2.296737795E-7;3.652612207E-2
2.347916667E-2;NaN;4.785732476E-3;NaN;2.664041318E-2;2.166495133E-7;3.451603637E-2;2.243520869E-8;3.574319033E-3;9.284855813E-8;1.479239053E-2;2.501945468E-7;3.986034376E-2
2.350000000E-2;NaN;4.794229114E-3;NaN;2.668771085E-2;2.082517849E-7;3.323703694E-2;2.601251022E-8;4.151603135E-3;1.001199531E-7;1.597916954E-2;2.675375987E-7;4.269906764E-2
2.352083333E-2;NaN;4.802733288E-3;NaN;2.673505046E-2;1.974820800E-7;3.157409743E-2;2.852290296E-8;4.560337408E-3;1.253591376E-7;2.004283945E-2;2.814599544E-7;4.500076169E-2
2.354166667E-2;NaN;4.811244998E-3;NaN;2.678243202E-2;1.853957826E-7;2.969423256E-2;2.973165618E-8;4.762021556E-3;1.641555568E-7;2.629225547E-2;2.944441005E-7;4.716014287E-2
2.356250000E-2;NaN;4.819764244E-3;NaN;2.682985553E-2;1.748941141E-7;2.806181595E-2;2.992547850E-8;4.801552494E-3;2.109168881E-7;3.384168144E-2;3.098414224E-7;4.971415427E-2
2.358333333E-2;NaN;4.828291026E-3;NaN;2.687732098E-2;1.692939764E-7;2.721132740E-2;2.971534277E-8;4.776271064E-3;2.610685585E-7;4.196263900E-2;3.288705151E-7;5.286073048E-2
2.360416667E-2;NaN;4.836825343E-3;NaN;2.692482839E-2;1.708483011E-7;2.750969987E-2;2.975059060E-8;4.790388977E-3;3.140371087E-7;5.056571564E-2;3.487794302E-7;5.615986453E-2
2.362500000E-2;NaN;4.845367196E-3;NaN;2.697237775E-2;1.800824980E-7;2.904778246E-2;3.049465546E-8;4.918868451E-3;3.751718460E-7;6.051620944E-2;3.635878597E-7;5.864768186E-2
2.364583333E-2;NaN;4.853916585E-3;NaN;2.701996905E-2;1.960168234E-7;3.167381953E-2;3.214579791E-8;5.194351098E-3;4.542324250E-7;7.339816862E-2;3.671608000E-7;5.932850414E-2
2.366666667E-2;NaN;4.862473510E-3;NaN;2.706760231E-2;2.166292484E-7;3.506623377E-2;3.466725258E-8;5.611661362E-3;5.596618510E-7;9.059364533E-2;3.566523828E-7;5.773207413E-2
2.368750000E-2;NaN;4.871037971E-3;NaN;2.711527751E-2;2.388163044E-7;3.872578864E-2;3.780280292E-8;6.129997530E-3;6.908320011E-7;1.120233986E-1;3.338720606E-7;5.413976606E-2
2.370833333E-2;NaN;4.879609967E-3;NaN;2.716299467E-2;2.579196769E-7;4.189713906E-2;4.101498321E-8;6.662579899E-3;8.327917590E-7;1.352808462E-1;3.035947856E-7;4.931672178E-2
2.372916667E-2;NaN;4.888189500E-3;NaN;2.721075377E-2;2.679835270E-7;4.360847653E-2;4.345195196E-8;7.070857857E-3;9.576821926E-7;1.558418978E-1;2.704344862E-7;4.400731671E-2
2.375000000E-2;NaN;4.896776568E-3;NaN;2.725855482E-2;2.637297832E-7;4.299166337E-2;4.411932894E-8;7.192071045E-3;1.033600884E-6;1.684914791E-1;2.369597648E-7;3.862777392E-2
2.377083333E-2;NaN;4.905371172E-3;NaN;2.730639782E-2;2.434540109E-7;3.975608320E-2;4.227395317E-8;6.903344057E-3;1.037182590E-6;1.693721010E-1;2.041291128E-7;3.333432036E-2
2.379166667E-2;NaN;4.913973312E-3;NaN;2.735428277E-2;2.106346207E-7;3.445698953E-2;3.782720778E-8;6.188022167E-3;9.635378745E-7;1.576218303E-1;1.727816612E-7;2.826475472E-2
2.381250000E-2;NaN;4.922582987E-3;NaN;2.740220967E-2;1.727701740E-7;2.831239439E-2;3.147472013E-8;5.157861853E-3;8.283774007E-7;1.357488225E-1;1.444429865E-7;2.367032866E-2
2.383333333E-2;NaN;4.931200199E-3;NaN;2.745017852E-2;1.381721440E-7;2.268234300E-2;2.445509162E-8;4.014548520E-3;6.614828342E-7;1.085890404E-1;1.210110838E-7;1.986518287E-2
2.385416667E-2;NaN;4.939824946E-3;NaN;2.749818931E-2;1.127206884E-7;1.853659554E-2;1.806961737E-8;2.971497011E-3;4.953251094E-7;8.145480071E-2;1.039213750E-7;1.708957356E-2
2.387500000E-2;NaN;4.948457229E-3;NaN;2.754624206E-2;9.817302391E-8;1.617248554E-2;1.322022274E-8;2.177826989E-3;3.547127427E-7;5.843343185E-2;9.348929716E-8;1.540091408E-2
2.389583333E-2;NaN;4.957097048E-3;NaN;2.759433676E-2;9.253817749E-8;1.527084770E-2;1.018694539E-8;1.681071485E-3;2.519307371E-7;4.157414832E-2;8.883899834E-8;1.466040125E-2
2.391666667E-2;NaN;4.965744403E-3;NaN;2.764247340E-2;9.201664325E-8;1.521127193E-2;8.717797114E-9;1.441139102E-3;1.880435905E-7;3.108548725E-2;8.854284297E-8;1.463701799E-2
2.393750000E-2;NaN;4.974399294E-3;NaN;2.769065199E-2;9.319624878E-8;1.543312442E-2;8.325579184E-9;1.378700335E-3;1.576737961E-7;2.611048562E-2;9.141346816E-8;1.513789928E-2
2.395833333E-2;NaN;4.983061720E-3;NaN;2.773887254E-2;9.408928562E-8;1.560814244E-2;8.587994023E-9;1.424632285E-3;1.534399761E-7;2.545362085E-2;9.661181751E-8;1.602659643E-2
2.397916667E-2;NaN;4.991731682E-3;NaN;2.778713503E-2;9.373033660E-8;1.557565044E-2;9.321950390E-9;1.549076275E-3;1.679661097E-7;2.791178935E-2;1.030754612E-7;1.712857769E-2
2.400000000E-2;NaN;5.000409180E-3;NaN;2.783543947E-2;9.143135105E-8;1.522002842E-2;1.062620765E-8;1.768881030E-3;1.939507834E-7;3.228582320E-2;1.091613581E-7;1.817143632E-2
2.402083333E-2;NaN;5.009094214E-3;NaN;2.788378586E-2;8.667740925E-8;1.445372890E-2;1.282357471E-8;2.138371163E-3;2.242637921E-7;3.739668826E-2;1.130687086E-7;1.885456054E-2
2.404166667E-2;NaN;5.017786784E-3;NaN;2.793217420E-2;7.947986302E-8;1.327651516E-2;1.628160748E-8;2.719720446E-3;2.533601053E-7;4.232190584E-2;1.135560397E-7;1.896868496E-2
2.406250000E-2;NaN;5.026486889E-3;NaN;2.798060449E-2;7.049476794E-8;1.179603960E-2;2.112187708E-8;3.534368658E-3;2.794571703E-7;4.676216324E-2;1.103339764E-7;1.846241917E-2
2.408333333E-2;NaN;5.035194530E-3;NaN;2.802907673E-2;6.078493661E-8;1.018889307E-2;2.694888234E-8;4.517225743E-3;3.055889760E-7;5.122343745E-2;1.041212832E-7;1.745301845E-2
2.410416667E-2;NaN;5.043909708E-3;NaN;2.807759091E-2;5.150016154E-8;8.647502120E-3;3.278208916E-8;5.504510609E-3;3.378893054E-7;5.673571495E-2;9.649903947E-8;1.620335982E-2
2.412500000E-2;NaN;5.052632421E-3;NaN;2.812614705E-2;4.358430927E-8;7.330990460E-3;3.728318925E-8;6.271126223E-3;3.813082639E-7;6.413700922E-2;8.940972733E-8;1.503894106E-2
2.414583333E-2;NaN;5.061362669E-3;NaN;2.817474513E-2;3.759829252E-8;6.335054601E-3;3.921362722E-8;6.607227427E-3;4.350159755E-7;7.329721038E-2;8.434520884E-8;1.421158961E-2
2.416666667E-2;NaN;5.070100454E-3;NaN;2.822338517E-2;3.395982293E-8;5.731875697E-3;3.792888112E-8;6.401789325E-3;4.904428466E-7;8.277891904E-2;8.178730467E-8;1.380439070E-2
2.418750000E-2;NaN;5.078845774E-3;NaN;2.827206715E-2;3.343866808E-8;5.653648160E-3;3.366618543E-8;5.692115693E-3;5.335465868E-7;9.020947462E-2;8.131465538E-8;1.374828838E-2
2.420833333E-2;NaN;5.087598631E-3;NaN;2.832079108E-2;3.720664759E-8;6.301561294E-3;2.746353738E-8;4.651404396E-3;5.503972856E-7;9.321888576E-2;8.212807861E-8;1.390974879E-2
2.422916667E-2;NaN;5.096359023E-3;NaN;2.836955697E-2;4.614751574E-8;7.829303417E-3;2.075462522E-8;3.521191890E-3;5.332194476E-7;9.046503970E-2;8.361994624E-8;1.418680768E-2
2.425000000E-2;NaN;5.105126951E-3;NaN;2.841836480E-2;6.024050593E-8;1.023787775E-2;1.488883106E-8;2.530357769E-3;4.838355941E-7;8.222788946E-2;8.604716833E-8;1.462372164E-2
2.427083333E-2;NaN;5.113902414E-3;NaN;2.846721458E-2;7.882125091E-8;1.341870303E-2;1.082781188E-8;1.843350499E-3;4.128886257E-7;7.029106731E-2;9.123435890E-8;1.553193782E-2
2.429166667E-2;NaN;5.122685414E-3;NaN;2.851610631E-2;1.013102722E-7;1.727690524E-2;9.078499542E-9;1.548198152E-3;3.354503240E-7;5.720588182E-2;1.025795952E-7;1.749336871E-2
2.431250000E-2;NaN;5.131475949E-3;NaN;2.856503998E-2;1.274502575E-7;2.177197352E-2;9.754754474E-9;1.666377614E-3;2.653535637E-7;4.532961232E-2;1.237105464E-7;2.113312906E-2
2.433333333E-2;NaN;5.140274020E-3;NaN;2.861401561E-2;1.568826584E-7;2.684577794E-2;1.265893191E-8;2.166197835E-3;2.109248057E-7;3.609347619E-2;1.563771678E-7;2.675927833E-2
2.435416667E-2;NaN;5.149079627E-3;NaN;2.866303319E-2;1.886785006E-7;3.234199507E-2;1.739047270E-8;2.980957453E-3;1.737734196E-7;2.978706669E-2;1.990214092E-7;3.411490666E-2
2.437500000E-2;NaN;5.157892770E-3;NaN;2.871209271E-2;2.212785230E-7;3.799499183E-2;2.352383254E-8;4.039198261E-3;1.505028207E-7;2.584233375E-2;2.471484705E-7;4.243703360E-2
2.439583333E-2;NaN;5.166713449E-3;NaN;2.876119419E-2;2.529325661E-7;4.350447262E-2;3.081766602E-8;5.300647237E-3;1.359726508E-7;2.338733424E-2;2.954418123E-7;5.081607493E-2
2.441666667E-2;NaN;5.175541663E-3;NaN;2.881033761E-2;2.823528254E-7;4.864774671E-2;3.932164127E-8;6.774889688E-3;1.264271409E-7;2.178265976E-2;3.403653210E-7;5.864296171E-2
2.443750000E-2;NaN;5.184377413E-3;NaN;2.885952299E-2;3.089431794E-7;5.331998320E-2;4.921643360E-8;8.494181415E-3;1.213929012E-7;2.095099644E-2;3.812989361E-7;6.580774143E-2
2.445833333E-2;NaN;5.193220699E-3;NaN;2.890875031E-2;3.320489618E-7;5.740552438E-2;6.036410784E-8;1.043591055E-2;1.240277311E-7;2.144225028E-2;4.189952156E-7;7.243702839E-2
2.447916667E-2;NaN;5.202071521E-3;NaN;2.895801958E-2;3.497810800E-7;6.057416212E-2;7.180995915E-8;1.243585876E-2;1.402114771E-7;2.428145269E-2;4.523435696E-7;7.833566276E-2
2.450000000E-2;NaN;5.210929879E-3;NaN;2.900733080E-2;3.589082348E-7;6.226061903E-2;8.167053785E-8;1.416757196E-2;1.767755119E-7;3.066564580E-2;4.763354810E-7;8.263098764E-2
2.452083333E-2;NaN;5.219795773E-3;NaN;2.905668397E-2;3.566503272E-7;6.197419873E-2;8.768845863E-8;1.523739514E-2;2.390308889E-7;4.153577519E-2;4.835362121E-7;8.402282857E-2
2.454166667E-2;NaN;5.228669202E-3;NaN;2.910607909E-2;3.432370893E-7;5.974480656E-2;8.827099472E-8;1.536469592E-2;3.277507020E-7;5.704920274E-2;4.686146629E-7;8.156837725E-2
2.456250000E-2;NaN;5.237550167E-3;NaN;2.915551616E-2;3.230327667E-7;5.632348972E-2;8.340030136E-8;1.454154656E-2;4.364072273E-7;7.609128396E-2;4.328638413E-7;7.547346471E-2
2.458333333E-2;NaN;5.246438668E-3;NaN;2.920499518E-2;3.030718949E-7;5.293282185E-2;7.480253150E-8;1.306458679E-2;5.502858112E-7;9.610980531E-2;3.854575329E-7;6.732183111E-2
2.460416667E-2;NaN;5.255334705E-3;NaN;2.925451614E-2;2.897483977E-7;5.069162416E-2;6.521970473E-8;1.141021930E-2;6.491230852E-7;1.135644018E-1;3.402910408E-7;5.953408434E-2
2.462500000E-2;NaN;5.264238278E-3;NaN;2.930407906E-2;2.856395286E-7;5.005743923E-2;5.718630762E-8;1.002172260E-2;7.134613867E-7;1.250318896E-1;3.099884534E-7;5.432451258E-2
2.464583333E-2;NaN;5.273149386E-3;NaN;2.935368392E-2;2.882512157E-7;5.060063941E-2;5.198921233E-8;9.126370483E-3;7.324894670E-7;1.285837956E-1;3.003255906E-7;5.272021796E-2
2.466666667E-2;NaN;5.282068031E-3;NaN;2.940333074E-2;2.913357940E-7;5.122861550E-2;4.933379507E-8;8.674876451E-3;7.093328414E-7;1.247294021E-1;3.080375932E-7;5.416546730E-2
2.468750000E-2;NaN;5.290994211E-3;NaN;2.945301950E-2;2.879479665E-7;5.071846308E-2;4.780160670E-8;8.419660168E-3;6.603243934E-7;1.163079523E-1;3.229264879E-7;5.687949579E-2
2.470833333E-2;NaN;5.299927927E-3;NaN;2.950275021E-2;2.734195758E-7;4.824078333E-2;4.574447889E-8;8.070927213E-3;6.080762206E-7;1.072859290E-1;3.327205152E-7;5.870354468E-2
2.472916667E-2;NaN;5.308869178E-3;NaN;2.955252287E-2;2.467472234E-7;4.360829232E-2;4.208275496E-8;7.437397085E-3;5.722964407E-7;1.011434704E-1;3.279683835E-7;5.796272372E-2
2.475000000E-2;NaN;5.317817966E-3;NaN;2.960233748E-2;2.102381331E-7;3.721857496E-2;3.663882846E-8;6.486192412E-3;5.640304752E-7;9.985063230E-2;3.049554012E-7;5.398642622E-2
2.477083333E-2;NaN;5.326774289E-3;NaN;2.965219404E-2;1.683030841E-7;2.984497034E-2;2.999289670E-8;5.318601956E-3;5.866538718E-7;1.040305797E-1;2.660708957E-7;4.718201114E-2
2.479166667E-2;NaN;5.335738149E-3;NaN;2.970209255E-2;1.261243477E-7;2.240310549E-2;2.309602228E-8;4.102480076E-3;6.418013234E-7;1.140013250E-1;2.181343909E-7;3.874658510E-2
2.481250000E-2;NaN;5.344709544E-3;NaN;2.975203301E-2;8.841335500E-8;1.573101561E-2;1.687185135E-8;3.001937398E-3;7.343599766E-7;1.306615754E-1;1.695480524E-7;3.016697034E-2
2.483333333E-2;NaN;5.353688475E-3;NaN;2.980201542E-2;5.835924448E-8;1.040105852E-2;1.195139925E-8;2.130034480E-3;8.710516993E-7;1.552429229E-1;1.273261036E-7;2.269265591E-2
2.485416667E-2;NaN;5.362674941E-3;NaN;2.985203977E-2;3.714472945E-8;6.631220280E-3;8.581256232E-9;1.531958940E-3;1.052005966E-6;1.878081601E-1;9.511685581E-8;1.698062774E-2
2.487500000E-2;NaN;5.371668944E-3;NaN;2.990210608E-2;2.428833619E-8;4.343319594E-3;6.680817050E-9;1.194685522E-3;1.260826120E-6;2.254650442E-1;7.294086676E-8;1.304352399E-2
2.489583333E-2;NaN;5.380670482E-3;NaN;2.995221433E-2;1.856830697E-8;3.326009504E-3;5.974918468E-9;1.070244888E-3;1.461266569E-6;2.617463457E-1;5.842860342E-8;1.046590249E-2
2.491666667E-2;NaN;5.389679556E-3;NaN;3.000236454E-2;1.892833592E-8;3.396175793E-3;6.144970387E-9;1.102548040E-3;1.605338377E-6;2.880343712E-1;4.857137602E-8;8.714814241E-3
2.493750000E-2;NaN;5.398696166E-3;NaN;3.005255669E-2;2.500299159E-8;4.493612755E-3;6.959556218E-9;1.250792349E-3;1.650427077E-6;2.966197121E-1;4.102492051E-8;7.373121949E-3
2.495833333E-2;NaN;5.407720312E-3;NaN;3.010279079E-2;3.726223810E-8;6.708075481E-3;8.359210664E-9;1.504853679E-3;1.576816216E-6;2.838638455E-1;3.465812381E-8;6.239273923E-3
2.497916667E-2;NaN;5.416751994E-3;NaN;3.015306684E-2;5.679585991E-8;1.024166140E-2;1.043962376E-8;1.882515589E-3;1.396187029E-6;2.517661467E-1;2.946970767E-8;5.314098034E-3
2.500000000E-2;NaN;5.425791211E-3;NaN;3.020338484E-2;8.462473739E-8;1.528534319E-2;1.331440229E-8;2.404913913E-3;1.146757523E-6;2.071330776E-1;2.614240399E-8;4.721971720E-3
2.502083333E-2;NaN;5.434837964E-3;NaN;3.025374479E-2;1.205499672E-7;2.181064350E-2;1.691676596E-8;3.060685625E-3;8.782403748E-7;1.588966648E-1;2.547870239E-8;4.609763966E-3
2.504166667E-2;NaN;5.443892253E-3;NaN;3.030414669E-2;1.619520311E-7;2.935017549E-2;2.086155799E-8;3.780689775E-3;6.348474687E-7;1.150518736E-1;2.790009406E-8;5.056266670E-3
2.506250000E-2;NaN;5.452954078E-3;NaN;3.035459054E-2;2.032737968E-7;3.690014068E-2;2.448338925E-8;4.444451384E-3;4.442803831E-7;8.064988647E-2;3.305764150E-8;6.000928998E-3
2.508333333E-2;NaN;5.462023439E-3;NaN;3.040507633E-2;2.368469934E-7;4.306616678E-2;2.707404036E-8;4.922904532E-3;3.157982086E-7;5.742195889E-2;3.967003831E-8;7.213249624E-3
2.510416667E-2;NaN;5.471100336E-3;NaN;3.045560408E-2;2.551416747E-7;4.646980646E-2;2.820556858E-8;5.137174530E-3;2.450097526E-7;4.462444561E-2;4.579999994E-8;8.341707152E-3
2.512500000E-2;NaN;5.480184768E-3;NaN;3.050617377E-2;2.536057523E-7;4.626675959E-2;2.793998681E-8;5.097252885E-3;2.204181586E-7;4.021215552E-2;4.955659474E-8;9.040895304E-3
2.514583333E-2;NaN;5.489276736E-3;NaN;3.055678542E-2;2.326563822E-7;4.251526386E-2;2.677429820E-8;4.892693430E-3;2.280463691E-7;4.167283726E-2;4.989776825E-8;9.118240226E-3
2.516666667E-2;NaN;5.498376240E-3;NaN;3.060743901E-2;1.976857866E-7;3.618467545E-2;2.534913629E-8;4.639940409E-3;2.535317556E-7;4.640679762E-2;4.716787181E-8;8.633671457E-3
2.518750000E-2;NaN;5.507483280E-3;NaN;3.065813455E-2;1.570029436E-7;2.878563171E-2;2.411764215E-8;4.421837889E-3;2.833560095E-7;5.195177584E-2;4.309514573E-8;7.901259461E-3
2.520833333E-2;NaN;5.516597856E-3;NaN;3.070887205E-2;1.187539550E-7;2.180892159E-2;2.318249519E-8;4.257417951E-3;3.067865429E-7;5.634072279E-2;4.016111660E-8;7.375507138E-3
2.522916667E-2;NaN;5.525719967E-3;NaN;3.075965149E-2;8.834895268E-8;1.625193437E-2;2.236470875E-8;4.114024760E-3;3.183501957E-7;5.856103928E-2;4.055921945E-8;7.460934766E-3
2.525000000E-2;NaN;5.534849614E-3;NaN;3.081047288E-2;6.748439514E-8;1.243437519E-2;2.140821562E-8;3.944582812E-3;3.190815674E-7;5.879255368E-2;4.523584948E-8;8.334956892E-3
2.527083333E-2;NaN;5.543986798E-3;NaN;3.086133622E-2;5.480169060E-8;1.011418577E-2;2.016252977E-8;3.721191252E-3;3.149370150E-7;5.812469362E-2;5.339767410E-8;9.855060850E-3
2.529166667E-2;NaN;5.553131516E-3;NaN;3.091224150E-2;4.741962173E-8;8.766188936E-3;1.863936948E-8;3.445751538E-3;3.126655530E-7;5.780065745E-2;6.265788939E-8;1.158319862E-2
2.531250000E-2;NaN;5.562283771E-3;NaN;3.096318874E-2;4.245647736E-8;7.861616989E-3;1.695229205E-8;3.139036385E-3;3.155376955E-7;5.842775147E-2;6.987855916E-8;1.293933227E-2
2.533333333E-2;NaN;5.571443562E-3;NaN;3.101417793E-2;3.798385541E-8;7.045009157E-3;1.522965590E-8;2.824701815E-3;3.217792069E-7;5.968160511E-2;7.246874542E-8;1.344105198E-2
2.535416667E-2;NaN;5.580610888E-3;NaN;3.106520906E-2;3.323080542E-8;6.173584429E-3;1.357126813E-8;2.521256062E-3;3.267445902E-7;6.070226975E-2;6.947005035E-8;1.290607362E-2
2.537500000E-2;NaN;5.589785750E-3;NaN;3.111628215E-2;2.826513283E-8;5.259700019E-3;1.205935894E-8;2.244058461E-3;3.271573915E-7;6.087888384E-2;6.187274020E-8;1.151355116E-2
2.539583333E-2;NaN;5.598968148E-3;NaN;3.116739718E-2;2.357948789E-8;4.394982477E-3;1.078205576E-8;2.009668164E-3;3.241048709E-7;6.040993065E-2;5.220258402E-8;9.730043464E-3
2.541666667E-2;NaN;5.608158082E-3;NaN;3.121855417E-2;1.985280767E-8;3.706439918E-3;9.840439753E-9;1.837170808E-3;3.224742460E-7;6.020465408E-2;4.379500049E-8;8.176351716E-3
2.543750000E-2;NaN;5.617355552E-3;NaN;3.126975310E-2;1.783180082E-8;3.334585830E-3;9.343614602E-9;1.747276406E-3;3.273763307E-7;6.122009125E-2;3.992105982E-8;7.465325670E-3
2.545833333E-2;NaN;5.626560558E-3;NaN;3.132099398E-2;1.821048892E-8;3.410981672E-3;9.399313730E-9;1.760572547E-3;3.405928935E-7;6.379598715E-2;4.281052741E-8;8.018781099E-3
2.547916667E-2;NaN;5.635773099E-3;NaN;3.137227681E-2;2.157330030E-8;4.047481487E-3;1.008692278E-8;1.892461174E-3;3.600810295E-7;6.755671502E-2;5.285929332E-8;9.917212858E-3
2.550000000E-2;NaN;5.644993176E-3;NaN;3.142360159E-2;2.856789433E-8;5.368542981E-3;1.139908191E-8;2.142141120E-3;3.829253775E-7;7.196019851E-2;6.846276224E-8;1.286567632E-2
2.552083333E-2;NaN;5.654220789E-3;NaN;3.147496832E-2;4.020882593E-8;7.568484705E-3;1.317830451E-8;2.480544850E-3;4.090604426E-7;7.699721719E-2;8.657907044E-8;1.629672977E-2
2.554166667E-2;NaN;5.663455938E-3;NaN;3.152637700E-2;5.793446919E-8;1.092278388E-2;1.511476313E-8;2.849690234E-3;4.422361310E-7;8.337781892E-2;1.037173430E-7;1.955454392E-2
2.556250000E-2;NaN;5.672698622E-3;NaN;3.157782762E-2;8.302282492E-8;1.567840937E-2;1.685327370E-8;3.182649164E-3;4.869123663E-7;9.195075469E-2;1.169535907E-7;2.208605012E-2
2.558333333E-2;NaN;5.681948843E-3;NaN;3.162932020E-2;1.154119834E-7;2.183046600E-2;1.817901248E-8;3.438605784E-3;5.433673014E-7;1.027792872E-1;1.247150035E-7;2.359015556E-2
2.560416667E-2;NaN;5.691206599E-3;NaN;3.168085472E-2;1.524984315E-7;2.889245933E-2;1.917190216E-8;3.632321972E-3;6.054334541E-7;1.147058450E-1;1.270186026E-7;2.406503315E-2
2.562500000E-2;NaN;5.700471891E-3;NaN;3.173243120E-2;1.887239380E-7;3.581397953E-2;2.020657508E-8;3.834584388E-3;6.638770328E-7;1.259833740E-1;1.249759257E-7;2.371657401E-2
2.564583333E-2;NaN;5.709744719E-3;NaN;3.178404962E-2;2.166215140E-7;4.117494812E-2;2.175863153E-8;4.135833546E-3;7.143211142E-7;1.357766100E-1;1.198843678E-7;2.278736094E-2
2.566666667E-2;NaN;5.719025083E-3;NaN;3.183571000E-2;2.293563707E-7;4.366642039E-2;2.411989748E-8;4.592109561E-3;7.644212064E-7;1.455356903E-1;1.126651104E-7;2.144994734E-2
2.568750000E-2;NaN;5.728312982E-3;NaN;3.188741232E-2;2.237332365E-7;4.266502715E-2;2.719248854E-8;5.185498050E-3;8.342164569E-7;1.590817186E-1;1.039504126E-7;1.982292504E-2
2.570833333E-2;NaN;5.737608418E-3;NaN;3.193915659E-2;2.019356170E-7;3.857079701E-2;3.047818948E-8;5.821499334E-3;9.470653939E-7;1.808946218E-1;9.440697621E-8;1.803224399E-2
2.572916667E-2;NaN;5.746911389E-3;NaN;3.199094281E-2;1.708245349E-7;3.268131554E-2;3.325866646E-8;6.362885599E-3;1.114611550E-6;2.132420369E-1;8.482660941E-8;1.622861254E-2
2.575000000E-2;NaN;5.756221896E-3;NaN;3.204277098E-2;1.391126690E-7;2.665747390E-2;3.486238738E-8;6.680507161E-3;1.324105847E-6;2.537318658E-1;7.601935072E-8;1.456721283E-2
2.577083333E-2;NaN;5.765539939E-3;NaN;3.209464110E-2;1.139533727E-7;2.187167032E-2;3.489578313E-8;6.697731238E-3;1.536617373E-6;2.949310562E-1;6.869393217E-8;1.318478779E-2
2.579166667E-2;NaN;5.774865517E-3;NaN;3.214655316E-2;9.862354896E-8;1.895995420E-2;3.336064284E-8;6.413440470E-3;1.699365657E-6;3.266957574E-1;6.333877229E-8;1.217660725E-2
2.581250000E-2;NaN;5.784198632E-3;NaN;3.219850718E-2;9.219699988E-8;1.775312332E-2;3.065665224E-8;5.903134903E-3;1.767210253E-6;3.402876623E-1;6.013028294E-8;1.157847142E-2
2.583333333E-2;NaN;5.793539282E-3;NaN;3.225050315E-2;9.112592691E-8;1.757521705E-2;2.749282324E-8;5.302468267E-3;1.722443152E-6;3.322030655E-1;5.911360063E-8;1.140108416E-2
2.585416667E-2;NaN;5.802887468E-3;NaN;3.230254106E-2;9.172765699E-8;1.771981696E-2;2.472822423E-8;4.776962820E-3;1.582229707E-6;3.056528610E-1;6.063182495E-8;1.171276881E-2
2.587500000E-2;NaN;5.812243190E-3;NaN;3.235462093E-2;9.215267150E-8;1.783062185E-2;2.314189226E-8;4.477725096E-3;1.389630803E-6;2.688796857E-1;6.548350511E-8;1.267040443E-2
2.589583333E-2;NaN;5.821606448E-3;NaN;3.240674274E-2;9.278513368E-8;1.798191842E-2;2.317427777E-8;4.491214873E-3;1.193247903E-6;2.312534949E-1;7.440012314E-8;1.441887177E-2
2.591666667E-2;NaN;5.830977241E-3;NaN;3.245890650E-2;9.514640407E-8;1.846921802E-2;2.473568734E-8;4.801535138E-3;1.026680508E-6;1.992927249E-1;8.717690659E-8;1.692222959E-2
2.593750000E-2;NaN;5.840355571E-3;NaN;3.251111221E-2;1.002350584E-7;1.948828932E-2;2.719317909E-8;5.287057745E-3;8.983653462E-7;1.746654720E-1;1.021751991E-7;1.986550290E-2
2.595833333E-2;NaN;5.849741436E-3;NaN;3.256335988E-2;1.073290521E-7;2.090108090E-2;2.958050021E-8;5.760457362E-3;7.956242459E-7;1.549385410E-1;1.165959722E-7;2.270570551E-2
2.597916667E-2;NaN;5.859134837E-3;NaN;3.261564949E-2;1.138398993E-7;2.220459099E-2;3.095030403E-8;6.036889054E-3;6.982894193E-7;1.362020789E-1;1.274176960E-7;2.485295438E-2
2.600000000E-2;NaN;5.868535774E-3;NaN;3.266798104E-2;1.163179290E-7;2.272433587E-2;3.070300046E-8;5.998260981E-3;5.926682134E-7;1.157860328E-1;1.326231882E-7;2.590979653E-2
2.602083333E-2;NaN;5.877944247E-3;NaN;3.272035455E-2;1.121518561E-7;2.194556215E-2;2.874322720E-8;5.624394470E-3;4.782700447E-7;9.358654739E-2;1.320822544E-7;2.584548687E-2
2.604166667E-2;NaN;5.887360255E-3;NaN;3.277277001E-2;1.009852777E-7;1.979217207E-2;2.542192583E-8;4.982460235E-3;3.655662966E-7;7.164758281E-2;1.274084415E-7;2.497086561E-2
2.606250000E-2;NaN;5.896783799E-3;NaN;3.282522742E-2;8.494772381E-8;1.667561016E-2;2.133398789E-8;4.187955243E-3;2.686815278E-7;5.274336043E-2;1.207549927E-7;2.370473384E-2
2.608333333E-2;NaN;5.906214880E-3;NaN;3.287772677E-2;6.759331066E-8;1.329008456E-2;1.709807723E-8;3.361795568E-3;1.986166013E-7;3.905166650E-2;1.134774144E-7;2.231174088E-2
2.610416667E-2;NaN;5.915653496E-3;NaN;3.293026808E-2;5.230800810E-8;1.030114955E-2;1.321934653E-8;2.603319655E-3;1.603504817E-7;3.157822965E-2;1.057457226E-7;2.082477507E-2
2.612500000E-2;NaN;5.925099647E-3;NaN;3.298285133E-2;4.111323373E-8;8.109462655E-3;1.006957837E-8;1.986194282E-3;1.534674205E-7;3.027099069E-2;9.733565795E-8;1.919916804E-2
2.614583333E-2;NaN;5.934553335E-3;NaN;3.303547653E-2;3.434065073E-8;6.784398355E-3;7.945213433E-9;1.569670108E-3;1.737470010E-7;3.432575804E-2;8.888904203E-8;1.756107289E-2
2.616666667E-2;NaN;5.944014558E-3;NaN;3.308814369E-2;3.111992992E-8;6.157908864E-3;7.133607701E-9;1.411574711E-3;2.138116029E-7;4.230833322E-2;8.267046121E-8;1.635855759E-2
2.618750000E-2;NaN;5.953483318E-3;NaN;3.314085279E-2;3.033455493E-8;6.012063386E-3;7.918642484E-9;1.569410880E-3;2.630578739E-7;5.213594252E-2;8.228224929E-8;1.630767616E-2
2.620833333E-2;NaN;5.962959613E-3;NaN;3.319360384E-2;3.159331543E-8;6.271506168E-3;1.050808210E-8;2.085931811E-3;3.084630275E-7;6.123218640E-2;9.146255504E-8;1.815599187E-2
2.622916667E-2;NaN;5.972443444E-3;NaN;3.324639684E-2;3.568895378E-8;7.095788219E-3;1.490585253E-8;2.963627722E-3;3.372488246E-7;6.705285482E-2;1.124765150E-7;2.236292873E-2
2.625000000E-2;NaN;5.981934810E-3;NaN;3.329923179E-2;4.422560806E-8;8.807046128E-3;2.078041109E-8;4.138191583E-3;3.406847637E-7;6.784364444E-2;1.447499375E-7;2.882536685E-2
2.627083333E-2;NaN;5.991433713E-3;NaN;3.335210869E-2;5.855310279E-8;1.167872561E-2;2.740544573E-8;5.466160898E-3;3.170828670E-7;6.324385256E-2;1.842898869E-7;3.675759131E-2
2.629166667E-2;NaN;6.000940151E-3;NaN;3.340502753E-2;7.855567449E-8;1.569320470E-2;3.373673116E-8;6.739645881E-3;2.722911859E-7;5.439608720E-2;2.242493545E-7;4.479868638E-2
2.631250000E-2;NaN;6.010454125E-3;NaN;3.345798833E-2;1.019872200E-7;2.040646708E-2;3.864112293E-8;7.731643269E-3;2.174348142E-7;4.350619988E-2;2.566932672E-7;5.136136377E-2
2.633333333E-2;NaN;6.019975635E-3;NaN;3.351099107E-2;1.248909308E-7;2.502882249E-2;4.120968897E-8;8.258646033E-3;1.651588353E-7;3.309872980E-2;2.752014291E-7;5.515186471E-2
2.635416667E-2;NaN;6.029504681E-3;NaN;3.356403577E-2;1.431892656E-7;2.874133130E-2;4.102513931E-8;8.234675380E-3;1.261955090E-7;2.533029915E-2;2.775063589E-7;5.570181649E-2
2.637500000E-2;NaN;6.039041263E-3;NaN;3.361712241E-2;1.548310192E-7;3.112724988E-2;3.826984648E-8;7.693775319E-3;1.075042343E-7;2.161266638E-2;2.669930885E-7;5.367632806E-2
2.639583333E-2;NaN;6.048585380E-3;NaN;3.367025101E-2;1.612715893E-7;3.247330292E-2;3.363915789E-8;6.773509013E-3;1.120138702E-7;2.255487375E-2;2.520341072E-7;5.074904973E-2
2.641666667E-2;NaN;6.058137033E-3;NaN;3.372342155E-2;1.672295093E-7;3.372615181E-2;2.812285210E-8;5.671699829E-3;1.390808037E-7;2.804923795E-2;2.430213662E-7;4.901153823E-2
2.643750000E-2;NaN;6.067696223E-3;NaN;3.377663404E-2;1.786688166E-7;3.609004081E-2;2.275286061E-8;4.595942837E-3;1.847456403E-7;3.731752313E-2;2.482382555E-7;5.014265468E-2
2.645833333E-2;NaN;6.077262947E-3;NaN;3.382988848E-2;1.999249406E-7;4.044732322E-2;1.838536837E-8;3.719590636E-3;2.416774080E-7;4.889437110E-2;2.704019860E-7;5.470571354E-2
2.647916667E-2;NaN;6.086837208E-3;NaN;3.388318487E-2;2.312839068E-7;4.686535207E-2;1.554027665E-8;3.148946014E-3;2.995176576E-7;6.069164373E-2;3.053919649E-7;6.188196208E-2
2.650000000E-2;NaN;6.096419005E-3;NaN;3.393652321E-2;2.681187897E-7;5.441477540E-2;1.432122265E-8;2.906495718E-3;3.464813637E-7;7.031847938E-2;3.437252199E-7;6.975911932E-2
2.652083333E-2;NaN;6.106008337E-3;NaN;3.398990350E-2;3.021850190E-7;6.142499155E-2;1.444657094E-8;2.936546956E-3;3.723132151E-7;7.567991349E-2;3.743365915E-7;7.609120415E-2
2.654166667E-2;NaN;6.115605205E-3;NaN;3.404332573E-2;3.247653339E-7;6.611863659E-2;1.540625811E-8;3.136544067E-3;3.715885625E-7;7.565132902E-2;3.892277243E-7;7.924246763E-2
2.656250000E-2;NaN;6.125209609E-3;NaN;3.409678992E-2;3.302408469E-7;6.733897895E-2;1.668276875E-8;3.401761546E-3;3.456942093E-7;7.049005384E-2;3.869702844E-7;7.890660430E-2
2.658333333E-2;NaN;6.134821549E-3;NaN;3.415029605E-2;3.183010439E-7;6.500620001E-2;1.794390592E-8;3.664660105E-3;3.022542482E-7;6.172898421E-2;3.732178634E-7;7.622178921E-2
2.660416667E-2;NaN;6.144441025E-3;NaN;3.420384414E-2;2.937348336E-7;6.008313906E-2;1.911390776E-8;3.909728935E-3;2.521281216E-7;5.157253162E-2;3.577344713E-7;7.317419499E-2
2.662500000E-2;NaN;6.154068036E-3;NaN;3.425743417E-2;2.641356361E-7;5.411330681E-2;2.031483077E-8;4.161887000E-3;2.054873586E-7;4.209806993E-2;3.492849255E-7;7.155778984E-2
2.664583333E-2;NaN;6.163702584E-3;NaN;3.431106615E-2;2.368322741E-7;4.859564403E-2;2.176031425E-8;4.465001610E-3;1.689797070E-7;3.467296727E-2;3.510322774E-7;7.202835703E-2
2.666666667E-2;NaN;6.173344667E-3;NaN;3.436474009E-2;2.166594336E-7;4.452592093E-2;2.370440723E-8;4.871519068E-3;1.452640252E-7;2.985337123E-2;3.590706875E-7;7.379301596E-2
2.668750000E-2;NaN;6.182994286E-3;NaN;3.441845597E-2;2.055318425E-7;4.230510166E-2;2.647218641E-8;5.448832276E-3;1.347031206E-7;2.772625956E-2;3.650254865E-7;7.513405284E-2
2.670833333E-2;NaN;6.192651441E-3;NaN;3.447221380E-2;2.034916751E-7;4.195058922E-2;3.046737516E-8;6.280966234E-3;1.376972607E-7;2.838681837E-2;3.611831978E-7;7.445930138E-2
2.672916667E-2;NaN;6.202316131E-3;NaN;3.452601358E-2;2.098723626E-7;4.333351639E-2;3.601818536E-8;7.436875472E-3;1.559324458E-7;3.219624115E-2;3.448728479E-7;7.120781901E-2
2.675000000E-2;NaN;6.211988358E-3;NaN;3.457985530E-2;2.233926279E-7;4.619705093E-2;4.306169540E-8;8.905053646E-3;1.916700250E-7;3.963689398E-2;3.193705651E-7;6.604505439E-2
2.677083333E-2;NaN;6.221668120E-3;NaN;3.463373898E-2;2.413030350E-7;4.997863696E-2;5.085064822E-8;1.053217622E-2;2.456114024E-7;5.087098515E-2;2.911150569E-7;6.029569309E-2
2.679166667E-2;NaN;6.231355418E-3;NaN;3.468766461E-2;2.589966145E-7;5.372685169E-2;5.795213637E-8;1.202172408E-2;3.147711500E-7;6.529684926E-2;2.656330275E-7;5.510352442E-2
2.681250000E-2;NaN;6.241050252E-3;NaN;3.474163219E-2;2.713317412E-7;5.637324875E-2;6.267024501E-8;1.302068566E-2;3.917487309E-7;8.139168885E-2;2.451752001E-7;5.093883407E-2
2.683333333E-2;NaN;6.250752621E-3;NaN;3.479564171E-2;2.752616739E-7;5.727865885E-2;6.375091799E-8;1.326580279E-2;4.658647717E-7;9.694088155E-2;2.292323932E-7;4.770051661E-2
2.685416667E-2;NaN;6.260462527E-3;NaN;3.484969318E-2;2.718093849E-7;5.664813946E-2;6.098960272E-8;1.271092064E-2;5.255807163E-7;1.095369452E-1;2.166513369E-7;4.515258055E-2
2.687500000E-2;NaN;6.270179968E-3;NaN;3.490378661E-2;2.655419658E-7;5.542783999E-2;5.535717750E-8;1.155496747E-2;5.611751102E-7;1.171367551E-1;2.071762972E-7;4.324489585E-2
2.689583333E-2;NaN;6.279904945E-3;NaN;3.495792198E-2;2.615913480E-7;5.468789767E-2;4.853739842E-8;1.014715623E-2;5.668694031E-7;1.185088733E-1;2.012493289E-7;4.207288500E-2
2.691666667E-2;NaN;6.289637458E-3;NaN;3.501209930E-2;2.621800390E-7;5.489591384E-2;4.214024435E-8;8.823430005E-3;5.420626945E-7;1.134984459E-1;1.986589379E-7;4.159570645E-2
2.693750000E-2;NaN;6.299377507E-3;NaN;3.506631857E-2;2.650102643E-7;5.557444227E-2;3.704093486E-8;7.767734212E-3;4.915893224E-7;1.030896011E-1;1.975956996E-7;4.143715274E-2
2.695833333E-2;NaN;6.309125092E-3;NaN;3.512057979E-2;2.646208135E-7;5.557864070E-2;3.318552733E-8;6.969997845E-3;4.249273753E-7;8.924802852E-2;1.952090472E-7;4.100000054E-2
2.697916667E-2;NaN;6.318880212E-3;NaN;3.517488296E-2;2.558226963E-7;5.381383922E-2;2.989538493E-8;6.288673604E-3;3.542866776E-7;7.452632851E-2;1.892883629E-7;3.981794295E-2
