"Speed of sound (m/s)";"Crosscorrelation (a.u.)";"Normalized CC (a.u.)";"Crosscorrelation history 1 (a.u.)";"Normalized CC history 1 (a.u.)";"Crosscorrelation history 2 (a.u.)";"Normalized CC history 2 (a.u.)";"Crosscorrelation history 3 (a.u.)";"Normalized CC history 3 (a.u.)";"Crosscorrelation history 4 (a.u.)";"Normalized CC history 4 (a.u.)";"Crosscorrelation history 5 (a.u.)";"Normalized CC history 5 (a.u.)"
1.000000000E3;2.443699411E-8;2.824916520E-5;1.950947986E-8;2.255295872E-5;1.968704054E-8;2.275821886E-5;1.403081462E-7;1.621962170E-4;3.730831919E-7;4.312841698E-4;1.866323974E-7;2.157470514E-4
9.896907216E2;2.238937519E-8;2.642413690E-5;1.937795451E-8;2.287003181E-5;2.242186542E-8;2.646248215E-5;1.616890066E-7;1.908267832E-4;4.009848444E-7;4.732458289E-4;2.062927462E-7;2.434685077E-4
9.795918367E2;1.983915750E-8;2.389960618E-5;2.413485411E-8;2.907449615E-5;2.549900769E-8;3.071784886E-5;1.908379165E-7;2.298964081E-4;4.367784127E-7;5.261731529E-4;2.405843269E-7;2.898243368E-4
9.696969697E2;1.695012039E-8;2.083812046E-5;3.333413432E-8;4.098028159E-5;2.869299444E-8;3.527456213E-5;2.247842074E-7;2.763449630E-4;4.615192271E-7;5.673820026E-4;2.877642617E-7;3.537713134E-4
9.600000000E2;1.405143051E-8;1.762527525E-5;4.598814170E-8;5.768477844E-5;3.199493169E-8;4.013253151E-5;2.590278874E-7;3.249091122E-4;4.664452335E-7;5.850810437E-4;3.425856982E-7;4.297190398E-4
9.504950495E2;1.148321834E-8;1.469338093E-5;6.029977108E-8;7.715672388E-5;3.525535611E-8;4.511107966E-5;2.887224315E-7;3.694355141E-4;4.511097411E-7;5.772186048E-4;3.955560855E-7;5.061347849E-4
9.411764706E2;9.474556856E-9;1.236444474E-5;7.397110416E-8;9.653344673E-5;3.808157321E-8;4.969704807E-5;3.106463434E-7;4.053983319E-4;4.224270390E-7;5.512738863E-4;4.350995785E-7;5.678117484E-4
9.320388350E2;8.085435316E-9;1.075952811E-5;8.479297758E-8;1.128365252E-4;3.992559988E-8;5.313017758E-5;3.242324555E-7;4.314657260E-4;3.904619706E-7;5.195993022E-4;4.519924812E-7;6.014797741E-4
9.230769231E2;7.234521324E-9;9.815034889E-6;9.124953170E-8;1.237977327E-4;4.028847605E-8;5.465915163E-5;3.306526144E-7;4.485945650E-4;3.634885348E-7;4.931428758E-4;4.433707952E-7;6.015186947E-4
9.142857143E2;6.773606753E-9;9.367289573E-6;9.302949663E-8;1.286514357E-4;3.902788314E-8;5.397205597E-5;3.309046083E-7;4.576113436E-4;3.479457625E-7;4.811777288E-4;4.137004368E-7;5.721105357E-4
9.056603774E2;NaN;9.546563777E-6;9.126631389E-8;1.286286196E-4;3.658094622E-8;5.155633459E-5;3.247479342E-7;4.576921836E-4;3.514997540E-7;4.953955761E-4;3.723712872E-7;5.248114294E-4
8.971962617E2;NaN;9.727537262E-6;8.834559407E-8;1.268725938E-4;3.389271062E-8;4.867312461E-5;3.113352778E-7;4.471067817E-4;3.837009155E-7;5.510306531E-4;3.297096282E-7;4.734940795E-4
8.888888889E2;NaN;9.910210029E-6;8.728894408E-8;1.277091807E-4;3.205256344E-8;4.689490360E-5;2.907178058E-7;4.253383198E-4;4.527290966E-7;6.623709640E-4;2.935885997E-7;4.295384706E-4
8.807339450E2;NaN;1.009458208E-5;9.080047845E-8;1.353182899E-4;3.181712874E-8;4.741648420E-5;2.648288990E-7;3.946696575E-4;5.596689597E-7;8.340643997E-4;2.678108864E-7;3.991136589E-4
8.727272727E2;NaN;1.028065341E-5;1.001877266E-7;1.520600960E-4;3.321862986E-8;5.041763314E-5;2.372100538E-7;3.600259710E-4;6.924337778E-7;1.050942568E-3;2.523299355E-7;3.829741977E-4
8.648648649E2;NaN;1.046842402E-5;1.145707819E-7;1.770660106E-4;3.546268577E-8;5.480661117E-5;2.118128458E-7;3.273509614E-4;8.239064578E-7;1.273324902E-3;2.448068330E-7;3.783422665E-4
8.571428571E2;NaN;1.065789391E-5;1.308725742E-7;2.059207248E-4;3.722403038E-8;5.856994379E-5;1.917539320E-7;3.017141589E-4;9.186373255E-7;1.445424796E-3;2.426284504E-7;3.817623874E-4
8.495575221E2;NaN;1.084906309E-5;1.447656694E-7;2.318664100E-4;3.721090798E-8;5.959948710E-5;1.786746418E-7;2.861772955E-4;9.462020136E-7;1.515500636E-3;2.443954576E-7;3.914401640E-4
8.421052632E2;NaN;1.104193155E-5;1.522625672E-7;2.482093965E-4;3.470811250E-8;5.657910421E-5;1.727449333E-7;2.815985335E-4;8.937798101E-7;1.456986778E-3;2.501831346E-7;4.078336914E-4
8.347826087E2;NaN;1.123649928E-5;1.512573602E-7;2.509155435E-4;2.985965471E-8;4.953313663E-5;1.728834307E-7;2.867902753E-4;7.715021717E-7;1.279817963E-3;2.605210605E-7;4.321692735E-4
8.275862069E2;NaN;1.143276630E-5;1.422690541E-7;2.401274399E-4;2.358572763E-8;3.980894108E-5;1.768831171E-7;2.985504495E-4;6.083112037E-7;1.026732151E-3;2.748431561E-7;4.638913489E-4
8.205128205E2;NaN;1.163073260E-5;1.280194430E-7;2.198178850E-4;1.718054898E-8;2.950014350E-5;1.816800860E-7;3.119567723E-4;4.402229912E-7;7.558921094E-4;2.904232451E-7;4.986759977E-4
8.135593220E2;NaN;1.183039819E-5;1.121788689E-7;1.959252635E-4;1.180364639E-8;2.061558072E-5;1.841811551E-7;3.216803814E-4;2.970246709E-7;5.187664795E-4;3.027806245E-7;5.288195022E-4
8.067226891E2;NaN;1.203176305E-5;9.810018030E-8;1.742525316E-4;8.173482414E-9;1.451832197E-5;1.825545440E-7;3.242663912E-4;1.949781739E-7;3.463341281E-4;3.076769803E-7;5.465177797E-4
8.000000000E2;NaN;1.223482720E-5;8.815585251E-8;1.592315086E-4;6.617981251E-9;1.195372863E-5;1.770863763E-7;3.198622671E-4;1.385625147E-7;2.502785421E-4;3.035957496E-7;5.483698227E-4
7.933884298E2;NaN;1.243959062E-5;8.361650043E-8;1.535599973E-4;7.320746804E-9;1.344440217E-5;1.697260985E-7;3.116985176E-4;1.270276745E-7;2.332837329E-4;2.928075314E-7;5.377350584E-4
7.868852459E2;NaN;1.264605333E-5;8.468930741E-8;1.581115552E-4;1.045856368E-8;1.952572077E-5;1.625226077E-7;3.034232189E-4;1.592583597E-7;2.973289982E-4;2.798854093E-7;5.225348832E-4
7.804878049E2;NaN;1.285421532E-5;9.055403777E-8;1.718436193E-4;1.614592997E-8;3.063999255E-5;1.562059188E-7;2.964306297E-4;2.349086602E-7;4.457841458E-4;2.686152727E-7;5.097488946E-4
7.741935484E2;NaN;1.306407660E-5;9.959893130E-8;1.920938305E-4;2.440347846E-8;4.706634492E-5;1.500704637E-7;2.894369431E-4;3.546025560E-7;6.839125922E-4;2.597453671E-7;5.009640351E-4
7.680000000E2;NaN;1.327563715E-5;1.100057535E-7;2.156010116E-4;3.532759672E-8;6.923879294E-5;1.430611180E-7;2.803864415E-4;5.213268064E-7;1.021751892E-3;2.513242707E-7;4.925721181E-4
7.619047619E2;NaN;1.348889698E-5;1.204697305E-7;2.399022919E-4;4.924471503E-8;9.806546383E-5;1.348803072E-7;2.685993793E-4;7.405030089E-7;1.474630750E-3;2.410941161E-7;4.801125626E-4
7.559055118E2;NaN;1.370385610E-5;1.305611255E-7;2.641415338E-4;6.650049927E-8;1.345388515E-4;1.260931236E-7;2.551022053E-4;1.014870641E-6;2.053210606E-3;2.286989707E-7;4.626867044E-4
7.500000000E2;NaN;1.392051450E-5;1.403860503E-7;2.885089318E-4;8.681990825E-8;1.784245581E-4;1.172981909E-7;2.410608154E-4;1.334432709E-6;2.742407486E-3;2.158521929E-7;4.436002399E-4
7.441860465E2;NaN;1.413887218E-5;1.496527746E-7;3.123773683E-4;1.086125488E-7;2.267121492E-4;1.083252898E-7;2.261125398E-4;1.667265837E-6;3.480163436E-3;2.045434620E-7;4.269533160E-4
7.384615385E2;NaN;1.435892914E-5;1.568123232E-7;3.324162620E-4;1.287719497E-7;2.729752949E-4;9.825925753E-8;2.082934200E-4;1.959098094E-6;4.152964845E-3;1.950666387E-7;4.135091015E-4
7.328244275E2;NaN;1.458068538E-5;1.590908023E-7;3.424546213E-4;1.433614696E-7;3.085960789E-4;8.625962987E-8;1.856801805E-4;2.146734216E-6;4.621002865E-3;1.856233029E-7;3.995677751E-4
7.272727273E2;NaN;1.480414091E-5;1.537058339E-7;3.359337066E-4;1.490919837E-7;3.258498485E-4;7.250218477E-8;1.584580562E-4;2.182380304E-6;4.769728553E-3;1.737034945E-7;3.796398438E-4
7.218045113E2;NaN;1.502929571E-5;1.395617452E-7;3.096599515E-4;1.448319547E-7;3.213535057E-4;5.851993376E-8;1.298441763E-4;2.056123487E-6;4.562131970E-3;1.579437092E-7;3.504458996E-4
7.164179104E2;NaN;1.525614980E-5;1.182030219E-7;2.662278863E-4;1.321300990E-7;2.975957502E-4;4.674300718E-8;1.052789667E-4;1.801542199E-6;4.057601609E-3;1.390857551E-7;3.132619287E-4
7.111111111E2;NaN;1.548470317E-5;9.334499653E-8;2.133899437E-4;1.143550487E-7;2.614196617E-4;3.952244069E-8;9.034968889E-5;1.480241877E-6;3.383884970E-3;1.195830948E-7;2.733711589E-4
7.058823529E2;NaN;1.571495582E-5;6.938148305E-8;1.609669679E-4;9.508416274E-8;2.205978988E-4;3.816965236E-8;8.855465374E-5;1.156067266E-6;2.682108169E-3;1.024004301E-7;2.375718422E-4
7.007299270E2;NaN;1.594690775E-5;4.984962847E-8;1.173595480E-4;7.681575997E-8;1.808451366E-4;4.243748061E-8;9.990934125E-5;8.744639620E-7;2.058725380E-3;8.984361709E-8;2.115162463E-4
6.956521739E2;NaN;1.618055897E-5;3.660336197E-8;8.743685283E-5;6.062022274E-8;1.448075043E-4;5.056369751E-8;1.207848225E-4;6.553955189E-7;1.565586286E-3;8.296322102E-8;1.981796905E-4
6.906474820E2;NaN;1.641590946E-5;2.990258742E-8;7.246924508E-5;4.660262023E-8;1.129419558E-4;5.973285569E-8;1.447632239E-4;4.990445432E-7;1.209439866E-3;8.149016397E-8;1.974922966E-4
6.857142857E2;NaN;1.665295924E-5;2.912384881E-8;7.160118455E-5;3.465104238E-8;8.518982831E-5;6.681064622E-8;1.642544377E-4;3.980678705E-7;9.786526239E-4;8.397603218E-8;2.064556583E-4
6.808510638E2;NaN;1.689170830E-5;3.343571036E-8;8.338043332E-5;2.492843475E-8;6.216538152E-5;6.925871546E-8;1.727141922E-4;3.474946506E-7;8.665661423E-4;8.796530926E-8;2.193638336E-4
6.760563380E2;NaN;1.713215664E-5;4.192831948E-8;1.060472748E-4;1.782982463E-8;4.509611490E-5;6.597104152E-8;1.668573713E-4;3.456427625E-7;8.742175570E-4;9.043492975E-8;2.287327031E-4
6.713286713E2;NaN;1.737430426E-5;5.325640934E-8;1.366027131E-4;1.355263147E-8;3.476250561E-5;5.760492249E-8;1.477566512E-4;3.875786764E-7;9.941394733E-4;8.874208926E-8;2.276234975E-4
6.666666667E2;NaN;1.761815116E-5;6.535287830E-8;1.699828365E-4;1.175300486E-8;3.056956564E-5;4.620330476E-8;1.201747957E-4;4.593185460E-7;1.194687538E-3;8.175294180E-8;2.126394016E-4
6.620689655E2;NaN;1.786369735E-5;7.563015408E-8;1.994556567E-4;1.161517032E-8;3.063211296E-5;3.432234691E-8;9.051662428E-5;5.385918739E-7;1.420401653E-3;7.039900718E-8;1.856598122E-4
6.575342466E2;NaN;1.811094281E-5;8.161534272E-8;2.182191643E-4;1.218857736E-8;3.258922988E-5;2.414928738E-8;6.456919907E-5;6.009498399E-7;1.606790678E-3;5.722849566E-8;1.530147896E-4
6.530612245E2;NaN;1.835988756E-5;8.169035495E-8;2.214220262E-4;1.267469638E-8;3.435481405E-5;1.698549071E-8;4.603923893E-5;6.273539511E-7;1.700445335E-3;4.525863423E-8;1.226737049E-4
6.486486486E2;NaN;1.861053159E-5;7.564159138E-8;2.078257976E-4;1.256408786E-8;3.451991865E-5;1.321594376E-8;3.631089725E-5;6.107027852E-7;1.677910143E-3;3.683375213E-8;1.012009898E-4
6.442953020E2;NaN;1.886287490E-5;6.476973317E-8;1.803682172E-4;1.170390219E-8;3.259256861E-5;1.266548591E-8;3.527034932E-5;5.587326788E-7;1.555936890E-3;3.297974722E-8;9.184070893E-5
6.400000000E2;NaN;1.911691749E-5;5.144739314E-8;1.451982091E-4;1.029632715E-8;2.905897017E-5;1.508876148E-8;4.258449284E-5;4.908531345E-7;1.385317928E-3;3.347536017E-8;9.447635830E-5
6.357615894E2;NaN;1.937265937E-5;3.829229964E-8;1.095167913E-4;8.774310560E-9;2.509471481E-5;2.049282433E-8;5.860991342E-5;4.299640938E-7;1.229706452E-3;3.754087567E-8;1.073677028E-4
6.315789474E2;NaN;1.963010052E-5;2.738337601E-8;7.935778432E-5;7.609057185E-9;2.205125909E-5;2.906542923E-8;8.423242127E-5;3.938339055E-7;1.141341598E-3;4.467994496E-8;1.294837216E-4
6.274509804E2;NaN;1.988924096E-5;1.983917608E-8;5.825347825E-5;7.161469468E-9;2.102811650E-5;4.074787419E-8;1.196473781E-4;3.897918136E-7;1.144539916E-3;5.500227538E-8;1.615023648E-4
6.233766234E2;NaN;2.015008068E-5;1.580860178E-8;4.702732428E-5;7.602374178E-9;2.261549255E-5;5.478651082E-8;1.629785509E-4;4.136068985E-7;1.230395073E-3;6.876741178E-8;2.045688429E-4
6.193548387E2;NaN;2.041261968E-5;1.471585112E-8;4.434699019E-5;8.872874526E-9;2.673887336E-5;6.971035948E-8;2.100758293E-4;4.520577849E-7;1.362299876E-3;8.568478577E-8;2.582156019E-4
6.153846154E2;NaN;2.067685796E-5;1.558402649E-8;4.757121486E-5;1.068333452E-8;3.261154632E-5;8.388805687E-8;2.560735366E-4;4.880560179E-7;1.489821498E-3;1.047630516E-7;3.197957627E-4
6.114649682E2;NaN;2.094279553E-5;1.731156531E-8;5.352430185E-5;1.256653541E-8;3.885350763E-5;9.638578636E-8;2.980078249E-4;5.062317402E-7;1.565179115E-3;1.249812922E-7;3.864200776E-4
6.075949367E2;NaN;2.121043237E-5;1.888409831E-8;5.913243929E-5;1.398366865E-8;4.378755205E-5;1.074747436E-7;3.365394337E-4;4.971858531E-7;1.556855498E-3;1.462077028E-7;4.578253072E-4
6.037735849E2;NaN;2.147976850E-5;1.959373370E-8;6.213364301E-5;1.447886996E-8;4.591391059E-5;1.182597191E-7;3.750131182E-4;4.598947403E-7;1.458371133E-3;1.694722732E-7;5.374131285E-4
6.000000000E2;NaN;2.175080391E-5;1.925785458E-8;6.183911081E-5;1.385536409E-8;4.449111357E-5;1.294984915E-7;4.158340448E-4;4.018879402E-7;1.290506830E-3;1.959983135E-7;6.293723621E-4
5.962732919E2;NaN;2.202353859E-5;1.825307060E-8;5.934758534E-5;1.227097249E-8;3.989753849E-5;1.403656472E-7;4.563814172E-4;3.362589027E-7;1.093303936E-3;2.253159972E-7;7.325868981E-4
5.925925926E2;NaN;2.229797257E-5;1.725824324E-8;5.681224912E-5;1.016861210E-8;3.347395884E-5;1.481439051E-7;4.876735322E-4;2.764880877E-7;9.101685437E-4;2.536903233E-7;8.351207968E-4
5.889570552E2;NaN;2.257410582E-5;1.687508517E-8;5.623886538E-5;8.103076027E-9;2.700477048E-5;1.492792071E-7;4.974963474E-4;2.328147852E-7;7.758917501E-4;2.743391278E-7;9.142781279E-4
5.853658537E2;NaN;2.285193835E-5;1.740816276E-8;5.872945931E-5;6.621867866E-9;2.234002088E-5;1.412547541E-7;4.765474364E-4;2.125710415E-7;7.171453131E-4;2.799213579E-7;9.443632983E-4
5.818181818E2;NaN;2.313147017E-5;1.889902100E-8;6.453904935E-5;6.232353917E-9;2.128312345E-5;1.241140642E-7;4.238422568E-4;2.220113853E-7;7.581558723E-4;2.660829728E-7;9.086577613E-4
5.783132530E2;NaN;2.341270127E-5;2.136281779E-8;7.383972667E-5;7.345897641E-9;2.539080187E-5;1.006836585E-7;3.480090451E-4;2.657267234E-7;9.184738090E-4;2.338760869E-7;8.083833556E-4
5.748502994E2;NaN;2.369563165E-5;2.519720164E-8;8.814559663E-5;1.020869542E-8;3.571236051E-5;7.541880396E-8;2.638322925E-4;3.445164428E-7;1.205197618E-3;1.895322239E-7;6.630272360E-4
5.714285714E2;NaN;2.398026131E-5;3.164999614E-8;1.120488988E-4;1.499855305E-8;5.309862743E-5;5.262794154E-8;1.863160701E-4;4.564131589E-7;1.615816686E-3;1.418719982E-7;5.022623418E-4
5.680473373E2;NaN;2.426659025E-5;4.289777084E-8;1.536821763E-4;2.207514985E-8;7.908469383E-5;3.509913109E-8;1.257433836E-4;6.013885571E-7;2.154487296E-3;9.900046692E-8;3.546712782E-4
5.647058824E2;NaN;2.455461847E-5;6.129664667E-8;2.222030046E-4;3.202833724E-8;1.161041126E-4;2.375042163E-8;8.609630924E-5;7.837714034E-7;2.841205355E-3;6.608727187E-8;2.395692289E-4
5.614035088E2;NaN;2.484434598E-5;8.785379793E-8;3.222316014E-4;4.528060283E-8;1.660809379E-4;1.821432294E-8;6.680679252E-5;1.007881682E-6;3.696724968E-3;4.506131101E-8;1.652766158E-4
5.581395349E2;NaN;2.513577276E-5;1.207670637E-7;4.481472842E-4;6.153682946E-8;2.283533453E-4;1.768065053E-8;6.561007011E-5;1.270995177E-6;4.716460095E-3;3.585204591E-8;1.330412160E-4
5.549132948E2;NaN;2.542889883E-5;1.550495181E-7;5.820737243E-4;7.960490090E-8;2.988459539E-4;2.136241707E-8;8.019697073E-5;1.561435872E-6;5.861809857E-3;3.799417207E-8;1.426344919E-4
5.517241379E2;NaN;2.572372418E-5;1.837384532E-7;6.977726141E-4;9.774865165E-8;3.712142506E-4;2.839887671E-8;1.078487279E-4;1.863484483E-6;7.076844378E-3;5.141504512E-8;1.952558641E-4
5.485714286E2;NaN;2.602024881E-5;2.003166468E-7;7.694997924E-4;1.143019739E-7;4.390815574E-4;3.751858871E-8;1.441245483E-4;2.163783861E-6;8.311996326E-3;7.597290436E-8;2.918436140E-4
5.454545455E2;NaN;2.631847273E-5;2.013167591E-7;7.822050831E-4;1.281829244E-7;4.980476314E-4;4.686761954E-8;1.821015320E-4;2.454088185E-6;9.535223304E-3;1.102783349E-7;4.284803436E-4
5.423728814E2;NaN;2.661839592E-5;1.878699409E-7;7.382767630E-4;1.390715870E-7;5.465127661E-4;5.426888926E-8;2.132616837E-4;2.729600763E-6;1.072657396E-2;1.507526513E-7;5.924161094E-4
5.393258427E2;NaN;2.692001840E-5;1.653377000E-7;6.570936415E-4;1.471627081E-7;5.848616481E-4;5.785829062E-8;2.299434119E-4;2.984800577E-6;1.186234887E-2;1.915775335E-7;7.613773453E-4
5.363128492E2;NaN;2.722334015E-5;1.411335713E-7;5.672202947E-4;1.526692438E-7;6.135825281E-4;5.681222281E-8;2.283301235E-4;3.209985306E-6;1.290103265E-2;2.257353385E-7;9.072374776E-4
5.333333333E2;NaN;2.752836119E-5;1.218538394E-7;4.952216191E-4;1.555098648E-7;6.320018099E-4;5.176948484E-8;2.103944220E-4;3.392381694E-6;1.378685123E-2;2.469383715E-7;1.003572976E-3
5.303867403E2;NaN;2.783508151E-5;1.111600510E-7;4.567949091E-4;1.554651210E-7;6.388596907E-4;4.468162293E-8;1.836121673E-4;3.521770325E-6;1.447216640E-2;2.517929724E-7;1.034703987E-3
5.274725275E2;NaN;2.814350112E-5;1.092171997E-7;4.537840024E-4;1.525343758E-7;6.337615295E-4;3.817077538E-8;1.585948666E-4;3.593614574E-6;1.493102559E-2;2.412139118E-7;1.002214070E-3
5.245901639E2;NaN;2.845362000E-5;1.135425499E-7;4.769536655E-4;1.469678585E-7;6.173620274E-4;3.482772050E-8;1.462994179E-4;3.603620288E-6;1.513758416E-2;2.202776940E-7;9.253117326E-4
5.217391304E2;NaN;2.876543816E-5;1.206318401E-7;5.122865652E-4;1.389468919E-7;5.900649938E-4;3.687729289E-8;1.566065949E-4;3.539370318E-6;1.503062427E-2;1.967077748E-7;8.353578145E-4
5.189189189E2;NaN;2.907895561E-5;1.275710431E-7;5.476598857E-4;1.284093856E-7;5.512588730E-4;4.633204507E-8;1.989025243E-4;3.381793900E-6;1.451797223E-2;1.790527470E-7;7.686697903E-4
5.161290323E2;NaN;2.939417234E-5;1.328838995E-7;5.766517584E-4;1.153126643E-7;5.004011085E-4;6.524573805E-8;2.831348997E-4;3.119264015E-6;1.353609493E-2;1.757270174E-7;7.625701375E-4
5.133689840E2;NaN;2.971108835E-5;1.362558970E-7;5.976595839E-4;1.000314702E-7;4.387682894E-4;9.549132160E-8;4.188538243E-4;2.762000001E-6;1.211496756E-2;1.948730796E-7;8.547722795E-4
5.106382979E2;NaN;3.002970364E-5;1.375657624E-7;6.098758354E-4;8.349047456E-8;3.701416837E-4;1.376174620E-7;6.101050371E-4;2.343778514E-6;1.039076769E-2;2.439413455E-7;1.081474993E-3
5.079365079E2;NaN;3.035001821E-5;1.361382205E-7;6.099848460E-4;6.697605230E-8;3.000948359E-4;1.891437869E-7;8.474831191E-4;1.910322177E-6;8.559444766E-3;3.275635277E-7;1.467690611E-3
5.052631579E2;NaN;3.067203207E-5;1.308414009E-7;5.924718975E-4;5.176405221E-8;2.343963456E-4;2.435013873E-7;1.102615288E-3;1.502962422E-6;6.805666950E-3;4.436385209E-7;2.008869933E-3
5.026178010E2;NaN;3.099574521E-5;1.208260792E-7;5.528951564E-4;3.870682052E-8;1.771208147E-4;2.909077984E-7;1.331182090E-3;1.146523782E-6;5.246445553E-3;5.796048090E-7;2.652247707E-3
5.000000000E2;NaN;3.132115762E-5;1.063090942E-7;4.915732516E-4;2.802927227E-8;1.296073550E-4;3.213647193E-7;1.485990462E-3;8.473567218E-7;3.918177481E-3;7.121211597E-7;3.292848242E-3
4.974093264E2;NaN;3.164826932E-5;8.887089729E-8;4.152307914E-4;1.953856588E-8;9.128988701E-5;3.284777116E-7;1.534743817E-3;6.018998145E-7;2.812251749E-3;8.122384877E-7;3.795015470E-3
4.948453608E2;NaN;3.197708030E-5;7.103997106E-8;3.353679867E-4;1.304501151E-8;6.158334784E-5;3.120892730E-7;1.473321985E-3;4.077641323E-7;1.924987216E-3;8.549426354E-7;4.036043176E-3
4.923076923E2;NaN;3.230759057E-5;5.533854562E-8;2.639443268E-4;8.545302166E-9;4.075792022E-5;2.782101569E-7;1.326959206E-3;2.668820306E-7;1.272928248E-3;8.287248411E-7;3.952709958E-3
4.897959184E2;NaN;3.263980011E-5;4.340200182E-8;2.091400809E-4;6.061283775E-9;2.920734818E-5;2.361968972E-7;1.138155756E-3;1.796871946E-7;8.658539431E-4;7.401502954E-7;3.566542697E-3
4.873096447E2;NaN;3.297370894E-5;3.579399078E-8;1.742440441E-4;5.477721608E-9;2.666537999E-5;1.947390274E-7;9.479835841E-4;1.398237864E-7;6.806578835E-4;6.109093484E-7;2.973887882E-3
4.848484848E2;NaN;3.330931704E-5;3.248997187E-8;1.597699443E-4;6.626054602E-9;3.258372704E-5;1.588836318E-7;7.813127419E-4;1.364454600E-7;6.709726814E-4;4.690133942E-7;2.306380694E-3
4.824120603E2;NaN;3.364662443E-5;3.340709059E-8;1.659434732E-4;9.434395588E-9;4.686359523E-5;1.294968163E-7;6.432512106E-4;1.601035528E-7;7.952844486E-4;3.387993974E-7;1.682922629E-3
4.800000000E2;NaN;3.398563110E-5;3.837771250E-8;1.925548422E-4;1.384845854E-8;6.948271734E-5;1.048987000E-7;5.263146578E-4;2.044519078E-7;1.025809051E-3;2.345359697E-7;1.176751654E-3
4.776119403E2;NaN;3.432633705E-5;4.665105235E-8;2.364116792E-4;1.953859316E-8;9.901495007E-5;8.319297943E-8;4.215937471E-4;2.628720875E-7;1.332146404E-3;1.597065249E-7;8.093383931E-4
4.752475248E2;NaN;3.466874229E-5;5.650145289E-8;2.891863051E-4;2.568905577E-8;1.314819839E-4;6.372959928E-8;3.261814767E-4;3.253655344E-7;1.665289154E-3;1.106534478E-7;5.663475907E-4
4.729064039E2;NaN;3.501284680E-5;6.539274705E-8;3.380158190E-4;3.108010020E-8;1.606533752E-4;4.710224013E-8;2.434719903E-4;3.792853435E-7;1.960530056E-3;8.123373392E-8;4.198980521E-4
4.705882353E2;NaN;3.535865060E-5;7.072340369E-8;3.691805875E-4;3.445365767E-8;1.798502464E-4;3.424009086E-8;1.787354143E-4;4.130218389E-7;2.155999813E-3;6.587784957E-8;3.438864921E-4
4.682926829E2;NaN;3.570615368E-5;7.079066435E-8;3.731634316E-4;3.499275917E-8;1.844596066E-4;2.561084201E-8;1.350040967E-4;4.203370776E-7;2.215750167E-3;6.057146780E-8;3.192943164E-4
4.660194175E2;NaN;3.605535604E-5;6.550696791E-8;3.486882450E-4;3.270246381E-8;1.740725464E-4;2.097085152E-8;1.116261315E-4;4.034966105E-7;2.147779533E-3;6.285876893E-8;3.345920979E-4
4.637681159E2;NaN;3.640625768E-5;5.651068339E-8;3.037292504E-4;2.849939167E-8;1.531763261E-4;1.956909886E-8;1.051784790E-4;3.733944543E-7;2.006891633E-3;7.150054846E-8;3.842956177E-4
4.615384615E2;NaN;3.675885860E-5;4.659952370E-8;2.528852597E-4;2.394021472E-8;1.299182252E-4;2.056197874E-8;1.115852893E-4;3.459999399E-7;1.877664785E-3;8.582044156E-8;4.657284651E-4
4.593301435E2;NaN;3.711315880E-5;3.876780324E-8;2.124120414E-4;2.070587430E-8;1.134492198E-4;2.345083188E-8;1.284890723E-4;3.367873711E-7;1.845286218E-3;1.048154974E-7;5.742928904E-4
4.571428571E2;NaN;3.746915829E-5;3.523648999E-8;1.949155995E-4;2.005091558E-8;1.109144592E-4;2.821357424E-8;1.560673535E-4;3.555913662E-7;1.967003647E-3;1.264258171E-7;6.993421860E-4
4.549763033E2;NaN;3.782685706E-5;3.678829834E-8;2.054423520E-4;2.238649710E-8;1.250162368E-4;3.498134200E-8;1.953514976E-4;4.032429562E-7;2.251889462E-3;1.472576239E-7;8.223525951E-4
4.528301887E2;NaN;3.818625511E-5;4.255812671E-8;2.399217349E-4;2.714166461E-8;1.530113227E-4;4.362568289E-8;2.459400903E-4;4.708390024E-7;2.654358146E-3;1.630324772E-7;9.190967222E-4
4.507042254E2;NaN;3.854735244E-5;5.033277878E-8;2.864346032E-4;3.299033990E-8;1.877419675E-4;5.358832285E-8;3.049613069E-4;5.425558736E-7;3.087585867E-3;1.700441868E-7;9.676902480E-4
4.485981308E2;NaN;3.891014905E-5;5.727810938E-8;3.290270390E-4;3.837148961E-8;2.204202923E-4;6.389492519E-8;3.670365218E-4;6.015509758E-7;3.455535431E-3;1.670795256E-7;9.597677400E-4
4.465116279E2;NaN;3.927464494E-5;6.085783690E-8;3.528651756E-4;4.206253496E-8;2.438864827E-4;7.321704313E-8;4.245261760E-4;6.364935943E-7;3.690509478E-3;1.562928132E-7;9.062151034E-4
4.444444444E2;NaN;3.964084012E-5;5.964568353E-8;3.490614514E-4;4.356071624E-8;2.549282016E-4;8.017549967E-8;4.692070679E-4;6.458934826E-7;3.779930133E-3;1.421007210E-7;8.316089444E-4
4.423963134E2;NaN;4.000873457E-5;5.377123647E-8;3.176031923E-4;4.312112949E-8;2.546976651E-4;8.386165114E-8;4.953341202E-4;6.382844260E-7;3.770067132E-3;1.290014598E-7;7.619552407E-4
4.403669725E2;NaN;4.037832831E-5;4.480906279E-8;2.671125022E-4;4.144233974E-8;2.470430394E-4;8.408509323E-8;5.012418974E-4;6.277030286E-7;3.741817306E-3;1.198094492E-7;7.141993107E-4
4.383561644E2;NaN;4.074962133E-5;3.517302528E-8;2.115988591E-4;3.919138284E-8;2.357730628E-4;8.110502549E-8;4.879230811E-4;6.262340041E-7;3.767387075E-3;1.148433454E-7;6.908908366E-4
4.363636364E2;NaN;4.112261363E-5;2.732667707E-8;1.659004463E-4;3.670021242E-8;2.228072445E-4;7.535856731E-8;4.575023854E-4;6.377826987E-7;3.871983193E-3;1.121058952E-7;6.805956685E-4
4.343891403E2;NaN;4.149730522E-5;2.319460631E-8;1.420976583E-4;3.404005624E-8;2.085403914E-4;6.759870811E-8;4.141315439E-4;6.569051419E-7;4.024413310E-3;1.087069467E-7;6.659739060E-4
4.324324324E2;NaN;4.187369608E-5;2.394650953E-8;1.480347028E-4;3.137747192E-8;1.939720995E-4;5.907009554E-8;3.651648698E-4;6.734064228E-7;4.162924852E-3;1.030071751E-7;6.367790903E-4
4.304932735E2;NaN;4.225178623E-5;3.003570129E-8;1.873539573E-4;2.932002454E-8;1.828897741E-4;5.134259180E-8;3.202601350E-4;6.800980024E-7;4.242253272E-3;9.580305058E-8;5.975915285E-4
4.285714286E2;NaN;4.263157565E-5;4.127116372E-8;2.597515331E-4;2.897470699E-8;1.823603670E-4;4.605432947E-8;2.898557154E-4;6.794769889E-7;4.276477174E-3;8.968347760E-8;5.644478783E-4
4.266666667E2;NaN;4.301306436E-5;5.675988528E-8;3.604308145E-4;3.160336452E-8;2.006844509E-4;4.485584991E-8;2.848390274E-4;6.851462977E-7;4.350745899E-3;8.758360676E-8;5.561644560E-4
4.247787611E2;NaN;4.339625235E-5;7.474411979E-8;4.788607905E-4;3.795627460E-8;2.431732652E-4;4.925220223E-8;3.155425278E-4;7.158719350E-7;4.586354106E-3;9.184162289E-8;5.883988234E-4
4.229074890E2;NaN;4.378113963E-5;9.257493074E-8;5.983571407E-4;4.763965143E-8;3.079184114E-4;6.001937881E-8;3.879346558E-4;7.844371561E-7;5.070201728E-3;1.037469986E-7;6.705676899E-4
4.210526316E2;NaN;4.416772618E-5;1.071050226E-7;6.983849940E-4;5.894509905E-8;3.843552024E-4;7.651834303E-8;4.989426382E-4;8.874261135E-7;5.786517437E-3;1.230699803E-7;8.024854986E-4
4.192139738E2;NaN;4.455601202E-5;1.155523804E-7;7.600903679E-4;6.933954294E-8;4.561075984E-4;9.652429147E-8;6.349257711E-4;1.002385585E-6;6.593577959E-3;1.478173182E-7;9.723254459E-4
4.173913043E2;NaN;4.494599713E-5;1.165057946E-7;7.730695482E-4;7.641774320E-8;5.070668836E-4;1.167077913E-7;7.744098889E-4;1.094977847E-6;7.265681779E-3;1.746490088E-7;1.158876524E-3
4.155844156E2;NaN;4.533768153E-5;1.105576844E-7;7.399941080E-4;7.884228831E-8;5.277139180E-4;1.334651015E-7;8.933199831E-4;1.133357845E-6;7.585887239E-3;1.996694199E-7;1.336444364E-3
4.137931034E2;NaN;4.573106521E-5;1.001748451E-7;6.763165536E-4;7.680539318E-8;5.185409446E-4;1.439314276E-7;9.717330430E-4;1.102588811E-6;7.443975220E-3;2.190938651E-7;1.479181800E-3
4.120171674E2;NaN;4.612614817E-5;8.878005079E-8;6.045644406E-4;7.176398775E-8;4.886903614E-4;1.469165447E-7;1.000455822E-3;1.010947625E-6;6.884237843E-3;2.299636666E-7;1.565980806E-3
4.102564103E2;NaN;4.652293042E-5;7.942236216E-8;5.454938799E-4;6.558353868E-8;4.504451643E-4;1.431196949E-7;9.829840807E-4;8.843010606E-7;6.073614577E-3;2.311271648E-7;1.587442761E-3
4.085106383E2;NaN;4.692141194E-5;7.368881797E-8;5.104493824E-4;5.960995246E-8;4.129237550E-4;1.342688105E-7;9.300926963E-4;7.526034896E-7;5.213355256E-3;2.237798306E-7;1.550143963E-3
4.067796610E2;NaN;4.732159275E-5;7.136913481E-8;4.985971662E-4;5.425493160E-8;3.790343714E-4;1.219622691E-7;8.520495857E-4;6.373960916E-7;4.452959755E-3;2.107882095E-7;1.472603027E-3
4.050632911E2;NaN;4.772347283E-5;7.093863420E-8;4.997984243E-4;4.925658071E-8;3.470374318E-4;1.072596525E-7;7.556983004E-4;5.467648972E-7;3.852234219E-3;1.954696440E-7;1.377182140E-3
4.033613445E2;NaN;4.812705220E-5;7.045919151E-8;5.006185496E-4;4.426460547E-8;3.145037874E-4;9.111024117E-8;6.473460142E-4;4.779850573E-7;3.396124494E-3;1.810533880E-7;1.286399724E-3
4.016736402E2;NaN;4.853233085E-5;6.839441388E-8;4.900403056E-4;3.928745842E-8;2.814913827E-4;7.495291855E-8;5.370314479E-4;4.241943515E-7;3.039317363E-3;1.708578598E-7;1.224182401E-3
4.000000000E2;NaN;4.893930879E-5;6.404967508E-8;4.627589024E-4;3.480873056E-8;2.514930783E-4;6.102152975E-8;4.408805525E-4;3.809693590E-7;2.752503619E-3;1.682998689E-7;1.215966553E-3
3.983402490E2;NaN;4.934798600E-5;5.760358281E-8;4.196613270E-4;3.162912967E-8;2.304287664E-4;5.204984182E-8;3.792004702E-4;3.494191258E-7;2.545634956E-3;1.763026880E-7;1.284423926E-3
3.966942149E2;NaN;4.975836250E-5;4.987382090E-8;3.663690188E-4;3.055268302E-8;2.244375164E-4;5.022206427E-8;3.689271861E-4;3.344909685E-7;2.457143361E-3;1.961232263E-7;1.440705217E-3
3.950617284E2;NaN;5.017043827E-5;4.202759874E-8;3.112880812E-4;3.203663528E-8;2.372874735E-4;5.611850089E-8;4.156559257E-4;3.405867020E-7;2.522641885E-3;2.260473938E-7;1.674277417E-3
3.934426230E2;NaN;5.058421333E-5;3.541504102E-8;2.644738698E-4;3.593506905E-8;2.683573560E-4;6.882196810E-8;5.139514654E-4;3.685415381E-7;2.752209343E-3;2.613338490E-7;1.951599443E-3
3.918367347E2;NaN;5.099968767E-5;3.150292334E-8;2.371911022E-4;4.143254743E-8;3.119530046E-4;8.707408800E-8;6.555962657E-4;4.159806366E-7;3.131992057E-3;2.965483984E-7;2.232765534E-3
3.902439024E2;NaN;5.141686129E-5;3.171734701E-8;2.407589474E-4;4.717343821E-8;3.580825132E-4;1.100247701E-7;8.351722429E-4;4.795331933E-7;3.640024080E-3;3.287994788E-7;2.495839781E-3
3.886639676E2;NaN;5.183573420E-5;3.705596812E-8;2.835746721E-4;5.159757763E-8;3.948558599E-4;1.369448465E-7;1.047984763E-3;5.563127380E-7;4.257241418E-3;3.589106050E-7;2.746600947E-3
3.870967742E2;NaN;5.225630638E-5;4.754573582E-8;3.668008240E-4;5.346864912E-8;4.124942903E-4;1.666727052E-7;1.285828993E-3;6.437576679E-7;4.966393704E-3;3.897193987E-7;3.006566080E-3
3.855421687E2;NaN;5.267857785E-5;6.180528160E-8;4.806618478E-4;5.243203609E-8;4.077657880E-4;1.975115103E-7;1.536053960E-3;7.384118193E-7;5.742654678E-3;4.234947498E-7;3.293533558E-3
3.840000000E2;NaN;5.310254860E-5;7.704547152E-8;6.040077384E-4;4.927089557E-8;3.862654303E-4;2.274013940E-7;1.782742048E-3;8.348342439E-7;6.544788859E-3;4.603886025E-7;3.609274797E-3
3.824701195E2;NaN;5.352821863E-5;8.971160326E-8;7.089431802E-4;4.565244097E-8;3.607670080E-4;2.542088301E-7;2.008877446E-3;9.262250962E-7;7.319465281E-3;4.983286161E-7;3.938026532E-3
3.809523810E2;NaN;5.395558794E-5;9.666239559E-8;7.699703535E-4;4.348895326E-8;3.464139753E-4;2.761290637E-7;2.199523315E-3;1.007438691E-6;8.024815855E-3;5.339959826E-7;4.253578374E-3
3.794466403E2;NaN;5.438465653E-5;9.638430840E-8;7.738606179E-4;4.423721276E-8;3.551764532E-4;2.918155534E-7;2.342959847E-3;1.078172787E-6;8.656548692E-3;5.642594396E-7;4.530386386E-3
3.779527559E2;NaN;5.481542440E-5;8.955194416E-8;7.246992636E-4;4.837262203E-8;3.914555278E-4;2.999002906E-7;2.426943622E-3;1.142138679E-6;9.242759246E-3;5.868594188E-7;4.749160865E-3
3.764705882E2;NaN;5.524789156E-5;7.857443173E-8;6.408803821E-4;5.515506473E-8;4.498638829E-4;2.985642586E-7;2.435193891E-3;1.201119849E-6;9.796751065E-3;5.998106188E-7;4.892263935E-3
3.750000000E2;NaN;5.568205800E-5;6.638395660E-8;5.457056272E-4;6.279409705E-8;5.161953862E-4;2.861971780E-7;2.352668002E-3;1.248764785E-6;1.026540154E-2;6.007494710E-7;4.938427651E-3
3.735408560E2;NaN;5.611792372E-5;5.519446122E-8;4.572746363E-4;6.907096049E-8;5.722385478E-4;2.628505385E-7;2.177662065E-3;1.270978364E-6;1.052979151E-2;5.877563819E-7;4.869439430E-3
3.720930233E2;NaN;5.655548872E-5;4.589558050E-8;3.832001295E-4;7.223523125E-8;6.031201626E-4;2.310059227E-7;1.928758686E-3;1.254524721E-6;1.047451694E-2;5.608448480E-7;4.682712716E-3
3.706563707E2;NaN;5.699475300E-5;3.827622187E-8;3.220653178E-4;7.177473094E-8;6.039298133E-4;1.948884626E-7;1.639838301E-3;1.197981610E-6;1.008010480E-2;5.220119290E-7;4.392333662E-3
3.692307692E2;NaN;5.743571656E-5;3.176069615E-8;2.693097501E-4;6.862774356E-8;5.819179901E-4;1.590214000E-7;1.348396562E-3;1.116392103E-6;9.466268522E-3;4.736928378E-7;4.016602759E-3
3.678160920E2;NaN;5.787837941E-5;2.612291993E-8;2.232122894E-4;6.468689937E-8;5.527295931E-4;1.269822501E-7;1.085024141E-3;1.034986792E-6;8.843642745E-3;4.175967161E-7;3.568235072E-3
3.664122137E2;NaN;5.832274153E-5;2.179191778E-8;1.876348059E-4;6.179551868E-8;5.320775468E-4;1.007472004E-7;8.674629550E-4;9.751779831E-7;8.396568554E-3;3.550567537E-7;3.057142824E-3
3.650190114E2;NaN;5.876880294E-5;1.973132330E-8;1.711918470E-4;6.075064404E-8;5.270814736E-4;8.074805621E-8;7.005819465E-4;9.421076868E-7;8.173864090E-3;2.881705376E-7;2.500209734E-3
3.636363636E2;NaN;5.921656363E-5;2.114530277E-8;1.848575231E-4;6.089938048E-8;5.323976090E-4;6.658376993E-8;5.820919626E-4;9.227477572E-7;8.066891580E-3;2.206673157E-7;1.929128840E-3
3.622641509E2;NaN;5.966602360E-5;2.720165320E-8;2.396086075E-4;6.059246098E-8;5.337350305E-4;5.782161074E-8;5.093277064E-4;8.960707960E-7;7.893133336E-3;1.580284098E-7;1.392009778E-3
3.609022556E2;NaN;6.011718286E-5;3.870134077E-8;3.434825293E-4;5.820002826E-8;5.165374769E-4;5.419504689E-8;4.809924259E-4;8.475726279E-7;7.522385121E-3;1.063614525E-7;9.439802341E-4
3.595505618E2;NaN;6.057004139E-5;5.556175560E-8;4.968369082E-4;5.302067559E-8;4.741144020E-4;5.538503189E-8;4.952566331E-4;7.774309741E-7;6.951839396E-3;7.023506591E-8;6.280466234E-4
3.582089552E2;NaN;6.102459921E-5;7.624151760E-8;6.868730684E-4;4.555084129E-8;4.103754373E-4;6.110055929E-8;5.504655464E-4;6.975359810E-7;6.284222753E-3;5.121513453E-8;4.614060385E-4
3.568773234E2;NaN;6.148085630E-5;9.753461029E-8;8.852759806E-4;3.708341366E-8;3.365887790E-4;7.145812675E-8;6.485919515E-4;6.214787112E-7;5.640871213E-3;4.857268594E-8;4.408715229E-4
3.555555556E2;NaN;6.193881268E-5;1.151285600E-7;1.052751742E-3;2.900490292E-8;2.652249111E-4;8.677665458E-8;7.934979324E-4;5.557464473E-7;5.081823666E-3;6.105028987E-8;5.582524358E-4
3.542435424E2;NaN;6.239846834E-5;1.249102917E-7;1.150673662E-3;2.224349527E-8;2.049070881E-4;1.065083168E-7;9.811546605E-4;4.977563401E-7;4.585331621E-3;8.728648717E-8;8.040831577E-4
3.529411765E2;NaN;6.285982329E-5;1.244838924E-7;1.155224353E-3;1.710697795E-8;1.587546562E-4;1.281975095E-7;1.189687133E-3;4.404650364E-7;4.087564478E-3;1.243820597E-7;1.154279334E-3
3.516483516E2;NaN;6.332287751E-5;1.141185880E-7;1.066834499E-3;1.346643494E-8;1.258905988E-4;1.474986908E-7;1.378887478E-3;3.789832570E-7;3.542914615E-3;1.666517715E-7;1.557939529E-3
3.503649635E2;NaN;6.378763102E-5;9.659467758E-8;9.096402960E-4;1.105276747E-8;1.040848516E-4;1.594637584E-7;1.501683779E-3;3.142835728E-7;2.959635141E-3;2.062530599E-7;1.942302611E-3
3.490909091E2;NaN;6.425408380E-5;7.602777424E-8;7.211955397E-4;9.641741662E-9;9.146106341E-5;1.604800445E-7;1.522305413E-3;2.521093134E-7;2.391495926E-3;2.354716470E-7;2.233671882E-3
3.478260870E2;NaN;6.472223587E-5;5.631797573E-8;5.381217780E-4;9.053141105E-9;8.650332908E-5;1.498872793E-7;1.432182321E-3;1.988076176E-7;1.899619211E-3;2.492552013E-7;2.381649027E-3
3.465703971E2;NaN;6.519208722E-5;4.000409239E-8;3.850164876E-4;9.058195247E-9;8.717994359E-5;1.303392094E-7;1.254440274E-3;1.575385777E-7;1.516218622E-3;2.467693953E-7;2.375014159E-3
3.453237410E2;NaN;6.566363785E-5;2.797142846E-8;2.711562415E-4;9.324228938E-9;9.038948002E-5;1.066451247E-7;1.033822468E-3;1.272302257E-7;1.233375330E-3;2.311309408E-7;2.240593372E-3
3.440860215E2;NaN;6.613688777E-5;1.992270533E-8;1.945235049E-4;9.480911624E-9;9.257076930E-5;8.385833384E-8;8.187852375E-4;1.043016025E-7;1.018391476E-3;2.074082859E-7;2.025115870E-3
3.428571429E2;NaN;6.661183696E-5;1.512975485E-8;1.487864295E-4;9.257817550E-9;9.104163495E-5;6.578627370E-8;6.469440430E-4;8.536184433E-8;8.394507483E-4;1.803436663E-7;1.773504624E-3
3.416370107E2;NaN;6.708848544E-5;1.295584819E-8;1.283198544E-4;8.603264213E-9;8.521013796E-5;5.443143021E-8;5.391104542E-4;6.895967075E-8;6.830039056E-4;1.534405485E-7;1.519735996E-3
3.404255319E2;NaN;6.756683319E-5;1.293800391E-8;1.290567911E-4;7.698817850E-9;7.679582835E-5;5.010939014E-8;4.998419497E-4;5.567157411E-8;5.553248216E-4;1.295144935E-7;1.291909096E-3
3.392226148E2;NaN;6.804688023E-5;1.458263534E-8;1.464954900E-4;6.876381869E-9;6.907934732E-5;5.184087751E-8;5.207875379E-4;4.721465404E-8;4.743130249E-4;1.114054776E-7;1.119166711E-3
3.380281690E2;NaN;6.852862655E-5;1.717557455E-8;1.737654070E-4;6.506506172E-9;6.582636813E-5;5.775354638E-8;5.842930298E-4;4.570960656E-8;4.624444070E-4;1.018351140E-7;1.030266556E-3
3.368421053E2;NaN;6.901207216E-5;1.981226362E-8;2.018548487E-4;6.910396906E-9;7.040574207E-5;6.538748864E-8;6.661925100E-4;5.360049696E-8;5.461021726E-4;1.023845871E-7;1.043132968E-3
3.356643357E2;NaN;6.949721704E-5;2.163393231E-8;2.219641831E-4;8.286682832E-9;8.502138024E-5;7.210608349E-8;7.398085418E-4;7.359250222E-8;7.550592006E-4;1.121804245E-7;1.150971350E-3
3.344947735E2;NaN;6.998406121E-5;2.210516314E-8;2.283877920E-4;1.063880114E-8;1.099187682E-4;7.587437165E-8;7.839245565E-4;1.077301825E-7;1.113054826E-3;1.271762972E-7;1.313969660E-3
3.333333333E2;NaN;7.047260465E-5;2.116253014E-8;2.201749636E-4;1.374080493E-8;1.429593345E-4;7.616016128E-8;7.923703180E-4;1.555512623E-7;1.618355333E-3;1.410034064E-7;1.466999441E-3
3.321799308E2;NaN;7.096284738E-5;1.915691866E-8;2.006950721E-4;1.720622786E-8;1.802589029E-4;7.419611608E-8;7.773063678E-4;2.123827851E-7;2.225001793E-3;1.473929629E-7;1.544144015E-3
3.310344828E2;NaN;7.145478939E-5;1.663237297E-8;1.754549314E-4;2.065711578E-8;2.179119502E-4;7.221035712E-8;7.617471826E-4;2.692047106E-7;2.839840959E-3;1.427789549E-7;1.506175443E-3
3.298969072E2;NaN;7.194843068E-5;1.407524007E-8;1.495054956E-4;2.390170456E-8;2.538810114E-4;7.209404366E-8;7.657742017E-4;3.148558761E-7;3.344360989E-3;1.274632745E-7;1.353899466E-3
3.287671233E2;NaN;7.244377126E-5;1.176814538E-8;1.258603966E-4;2.699457743E-8;2.887071930E-4;7.436962614E-8;7.953836680E-4;3.399617035E-7;3.635892779E-3;1.049497836E-7;1.122438664E-3
3.276450512E2;NaN;7.294081111E-5;9.792591040E-9;1.054503988E-4;3.011246574E-8;3.242626500E-4;7.795054384E-8;8.394015334E-4;3.406441980E-7;3.668188161E-3;8.025211139E-8;8.641857008E-4
3.265306122E2;NaN;7.343955025E-5;8.121919876E-9;8.805798220E-5;3.328488399E-8;3.608752323E-4;8.071337792E-8;8.750957045E-4;3.198338879E-7;3.467644010E-3;5.805357936E-8;6.294178145E-4
3.254237288E2;NaN;7.393998867E-5;6.713759068E-9;7.328669755E-5;3.615005510E-8;3.946102515E-4;8.056699016E-8;8.794609072E-4;2.853059684E-7;3.114370355E-3;4.129697345E-8;4.507934783E-4
3.243243243E2;NaN;7.444212637E-5;5.549560161E-9;6.098982033E-5;3.794903264E-8;4.170609228E-4;7.651097311E-8;8.408577198E-4;2.457079606E-7;2.700337312E-3;3.066103483E-8;3.369656244E-4
3.232323232E2;NaN;7.494596335E-5;4.619992598E-9;5.111749302E-5;3.783319968E-8;4.186020388E-4;6.912634985E-8;7.648422874E-4;2.071249663E-7;2.291715581E-3;2.510391933E-8;2.777600600E-4
3.221476510E2;NaN;7.545149961E-5;3.895270880E-9;4.338959140E-5;3.532023587E-8;3.934336404E-4;6.025895810E-8;6.712271497E-4;1.720297523E-7;1.916246878E-3;2.301747333E-8;2.563926344E-4
3.210702341E2;NaN;7.595873515E-5;3.319658757E-9;3.722641268E-5;3.060155684E-8;3.431636403E-4;5.210206461E-8;5.842687761E-4;1.405474609E-7;1.576089039E-3;2.316482494E-8;2.597686679E-4
3.200000000E2;NaN;7.646766998E-5;2.843822988E-9;3.210409546E-5;2.450807623E-8;2.766732044E-4;4.624512467E-8;5.220641027E-4;1.125362403E-7;1.270428651E-3;2.495240601E-8;2.816892710E-4
3.189368771E2;NaN;7.697830409E-5;2.460170276E-9;2.795847804E-5;1.817299535E-8;2.065260670E-4;4.320568017E-8;4.910087208E-4;8.896570944E-8;1.011046210E-3;2.824419217E-8;3.209796631E-4
3.178807947E2;NaN;7.749063748E-5;2.203350807E-9;2.520652067E-5;1.260103777E-8;1.441569440E-4;4.259297321E-8;4.872672369E-4;7.200647908E-8;8.237602462E-4;3.317603580E-8;3.795366718E-4
3.168316832E2;NaN;7.800467015E-5;2.127265349E-9;2.449752959E-5;8.374045722E-9;9.643528156E-5;4.362553770E-8;5.023904993E-4;6.426950185E-8;7.401258260E-4;4.014179949E-8;4.622718653E-4
3.157894737E2;NaN;7.852040210E-5;2.312708673E-9;2.680917590E-5;5.612160710E-9;6.505679053E-5;4.562888181E-8;5.289350678E-4;6.807863462E-8;7.891750968E-4;4.970827126E-8;5.762238036E-4
3.147540984E2;NaN;7.903783333E-5;2.904469299E-9;3.389080127E-5;4.145145604E-9;4.836763328E-5;4.832700954E-8;5.639037318E-4;8.521112532E-8;9.942860528E-4;6.222981754E-8;7.261286530E-4
3.137254902E2;NaN;7.955696385E-5;4.112467787E-9;4.830151248E-5;3.730707155E-9;4.381768017E-5;5.192018802E-8;6.098099095E-4;1.165561099E-7;1.368967901E-3;7.730777893E-8;9.079907349E-4
3.127035831E2;NaN;8.007779364E-5;6.148487975E-9;7.268761964E-5;4.175977149E-9;4.936853417E-5;5.695576166E-8;6.733328189E-4;1.610802680E-7;1.904296032E-3;9.348302788E-8;1.105159317E-3
3.116883117E2;NaN;8.060032272E-5;9.171922691E-9;1.091383004E-4;5.354435014E-9;6.371335182E-5;6.401658889E-8;7.617445052E-4;2.147473092E-7;2.555315515E-3;1.084122804E-7;1.290016547E-3
3.106796117E2;NaN;8.112455108E-5;1.333146473E-8;1.596651727E-4;7.212791816E-9;8.638448016E-5;7.333907275E-8;8.783502750E-4;2.710842569E-7;3.246658604E-3;1.195603893E-7;1.431922942E-3
3.096774194E2;NaN;8.165047872E-5;1.887009731E-8;2.274641171E-4;9.817945160E-9;1.183475734E-4;8.451633403E-8;1.018777645E-3;3.239923472E-7;3.905471814E-3;1.252100008E-7;1.509307653E-3
3.086816720E2;NaN;8.217810565E-5;2.614419656E-8;3.171841274E-4;1.337021534E-8;1.622088510E-4;9.645386977E-8;1.170188437E-3;3.710454524E-7;4.501562240E-3;1.253103745E-7;1.520278571E-3
3.076923077E2;NaN;8.270743185E-5;3.542130959E-8;4.325030454E-4;1.807498876E-8;2.207001314E-4;1.077328318E-7;1.315444809E-3;4.143756740E-7;5.059630574E-3;1.216263339E-7;1.485087944E-3
3.067092652E2;NaN;8.323845734E-5;4.647206926E-8;5.710788204E-4;2.388498674E-8;2.935141531E-4;1.174009786E-7;1.442699098E-3;4.579433164E-7;5.627503426E-3;1.171199971E-7;1.439246215E-3
3.057324841E2;NaN;8.377118210E-5;5.818876397E-8;7.196375167E-4;3.026080286E-8;3.742442276E-4;1.257623107E-7;1.555339396E-3;5.029710857E-7;6.220390989E-3;1.150369024E-7;1.422695124E-3
3.047619048E2;NaN;8.430560615E-5;6.855552177E-8;8.532551459E-4;3.614013666E-8;4.498070584E-4;1.344825780E-7;1.673795906E-3;5.449683640E-7;6.782780568E-3;1.181528973E-7;1.470553575E-3
3.037974684E2;NaN;8.484172948E-5;7.516797944E-8;9.415045204E-4;4.020923643E-8;5.036343686E-4;1.457924299E-7;1.826099795E-3;5.747730858E-7;7.199228483E-3;1.282231378E-7;1.606038432E-3
3.028391167E2;NaN;8.537955210E-5;7.616131158E-8;9.599935318E-4;4.139556785E-8;5.217803706E-4;1.612489056E-7;2.032500533E-3;5.832585387E-7;7.351822243E-3;1.456037704E-7;1.835297671E-3
3.018867925E2;NaN;8.591907399E-5;7.108531207E-8;9.016738660E-4;3.935049620E-8;4.991370651E-4;1.807093552E-7;2.292188051E-3;5.666893134E-7;7.188108615E-3;1.691404365E-7;2.145443367E-3
3.009404389E2;NaN;8.646029516E-5;6.121912531E-8;7.814187976E-4;3.466314521E-8;4.424505106E-4;2.020194656E-7;2.578635469E-3;5.290834170E-7;6.753375281E-3;1.963316207E-7;2.506034156E-3
3.000000000E2;NaN;8.700321562E-5;4.912422904E-8;6.309734308E-4;2.866850311E-8;3.682309956E-4;2.218570223E-7;2.849630198E-3;4.801104980E-7;6.166752619E-3;2.237915744E-7;2.874478444E-3
2.990654206E2;NaN;8.754783536E-5;3.767307740E-8;4.869187861E-4;2.292812131E-8;2.963424750E-4;2.376909050E-7;3.072118736E-3;4.303208324E-7;5.561831202E-3;2.483531423E-7;3.209926529E-3
2.981366460E2;NaN;8.809415438E-5;2.904449132E-8;3.777381823E-4;1.865487457E-8;2.426160036E-4;2.498011887E-7;3.248789793E-3;3.870676845E-7;5.034009443E-3;2.690226106E-7;3.498774029E-3
2.972136223E2;NaN;8.864217268E-5;2.414363657E-8;3.159534470E-4;1.637483461E-8;2.142877451E-4;2.616650442E-7;3.424255183E-3;3.531162777E-7;4.621023217E-3;2.886649982E-7;3.777587561E-3
2.962962963E2;NaN;8.919189026E-5;2.264541655E-8;2.981849378E-4;1.593850754E-8;2.098712942E-4;2.779695005E-7;3.660180771E-3;3.274733067E-7;4.312025232E-3;3.134923992E-7;4.127930759E-3
2.953846154E2;NaN;8.974330713E-5;2.353962563E-8;3.118757745E-4;1.679403650E-8;2.225036721E-4;3.012644996E-7;3.991444071E-3;3.069214488E-7;4.066392818E-3;3.496043303E-7;4.631896998E-3
2.944785276E2;NaN;9.029642328E-5;2.581460701E-8;3.441248904E-4;1.832845793E-8;2.443298314E-4;3.292437264E-7;4.389025223E-3;2.873614090E-7;3.830707682E-3;3.983113960E-7;5.309740545E-3
2.935779817E2;NaN;9.085123870E-5;2.889704899E-8;3.875826855E-4;2.010741604E-8;2.696914245E-4;3.543416468E-7;4.752619795E-3;2.649757186E-7;3.553996142E-3;4.530908639E-7;6.077097141E-3
2.926829268E2;NaN;9.140775341E-5;3.266711846E-8;4.408327820E-4;2.191575339E-8;2.957463956E-4;3.663481938E-7;4.943756936E-3;2.373789863E-7;3.203356888E-3;5.002574008E-7;6.750820767E-3
2.917933131E2;NaN;9.196596740E-5;3.712728225E-8;5.040809946E-4;2.362354544E-8;3.207393475E-4;3.571212661E-7;4.848672784E-3;2.045395227E-7;2.777054494E-3;5.237546375E-7;7.111071498E-3
2.909090909E2;NaN;9.252588068E-5;4.198985204E-8;5.735715376E-4;2.503146105E-8;3.419238911E-4;3.247721649E-7;4.436311654E-3;1.688961343E-7;2.307081609E-3;5.122910409E-7;6.997775551E-3
2.900302115E2;NaN;9.308749323E-5;4.647314276E-8;6.386654141E-4;2.584829080E-8;3.552247249E-4;2.746526447E-7;3.774462726E-3;1.343225692E-7;1.845951752E-3;4.649212476E-7;6.389262776E-3
2.891566265E2;NaN;9.365080506E-5;4.947246482E-8;6.839983967E-4;2.581478643E-8;3.569111140E-4;2.166887351E-7;2.995903842E-3;1.042996570E-7;1.442030399E-3;3.914521188E-7;5.412154471E-3
2.882882883E2;NaN;9.421581618E-5;5.003777307E-8;6.959880905E-4;2.486043272E-8;3.457900710E-4;1.611473097E-7;2.241438847E-3;8.042768358E-8;1.118689072E-3;3.076402058E-7;4.279045734E-3
2.874251497E2;NaN;9.478252658E-5;4.788216490E-8;6.700112264E-4;2.317168081E-8;3.242394388E-4;1.153587595E-7;1.614205708E-3;6.232081239E-8;8.720500425E-4;2.287690419E-7;3.201146536E-3
2.865671642E2;NaN;9.535093626E-5;4.359646910E-8;6.137002484E-4;2.114231714E-8;2.976168838E-4;8.250761960E-8;1.161446046E-3;4.881083599E-8;6.871020243E-4;1.652631241E-7;2.326381526E-3
2.857142857E2;NaN;9.592104522E-5;3.841031070E-8;5.439284099E-4;1.925999018E-8;2.727407209E-4;6.222391805E-8;8.811529035E-4;3.930968513E-8;5.566644511E-4;1.214035247E-7;1.719195314E-3
2.848664688E2;NaN;9.649285347E-5;3.363149200E-8;4.790946313E-4;1.800636993E-8;2.565082502E-4;5.208171959E-8;7.419258188E-4;3.430480580E-8;4.886862672E-4;9.640884726E-8;1.373384241E-3
2.840236686E2;NaN;9.706636099E-5;3.009048601E-8;4.311992243E-4;1.782817535E-8;2.554792694E-4;4.896377059E-8;7.016549979E-4;3.498712906E-8;5.013685357E-4;8.674903676E-8;1.243121077E-3
2.831858407E2;NaN;9.764156780E-5;2.788361021E-8;4.019423501E-4;1.916063168E-8;2.762005806E-4;4.966744427E-8;7.159564032E-4;4.254540490E-8;6.132921779E-4;8.833522479E-8;1.273352610E-3
2.823529412E2;NaN;9.821847388E-5;2.649856576E-8;3.842338040E-4;2.240508042E-8;3.248775559E-4;5.110969699E-8;7.410994796E-4;5.743641275E-8;8.328379565E-4;9.744207528E-8;1.412927009E-3
2.815249267E2;NaN;9.879707925E-5;2.519405273E-8;3.674702290E-4;2.775301248E-8;4.047941774E-4;5.084513201E-8;7.416064618E-4;7.867008315E-8;1.147449907E-3;1.105082132E-7;1.611827951E-3
2.807017544E2;NaN;9.937738391E-5;2.340633919E-8;3.434006195E-4;3.490729966E-8;5.121342655E-4;4.786454887E-8;7.022335106E-4;1.033562670E-7;1.516367247E-3;1.241423758E-7;1.821325771E-3
2.798833819E2;NaN;9.995938784E-5;2.099059958E-8;3.097622228E-4;4.290312596E-8;6.331294927E-4;4.279691606E-8;6.315621333E-4;1.270122110E-7;1.874343068E-3;1.356775305E-7;2.002218816E-3
2.790697674E2;NaN;1.005430911E-4;1.821966198E-8;2.704410221E-4;5.021618985E-8;7.453770395E-4;3.714760846E-8;5.513953668E-4;1.448629465E-7;2.150253027E-3;1.433708164E-7;2.128104801E-3
2.782608696E2;NaN;1.011284935E-4;1.558951460E-8;2.327481037E-4;5.517388136E-8;8.237341950E-4;3.226200018E-8;4.816647314E-4;1.536644460E-7;2.294177165E-3;1.458696181E-7;2.177802060E-3
2.774566474E2;NaN;1.017155953E-4;1.357501693E-8;2.038486997E-4;5.650257844E-8;8.484687130E-4;2.878990740E-8;4.323224948E-4;1.530097872E-7;2.297665360E-3;1.420584653E-7;2.133215272E-3
2.766570605E2;NaN;1.023043964E-4;1.247451462E-8;1.884074076E-4;5.377726050E-8;8.122187153E-4;2.665130424E-8;4.025249314E-4;1.452295331E-7;2.193457675E-3;1.318201770E-7;1.990930995E-3
2.758620690E2;NaN;1.028948967E-4;1.241379230E-8;1.885724878E-4;4.757691525E-8;7.227201046E-4;2.524077078E-8;3.834215061E-4;1.339015847E-7;2.034040391E-3;1.166059373E-7;1.771309778E-3
2.750716332E2;NaN;1.034870963E-4;1.345676664E-8;2.055923464E-4;3.926743283E-8;5.999274468E-4;2.383529402E-8;3.641553841E-4;1.219586117E-7;1.863282452E-3;9.889939830E-8;1.510984020E-3
2.742857143E2;NaN;1.040809953E-4;1.571118007E-8;2.414127831E-4;3.051255865E-8;4.688458584E-4;2.204023527E-8;3.386629467E-4;1.105955793E-7;1.699374999E-3;8.123363253E-8;1.248209061E-3
2.735042735E2;NaN;1.046765934E-4;1.931008901E-8;2.984103462E-4;2.274145154E-8;3.514372423E-4;1.990930074E-8;3.076703232E-4;9.947325881E-8;1.537219719E-3;6.559250243E-8;1.013640142E-3
2.727272727E2;NaN;1.052738909E-4;2.424781332E-8;3.768541263E-4;1.679076715E-8;2.609583717E-4;1.772772513E-8;2.755203644E-4;8.781634795E-8;1.364822165E-3;5.308274011E-8;8.250001507E-4
2.719546742E2;NaN;1.058728876E-4;3.017609068E-8;4.716585970E-4;1.283050753E-8;2.005435112E-4;1.582948868E-8;2.474182127E-4;7.558744350E-8;1.181447522E-3;4.377639606E-8;6.842342094E-4
2.711864407E2;NaN;1.064735837E-4;3.632990387E-8;5.710657853E-4;1.054215909E-8;1.657110457E-4;1.456067558E-8;2.288776668E-4;6.404517404E-8;1.006719086E-3;3.709966919E-8;5.831656422E-4
2.704225352E2;NaN;1.070759790E-4;4.168542754E-8;6.589558749E-4;9.425558235E-9;1.489975596E-4;1.419076340E-8;2.243250810E-4;5.537329687E-8;8.753312952E-4;3.258910182E-8;5.151627647E-4
2.696629213E2;NaN;1.076800736E-4;4.528530577E-8;7.199008204E-4;9.089741100E-9;1.444996774E-4;1.475606660E-8;2.345772933E-4;5.161073114E-8;8.204561513E-4;3.020086160E-8;4.801033065E-4
2.689075630E2;NaN;1.082858675E-4;4.654749535E-8;7.441288070E-4;9.420907741E-9;1.506067896E-4;1.600748286E-8;2.559026868E-4;5.363296901E-8;8.574003165E-4;3.005492769E-8;4.804713406E-4
2.681564246E2;NaN;1.088933606E-4;4.539856958E-8;7.298331582E-4;1.059772734E-8;1.703704078E-4;1.748314113E-8;2.810611925E-4;6.096949328E-8;9.801533009E-4;3.229136460E-8;5.191200697E-4
2.674094708E2;NaN;1.095025531E-4;4.220339587E-8;6.822627537E-4;1.297389126E-8;2.097367426E-4;1.861328860E-8;3.009035949E-4;7.251570018E-8;1.172293373E-3;3.724739605E-8;6.021437487E-4
2.666666667E2;NaN;1.101134448E-4;3.758347606E-8;6.109663826E-4;1.686963228E-8;2.742369598E-4;1.889382743E-8;3.071427822E-4;8.741710016E-8;1.421074234E-3;4.544576083E-8;7.387776494E-4
2.659279778E2;NaN;1.107260358E-4;3.224239646E-8;5.270563931E-4;2.231450443E-8;3.647682403E-4;1.811776504E-8;2.961654512E-4;1.053572674E-7;1.722242372E-3;5.709768815E-8;9.333580900E-4
2.651933702E2;NaN;1.113403261E-4;2.688443068E-8;4.419095155E-4;2.884116940E-8;4.740731669E-4;1.650358811E-8;2.712756953E-4;1.261110130E-7;2.072934232E-3;7.148008728E-8;1.174945124E-3
2.644628099E2;NaN;1.119563156E-4;2.223479299E-8;3.675036938E-4;3.545425480E-8;5.859991413E-4;1.460939895E-8;2.414687684E-4;1.488998579E-7;2.461063964E-3;8.666250335E-8;1.432385276E-3
2.637362637E2;NaN;1.125740045E-4;1.910366392E-8;3.174934752E-4;4.086293916E-8;6.791219011E-4;1.316518427E-8;2.187988714E-4;1.722384700E-7;2.862518448E-3;9.980450016E-8;1.658701583E-3
2.630136986E2;NaN;1.131933926E-4;1.837256488E-8;3.070229827E-4;4.392502116E-8;7.340287600E-4;1.293902827E-8;2.162234331E-4;1.945559838E-7;3.251214997E-3;1.080674831E-7;1.805910129E-3
2.622950820E2;NaN;1.138144800E-4;2.079518287E-8;3.494139845E-4;4.410013762E-8;7.409987639E-4;1.455273470E-8;2.445243712E-4;2.150875346E-7;3.614038546E-3;1.099052271E-7;1.846698033E-3
2.615803815E2;NaN;1.144372667E-4;2.664510350E-8;4.501579331E-4;4.166007021E-8;7.038295458E-4;1.823327882E-8;3.080436564E-4;2.341150586E-7;3.955276469E-3;1.059591097E-7;1.790135055E-3
2.608695652E2;NaN;1.150617527E-4;3.536760443E-8;6.007816369E-4;3.752661811E-8;6.374563227E-4;2.368873896E-8;4.023953446E-4;2.520651801E-7;4.281775199E-3;9.879890273E-8;1.678275005E-3
2.601626016E2;NaN;1.156879379E-4;4.547527454E-8;7.766823393E-4;3.282596049E-8;5.606418880E-4;3.025636935E-8;5.167552690E-4;2.680843200E-7;4.578671793E-3;9.171102007E-8;1.566352932E-3
2.594594595E2;NaN;1.163158224E-4;5.486415064E-8;9.421227180E-4;2.841932660E-8;4.880143574E-4;3.715980106E-8;6.381050717E-4;2.794789245E-7;4.799189287E-3;8.750479627E-8;1.502625221E-3
2.587601078E2;NaN;1.169454063E-4;6.151840048E-8;1.062106880E-3;2.466635469E-8;4.258612842E-4;4.368770434E-8;7.542623184E-4;2.828664701E-7;4.883651423E-3;8.786199084E-8;1.516925412E-3
2.580645161E2;NaN;1.175766894E-4;6.432293087E-8;1.116521454E-3;2.150395914E-8;3.732670667E-4;4.931261620E-8;8.559714740E-4;2.763812061E-7;4.797442250E-3;9.308511267E-8;1.615777204E-3
2.573726542E2;NaN;1.182096717E-4;6.354629242E-8;1.108978812E-3;1.872114714E-8;3.267123024E-4;5.380562859E-8;9.389895112E-4;2.611930746E-7;4.558213776E-3;1.021230782E-7;1.782202007E-3
2.566844920E2;NaN;1.188443534E-4;6.068192138E-8;1.064677058E-3;1.621685999E-8;2.845282151E-4;5.720059975E-8;1.003596539E-3;2.410222549E-7;4.228786093E-3;1.128988051E-7;1.980833252E-3
2.560000000E2;NaN;1.194807343E-4;5.770281019E-8;1.017829110E-3;1.409161426E-8;2.485642408E-4;5.959936892E-8;1.051282814E-3;2.199176105E-7;3.879161953E-3;1.227048652E-7;2.164410769E-3
2.553191489E2;NaN;1.201188146E-4;5.615402756E-8;9.957996485E-4;1.257182791E-8;2.229407642E-4;6.104401272E-8;1.082515521E-3;1.999544773E-7;3.545864952E-3;1.285707199E-7;2.279991004E-3
2.546419098E2;NaN;1.207585941E-4;5.657685914E-8;1.008641661E-3;1.186543964E-8;2.115348383E-4;6.154650887E-8;1.097239647E-3;1.805180700E-7;3.218242383E-3;1.280011631E-7;2.281980791E-3
2.539682540E2;NaN;1.214000729E-4;5.849458047E-8;1.048370033E-3;1.204160206E-8;2.158158010E-4;6.109119635E-8;1.094907921E-3;1.595585070E-7;2.859689834E-3;1.201084786E-7;2.152646084E-3
2.532981530E2;NaN;1.220432509E-4;6.084391625E-8;1.096253386E-3;1.297280625E-8;2.337371368E-4;5.955115802E-8;1.072961155E-3;1.357426998E-7;2.445739911E-3;1.062568916E-7;1.914480271E-3
2.526315789E2;NaN;1.226881283E-4;6.254004804E-8;1.132767478E-3;1.433492577E-8;2.596438318E-4;5.672269767E-8;1.027399709E-3;1.099336075E-7;1.991191551E-3;8.949713982E-8;1.621032483E-3
2.519685039E2;NaN;1.233347049E-4;6.288271165E-8;1.144976520E-3;1.566027480E-8;2.851443024E-4;5.255417428E-8;9.569131799E-4;8.506471324E-8;1.548869264E-3;7.320491119E-8;1.332924459E-3
2.513089005E2;NaN;1.239829808E-4;6.169489224E-8;1.129253132E-3;1.645068508E-8;3.011106265E-4;4.732665968E-8;8.662593732E-4;6.466080742E-8;1.183540754E-3;5.983056514E-8;1.095128796E-3
2.506527415E2;NaN;1.246329560E-4;5.927982798E-8;1.090736511E-3;1.633817373E-8;3.006190000E-4;4.158156954E-8;7.650922347E-4;5.116211038E-8;9.413721944E-4;5.026777415E-8;9.249165936E-4
2.500000000E2;NaN;1.252846305E-4;5.636512404E-8;1.042529334E-3;1.523306075E-8;2.817506915E-4;3.588601650E-8;6.637477611E-4;4.517931973E-8;8.356366976E-4;4.391179360E-8;8.121925345E-4
2.493506494E2;NaN;1.259380043E-4;5.405351765E-8;1.004987798E-3;1.337786123E-8;2.487273333E-4;3.063219158E-8;5.695277588E-4;4.595020198E-8;8.543272357E-4;3.930796969E-8;7.308318057E-4
2.487046632E2;NaN;1.265930773E-4;5.361251560E-8;1.001973333E-3;1.125586503E-8;2.103627571E-4;2.595588894E-8;4.850939795E-4;5.229119850E-8;9.772790148E-4;3.504279218E-8;6.549206443E-4
2.480620155E2;NaN;1.272498496E-4;5.599976178E-8;1.052018744E-3;9.388445991E-9;1.763725566E-4;2.180341325E-8;4.096017319E-4;6.320063583E-8;1.187295292E-3;3.036388283E-8;5.704198169E-4
2.474226804E2;NaN;1.279083212E-4;6.127509581E-8;1.157078485E-3;8.124087890E-9;1.534099161E-4;1.811632001E-8;3.420966353E-4;7.783162587E-8;1.469721076E-3;2.527666095E-8;4.773077899E-4
2.467866324E2;NaN;1.285684921E-4;6.826510666E-8;1.295726508E-3;7.531682352E-9;1.429573753E-4;1.502268052E-8;2.851425322E-4;9.511213948E-8;1.805304736E-3;2.029380191E-8;3.851926463E-4
2.461538462E2;NaN;1.292303623E-4;7.477259160E-8;1.426550057E-3;7.444603347E-9;1.420319813E-4;1.287534369E-8;2.456424458E-4;1.135083092E-7;2.165570051E-3;1.616269774E-8;3.083602814E-4
2.455242967E2;NaN;1.298939317E-4;7.832486077E-8;1.501995095E-3;7.610710233E-9;1.459466295E-4;1.210979489E-8;2.322232348E-4;1.312799436E-7;2.517487160E-3;1.368293662E-8;2.623905550E-4
2.448979592E2;NaN;1.305592004E-4;7.714920794E-8;1.487027410E-3;7.850212115E-9;1.513104398E-4;1.306969512E-8;2.519143799E-4;1.472340470E-7;2.837891267E-3;1.358745093E-8;2.618939650E-4
2.442748092E2;NaN;1.312261685E-4;7.089470467E-8;1.373454468E-3;8.130636945E-9;1.575161317E-4;1.591486104E-8;3.083211517E-4;1.614279317E-7;3.127369174E-3;1.645016002E-8;3.186915847E-4
2.436548223E2;NaN;1.318948357E-4;6.071690188E-8;1.182272029E-3;8.535973775E-9;1.662114292E-4;2.055804506E-8;4.003037193E-4;1.750399123E-7;3.408355596E-3;2.261804955E-8;4.404158728E-4
2.430379747E2;NaN;1.325652023E-4;4.868939705E-8;9.528926032E-4;9.156351005E-9;1.791975188E-4;2.655419608E-8;5.196880339E-4;1.891409442E-7;3.701647948E-3;3.203882787E-8;6.270269080E-4
2.424242424E2;NaN;1.332372682E-4;3.690570715E-8;7.259375663E-4;9.969720848E-9;1.961050322E-4;3.305604525E-8;6.502144761E-4;2.031348995E-7;3.995676169E-3;4.399187406E-8;8.653229122E-4
2.418136020E2;NaN;1.339110333E-4;2.678318066E-8;5.294909387E-4;1.079125928E-8;2.133381422E-4;3.899567762E-8;7.709262843E-4;2.141997836E-7;4.234629409E-3;5.702523754E-8;1.127362240E-3
2.412060302E2;NaN;1.345864977E-4;1.885601276E-8;3.746548642E-4;1.132774261E-8;2.250737695E-4;4.353588205E-8;8.650254000E-4;2.184529288E-7;4.340496235E-3;6.935075541E-8;1.377947617E-3
2.406015038E2;NaN;1.352636614E-4;1.299337031E-8;2.594675048E-4;1.130933573E-8;2.258386433E-4;4.639455217E-8;9.264631423E-4;2.133164293E-7;4.259763272E-3;7.955064008E-8;1.588564444E-3
2.400000000E2;NaN;1.359425244E-4;8.779452720E-9;1.761987386E-4;1.062402937E-8;2.132183673E-4;4.797113360E-8;9.627540007E-4;1.996212367E-7;4.006287319E-3;8.709863428E-8;1.748021202E-3
2.394014963E2;NaN;1.366230867E-4;5.812866108E-9;1.172450275E-4;9.381007770E-9;1.892141490E-4;4.907101152E-8;9.897582344E-4;1.819985047E-7;3.670894752E-3;9.230185435E-8;1.861720750E-3
2.388059701E2;NaN;1.373053482E-4;3.819179790E-9;7.741722102E-5;7.876867200E-9;1.596691443E-4;5.044979193E-8;1.022649602E-3;1.670539290E-7;3.386290161E-3;9.564438178E-8;1.938772891E-3
2.382133995E2;NaN;1.379893090E-4;2.607435588E-9;5.311767397E-5;6.490201769E-9;1.322158918E-4;5.249533648E-8;1.069414785E-3;1.601893079E-7;3.263314910E-3;9.702523199E-8;1.976560673E-3
2.376237624E2;NaN;1.386749691E-4;2.011066643E-9;4.117224617E-5;5.557862499E-9;1.137852312E-4;5.519190515E-8;1.129935059E-3;1.628591744E-7;3.334189865E-3;9.558599992E-8;1.956916909E-3
2.370370370E2;NaN;1.393623285E-4;1.906229200E-9;3.921936270E-5;5.281329940E-9;1.086597532E-4;5.826734826E-8;1.198810859E-3;1.718088916E-7;3.534850498E-3;9.036809892E-8;1.859261860E-3
2.364532020E2;NaN;1.400513872E-4;2.296332771E-9;4.747907605E-5;5.686343798E-9;1.175710912E-4;NaN;1.204738222E-3;1.806403413E-7;3.734927538E-3;8.130239920E-8;1.681011935E-3
2.358722359E2;NaN;1.407421452E-4;3.359901353E-9;6.981210176E-5;6.633184182E-9;1.378244420E-4;NaN;1.210680201E-3;1.827625620E-7;3.797444401E-3;6.982629480E-8;1.450852238E-3
2.352941176E2;NaN;1.414346024E-4;5.423434036E-9;1.132426585E-4;7.857717018E-9;1.640710958E-4;NaN;1.216636799E-3;1.741806871E-7;3.636936293E-3;5.883067546E-8;1.228399211E-3
2.347188264E2;NaN;1.421287589E-4;8.885162118E-9;1.864349542E-4;9.032203820E-9;1.895202905E-4;NaN;1.222608013E-3;1.548734285E-7;3.249667273E-3;5.197848595E-8;1.090650516E-3
2.341463415E2;NaN;1.428246147E-4;1.412664659E-8;2.978668425E-4;9.846482054E-9;2.076176042E-4;NaN;1.228593845E-3;1.284302698E-7;2.708011325E-3;5.255539308E-8;1.108154642E-3
2.335766423E2;NaN;1.435221698E-4;2.141381635E-8;4.537253930E-4;1.009406798E-8;2.138775680E-4;NaN;1.234594295E-3;1.004299541E-7;2.127954197E-3;6.221187695E-8;1.318172710E-3
2.330097087E2;NaN;1.442214241E-4;3.076366561E-8;6.550099273E-4;9.728988349E-9;2.071464445E-4;NaN;1.240609361E-3;7.641084081E-8;1.626914683E-3;8.011372296E-8;1.705755241E-3
2.324455206E2;NaN;1.449223778E-4;4.180165798E-8;8.943530220E-4;8.861108002E-9;1.895847941E-4;NaN;1.246639046E-3;6.020271274E-8;1.288046472E-3;1.028467566E-7;2.200422472E-3
2.318840580E2;NaN;1.456250307E-4;5.365807621E-8;1.153589112E-3;7.702866827E-9;1.656030914E-4;NaN;1.252683347E-3;5.309305619E-8;1.141441808E-3;1.251890036E-7;2.691424697E-3
2.313253012E2;NaN;1.463293829E-4;6.497560631E-8;1.403659929E-3;6.493514687E-9;1.402785889E-4;NaN;1.258742266E-3;5.387523639E-8;1.163860021E-3;1.416544809E-7;3.060144107E-3
2.307692308E2;NaN;1.470354344E-4;7.408643390E-8;1.608202452E-3;5.424396318E-9;1.177479736E-4;NaN;1.264815803E-3;5.950438152E-8;1.291668221E-3;1.483996063E-7;3.221326743E-3
2.302158273E2;NaN;1.477431852E-4;7.937299766E-8;1.731251890E-3;4.594765309E-9;1.002191722E-4;NaN;1.270903957E-3;6.610236153E-8;1.441798114E-3;1.446606889E-7;3.155280744E-3
2.296650718E2;NaN;1.484526352E-4;7.973567412E-8;1.747513751E-3;4.024340857E-9;8.819880265E-5;NaN;1.277006728E-3;7.013893082E-8;1.537188309E-3;1.328683963E-7;2.911988292E-3
2.291169451E2;NaN;1.491637845E-4;7.498872195E-8;1.651350894E-3;3.710155114E-9;8.170252545E-5;NaN;1.283124117E-3;6.951285528E-8;1.530765063E-3;1.172872829E-7;2.582821181E-3
2.285714286E2;NaN;1.498766332E-4;6.598868459E-8;1.460102754E-3;3.673300171E-9;8.127750582E-5;NaN;1.289256123E-3;6.409604447E-8;1.418225134E-3;1.019704058E-7;2.256254558E-3
2.280285036E2;NaN;1.505911811E-4;5.442389132E-8;1.209954810E-3;3.955695121E-9;8.794322167E-5;NaN;1.295402747E-3;5.547178637E-8;1.233251668E-3;8.921612893E-8;1.983457664E-3
2.274881517E2;NaN;1.513074282E-4;4.235850480E-8;9.461955291E-4;4.574020706E-9;1.021735295E-4;NaN;1.301563988E-3;4.599230094E-8;1.027366516E-3;7.925579860E-8;1.770399655E-3
2.269503546E2;NaN;1.520253747E-4;3.170915534E-8;7.116734699E-4;5.462246455E-9;1.225934859E-4;NaN;1.307739846E-3;3.763419702E-8;8.446538325E-4;7.103952498E-8;1.594395836E-3
2.264150943E2;NaN;1.527450204E-4;2.383195905E-8;5.374113385E-4;6.442670011E-9;1.452823877E-4;NaN;1.313930322E-3;3.132411133E-8;7.063595806E-4;6.339489351E-8;1.429556610E-3
2.258823529E2;NaN;1.534663654E-4;1.933167249E-8;4.379884489E-4;7.261587991E-9;1.645223228E-4;NaN;1.320135415E-3;2.716777054E-8;6.155271710E-4;5.583304545E-8;1.264982582E-3
2.253521127E2;NaN;1.541894097E-4;1.811353145E-8;4.123231278E-4;7.694871598E-9;1.751604061E-4;NaN;1.326355126E-3;2.532668558E-8;5.765180713E-4;4.866891340E-8;1.107863404E-3
2.248243560E2;NaN;1.549141533E-4;1.959428259E-8;4.481263540E-4;7.675028288E-9;1.755298990E-4;NaN;1.332589454E-3;2.683895658E-8;6.138139380E-4;4.257933392E-8;9.738004736E-4
2.242990654E2;NaN;1.556405962E-4;2.298723420E-8;5.281893336E-4;7.365788653E-9;1.692474599E-4;NaN;1.338838399E-3;3.406244756E-8;7.826701254E-4;3.804434436E-8;8.741641868E-4
2.237762238E2;NaN;1.563687383E-4;2.763206868E-8;6.378864134E-4;7.147317755E-9;1.649958583E-4;NaN;1.345101962E-3;5.096379901E-8;1.176499499E-3;3.506140486E-8;8.093926682E-4
2.232558140E2;NaN;1.570985798E-4;3.328524498E-8;7.719764232E-4;7.528234127E-9;1.746004651E-4;NaN;1.351380143E-3;8.292547537E-8;1.923269963E-3;3.318692544E-8;7.696961225E-4
2.227378190E2;NaN;1.578301205E-4;4.020748882E-8;9.368646625E-4;8.994238879E-9;2.095725155E-4;NaN;1.357672940E-3;1.351361388E-7;3.148773444E-3;3.173947012E-8;7.395534723E-4
2.222222222E2;NaN;1.585633605E-4;4.885613004E-8;1.143673148E-3;1.180871100E-8;2.764301158E-4;NaN;1.363980355E-3;2.094536848E-7;4.903101308E-3;3.004225178E-8;7.032590719E-4
2.217090069E2;NaN;1.592982997E-4;5.927484521E-8;1.393996198E-3;1.583280733E-8;3.723480532E-4;NaN;1.370302388E-3;3.016788439E-7;7.094732342E-3;2.766516383E-8;6.506155023E-4
2.211981567E2;NaN;1.600349383E-4;7.055349994E-8;1.666914751E-3;2.048743884E-8;4.840413875E-4;NaN;1.376639038E-3;4.017483440E-7;9.491807509E-3;2.461039385E-8;5.814513605E-4
2.206896552E2;NaN;1.607732761E-4;8.078469836E-8;1.917445327E-3;2.492016448E-8;5.914864312E-4;NaN;1.382990305E-3;4.974193700E-7;1.180637504E-2;2.136178991E-8;5.070275075E-4
2.201834862E2;NaN;1.615133132E-4;8.765392520E-8;2.090064628E-3;2.831851703E-8;6.752410759E-4;NaN;1.389356190E-3;5.793914802E-7;1.381530417E-2;1.874470861E-8;4.469583345E-4
2.196796339E2;NaN;1.622550496E-4;8.939413788E-8;2.141348149E-3;3.021357929E-8;7.237364062E-4;NaN;1.395736693E-3;6.445087976E-7;1.543857073E-2;1.761340578E-8;4.219117133E-4
2.191780822E2;NaN;1.629984853E-4;8.559023602E-8;2.059623379E-3;3.061612775E-8;7.367393224E-4;NaN;1.402131812E-3;6.946880548E-7;1.671681053E-2;1.847935912E-8;4.446829667E-4
2.186788155E2;NaN;1.637436203E-4;7.735857316E-8;1.870048453E-3;2.990653953E-8;7.229538461E-4;NaN;1.408541549E-3;7.320228591E-7;1.769575316E-2;2.127578941E-8;5.143160666E-4
2.181818182E2;NaN;1.644904545E-4;6.678473424E-8;1.621802341E-3;2.854044562E-8;6.930769742E-4;NaN;1.414965904E-3;7.537094424E-7;1.830310104E-2;2.541758189E-8;6.172412646E-4
2.176870748E2;NaN;1.652389881E-4;5.598395829E-8;1.365702639E-3;2.676822334E-8;6.529983654E-4;NaN;1.421404876E-3;7.513059674E-7;1.832775983E-2;3.012562240E-8;7.349005547E-4
2.171945701E2;NaN;1.659892209E-4;4.637256931E-8;1.136373417E-3;2.456661555E-8;6.020121221E-4;NaN;1.427858465E-3;7.157341252E-7;1.753927474E-2;3.481279484E-8;8.530977517E-4
2.167042889E2;NaN;1.667411530E-4;3.849425084E-8;9.475861240E-4;2.181031360E-8;5.368892776E-4;NaN;1.434326672E-3;6.444575356E-7;1.586416166E-2;3.929063181E-8;9.671900788E-4
2.162162162E2;NaN;1.674947843E-4;3.228715269E-8;7.983825860E-4;1.851668045E-8;4.578723732E-4;NaN;1.440809496E-3;5.452066798E-7;1.348163225E-2;4.365546849E-8;1.079493325E-3
2.157303371E2;NaN;1.682501150E-4;2.744643835E-8;6.817440953E-4;1.496722401E-8;3.717719751E-4;NaN;1.447306937E-3;4.335370773E-7;1.076865926E-2;4.790482612E-8;1.189911490E-3
2.152466368E2;NaN;1.690071449E-4;2.364336818E-8;5.899217798E-4;1.162898025E-8;2.901527682E-4;NaN;1.453818996E-3;3.262836571E-7;8.141049715E-3;5.157008826E-8;1.286716767E-3
2.147651007E2;NaN;1.697658741E-4;2.058033300E-8;5.158017507E-4;8.941735493E-9;2.241053545E-4;NaN;1.460345673E-3;2.353079112E-7;5.897486330E-3;5.370362032E-8;1.345965655E-3
2.142857143E2;NaN;1.705263026E-4;1.797871277E-8;4.526160916E-4;7.117045974E-9;1.791724232E-4;NaN;1.466886967E-3;1.648241250E-7;4.149465661E-3;5.330328777E-8;1.341916192E-3
2.138084633E2;NaN;1.712884304E-4;1.561667395E-8;3.949086014E-4;6.076417669E-9;1.536581740E-4;NaN;1.473442878E-3;1.129734322E-7;2.856829837E-3;4.989853306E-8;1.261815414E-3
2.133333333E2;NaN;1.720522575E-4;1.342463869E-8;3.409910667E-4;5.560460517E-9;1.412378692E-4;NaN;1.480013407E-3;7.567671967E-8;1.922218241E-3;4.388073030E-8;1.114587691E-3
2.128603104E2;NaN;1.728177838E-4;1.154334995E-8;2.945101817E-4;5.306423176E-9;1.353849325E-4;NaN;1.486598553E-3;4.977949091E-8;1.270044396E-3;3.639253001E-8;9.284974183E-4
2.123893805E2;NaN;1.735850094E-4;1.022943000E-8;2.621462639E-4;5.169827545E-9;1.324854831E-4;NaN;1.493198316E-3;3.376157923E-8;8.651969715E-4;2.889871275E-8;7.405778793E-4
2.119205298E2;NaN;1.743539343E-4;9.644261954E-9;2.482451487E-4;5.154665019E-9;1.326820642E-4;NaN;1.499812697E-3;2.682107290E-8;6.903795501E-4;2.268962008E-8;5.840351638E-4
2.114537445E2;NaN;1.751245585E-4;9.689160769E-9;2.505031756E-4;5.401902371E-9;1.396605682E-4;NaN;1.506441695E-3;2.809819598E-8;7.264496368E-4;1.853108407E-8;4.791019075E-4
2.109890110E2;NaN;1.758968820E-4;1.002006922E-8;2.602009532E-4;6.141699964E-9;1.594875394E-4;NaN;1.513085311E-3;3.651756790E-8;9.482874583E-4;1.660099246E-8;4.310942334E-4
2.105263158E2;NaN;1.766709047E-4;1.022743069E-8;2.667544042E-4;7.589205946E-9;1.979435668E-4;NaN;1.519743544E-3;5.062767611E-8;1.320483705E-3;1.670104169E-8;4.356007446E-4
2.100656455E2;NaN;1.774466268E-4;1.004960114E-8;2.632671024E-4;9.798703225E-9;2.566943871E-4;NaN;1.526416395E-3;6.815257384E-8;1.785377388E-3;1.856492439E-8;4.863410779E-4
2.096069869E2;NaN;1.782240481E-4;9.498536733E-9;2.499211615E-4;1.256137170E-8;3.305090767E-4;NaN;1.533103863E-3;8.588780709E-8;2.259840764E-3;2.203516173E-8;5.797791143E-4
2.091503268E2;NaN;1.790031687E-4;8.842483897E-9;2.336764879E-4;1.541300246E-8;4.073127331E-4;NaN;1.539805948E-3;1.004524469E-7;2.654613258E-3;2.701080638E-8;7.138028685E-4
2.086956522E2;NaN;1.797839885E-4;8.461184488E-9;2.245754072E-4;1.776365076E-8;4.714799812E-4;NaN;1.546522651E-3;1.095852417E-7;2.908593982E-3;3.325177500E-8;8.825633009E-4
2.082429501E2;NaN;1.805665077E-4;8.645869488E-9;2.304760988E-4;1.910757416E-8;5.093575791E-4;NaN;1.553253971E-3;1.130900125E-7;3.014681743E-3;4.018475291E-8;1.071219626E-3
2.077922078E2;NaN;1.813507261E-4;9.439039049E-9;2.527127198E-4;1.921690439E-8;5.144968836E-4;NaN;1.559999909E-3;1.127407311E-7;3.018423449E-3;4.686194325E-8;1.254641397E-3
2.073434125E2;NaN;1.821366438E-4;1.059331545E-8;2.848454293E-4;1.820733375E-8;4.895800396E-4;NaN;1.566760464E-3;1.111604640E-7;2.989012290E-3;5.217440954E-8;1.402926417E-3
2.068965517E2;NaN;1.829242608E-4;1.167872652E-8;3.153892002E-4;1.643256432E-8;4.437687028E-4;NaN;1.573535636E-3;1.103659250E-7;2.980480857E-3;5.530010667E-8;1.493403959E-3
2.064516129E2;NaN;1.837135771E-4;1.228098153E-8;3.330844451E-4;1.429431432E-8;3.876900022E-4;NaN;1.580325426E-3;1.108473635E-7;3.006399161E-3;5.611380453E-8;1.521917072E-3
2.060085837E2;NaN;1.845045927E-4;1.218540131E-8;3.319151211E-4;1.210836613E-8;3.298167789E-4;NaN;1.587129834E-3;1.116320091E-7;3.040716582E-3;5.522497903E-8;1.504259494E-3
2.055674518E2;NaN;1.852973075E-4;1.144596268E-8;3.131132563E-4;1.009417712E-8;2.761341055E-4;NaN;1.593948858E-3;1.110900203E-7;3.038954342E-3;5.359104052E-8;1.466024805E-3
2.051282051E2;NaN;1.860917217E-4;1.031538843E-8;2.833953111E-4;8.440579949E-9;2.318885805E-4;NaN;1.600782501E-3;1.078525526E-7;2.963039919E-3;5.204390175E-8;1.429805365E-3
2.046908316E2;NaN;1.868878351E-4;9.099725823E-9;2.510668424E-4;7.361404164E-9;2.031055149E-4;NaN;1.607630760E-3;1.013515659E-7;2.796349925E-3;5.110228389E-8;1.409942377E-3
2.042553191E2;NaN;1.876856478E-4;8.041677079E-9;2.228218181E-4;7.083049154E-9;1.962597944E-4;NaN;1.614493637E-3;9.188192901E-8;2.545899104E-3;5.111849125E-8;1.416410414E-3
2.038216561E2;NaN;1.884851597E-4;7.286111205E-9;2.027463188E-4;7.757516847E-9;2.158638456E-4;NaN;1.621371131E-3;8.041026091E-8;2.237528901E-3;5.246866898E-8;1.460014703E-3
2.033898305E2;NaN;1.892863710E-4;6.929186845E-9;1.936340091E-4;9.343991311E-9;2.611149821E-4;NaN;1.628263243E-3;6.842040026E-8;1.911987179E-3;5.554444852E-8;1.552172642E-3
2.029598309E2;NaN;1.900892815E-4;7.105889021E-9;1.994141951E-4;1.153607144E-8;3.237394214E-4;NaN;1.635169972E-3;5.792247022E-8;1.625491581E-3;6.059133882E-8;1.700388653E-3
2.025316456E2;NaN;1.908938913E-4;8.050092034E-9;2.268678195E-4;1.380683550E-8;3.891044537E-4;NaN;1.642091319E-3;5.146819091E-8;1.450477360E-3;6.764653959E-8;1.906415836E-3
2.021052632E2;NaN;1.917002004E-4;1.005483215E-8;2.845623327E-4;1.556500085E-8;4.405059065E-4;NaN;1.649027283E-3;5.195643281E-8;1.470421734E-3;7.672646724E-8;2.171439779E-3
2.016806723E2;NaN;1.925082088E-4;1.331743112E-8;3.784859240E-4;1.635061936E-8;4.646901661E-4;NaN;1.655977865E-3;6.211683513E-8;1.765381591E-3;8.810541618E-8;2.503985908E-3
2.012578616E2;NaN;1.933179165E-4;1.773942965E-8;5.062811740E-4;1.598020525E-8;4.560731228E-4;NaN;1.662943064E-3;8.368078512E-8;2.388239474E-3;1.022417786E-7;2.917967980E-3
2.008368201E2;NaN;1.941293234E-4;2.280125615E-8;6.534764405E-4;1.459512131E-8;4.182913372E-4;NaN;1.669922880E-3;1.163568134E-7;3.334747688E-3;1.191144038E-7;3.413779315E-3
2.004175365E2;NaN;1.949424296E-4;2.760999979E-8;7.946077529E-4;1.260868672E-8;3.628743318E-4;NaN;1.676917314E-3;1.570280247E-7;4.519220819E-3;1.372577163E-7;3.950237102E-3
2.000000000E2;NaN;1.957572351E-4;3.114247747E-8;9.000175990E-4;1.057982358E-8;3.057569014E-4;NaN;1.683926365E-3;1.999510066E-7;5.778584091E-3;1.533095160E-7;4.430645013E-3
1.995841996E2;NaN;1.965737399E-4;3.260991682E-8;9.463574639E-4;9.068705041E-9;2.631787364E-4;NaN;1.690950033E-3;2.384841106E-7;6.920938173E-3;1.627592213E-7;4.723360835E-3
1.991701245E2;NaN;1.973919440E-4;3.177311600E-8;9.259110196E-4;8.511626671E-9;2.480401648E-4;NaN;1.697988319E-3;2.678305856E-7;7.804940837E-3;1.617816094E-7;4.714532088E-3
1.987577640E2;NaN;1.982118474E-4;2.903155595E-8;8.495323904E-4;9.124096322E-9;2.669927638E-4;NaN;1.705041223E-3;2.872409097E-7;8.405352336E-3;1.491353646E-7;4.364055548E-3
1.983471074E2;NaN;1.990334500E-4;2.523707674E-8;7.415580257E-4;1.084104183E-8;3.185496348E-4;NaN;1.712108744E-3;3.000496996E-7;8.816562440E-3;1.269390711E-7;3.729936232E-3
1.979381443E2;NaN;1.998567519E-4;2.133943505E-8;6.296247084E-4;1.332517797E-8;3.931622967E-4;NaN;1.719190882E-3;3.111374325E-7;9.180178142E-3;9.984436761E-8;2.945929951E-3
1.975308642E2;NaN;2.006817531E-4;1.806576404E-8;5.352346736E-4;1.605909158E-8;4.757829572E-4;NaN;1.726287637E-3;3.231645294E-7;9.574400563E-3;7.314604471E-8;2.167099009E-3
1.971252567E2;NaN;2.015084536E-4;1.578439607E-8;4.695709922E-4;1.851854055E-8;5.509092281E-4;NaN;1.733399010E-3;3.340514539E-7;9.937717725E-3;5.089958457E-8;1.514214945E-3
1.967213115E2;NaN;2.023368533E-4;1.455946382E-8;4.349110012E-4;2.036516941E-8;6.083353296E-4;NaN;1.740525001E-3;3.376522585E-7;1.008613254E-2;3.494182681E-8;1.043759927E-3
1.963190184E2;NaN;2.031669524E-4;1.428038090E-8;4.283244618E-4;2.156322039E-8;6.467652951E-4;NaN;1.747665609E-3;3.274404147E-7;9.821218379E-3;2.503010485E-8;7.507507162E-4
1.959183673E2;NaN;2.039987507E-4;1.474205598E-8;4.439822258E-4;2.232811026E-8;6.724492232E-4;NaN;1.754820834E-3;3.008328151E-7;9.060094673E-3;1.970246110E-8;5.933733085E-4
1.955193483E2;NaN;2.048322483E-4;1.564675479E-8;4.731541231E-4;2.293325147E-8;6.934960399E-4;NaN;1.761990677E-3;2.613152545E-7;7.902110802E-3;1.720358923E-8;5.202324240E-4
1.951219512E2;NaN;2.056674452E-4;1.660265844E-8;5.041075558E-4;2.352418487E-8;7.142662954E-4;NaN;1.769175137E-3;2.171357119E-7;6.592905190E-3;1.605366654E-8;4.874384806E-4
1.947261663E2;NaN;2.065043413E-4;1.720556755E-8;5.245395142E-4;2.407191751E-8;7.338712818E-4;NaN;1.776374215E-3;1.775648021E-7;5.413349762E-3;1.524157558E-8;4.646640470E-4
1.943319838E2;NaN;2.073429368E-4;1.720550101E-8;5.266675846E-4;2.446251986E-8;7.488079682E-4;NaN;1.783587910E-3;1.489366251E-7;4.559012409E-3;1.424750731E-8;4.361221600E-4
1.939393939E2;NaN;2.081832315E-4;1.666256518E-8;5.121151539E-4;2.460684602E-8;7.562784361E-4;NaN;1.790816222E-3;1.325520623E-7;4.073917735E-3;1.301568805E-8;4.000303084E-4
1.935483871E2;NaN;2.090252255E-4;1.596458271E-8;4.926475102E-4;2.447663582E-8;7.553190654E-4;NaN;1.798059152E-3;1.252922088E-7;3.866364428E-3;1.188546301E-8;3.667708619E-4
1.931589537E2;NaN;2.098689188E-4;1.566747927E-8;4.854307397E-4;2.406088415E-8;7.454864045E-4;NaN;1.805316699E-3;1.221875656E-7;3.785778126E-3;1.146252746E-8;3.551473141E-4
1.927710843E2;NaN;2.107143114E-4;1.623971185E-8;5.051872401E-4;2.330630879E-8;7.250159312E-4;NaN;1.812588864E-3;1.191174283E-7;3.705521709E-3;1.245373632E-8;3.874125808E-4
1.923847695E2;NaN;2.115614033E-4;1.784910875E-8;5.574847538E-4;2.211837310E-8;6.908275342E-4;NaN;1.819875646E-3;1.141860080E-7;3.566394236E-3;1.546815185E-8;4.831198549E-4
1.920000000E2;NaN;2.124101944E-4;2.029637302E-8;6.364639544E-4;2.044526110E-8;6.411328623E-4;NaN;1.827177045E-3;1.077531867E-7;3.378979054E-3;2.076142252E-8;6.510472121E-4
1.916167665E2;NaN;2.132606848E-4;2.310946983E-8;7.275800827E-4;1.838701397E-8;5.788979688E-4;NaN;1.834493062E-3;1.019318549E-7;3.209229288E-3;2.799278092E-8;8.813265732E-4
1.912350598E2;NaN;2.141128745E-4;2.573257860E-8;8.134036377E-4;1.622186206E-8;5.127710601E-4;NaN;1.841823696E-3;9.987810561E-8;3.157134607E-3;3.619213145E-8;1.144028814E-3
1.908548708E2;NaN;2.149667635E-4;2.771844815E-8;8.796709502E-4;1.430236780E-8;4.538990567E-4;NaN;1.849168948E-3;1.046665065E-7;3.321689754E-3;4.409103952E-8;1.399270494E-3
1.904761905E2;NaN;2.158223518E-4;2.887435014E-8;9.200017629E-4;1.290029920E-8;4.110325582E-4;NaN;1.856528817E-3;1.179781078E-7;3.759047964E-3;5.069344385E-8;1.615207181E-3
1.900990099E2;NaN;2.166796393E-4;2.933719909E-8;9.384621736E-4;1.213349222E-8;3.881360128E-4;NaN;1.863903304E-3;1.394202830E-7;4.459889351E-3;5.570483618E-8;1.781931584E-3
1.897233202E2;NaN;2.175386261E-4;2.953851831E-8;9.486480283E-4;1.200401726E-8;3.855165375E-4;NaN;1.871292408E-3;1.668951133E-7;5.359941163E-3;5.951951008E-8;1.911506369E-3
1.893491124E2;NaN;2.183993122E-4;3.003007474E-8;9.682504327E-4;1.246159244E-8;4.017952793E-4;NaN;1.878696129E-3;1.976368391E-7;6.372343613E-3;6.281320750E-8;2.025266866E-3
1.889763780E2;NaN;2.192616976E-4;3.120330843E-8;1.010051311E-3;1.340854103E-8;4.340345661E-4;NaN;1.886114468E-3;2.292813786E-7;7.421839819E-3;6.606013194E-8;2.138366930E-3
1.886051081E2;NaN;2.201257823E-4;3.303248770E-8;1.073475692E-3;1.465529634E-8;4.762615679E-4;NaN;1.893547424E-3;2.603276978E-7;8.460018455E-3;6.929590803E-8;2.251948854E-3
1.882352941E2;NaN;2.209915662E-4;3.498412903E-8;1.141370875E-3;1.589079425E-8;5.184433698E-4;NaN;1.900994998E-3;2.894815129E-7;9.444447436E-3;7.223158191E-8;2.356583575E-3
1.878669276E2;NaN;2.218590495E-4;3.618190762E-8;1.185082619E-3;1.672646133E-8;5.478494616E-4;NaN;1.908457189E-3;3.141956352E-7;1.029099378E-2;7.454580098E-8;2.441632819E-3
1.875000000E2;NaN;2.227282320E-4;3.579167861E-8;1.176894022E-3;1.683566301E-8;5.535865300E-4;NaN;1.915933997E-3;3.298773909E-7;1.084695506E-2;7.604066784E-8;2.500352342E-3
1.871345029E2;NaN;2.235991138E-4;3.345351554E-8;1.104312178E-3;1.612918930E-8;5.324301461E-4;NaN;1.923425423E-3;3.311459841E-7;1.093124406E-2;7.649892722E-8;2.525256183E-3
1.867704280E2;NaN;2.244716949E-4;2.952419894E-8;9.784074005E-4;1.485279026E-8;4.922091177E-4;NaN;1.930931466E-3;3.148099528E-7;1.043254004E-2;7.543919905E-8;2.499992322E-3
1.864077670E2;NaN;2.253459752E-4;2.501750381E-8;8.322883215E-4;1.352413228E-8;4.499240787E-4;NaN;1.938452127E-3;2.825910433E-7;9.401306656E-3;7.213811428E-8;2.399908100E-3
1.860465116E2;NaN;2.262219549E-4;2.129462169E-8;7.111884589E-4;1.274134619E-8;4.255299057E-4;NaN;1.945987405E-3;2.416366482E-7;8.070075060E-3;6.603363308E-8;2.205362388E-3
1.856866538E2;NaN;2.270996338E-4;1.964690680E-8;6.587045134E-4;1.297543219E-8;4.350290779E-4;NaN;1.953537301E-3;2.022424530E-7;6.780610198E-3;5.723181218E-8;1.918818742E-3
1.853281853E2;NaN;2.279790120E-4;2.089853217E-8;7.033810629E-4;1.442927971E-8;4.856456910E-4;NaN;1.961101814E-3;1.737833074E-7;5.849017836E-3;4.668268483E-8;1.571197259E-3
1.849710983E2;NaN;2.288600895E-4;2.511164157E-8;8.484479166E-4;1.698489580E-8;5.738692716E-4;NaN;1.968680944E-3;1.608454762E-7;5.434491759E-3;3.587074856E-8;1.211966243E-3
1.846153846E2;NaN;2.297428662E-4;3.148875651E-8;1.068015526E-3;2.022534076E-8;6.859901862E-4;NaN;1.976274692E-3;1.616500766E-7;5.482744022E-3;2.623166752E-8;8.897089398E-4
1.842610365E2;NaN;2.306273423E-4;3.853949900E-8;1.312190470E-3;2.351641820E-8;8.006855473E-4;NaN;1.983883057E-3;1.696561572E-7;5.776442312E-3;1.866841579E-8;6.356210622E-4
1.839080460E2;NaN;2.315135176E-4;4.450030836E-8;1.520965610E-3;2.614112699E-8;8.934714526E-4;NaN;1.991506040E-3;1.771759947E-7;6.055656798E-3;1.341508943E-8;4.585111976E-4
1.835564054E2;NaN;2.324013922E-4;4.790431526E-8;1.643589592E-3;2.746870321E-8;9.424469269E-4;NaN;1.999143640E-3;1.786819431E-7;6.130549628E-3;1.025120853E-8;3.517173674E-4
1.832061069E2;NaN;2.332909661E-4;4.815637443E-8;1.658562052E-3;2.712867843E-8;9.343435235E-4;NaN;2.006795857E-3;1.722509633E-7;5.932525331E-3;8.852189469E-9;3.048797943E-4
1.828571429E2;NaN;2.341822393E-4;4.589502967E-8;1.586717566E-3;2.514195522E-8;8.692266306E-4;NaN;2.014462692E-3;1.591539059E-7;5.502388821E-3;8.998203488E-9;3.110926748E-4
1.825095057E2;NaN;2.350752118E-4;4.288143984E-8;1.488182577E-3;2.194102670E-8;7.614542278E-4;NaN;2.022144145E-3;1.423473983E-7;4.940107394E-3;1.056218726E-8;3.665563262E-4
1.821631879E2;NaN;2.359698835E-4;4.132314709E-8;1.439560719E-3;1.823147092E-8;6.351236832E-4;NaN;2.029840214E-3;1.247236348E-7;4.344955746E-3;1.346615453E-8;4.691159426E-4
1.818181818E2;NaN;2.368662545E-4;4.287925765E-8;1.499444761E-3;1.473945982E-8;5.154241704E-4;NaN;2.037550901E-3;1.081003775E-7;3.780162102E-3;1.777326192E-8;6.215131961E-4
1.814744802E2;NaN;2.377643248E-4;4.784193069E-8;1.679327538E-3;1.197969135E-8;4.205061395E-4;NaN;2.045276206E-3;9.350623845E-8;3.282217062E-3;2.379546925E-8;8.352586572E-4
1.811320755E2;NaN;2.386640944E-4;5.489165130E-8;1.934075409E-3;1.016049139E-8;3.579990048E-4;NaN;2.053016128E-3;8.207499936E-8;2.891864868E-3;3.194270258E-8;1.125482548E-3
1.807909605E2;NaN;2.395655633E-4;6.155254245E-8;2.176959786E-3;9.227831756E-9;3.263653757E-4;NaN;2.060770667E-3;7.530596945E-8;2.663384169E-3;4.226649495E-8;1.494860425E-3
1.804511278E2;NaN;2.404687314E-4;6.519183759E-8;2.314365014E-3;8.985577646E-9;3.189955568E-4;NaN;2.068539824E-3;7.440611298E-8;2.641479532E-3;5.397150587E-8;1.916033810E-3
1.801125704E2;NaN;2.413735989E-4;6.415188799E-8;2.286015803E-3;9.209817625E-9;3.281865786E-4;NaN;2.076323598E-3;7.946363038E-8;2.831640977E-3;6.527343592E-8;2.325981521E-3
1.797752809E2;NaN;2.422801656E-4;5.845676733E-8;2.090897182E-3;9.701287027E-9;3.469982113E-4;NaN;2.084121990E-3;8.910054872E-8;3.186972094E-3;7.381798692E-8;2.640341364E-3
1.794392523E2;NaN;2.431884316E-4;4.970932116E-8;1.784681675E-3;1.026882293E-8;3.686749221E-4;NaN;2.091934999E-3;1.007190151E-7;3.616049794E-3;7.755332050E-8;2.784346813E-3
1.791044776E2;NaN;2.440983968E-4;4.027622976E-8;1.451422185E-3;1.070237636E-8;3.856782668E-4;NaN;2.099762625E-3;1.113331242E-7;4.012077778E-3;7.563262874E-8;2.725549932E-3
1.787709497E2;NaN;2.450100614E-4;3.225890675E-8;1.166846115E-3;1.081316845E-8;3.911261995E-4;NaN;2.107604869E-3;1.186920491E-7;4.293243954E-3;6.881276712E-8;2.489046222E-3
1.784386617E2;NaN;2.459234252E-4;2.678147319E-8;9.723315598E-4;1.053754491E-8;3.825774410E-4;NaN;2.115461731E-3;1.219234485E-7;4.426568173E-3;5.907712071E-8;2.144861432E-3
1.781076067E2;NaN;2.468384883E-4;2.384321186E-8;8.688757094E-4;1.001023246E-8;3.647850750E-4;NaN;2.123333209E-3;1.211806440E-7;4.415970409E-3;4.870311053E-8;1.774800726E-3
1.777777778E2;NaN;2.477552507E-4;2.266760458E-8;8.291030557E-4;9.529180843E-9;3.485446787E-4;NaN;2.131219305E-3;1.168616068E-7;4.274395866E-3;3.934680312E-8;1.439170804E-3
1.774491682E2;NaN;2.486737124E-4;2.228088229E-8;8.179792418E-4;9.414076455E-9;3.456110499E-4;NaN;2.139120019E-3;1.093839673E-7;4.015721345E-3;3.165862806E-8;1.162256514E-3
1.771217712E2;NaN;2.495938734E-4;2.198699720E-8;8.101769111E-4;9.841774046E-9;3.626497071E-4;NaN;2.147035350E-3;9.957765614E-8;3.669237646E-3;2.553925696E-8;9.410705847E-4
1.767955801E2;NaN;2.505157336E-4;2.151986415E-8;7.958927574E-4;1.074949398E-8;3.975603352E-4;NaN;2.154965298E-3;8.894134649E-8;3.289415444E-3;2.073849410E-8;7.669944909E-4
1.764705882E2;NaN;2.514392931E-4;2.093553750E-8;7.771364565E-4;1.186517137E-8;4.404404346E-4;NaN;2.162909864E-3;7.928986976E-8;2.943275206E-3;1.737519395E-8;6.449749216E-4
1.761467890E2;NaN;2.523645520E-4;2.049714594E-8;7.636630293E-4;1.286824189E-8;4.794326297E-4;NaN;2.170869047E-3;7.212850891E-8;2.687294893E-3;1.614708338E-8;6.015925653E-4
1.758241758E2;NaN;2.532915100E-4;2.073899857E-8;7.755118442E-4;1.359019153E-8;5.081901358E-4;NaN;2.178842848E-3;6.818653853E-8;2.549759964E-3;1.824917234E-8;6.824075544E-4
1.755027422E2;NaN;2.542201674E-4;2.262678414E-8;8.492056096E-4;1.410884453E-8;5.295189033E-4;NaN;2.186831266E-3;6.720207472E-8;2.522160395E-3;2.507019621E-8;9.409092836E-4
1.751824818E2;NaN;2.551505241E-4;2.758575398E-8;1.039109568E-3;1.465466638E-8;5.520169600E-4;NaN;2.194834301E-3;6.801583425E-8;2.562043589E-3;3.769186233E-8;1.419789896E-3
1.748633880E2;NaN;2.560825800E-4;3.718674595E-8;1.405879938E-3;1.540427525E-8;5.823731274E-4;NaN;2.202851954E-3;6.912339063E-8;2.613274856E-3;5.620239512E-8;2.124784457E-3
1.745454545E2;NaN;2.570163352E-4;5.247897766E-8;1.991251486E-3;1.632411236E-8;6.193987470E-4;NaN;2.210884225E-3;6.942546766E-8;2.634265602E-3;7.903755720E-8;2.998984741E-3
1.742286751E2;NaN;2.579517897E-4;7.318322359E-8;2.786955929E-3;1.715677998E-8;6.533627153E-4;NaN;2.218931112E-3;6.851607581E-8;2.609222092E-3;1.027779483E-7;3.913979166E-3
1.739130435E2;NaN;2.588889435E-4;9.714856008E-8;3.713042254E-3;1.755231450E-8;6.708538483E-4;NaN;2.226992617E-3;6.632058137E-8;2.534789200E-3;1.227826100E-7;4.692782050E-3
1.735985533E2;NaN;2.598277965E-4;1.205046751E-7;4.622421312E-3;1.726485698E-8;6.622601384E-4;NaN;2.235068740E-3;6.267347040E-8;2.404082539E-3;1.346441015E-7;5.164793514E-3
1.732851986E2;NaN;2.607683489E-4;1.386640072E-7;5.338246748E-3;1.629596485E-8;6.273573299E-4;NaN;2.243159480E-3;5.737043279E-8;2.208630288E-3;1.359250257E-7;5.232802229E-3
1.729729730E2;NaN;2.617106005E-4;1.478361440E-7;5.711917955E-3;1.488670173E-8;5.751747615E-4;NaN;2.251264837E-3;5.048335273E-8;1.950516031E-3;1.272727330E-7;4.917413217E-3
1.726618705E2;NaN;2.626545514E-4;1.463590252E-7;5.675242972E-3;1.336819162E-8;5.183673193E-4;NaN;2.259384812E-3;4.248468296E-8;1.647393442E-3;1.122451403E-7;4.352437048E-3
1.723518851E2;NaN;2.636002016E-4;1.352074327E-7;5.261702932E-3;1.199019644E-8;4.666078669E-4;NaN;2.267519404E-3;3.413115035E-8;1.328240396E-3;9.592601769E-8;3.733035962E-3
1.720430108E2;NaN;2.645475511E-4;1.174637743E-7;4.587622954E-3;1.085232762E-8;4.238446075E-4;NaN;2.275668614E-3;2.628343591E-8;1.026516427E-3;8.310511670E-8;3.245723572E-3
1.717352415E2;NaN;2.654965998E-4;9.706133241E-8;3.804391762E-3;9.946004100E-9;3.898410945E-4;NaN;2.283832441E-3;1.967953546E-8;7.713541605E-4;7.686146254E-8;3.012642704E-3
1.714285714E2;NaN;2.664473478E-4;7.742474919E-8;3.045588537E-3;9.230101691E-9;3.630763057E-4;NaN;2.292010885E-3;1.467710707E-8;5.773403146E-4;7.795089965E-8;3.066285250E-3
1.711229947E2;NaN;2.673997952E-4;6.060264846E-8;2.392393945E-3;8.669590700E-9;3.422470276E-4;NaN;2.300203947E-3;1.115966436E-8;4.405469749E-4;8.495813110E-8;3.353868579E-3
1.708185053E2;NaN;2.683539417E-4;4.716300929E-8;1.868484533E-3;8.227134607E-9;3.259392052E-4;NaN;2.308411627E-3;8.715652508E-9;3.452931047E-4;9.499817493E-8;3.763598277E-3
1.705150977E2;NaN;2.693097876E-4;3.670474158E-8;1.459332748E-3;7.837227846E-9;3.115979778E-4;NaN;2.316633923E-3;6.934700195E-9;2.757146532E-4;1.047170203E-7;4.163412421E-3
1.702127660E2;NaN;2.702673328E-4;2.858119163E-8;1.140391332E-3;7.400941443E-9;2.952980261E-4;NaN;2.324870837E-3;5.563445259E-9;2.219818135E-4;1.113415647E-7;4.442535392E-3
1.699115044E2;NaN;2.712265772E-4;2.244928531E-8;8.989070430E-4;6.821995090E-9;2.731641274E-4;NaN;2.333122369E-3;4.496265060E-9;1.800379956E-4;1.134969755E-7;4.544609292E-3
1.696113074E2;NaN;2.721875209E-4;1.848851362E-8;7.429339896E-4;6.070201078E-9;2.439221885E-4;NaN;2.341388518E-3;3.735237860E-9;1.500950927E-4;1.115112958E-7;4.480918994E-3
1.693121693E2;NaN;2.731501639E-4;1.735114590E-8;6.996964130E-4;5.220672712E-9;2.105270736E-4;NaN;2.349669284E-3;3.396007523E-9;1.369462453E-4;1.069879006E-7;4.314357718E-3
1.690140845E2;NaN;2.741145062E-4;1.999036489E-8;8.089706415E-4;4.433189314E-9;1.794024283E-4;NaN;2.357964668E-3;3.720355866E-9;1.505554645E-4;1.017716420E-7;4.118497636E-3
1.687170475E2;NaN;2.750805478E-4;2.738600510E-8;1.112163366E-3;3.886635310E-9;1.578387718E-4;NaN;2.366274669E-3;5.046263064E-9;2.049320043E-4;9.685696441E-8;3.933423920E-3
1.684210526E2;NaN;2.760482886E-4;4.015009311E-8;1.636257447E-3;3.713761505E-9;1.513488375E-4;NaN;2.374599288E-3;7.715756443E-9;3.144442008E-4;9.195776708E-8;3.747602298E-3
1.681260946E2;NaN;2.770177288E-4;5.803481530E-8;2.373428708E-3;3.958078195E-9;1.618720826E-4;NaN;2.382938524E-3;1.192919452E-8;4.878639242E-4;8.604553250E-8;3.518972809E-3
1.678321678E2;NaN;2.779888682E-4;7.951322869E-8;3.263223457E-3;4.566806409E-9;1.874217667E-4;NaN;2.391292377E-3;1.763311783E-8;7.236632781E-4;7.840894694E-8;3.217903727E-3
1.675392670E2;NaN;2.789617069E-4;1.017051594E-7;4.188587543E-3;5.423520804E-9;2.233602681E-4;NaN;2.399660848E-3;2.456577161E-8;1.011707622E-3;6.938643983E-8;2.857585389E-3
1.672473868E2;NaN;2.799362448E-4;1.208424353E-7;4.994115954E-3;6.410609762E-9;2.649344861E-4;NaN;2.408043936E-3;3.249146630E-8;1.342791130E-3;6.027009505E-8;2.490812458E-3
1.669565217E2;NaN;2.809124821E-4;1.332560932E-7;5.526346784E-3;7.465395286E-9;3.096020770E-4;NaN;2.416441642E-3;4.145630651E-8;1.719260416E-3;5.257423695E-8;2.180339062E-3
1.666666667E2;NaN;2.818904186E-4;1.365751827E-7;5.683712803E-3;8.591900142E-9;3.575605163E-4;NaN;2.424853965E-3;5.179341976E-8;2.155434957E-3;4.728837356E-8;1.967952954E-3
1.663778163E2;NaN;2.828700544E-4;1.306254662E-7;5.455001165E-3;9.811089546E-9;4.097172356E-4;NaN;2.433280906E-3;6.372678348E-8;2.661270335E-3;4.462200687E-8;1.863442915E-3
1.660899654E2;NaN;2.838513895E-4;1.175838105E-7;4.927408574E-3;1.107462722E-8;4.640878101E-4;NaN;2.441722464E-3;7.673243662E-8;3.215511256E-3;4.428540738E-8;1.855802216E-3
1.658031088E2;NaN;2.848344239E-4;1.012480869E-7;4.257545728E-3;1.220722585E-8;5.133215240E-4;NaN;2.450178639E-3;8.910131583E-8;3.746766367E-3;4.591745751E-8;1.930857966E-3
1.655172414E2;NaN;2.858191576E-4;8.572254917E-8;3.617149280E-3;1.293467130E-8;5.457914800E-4;NaN;2.458649432E-3;9.816954926E-8;4.142362983E-3;4.920915911E-8;2.076430020E-3
1.652323580E2;NaN;2.868055905E-4;7.406928240E-8;3.136214583E-3;1.299819163E-8;5.503646969E-4;NaN;2.467134842E-3;1.013034998E-7;4.289355901E-3;5.366838331E-8;2.272407143E-3
1.649484536E2;NaN;2.877937227E-4;6.746970910E-8;2.866620320E-3;1.229259779E-8;5.222819406E-4;NaN;2.475634870E-3;9.715675757E-8;4.127949255E-3;5.839747721E-8;2.481163725E-3
1.646655232E2;NaN;2.887835542E-4;6.515900039E-8;2.777965774E-3;1.094686691E-8;4.667048516E-4;NaN;2.484149515E-3;8.642436012E-8;3.684585598E-3;6.226713642E-8;2.654675068E-3
1.643835616E2;NaN;2.897750850E-4;6.505169539E-8;2.782913336E-3;9.306200016E-9;3.981194952E-4;NaN;2.492678777E-3;7.161363449E-8;3.063633273E-3;6.445645239E-8;2.757448824E-3
1.641025641E2;NaN;2.907683151E-4;6.472791272E-8;2.778553112E-3;7.835756941E-9;3.363628753E-4;NaN;2.501222657E-3;5.599819337E-8;2.403815416E-3;6.492629125E-8;2.787068840E-3
1.638225256E2;NaN;2.917632444E-4;6.234797239E-8;2.685548095E-3;6.997988733E-9;3.014281714E-4;NaN;2.509781154E-3;4.240113743E-8;1.826367234E-3;6.439157836E-8;2.773573445E-3
1.635434412E2;NaN;2.927598731E-4;5.716752213E-8;2.470819038E-3;7.148273435E-9;3.089532209E-4;NaN;2.518354269E-3;3.244497960E-8;1.402294000E-3;6.376114672E-8;2.755799961E-3
1.632653061E2;NaN;2.937582010E-4;4.954845468E-8;2.148820479E-3;8.463080766E-9;3.670274156E-4;NaN;2.526942001E-3;2.653412865E-8;1.150733750E-3;6.345360642E-8;2.751859969E-3
1.629881154E2;NaN;2.947582282E-4;4.057982553E-8;1.765859447E-3;1.089339132E-8;4.740335309E-4;NaN;2.535544351E-3;2.439203053E-8;1.061436243E-3;6.311501401E-8;2.746493911E-3
1.627118644E2;NaN;2.957599547E-4;3.156780702E-8;1.378363627E-3;1.414578423E-8;6.176556530E-4;NaN;2.544161318E-3;2.567479714E-8;1.121053689E-3;6.197403870E-8;2.706008711E-3
1.624365482E2;NaN;2.967633804E-4;2.362468791E-8;1.035038275E-3;1.770689784E-8;7.757696974E-4;NaN;2.552792902E-3;3.019401825E-8;1.322851953E-3;5.961591529E-8;2.611875946E-3
1.621621622E2;NaN;2.977685055E-4;1.749227126E-8;7.689621884E-4;2.093968921E-8;9.205110645E-4;NaN;2.561439104E-3;3.765676044E-8;1.655395373E-3;5.665997993E-8;2.490779013E-3
1.618887015E2;NaN;2.987753298E-4;1.362086177E-8;6.007991923E-4;2.325199934E-8;1.025616636E-3;NaN;2.570099923E-3;4.729247538E-8;2.086011994E-3;5.485214792E-8;2.419459703E-3
1.616161616E2;NaN;2.997838534E-4;1.239716074E-8;5.486690848E-4;2.430029326E-8;1.075473646E-3;NaN;2.578775360E-3;5.785562529E-8;2.560553472E-3;5.642778540E-8;2.497360648E-3
1.613445378E2;NaN;3.007940763E-4;1.434800905E-8;6.371489057E-4;2.414651468E-8;1.072269006E-3;NaN;2.587465414E-3;6.812125329E-8;3.025045623E-3;6.302194729E-8;2.798601855E-3
1.610738255E2;NaN;3.018059984E-4;2.017505185E-8;8.989231128E-4;2.328498476E-8;1.037489824E-3;NaN;2.596170085E-3;7.753550606E-8;3.454685469E-3;7.468279433E-8;3.327579550E-3
1.608040201E2;NaN;3.028196199E-4;3.055423236E-8;1.365951903E-3;2.248903526E-8;1.005390682E-3;NaN;2.604889374E-3;8.648931904E-8;3.866575618E-3;8.949970121E-8;4.001157211E-3
1.605351171E2;NaN;3.038349406E-4;4.576626637E-8;2.052878375E-3;2.250871418E-8;1.009644357E-3;NaN;2.613623280E-3;9.590653903E-8;4.301955909E-3;1.040596939E-7;4.667671458E-3
1.602671119E2;NaN;3.048519606E-4;6.528668380E-8;2.938282998E-3;2.373445606E-8;1.068189479E-3;NaN;2.622371804E-3;1.062709364E-7;4.782814310E-3;1.145833601E-7;5.156922046E-3
1.600000000E2;NaN;3.058706799E-4;8.756395528E-8;3.954059855E-3;2.597818503E-8;1.173077418E-3;NaN;2.631134945E-3;1.166968181E-7;5.269590691E-3;1.183065123E-7;5.342278447E-3
1.597337770E2;NaN;3.068910985E-4;1.101329964E-7;4.989784245E-3;2.849702179E-8;1.291111610E-3;NaN;2.639912703E-3;1.248017942E-7;5.654381943E-3;1.145718774E-7;5.190896164E-3
1.594684385E2;NaN;3.079132163E-4;1.301191540E-7;5.914929622E-3;3.028155728E-8;1.376532775E-3;NaN;2.648705079E-3;1.277027190E-7;5.805083815E-3;1.051515765E-7;4.779958641E-3
1.592039801E2;NaN;3.089370335E-4;1.449530070E-7;6.611153203E-3;3.048775814E-8;1.390514375E-3;NaN;2.657512073E-3;1.236360395E-7;5.638908883E-3;9.360712473E-8;4.269321867E-3
1.589403974E2;NaN;3.099625499E-4;1.529881446E-7;7.000789558E-3;2.879013410E-8;1.317446333E-3;NaN;2.666333684E-3;1.132230490E-7;5.181125251E-3;8.387602177E-8;3.838195298E-3
1.586776860E2;NaN;3.109897656E-4;1.537738521E-7;7.060063563E-3;2.548315887E-8;1.169982536E-3;NaN;2.675169912E-3;9.960490730E-8;4.573059509E-3;7.867184420E-8;3.611980926E-3
1.584158416E2;NaN;3.120186806E-4;1.479315772E-7;6.814303990E-3;2.131675936E-8;9.819328715E-4;NaN;2.684020757E-3;8.731924150E-8;4.022263990E-3;7.842177699E-8;3.612412158E-3
1.581548600E2;NaN;3.130492948E-4;1.367796519E-7;6.321414150E-3;1.719274029E-8;7.945804092E-4;NaN;2.692886220E-3;8.042683864E-8;3.717010161E-3;8.125013794E-8;3.755059796E-3
1.578947368E2;NaN;3.140816084E-4;1.219319324E-7;5.653794034E-3;1.388125165E-8;6.436520459E-4;NaN;2.701766301E-3;8.078178966E-8;3.745725926E-3;8.399471840E-8;3.894704434E-3
1.576354680E2;NaN;3.151156212E-4;1.050537821E-7;4.887217257E-3;1.185397044E-8;5.514597165E-4;NaN;2.710660999E-3;8.737267525E-8;4.064672758E-3;8.370492544E-8;3.894045011E-3
1.573770492E2;NaN;3.161513333E-4;8.779847506E-8;4.097906177E-3;1.124848471E-8;5.250117947E-4;NaN;2.719570314E-3;9.711133873E-8;4.532574793E-3;7.889628982E-8;3.682405568E-3
1.571194763E2;NaN;3.171887447E-4;7.178501284E-8;3.361488044E-3;1.191535001E-8;5.579619621E-4;NaN;2.728494247E-3;1.065482561E-7;4.989351883E-3;7.002645099E-8;3.279139593E-3
1.568627451E2;NaN;3.182278554E-4;5.844087747E-8;2.745585297E-3;1.349264137E-8;6.338918810E-4;NaN;2.737432797E-3;1.134095782E-7;5.328045779E-3;5.910563706E-8;2.776816076E-3
1.566068515E2;NaN;3.192686653E-4;4.869484472E-8;2.295193484E-3;1.549777182E-8;7.304753739E-4;NaN;2.746385964E-3;1.171502636E-7;5.521786204E-3;4.871544863E-8;2.296164633E-3
1.563517915E2;NaN;3.203111746E-4;4.270781945E-8;2.019572779E-3;1.747060475E-8;8.261521717E-4;NaN;2.755353749E-3;1.184994664E-7;5.603617786E-3;4.097130804E-8;1.937456407E-3
1.560975610E2;NaN;3.213553831E-4;3.986983072E-8;1.891515878E-3;1.914847866E-8;9.084475849E-4;NaN;2.764336152E-3;1.185147276E-7;5.622609501E-3;3.686697228E-8;1.749053412E-3
1.558441558E2;NaN;3.224012909E-4;3.913556042E-8;1.862723311E-3;2.057552859E-8;9.793271475E-4;NaN;2.773333171E-3;1.177835114E-7;5.606105804E-3;3.614034899E-8;1.720161148E-3
1.555915721E2;NaN;3.234488980E-4;3.952454292E-8;1.887350465E-3;2.203318546E-8;1.052114452E-3;NaN;2.782344808E-3;1.161946863E-7;5.548453670E-3;3.753086619E-8;1.792149700E-3
1.553398058E2;NaN;3.244982043E-4;4.049654794E-8;1.940038382E-3;2.379969540E-8;1.140154530E-3;NaN;2.791371063E-3;1.133471998E-7;5.430041064E-3;3.929564908E-8;1.882507803E-3
1.550888530E2;NaN;3.255492100E-4;4.196922077E-8;2.017100662E-3;2.587805680E-8;1.243736351E-3;NaN;2.800411935E-3;1.092300294E-7;5.249751143E-3;3.987066805E-8;1.916241222E-3
1.548387097E2;NaN;3.266019149E-4;4.401108479E-8;2.122075446E-3;2.786881917E-8;1.343746403E-3;NaN;2.809467425E-3;1.046200545E-7;5.044448456E-3;3.846453250E-8;1.854638220E-3
1.545893720E2;NaN;3.276563191E-4;4.645086165E-8;2.246944487E-3;2.908263324E-8;1.406799790E-3;NaN;2.818537531E-3;1.008962455E-7;4.880604032E-3;3.535507646E-8;1.710213574E-3
1.543408360E2;NaN;3.287124226E-4;4.875766737E-8;2.366132482E-3;2.884975621E-8;1.400033040E-3;NaN;2.827622256E-3;9.942992979E-8;4.825177234E-3;3.185601011E-8;1.545921787E-3
1.540930979E2;NaN;3.297702254E-4;5.035012837E-8;2.451275043E-3;2.686105669E-8;1.307719365E-3;NaN;2.836721597E-3;1.009482861E-7;4.914625290E-3;3.003516040E-8;1.462249282E-3
1.538461538E2;NaN;3.308297274E-4;5.114658990E-8;2.498050597E-3;2.334207652E-8;1.140050359E-3;NaN;2.845835556E-3;1.052407694E-7;5.140064418E-3;3.215335871E-8;1.570402193E-3
1.536000000E2;NaN;3.318909287E-4;5.195593727E-8;2.545719718E-3;1.896208283E-8;9.290978222E-4;NaN;2.854964133E-3;1.113608516E-7;5.456421936E-3;3.979829321E-8;1.950023522E-3
1.533546326E2;NaN;3.329538293E-4;5.436252224E-8;2.672167224E-3;1.455430903E-8;7.154110212E-4;NaN;2.864107327E-3;1.181765547E-7;5.808919511E-3;5.303061710E-8;2.606697979E-3
1.531100478E2;NaN;3.340184292E-4;6.006177694E-8;2.961751564E-3;1.082973224E-8;5.340330912E-4;NaN;2.873265138E-3;1.248659100E-7;6.157357025E-3;7.006760861E-8;3.455156672E-3
1.528662420E2;NaN;3.350847284E-4;6.992951904E-8;3.459355518E-3;8.235243770E-9;4.073907038E-4;NaN;2.882437567E-3;1.310053794E-7;6.480727855E-3;8.777011146E-8;4.341914882E-3
1.526232114E2;NaN;3.361527269E-4;8.330748568E-8;4.134287611E-3;6.982913514E-9;3.465399609E-4;NaN;2.891624613E-3;1.362523099E-7;6.761772152E-3;1.027121331E-7;5.097279027E-3
1.523809524E2;NaN;3.372224246E-4;9.791547011E-8;4.874698731E-3;7.185849356E-9;3.577458260E-4;NaN;2.900826277E-3;1.399496890E-7;6.967362466E-3;1.123745467E-7;5.594540469E-3
1.521394612E2;NaN;3.382938216E-4;1.105104389E-7;5.519215992E-3;8.973998870E-9;4.481878686E-4;NaN;2.910042558E-3;1.410302737E-7;7.043466208E-3;1.159379996E-7;5.790284316E-3
1.518987342E2;NaN;3.393669179E-4;1.180276777E-7;5.913347304E-3;1.248774020E-8;6.256527810E-4;NaN;2.919273456E-3;1.383786345E-7;6.932957936E-3;1.142300340E-7;5.723080183E-3
1.516587678E2;NaN;3.404417135E-4;1.186923005E-7;5.965479196E-3;1.772497674E-8;8.908579540E-4;NaN;2.928518972E-3;1.315240125E-7;6.610401491E-3;1.088167968E-7;5.469136031E-3
1.514195584E2;NaN;3.415182084E-4;1.126038636E-7;5.677369704E-3;2.433126990E-8;1.226757326E-3;NaN;2.937779105E-3;1.212403357E-7;6.112811646E-3;1.009320457E-7;5.088888784E-3
1.511811024E2;NaN;3.425964025E-4;1.015623273E-7;5.136833186E-3;3.148031919E-8;1.592215861E-3;NaN;2.947053856E-3;1.095534446E-7;5.541009005E-3;9.109092368E-8;4.607209113E-3
1.509433962E2;NaN;3.436762960E-4;8.826428683E-8;4.478314769E-3;3.795558932E-8;1.925774085E-3;NaN;2.956343224E-3;9.903750543E-8;5.024921622E-3;7.954103337E-8;4.035718152E-3
1.507064364E2;NaN;3.447578887E-4;7.526801854E-8;3.830934405E-3;4.244346852E-8;2.160255404E-3;NaN;2.965647210E-3;9.179227878E-8;4.671973645E-3;6.692300422E-8;3.406196208E-3
1.504702194E2;NaN;3.458411807E-4;6.419299977E-8;3.277512800E-3;4.394550089E-8;2.243732840E-3;NaN;2.974965813E-3;8.861371390E-8;4.524365314E-3;5.451041729E-8;2.783147555E-3
1.502347418E2;NaN;3.469261719E-4;5.546630813E-8;2.840837187E-3;4.213623545E-8;2.158106220E-3;NaN;2.984299033E-3;8.868545903E-8;4.542233987E-3;4.392061795E-8;2.249497559E-3
1.500000000E2;NaN;3.480128625E-4;4.863784932E-8;2.498904614E-3;3.749411973E-8;1.926364552E-3;NaN;2.993646871E-3;8.991026437E-8;4.619389583E-3;3.656894967E-8;1.878831370E-3
1.497659906E2;NaN;3.491012523E-4;4.301583406E-8;2.216969790E-3;3.112582949E-8;1.604177280E-3;NaN;3.003009326E-3;8.978916833E-8;4.627595350E-3;3.317119216E-8;1.709592119E-3
1.495327103E2;NaN;3.501913414E-4;3.828323195E-8;1.979219763E-3;2.436028363E-8;1.259411819E-3;NaN;3.012386398E-3;8.645059991E-8;4.469443335E-3;3.355613469E-8;1.734831715E-3
1.493001555E2;NaN;3.512831298E-4;3.485084217E-8;1.807384657E-3;1.830681362E-8;9.494018505E-4;NaN;3.021778088E-3;7.934240519E-8;4.114742624E-3;3.684385958E-8;1.910743682E-3
1.490683230E2;NaN;3.523766175E-4;3.385841404E-8;1.761382650E-3;1.357666375E-8;7.062852959E-4;NaN;3.031184396E-3;6.940024427E-8;3.610339989E-3;4.176103616E-8;2.172492913E-3
1.488372093E2;NaN;3.534718045E-4;3.684543645E-8;1.922730885E-3;1.025480242E-8;5.351334451E-4;NaN;3.040605321E-3;5.879432999E-8;3.068105173E-3;4.680474418E-8;2.442444327E-3
1.486068111E2;NaN;3.545686907E-4;4.516342967E-8;2.364108031E-3;8.073973181E-9;4.226371864E-4;NaN;3.050040863E-3;5.032446291E-8;2.634265551E-3;5.034133502E-8;2.635148732E-3
1.483771252E2;NaN;3.556672763E-4;5.926087998E-8;3.111659200E-3;6.670378655E-9;3.502469946E-4;NaN;3.059491023E-3;4.650047544E-8;2.441638266E-3;5.094891906E-8;2.675216311E-3
1.481481481E2;NaN;3.567675611E-4;7.810297187E-8;4.113703054E-3;5.800123491E-9;3.054939543E-4;NaN;3.068955800E-3;4.859332175E-8;2.559422405E-3;4.798832482E-8;2.527557065E-3
1.479198767E2;NaN;3.578695451E-4;9.903131078E-8;5.232115096E-3;5.419464338E-9;2.863262230E-4;NaN;3.078435194E-3;5.611027468E-8;2.964470659E-3;4.196558122E-8;2.217164948E-3
1.476923077E2;NaN;3.589732285E-4;1.182462100E-7;6.266561571E-3;5.616284835E-9;2.976399388E-4;NaN;3.087929206E-3;6.687522596E-8;3.544111232E-3;3.437084804E-8;1.821513226E-3
1.474654378E2;NaN;3.600786112E-4;1.318488015E-7;7.008959195E-3;6.456108166E-9;3.432006827E-4;NaN;3.097437836E-3;7.759840745E-8;4.125058895E-3;2.715720810E-8;1.443651829E-3
1.472392638E2;NaN;3.611856931E-4;1.370826072E-7;7.309588273E-3;7.847194549E-9;4.184320858E-4;NaN;3.106961082E-3;8.482240659E-8;4.522943365E-3;2.219998775E-8;1.183759001E-3
1.470137825E2;NaN;3.622944743E-4;1.332494105E-7;7.127004400E-3;9.491893814E-9;5.076853153E-4;NaN;3.116498946E-3;8.609248236E-8;4.604759588E-3;2.089838937E-8;1.117775399E-3
1.467889908E2;NaN;3.634049548E-4;1.218462537E-7;6.537068645E-3;1.094006385E-8;5.869359640E-4;NaN;3.126051428E-3;8.089220510E-8;4.339878179E-3;2.394478950E-8;1.284641324E-3
1.465648855E2;NaN;3.645171346E-4;1.058643905E-7;5.697021647E-3;1.173951320E-8;6.317540818E-4;NaN;3.135618527E-3;7.075827533E-8;3.807809445E-3;3.124307681E-8;1.681325363E-3
1.463414634E2;NaN;3.656310136E-4;8.861457960E-8;4.783306700E-3;1.162296447E-8;6.273934161E-4;NaN;3.145200244E-3;5.848564186E-8;3.156983465E-3;4.191717343E-8;2.262637790E-3
1.461187215E2;NaN;3.667465920E-4;7.264549977E-8;3.933279631E-3;1.062249793E-8;5.751389264E-4;NaN;3.154796577E-3;4.693856501E-8;2.541416911E-3;5.435421583E-8;2.942925999E-3
1.458966565E2;NaN;3.678638696E-4;5.920115977E-8;3.215121355E-3;9.038079535E-9;4.908438050E-4;NaN;3.164407529E-3;3.808223664E-8;2.068186041E-3;6.638070446E-8;3.605031072E-3
1.456752656E2;NaN;3.689828465E-4;4.833629933E-8;2.633052961E-3;7.306663490E-9;3.980203740E-4;NaN;3.174033097E-3;3.256756220E-8;1.774072845E-3;7.568876178E-8;4.123040470E-3
1.454545455E2;NaN;3.701035227E-4;3.947847408E-8;2.157066812E-3;5.864646034E-9;3.204387612E-4;NaN;3.183673283E-3;2.992968984E-8;1.635330194E-3;8.045103055E-8;4.395768886E-3
1.452344932E2;NaN;3.712258982E-4;3.204284470E-8;1.756100441E-3;5.055319594E-9;2.770555814E-4;NaN;3.193328087E-3;2.921341542E-8;1.601034246E-3;7.985420531E-8;4.376390625E-3
1.450151057E2;NaN;3.723499729E-4;2.577496840E-8;1.416868315E-3;5.063693678E-9;2.783548370E-4;NaN;3.202997508E-3;2.955939566E-8;1.624900969E-3;7.430470386E-8;4.084582333E-3
1.447963801E2;NaN;3.734757469E-4;2.073252625E-8;1.143127437E-3;5.878660928E-9;3.241311994E-4;NaN;3.212681546E-3;3.040394118E-8;1.676379373E-3;6.522461878E-8;3.596283946E-3
1.445783133E2;NaN;3.746032203E-4;1.706936187E-8;9.439930834E-4;7.305237600E-9;4.040041930E-4;NaN;3.222380202E-3;3.142463755E-8;1.737888078E-3;5.454107421E-8;3.016304722E-3
1.443609023E2;NaN;3.757323929E-4;1.484704731E-8;8.235666489E-4;9.028608839E-9;5.008175005E-4;NaN;3.232093475E-3;3.258764055E-8;1.807638472E-3;4.408868377E-8;2.445602063E-3
1.441441441E2;NaN;3.768632647E-4;1.400650888E-8;7.792803535E-4;1.070041431E-8;5.953391181E-4;NaN;3.241821366E-3;3.427023360E-8;1.906693522E-3;3.515218440E-8;1.955762633E-3
1.439280360E2;NaN;3.779958359E-4;1.445871328E-8;8.068572052E-4;1.202871715E-8;6.712531683E-4;NaN;3.251563874E-3;3.715197852E-8;2.073237153E-3;2.827737915E-8;1.577997064E-3
1.437125749E2;NaN;3.791301063E-4;1.617683169E-8;9.054443434E-4;1.284962578E-8;7.192150604E-4;NaN;3.261320999E-3;4.179462777E-8;2.339315264E-3;2.336048044E-8;1.307525187E-3
1.434977578E2;NaN;3.802660760E-4;1.917958314E-8;1.076729885E-3;1.314291127E-8;7.378348759E-4;NaN;3.271092742E-3;4.821093146E-8;2.706531749E-3;1.994620987E-8;1.119767834E-3
1.432835821E2;NaN;3.814037450E-4;2.337578921E-8;1.316228396E-3;1.296703579E-8;7.301392290E-4;NaN;3.280879102E-3;5.567493291E-8;3.134907102E-3;1.759984621E-8;9.910004380E-4
1.430700447E2;NaN;3.825431133E-4;2.837690101E-8;1.602600868E-3;1.236909670E-8;6.985514413E-4;NaN;3.290680080E-3;6.283571974E-8;3.548681336E-3;1.616662585E-8;9.130189586E-4
1.428571429E2;NaN;3.836841809E-4;3.344077025E-8;1.894218990E-3;1.136096254E-8;6.435303622E-4;NaN;3.300495675E-3;6.817696255E-8;3.861815867E-3;1.580409568E-8;8.952071957E-4
1.426448737E2;NaN;3.848269477E-4;3.765876504E-8;2.139496451E-3;9.979140644E-9;5.669420111E-4;NaN;3.310325887E-3;7.069819730E-8;4.016556093E-3;1.679992580E-8;9.544492918E-4
1.424332344E2;NaN;3.859714139E-4;4.031515746E-8;2.297224934E-3;8.348273658E-9;4.756985613E-4;NaN;3.320170717E-3;7.037773349E-8;4.010240673E-3;1.929522749E-8;1.099474254E-3
1.422222222E2;NaN;3.871175793E-4;4.123313827E-8;2.356510092E-3;6.684691652E-9;3.820360031E-4;NaN;3.330030165E-3;6.800540289E-8;3.886568546E-3;2.305485189E-8;1.317605049E-3
1.420118343E2;NaN;3.882654440E-4;4.093921253E-8;2.346649593E-3;5.248519916E-9;3.008469476E-4;NaN;3.339904229E-3;6.454528340E-8;3.699757608E-3;2.740550696E-8;1.570892985E-3
1.418020679E2;NaN;3.894150079E-4;4.057849718E-8;2.332859934E-3;4.283481788E-9;2.462575929E-4;NaN;3.349792912E-3;6.056821900E-8;3.482070091E-3;3.140929006E-8;1.805721735E-3
1.415929204E2;NaN;3.905662712E-4;4.161839417E-8;2.399717258E-3;3.965544499E-9;2.286533578E-4;NaN;3.359696211E-3;5.612632027E-8;3.236244504E-3;3.421305429E-8;1.972725245E-3
1.413843888E2;NaN;3.917192337E-4;4.545914011E-8;2.628912510E-3;4.386345831E-9;2.536633865E-4;NaN;3.369614128E-3;5.104052375E-8;2.951685207E-3;3.536787636E-8;2.045332411E-3
1.411764706E2;NaN;3.928738955E-4;5.306601484E-8;3.077865712E-3;5.569573022E-9;3.230391030E-4;NaN;3.379546663E-3;4.535826686E-8;2.630810977E-3;3.491742019E-8;2.025234619E-3
1.409691630E2;NaN;3.940302566E-4;6.468379083E-8;3.762747327E-3;7.483354352E-9;4.353172753E-4;NaN;3.389493814E-3;3.966739541E-8;2.307508328E-3;3.325027249E-8;1.934215239E-3
1.407624633E2;NaN;3.951883170E-4;7.966354138E-8;4.647760343E-3;1.000303374E-8;5.836007632E-4;NaN;3.399455584E-3;3.498433167E-8;2.041069058E-3;3.086261453E-8;1.800598284E-3
1.405563690E2;NaN;3.963480767E-4;9.642384821E-8;5.642105924E-3;1.284976492E-8;7.518859298E-4;NaN;3.409431970E-3;3.222035314E-8;1.885328668E-3;2.817304943E-8;1.648506381E-3
1.403508772E2;NaN;3.975095356E-4;1.126100834E-7;6.608529783E-3;1.558265413E-8;9.144690314E-4;NaN;3.419422974E-3;3.159385618E-8;1.854087424E-3;2.545034812E-8;1.493555270E-3
1.401459854E2;NaN;3.986726938E-4;1.255054221E-7;7.386845228E-3;1.769550431E-8;1.041500434E-3;NaN;3.429428596E-3;3.243248927E-8;1.908871940E-3;2.285535750E-8;1.345192786E-3
1.399416910E2;NaN;3.998375514E-4;1.326635974E-7;7.830966557E-3;1.878614427E-8;1.108922646E-3;NaN;3.439448835E-3;3.349305587E-8;1.977053280E-3;2.052470776E-8;1.211547879E-3
1.397379913E2;NaN;4.010041081E-4;1.326347002E-7;7.852103261E-3;1.871943872E-8;1.108208980E-3;NaN;3.449483691E-3;3.355785272E-8;1.986657521E-3;1.858953496E-8;1.100518551E-3
1.395348837E2;NaN;4.021723642E-4;1.255529154E-7;7.454509047E-3;1.769769815E-8;1.050773298E-3;NaN;3.459533165E-3;3.193449556E-8;1.896060998E-3;1.710486124E-8;1.015574529E-3
1.393323657E2;NaN;4.033423196E-4;1.133444930E-7;6.749230123E-3;1.618458886E-8;9.637302326E-4;NaN;3.469597256E-3;2.863524284E-8;1.705118955E-3;1.598244211E-8;9.516931683E-4
1.391304348E2;NaN;4.045139742E-4;9.940445115E-8;5.936348397E-3;1.470049377E-8;8.779008545E-4;NaN;3.479675965E-3;2.422975199E-8;1.446979967E-3;1.503604283E-8;8.979395564E-4
1.389290883E2;NaN;4.056873281E-4;8.777366864E-8;5.256972601E-3;1.359071773E-8;8.139802272E-4;NaN;3.489769291E-3;1.949915022E-8;1.167850222E-3;1.413036057E-8;8.463007134E-4
1.387283237E2;NaN;4.068623813E-4;8.205753412E-8;4.928854738E-3;1.289247603E-8;7.743974062E-4;NaN;3.499877234E-3;1.509180687E-8;9.065020608E-4;1.334166885E-8;8.013785505E-4
1.385281385E2;NaN;4.080391338E-4;8.446102063E-8;5.087895261E-3;1.237033234E-8;7.451834564E-4;NaN;3.509999795E-3;1.135473613E-8;6.840043814E-4;1.302496280E-8;7.846181115E-4
1.383285303E2;NaN;4.092175855E-4;9.529627479E-8;5.757185633E-3;1.168444190E-8;7.058985379E-4;NaN;3.520136973E-3;8.381377321E-9;5.063487026E-4;1.371801165E-8;8.287536923E-4
1.381294964E2;NaN;4.103977366E-4;1.131227173E-7;6.853853319E-3;1.058538327E-8;6.413447803E-4;NaN;3.530288769E-3;6.157506550E-9;3.730695984E-4;1.589012543E-8;9.627472849E-4
1.379310345E2;NaN;4.115795869E-4;1.354066919E-7;8.227615266E-3;9.031121491E-9;5.487512618E-4;NaN;3.540455182E-3;4.672756180E-9;2.839271792E-4;1.966446625E-8;1.194857214E-3
1.377331420E2;NaN;4.127631365E-4;1.593471326E-7;9.710132967E-3;7.181143119E-9;4.375971717E-4;NaN;3.550636212E-3;3.934763130E-9;2.397725806E-4;2.471259908E-8;1.505911146E-3
1.375358166E2;NaN;4.139483854E-4;1.824640649E-7;1.115073665E-2;5.295833764E-9;3.236387815E-4;NaN;3.560831860E-3;3.933678630E-9;2.403948113E-4;3.044575887E-8;1.860600000E-3
1.373390558E2;NaN;4.151353336E-4;2.027374905E-7;1.242521138E-2;3.616588342E-9;2.216505420E-4;NaN;3.571042126E-3;4.638268276E-9;2.842664356E-4;3.637192070E-8;2.229132866E-3
1.371428571E2;NaN;4.163239810E-4;2.183961527E-7;1.342321145E-2;2.291823455E-9;1.408615970E-4;NaN;3.581267008E-3;6.050126804E-9;3.718569690E-4;4.235178001E-8;2.603053632E-3
1.369472183E2;NaN;4.175143277E-4;2.276676374E-7;1.403307042E-2;1.363325277E-9;8.403319789E-5;NaN;3.591506509E-3;8.228048471E-9;5.071637979E-4;4.853287351E-8;2.991488995E-3
1.367521368E2;NaN;4.187063737E-4;2.288215105E-7;1.414446223E-2;7.933786100E-10;4.904221531E-5;NaN;3.601760626E-3;1.121212722E-8;6.930708117E-4;5.496068892E-8;3.397361494E-3
1.365576102E2;NaN;4.199001190E-4;2.206046260E-7;1.367541874E-2;5.088224255E-10;3.154222039E-5;NaN;3.612029361E-3;1.494494474E-8;9.264464713E-4;6.111185307E-8;3.788361993E-3
1.363636364E2;NaN;4.210955636E-4;2.028747407E-7;1.261213655E-2;4.405945830E-10;2.739049240E-5;NaN;3.622312714E-3;1.932357198E-8;1.201290646E-3;6.572783302E-8;4.086109498E-3
1.361702128E2;NaN;4.222927075E-4;1.770561737E-7;1.103836312E-2;5.428067433E-10;3.384066091E-5;NaN;3.632610683E-3;2.432622627E-8;1.516590544E-3;6.720306963E-8;4.189697935E-3
1.359773371E2;NaN;4.234915506E-4;1.460989899E-7;9.134230849E-3;7.888873051E-10;4.932189309E-5;NaN;3.642923271E-3;3.001970658E-8;1.876857124E-3;6.437293033E-8;4.024649360E-3
1.357850071E2;NaN;4.246920930E-4;1.138929066E-7;7.140865813E-3;1.160890574E-9;7.278560234E-5;NaN;3.653250475E-3;3.639537203E-8;2.281919705E-3;5.720035878E-8;3.586352290E-3
1.355932203E2;NaN;4.258943347E-4;8.437168791E-8;5.304917337E-3;1.649761723E-9;1.037296963E-4;NaN;3.663592297E-3;4.318325767E-8;2.715171617E-3;4.691848820E-8;2.950026337E-3
1.354019746E2;NaN;4.270982757E-4;6.068394345E-8;3.826323044E-3;2.261133192E-9;1.425719152E-4;NaN;3.673948737E-3;4.981859368E-8;3.141226858E-3;3.557960541E-8;2.243411623E-3
1.352112676E2;NaN;4.283039160E-4;4.472728984E-8;2.828164387E-3;3.008609348E-9;1.902382604E-4;NaN;3.684319794E-3;5.557301258E-8;3.513953463E-3;2.530582699E-8;1.600120171E-3
1.350210970E2;NaN;4.295112555E-4;3.711854150E-8;2.353669462E-3;3.888315545E-9;2.465562813E-4;NaN;3.694705468E-3;5.978274864E-8;3.790796302E-3;1.761805085E-8;1.117152415E-3
1.348314607E2;NaN;4.307202943E-4;3.747461902E-8;2.382937115E-3;4.847343982E-9;3.082330438E-4;NaN;3.705105760E-3;6.209780798E-8;3.948677139E-3;1.310374328E-8;8.332411915E-4
1.346423562E2;NaN;4.319310324E-4;4.478177635E-8;2.855589289E-3;5.769147326E-9;3.678798980E-4;NaN;3.715520669E-3;6.261173732E-8;3.992548333E-3;1.149549419E-8;7.330305485E-4
1.344537815E2;NaN;4.331434698E-4;5.764816279E-8;3.686355907E-3;6.490570927E-9;4.150445273E-4;NaN;3.725950196E-3;6.171000657E-8;3.946093617E-3;1.204291866E-8;7.700936539E-4
1.342657343E2;NaN;4.343576065E-4;7.434208894E-8;4.767187260E-3;6.850755841E-9;4.393047926E-4;NaN;3.736394340E-3;5.973848875E-8;3.830731239E-3;1.392742310E-8;8.930961576E-4
1.340782123E2;NaN;4.355734425E-4;9.273333249E-8;5.963171223E-3;6.761298154E-9;4.347819441E-4;NaN;3.746853101E-3;5.695540335E-8;3.662489130E-3;1.652197186E-8;1.062437254E-3
1.338912134E2;NaN;4.367909777E-4;1.103270069E-7;7.114354725E-3;6.269627158E-9;4.042922295E-4;NaN;3.757326480E-3;5.401603942E-8;3.483184001E-3;1.945158819E-8;1.254321152E-3
1.337047354E2;NaN;4.380102122E-4;1.245466980E-7;8.053719033E-3;5.568995490E-9;3.601149263E-4;NaN;3.767814476E-3;5.248827638E-8;3.394115117E-3;2.257587101E-8;1.459851806E-3
1.335187761E2;NaN;4.392311460E-4;1.332590626E-7;8.641117343E-3;4.933269836E-9;3.198954180E-4;NaN;3.778317090E-3;5.462624294E-8;3.542211434E-3;2.595171324E-8;1.682825880E-3
1.333333333E2;NaN;4.404537791E-4;1.353892202E-7;8.803684045E-3;4.629608374E-9;3.010402845E-4;NaN;3.788834321E-3;6.245544665E-8;4.061165418E-3;2.978415535E-8;1.936714702E-3
1.331484050E2;NaN;4.416781114E-4;1.313850331E-7;8.567059676E-3;4.888775177E-9;3.187762541E-4;NaN;3.799366169E-3;7.712776872E-8;5.029174039E-3;3.432820892E-8;2.238396623E-3
1.329639889E2;NaN;4.429041431E-4;1.232189504E-7;8.056886921E-3;5.932956887E-9;3.879367790E-4;NaN;3.809912635E-3;9.912083780E-8;6.481189613E-3;3.973365453E-8;2.598054604E-3
1.327800830E2;NaN;4.441318740E-4;1.137655376E-7;7.459379215E-3;7.966447802E-9;5.223440806E-4;NaN;3.820473718E-3;1.286958186E-7;8.438327938E-3;4.583507542E-8;3.005314404E-3
1.325966851E2;NaN;4.453613042E-4;1.057402934E-7;6.952372152E-3;1.107912162E-8;7.284467837E-4;NaN;3.831049419E-3;1.657619189E-7;1.089876444E-2;5.195807760E-8;3.416217984E-3
1.324137931E2;NaN;4.465924337E-4;1.007556537E-7;6.642947283E-3;1.510754108E-8;9.960592320E-4;NaN;3.841639737E-3;2.091030951E-7;1.378643071E-2;5.691550965E-8;3.752511313E-3
1.322314050E2;NaN;4.478252625E-4;9.906311204E-8;6.549385840E-3;1.955440849E-8;1.292805803E-3;NaN;3.852244673E-3;2.556127826E-7;1.689939579E-2;5.935486719E-8;3.924144101E-3
1.320495186E2;NaN;4.490597905E-4;1.001265432E-7;6.637941376E-3;2.364360404E-8;1.567465055E-3;NaN;3.862864226E-3;3.002221549E-7;1.990338426E-2;5.836018681E-8;3.869019006E-3
1.318681319E2;NaN;4.502960178E-4;1.036109222E-7;6.887849761E-3;2.653887877E-8;1.764252320E-3;NaN;3.873498396E-3;3.369896714E-7;2.240240873E-2;5.394676258E-8;3.586274381E-3
1.316872428E2;NaN;4.515339445E-4;1.100415985E-7;7.335459359E-3;2.766167614E-8;1.843949050E-3;NaN;3.884147184E-3;3.612296284E-7;2.407985065E-2;4.711787301E-8;3.140914410E-3
1.315068493E2;NaN;4.527735704E-4;1.205707797E-7;8.059408288E-3;2.692865412E-8;1.800013392E-3;NaN;3.894810589E-3;3.713560271E-7;2.482284555E-2;3.946476450E-8;2.637974565E-3
1.313269494E2;NaN;4.540148955E-4;1.358801755E-7;9.107647662E-3;2.473988308E-8;1.658241443E-3;NaN;3.905488612E-3;3.687891756E-7;2.471885144E-2;3.258097593E-8;2.183806785E-3
1.311475410E2;NaN;4.552579200E-4;1.549251433E-7;1.041260602E-2;2.173503514E-8;1.460823938E-3;NaN;3.916181252E-3;3.559194773E-7;2.392154827E-2;2.760531080E-8;1.855368467E-3
1.309686221E2;NaN;4.565026437E-4;1.745006982E-7;1.176035648E-2;1.851924445E-8;1.248091949E-3;NaN;3.926888510E-3;3.341403665E-7;2.251916390E-2;2.503206030E-8;1.687018766E-3
1.307901907E2;NaN;4.577490668E-4;1.901186015E-7;1.284789855E-2;1.553019635E-8;1.049504813E-3;NaN;3.937610384E-3;3.037847901E-7;2.052927033E-2;2.474132247E-8;1.671977380E-3
1.306122449E2;NaN;4.589971891E-4;1.977593462E-7;1.340068701E-2;1.303671696E-8;8.834018061E-4;NaN;3.948346877E-3;2.657328122E-7;1.800674564E-2;2.614265009E-8;1.771493880E-3
1.304347826E2;NaN;4.602470106E-4;1.954913944E-7;1.328307549E-2;1.117721496E-8;7.594594667E-4;NaN;3.959097986E-3;2.230540718E-7;1.515587980E-2;2.836891466E-8;1.927585796E-3
1.302578019E2;NaN;4.614985315E-4;1.840661325E-7;1.254077081E-2;9.988436105E-9;6.805308845E-4;NaN;3.969863714E-3;1.813293421E-7;1.235430815E-2;3.048640193E-8;2.077095739E-3
1.300813008E2;NaN;4.627517516E-4;1.662904421E-7;1.136044595E-2;9.416780442E-9;6.433251595E-4;NaN;3.980644058E-3;1.472294406E-7;1.005825759E-2;3.170620897E-8;2.166069611E-3
1.299052774E2;NaN;4.640066711E-4;1.456878377E-7;9.979931084E-3;9.307011169E-9;6.375503373E-4;NaN;3.991439020E-3;1.258686428E-7;8.622273488E-3;3.158668020E-8;2.163755716E-3
1.297297297E2;NaN;4.652632898E-4;1.252331844E-7;8.601976098E-3;9.404231637E-9;6.459547933E-4;NaN;4.002248600E-3;1.184275060E-7;8.134509877E-3;3.020747038E-8;2.074880866E-3
1.295546559E2;NaN;4.665216078E-4;1.067578264E-7;7.352778905E-3;9.432533573E-9;6.496510484E-4;NaN;4.013072796E-3;1.217961217E-7;8.388518050E-3;2.818259855E-8;1.941032550E-3
1.293800539E2;NaN;4.677816251E-4;9.105660613E-8;6.288320055E-3;9.235006709E-9;6.377645771E-4;NaN;4.023911611E-3;1.305713941E-7;9.017189979E-3;2.642108043E-8;1.824625549E-3
1.292059219E2;NaN;4.690433416E-4;7.830957897E-8;5.422603931E-3;8.839571099E-9;6.121025501E-4;NaN;4.034765042E-3;1.397681738E-7;9.678349167E-3;2.580588504E-8;1.786947338E-3
1.290322581E2;NaN;4.703067574E-4;6.841601215E-8;4.750277660E-3;8.387941943E-9;5.823936820E-4;NaN;4.045633091E-3;1.463877482E-7;1.016403073E-2;2.713690211E-8;1.884176172E-3
1.288590604E2;NaN;4.715718726E-4;6.117159624E-8;4.258706660E-3;8.009285284E-9;5.575986025E-4;NaN;4.056515758E-3;1.494876191E-7;1.040718173E-2;3.136039945E-8;2.183280316E-3
1.286863271E2;NaN;4.728386870E-4;5.645851092E-8;3.941145264E-3;7.758262252E-9;5.415735915E-4;NaN;4.067413042E-3;1.495409941E-7;1.043886513E-2;3.969770705E-8;2.771139862E-3
1.285140562E2;NaN;4.741072006E-4;5.449826885E-8;3.814514575E-3;7.621687732E-9;5.334672009E-4;NaN;4.078324943E-3;1.476567753E-7;1.033498739E-2;5.327337643E-8;3.728780293E-3
1.283422460E2;NaN;4.753774136E-4;5.601359653E-8;3.931081271E-3;7.538646462E-9;5.290685432E-4;NaN;4.089251462E-3;1.448170209E-7;1.016338022E-2;7.229961391E-8;5.074047656E-3
1.281708945E2;NaN;4.766493258E-4;6.203805851E-8;4.365532256E-3;7.425956319E-9;5.225542613E-4;NaN;4.100192598E-3;1.414803860E-7;9.955778814E-3;9.526281756E-8;6.703512534E-3
1.280000000E2;NaN;4.779229374E-4;7.330602241E-8;5.172226679E-3;7.218566443E-9;5.093177984E-4;NaN;4.111148351E-3;1.378122540E-7;9.723569682E-3;1.186989264E-7;8.374997493E-3
1.278295606E2;NaN;4.791982482E-4;8.947844227E-8;6.330144980E-3;6.894096233E-9;4.877222665E-4;NaN;4.122118722E-3;1.341824186E-7;9.492724083E-3;1.379794917E-7;9.761347705E-3
1.276595745E2;NaN;4.804752583E-4;1.086530923E-7;7.707138090E-3;6.455001458E-9;4.578754873E-4;NaN;4.133103711E-3;1.313162575E-7;9.314714454E-3;1.490353088E-7;1.057158780E-2
1.274900398E2;NaN;4.817539676E-4;1.275715654E-7;9.073173281E-3;5.903771524E-9;4.198893528E-4;NaN;4.144103317E-3;1.300293563E-7;9.247976833E-3;1.501824666E-7;1.068131083E-2
1.273209549E2;NaN;4.830343763E-4;1.425705930E-7;1.016688744E-2;5.254418430E-9;3.746991554E-4;NaN;4.155117540E-3;1.308210015E-7;9.329009372E-3;1.429199061E-7;1.019179741E-2
1.271523179E2;NaN;4.843164842E-4;1.508598738E-7;1.078656119E-2;4.554503182E-9;3.256493991E-4;NaN;4.166146381E-3;1.334247015E-7;9.539937096E-3;1.311483041E-7;9.377173476E-3
1.269841270E2;NaN;4.856002914E-4;1.514948865E-7;1.086067788E-2;3.879829430E-9;2.781452143E-4;NaN;4.177189839E-3;1.364266501E-7;9.780435073E-3;1.193192593E-7;8.554005159E-3
1.268163804E2;NaN;4.868857979E-4;1.455795125E-7;1.046423268E-2;3.309981513E-9;2.379209554E-4;NaN;4.188247914E-3;1.374050890E-7;9.876656385E-3;1.105617924E-7;7.947164411E-3
1.266490765E2;NaN;4.881730037E-4;1.356510676E-7;9.776355721E-3;2.920073143E-9;2.104493115E-4;NaN;4.199320607E-3;1.338471132E-7;9.646344949E-3;1.057098775E-7;7.618497838E-3
1.264822134E2;NaN;4.894619088E-4;1.245897026E-7;9.002871866E-3;2.774644739E-9;2.004962732E-4;NaN;4.210407917E-3;1.243513824E-7;8.985650811E-3;1.036634245E-7;7.490735653E-3
1.263157895E2;NaN;4.907525131E-4;1.145536336E-7;8.299490308E-3;2.899738234E-9;2.100880488E-4;NaN;4.221509845E-3;1.093245008E-7;7.920636004E-3;1.028516212E-7;7.451671384E-3
1.261498029E2;NaN;4.920448167E-4;1.063702500E-7;7.726892346E-3;3.249569353E-9;2.360535258E-4;NaN;4.232626390E-3;9.085714790E-8;6.599997656E-3;1.027368336E-7;7.462955601E-3
1.259842520E2;NaN;4.933388196E-4;9.955081212E-8;7.250536079E-3;3.715731749E-9;2.706260907E-4;NaN;4.243757553E-3;7.197084433E-8;5.241817644E-3;1.041965637E-7;7.588897851E-3
1.258191350E2;NaN;4.946345218E-4;9.280986652E-8;6.777329365E-3;4.177859696E-9;3.050832014E-4;NaN;4.254903333E-3;5.556891067E-8;4.057853159E-3;1.086171651E-7;7.931638413E-3
1.256544503E2;NaN;4.959319233E-4;8.479962558E-8;6.208633443E-3;4.553398696E-9;3.333786349E-4;NaN;4.266063730E-3;4.351902175E-8;3.186259986E-3;1.166835046E-7;8.543022495E-3
1.254901961E2;NaN;4.972310240E-4;7.474895409E-8;5.487106109E-3;4.814816137E-9;3.534418288E-4;NaN;4.277238745E-3;3.630027715E-8;2.664699124E-3;1.278604878E-7;9.385871309E-3
1.253263708E2;NaN;4.985318241E-4;6.279764733E-8;4.621854621E-3;4.988478622E-9;3.671478782E-4;NaN;4.288428377E-3;3.333222760E-8;2.453224232E-3;1.407098056E-7;1.035612468E-2
1.251629726E2;NaN;4.998343234E-4;4.992128244E-8;3.683764255E-3;5.152021306E-9;3.801751677E-4;NaN;4.299632627E-3;3.363875554E-8;2.482252843E-3;1.535597577E-7;1.133139853E-2
1.250000000E2;NaN;5.011385220E-4;3.753601208E-8;2.777064318E-3;5.412985170E-9;4.004742948E-4;NaN;4.310851494E-3;3.637176090E-8;2.690928358E-3;1.650570006E-7;1.221157713E-2
1.248374512E2;NaN;5.024444199E-4;2.700961698E-8;2.003486744E-3;5.860746920E-9;4.347314058E-4;NaN;4.322084978E-3;4.099243772E-8;3.040687530E-3;1.743037958E-7;1.292929643E-2
1.246753247E2;NaN;5.037520170E-4;1.931924731E-8;1.436769236E-3;6.518401943E-9;4.847724774E-4;NaN;4.333333080E-3;4.718230964E-8;3.508940586E-3;1.805537051E-7;1.342774927E-2
1.245136187E2;NaN;5.050613134E-4;1.500659008E-8;1.118938311E-3;7.332054805E-9;5.467009476E-4;NaN;4.344595799E-3;5.462620145E-8;4.073100501E-3;1.828900407E-7;1.363685368E-2
1.243523316E2;NaN;5.063723092E-4;1.438637451E-8;1.075477504E-3;8.194811549E-9;6.126168523E-4;NaN;4.355873136E-3;6.272449347E-8;4.689074486E-3;1.804165181E-7;1.348733876E-2
1.241914618E2;NaN;5.076850042E-4;1.781400574E-8;1.335168089E-3;8.976138801E-9;6.727658146E-4;NaN;4.367165090E-3;7.037300480E-8;5.274489728E-3;1.728708970E-7;1.295675484E-2
1.240310078E2;NaN;5.089993985E-4;2.577930964E-8;1.937173736E-3;9.559199821E-9;7.183214403E-4;NaN;4.378471662E-3;7.603561024E-8;5.713659102E-3;1.609606461E-7;1.209530978E-2
1.238709677E2;NaN;5.103154920E-4;3.868412399E-8;2.914415981E-3;9.900757148E-9;7.459112907E-4;NaN;4.389792851E-3;7.823770256E-8;5.894335637E-3;1.459765299E-7;1.099769848E-2
1.237113402E2;NaN;5.116332849E-4;5.638773109E-8;4.259154855E-3;1.009416224E-8;7.624460017E-4;NaN;4.401128657E-3;7.625925322E-8;5.760117711E-3;1.291006612E-7;9.751406863E-3
1.235521236E2;NaN;5.129527770E-4;7.776029541E-8;5.888644105E-3;1.037303369E-8;7.855307566E-4;NaN;4.412479081E-3;7.054788285E-8;5.342461371E-3;1.110734116E-7;8.411385100E-3
1.233933162E2;NaN;5.142739684E-4;1.005500139E-7;7.634079826E-3;1.103030595E-8;8.374562357E-4;NaN;4.423844122E-3;6.252078270E-8;4.746778518E-3;9.238270339E-8;7.013991396E-3
1.232349166E2;NaN;5.155968591E-4;1.217532477E-7;9.267675902E-3;1.228241627E-8;9.349192360E-4;NaN;4.435223781E-3;5.388788429E-8;4.101865505E-3;7.363845850E-8;5.605249802E-3
1.230769231E2;NaN;5.169214491E-4;1.384134000E-7;1.056288886E-2;1.413443562E-8;1.078656203E-3;NaN;4.446618057E-3;4.597169323E-8;3.508286671E-3;5.582374423E-8;4.260136706E-3
1.229193342E2;NaN;5.182477383E-4;1.485237328E-7;1.136353075E-2;1.629832343E-8;1.246982526E-3;NaN;4.458026950E-3;3.939488230E-8;3.014097127E-3;4.022178365E-8;3.077363238E-3
1.227621483E2;NaN;5.195757269E-4;1.515783709E-7;1.162695815E-2;1.822321763E-8;1.397828645E-3;NaN;4.469450461E-3;3.415926832E-8;2.620218048E-3;2.797377254E-8;2.145753914E-3
1.226053640E2;NaN;5.209054147E-4;1.484964888E-7;1.141971005E-2;1.927254028E-8;1.482101184E-3;NaN;4.480888590E-3;2.992002790E-8;2.300916647E-3;1.956158997E-8;1.504329748E-3
1.224489796E2;NaN;5.222368018E-4;1.409837695E-7;1.086967632E-2;1.899278522E-8;1.464320527E-3;NaN;4.492341335E-3;2.628502382E-8;2.026543211E-3;1.469467253E-8;1.132941292E-3
1.222929936E2;NaN;5.235698881E-4;1.307091656E-7;1.010324126E-2;1.732953378E-8;1.339496430E-3;NaN;4.503808698E-3;2.303450036E-8;1.780465152E-3;1.269950040E-8;9.816152970E-4
1.221374046E2;NaN;5.249046738E-4;1.187372002E-7;9.201259185E-3;1.466634591E-8;1.136533873E-3;NaN;4.515290679E-3;2.020703476E-8;1.565896483E-3;1.293620709E-8;1.002460847E-3
1.219822109E2;NaN;5.262411588E-4;1.054669850E-7;8.193724616E-3;1.169039436E-8;9.082261343E-4;NaN;4.526787277E-3;1.806569290E-8;1.403522748E-3;1.482094160E-8;1.151438187E-3
1.218274112E2;NaN;5.275793430E-4;9.102771981E-8;7.089922159E-3;9.169655135E-9;7.142015780E-4;NaN;4.538298492E-3;1.705511847E-8;1.328380658E-3;1.760861508E-8;1.371491129E-3
1.216730038E2;NaN;5.289192265E-4;7.581266816E-8;5.919856181E-3;7.737737780E-9;6.042037028E-4;NaN;4.549824325E-3;1.778432827E-8;1.388694900E-3;2.037265384E-8;1.590805121E-3
1.215189873E2;NaN;5.302608093E-4;6.077726783E-8;4.757849754E-3;7.748943765E-9;6.066134841E-4;NaN;4.561364775E-3;2.092608414E-8;1.638164529E-3;2.228067375E-8;1.744206377E-3
1.213653603E2;NaN;5.316040913E-4;4.735584730E-8;3.716566829E-3;9.231579617E-9;7.245099506E-4;NaN;4.572919843E-3;2.693410996E-8;2.113834413E-3;2.291922880E-8;1.798739762E-3
1.212121212E2;NaN;5.329490727E-4;3.715989445E-8;2.923749785E-3;1.192548993E-8;9.383005291E-4;NaN;4.584489528E-3;3.566776457E-8;2.806348634E-3;2.241895041E-8;1.763928623E-3
1.210592686E2;NaN;5.342957533E-4;3.175626529E-8;2.504904449E-3;1.534262013E-8;1.210211499E-3;NaN;4.596073831E-3;4.617098082E-8;3.641923701E-3;2.134115163E-8;1.683370043E-3
1.209068010E2;NaN;5.356441332E-4;3.262578729E-8;2.579986142E-3;1.882982321E-8;1.489027146E-3;NaN;4.607672750E-3;5.678401146E-8;4.490373254E-3;2.040461709E-8;1.613558896E-3
1.207547170E2;NaN;5.369942124E-4;4.113938234E-8;3.261424973E-3;2.166827564E-8;1.717805453E-3;NaN;4.619286288E-3;6.559803169E-8;5.200444114E-3;2.016436189E-8;1.598579019E-3
1.206030151E2;NaN;5.383459909E-4;5.830430418E-8;4.633851588E-3;2.323577408E-8;1.846709778E-3;NaN;4.630914442E-3;7.112588316E-8;5.652872310E-3;2.077601247E-8;1.651215287E-3
1.204516939E2;NaN;5.396994687E-4;8.420528809E-8;6.709209864E-3;2.318454729E-8;1.847271079E-3;NaN;4.642557215E-3;7.289523030E-8;5.808060388E-3;2.195891757E-8;1.749616797E-3
1.203007519E2;NaN;5.410546457E-4;1.173507588E-7;9.373613725E-3;2.154599781E-8;1.721027311E-3;NaN;4.654214604E-3;7.158140154E-8;5.717699781E-3;2.316555835E-8;1.850392770E-3
1.201501877E2;NaN;5.424115220E-4;1.543774348E-7;1.236211408E-2;1.871156032E-8;1.498369522E-3;NaN;4.665886611E-3;6.850561277E-8;5.485738256E-3;2.384479674E-8;1.909424766E-3
1.200000000E2;NaN;5.437700976E-4;1.905236008E-7;1.529481128E-2;1.530273582E-8;1.228469625E-3;NaN;4.677573235E-3;6.481731206E-8;5.203389774E-3;2.365601534E-8;1.899052343E-3
1.198501873E2;NaN;5.451303725E-4;2.208577844E-7;1.777432477E-2;1.197893461E-8;9.640478590E-4;NaN;4.689274477E-3;6.094591363E-8;4.904841662E-3;2.258135522E-8;1.817315801E-3
1.197007481E2;NaN;5.464923467E-4;2.417351678E-7;1.950311318E-2;9.249933433E-9;7.462815621E-4;NaN;4.700990336E-3;5.667495715E-8;4.572516749E-3;2.092944709E-8;1.688580851E-3
1.195516812E2;NaN;5.478560201E-4;2.517351818E-7;2.036059073E-2;7.356563197E-9;5.950061145E-4;NaN;4.712720813E-3;5.170224030E-8;4.181728381E-3;1.922956479E-8;1.555306238E-3
1.194029851E2;NaN;5.492213929E-4;2.516157040E-7;2.040164604E-2;6.257500295E-9;5.073741587E-4;NaN;4.724465907E-3;4.628423911E-8;3.752844710E-3;1.804009188E-8;1.462736878E-3
1.192546584E2;NaN;5.505884649E-4;2.434259189E-7;1.978672632E-2;5.716043380E-9;4.646250757E-4;NaN;4.736225619E-3;4.154283425E-8;3.376783769E-3;1.779394411E-8;1.446369819E-3
1.191066998E2;NaN;5.519572362E-4;2.293529729E-7;1.868916186E-2;5.432304457E-9;4.426592602E-4;NaN;4.747999947E-3;3.918027561E-8;3.192661964E-3;1.877754423E-8;1.530115608E-3
1.189591078E2;NaN;5.533277067E-4;2.109381600E-7;1.723128204E-2;5.164420181E-9;4.218752106E-4;NaN;4.759788894E-3;4.065257172E-8;3.320859198E-3;2.120825377E-8;1.732476486E-3
1.188118812E2;NaN;5.546998766E-4;1.889884239E-7;1.547651927E-2;4.796403339E-9;3.927839979E-4;NaN;4.771592457E-3;4.627982468E-8;3.789917835E-3;2.526270570E-8;2.068797355E-3
1.186650185E2;NaN;5.560737457E-4;1.640526956E-7;1.346777282E-2;4.338713157E-9;3.561831333E-4;NaN;4.783410639E-3;5.486034851E-8;4.503715761E-3;3.096198507E-8;2.541799021E-3
1.185185185E2;NaN;5.574493142E-4;1.370115777E-7;1.127567820E-2;3.880322481E-9;3.193399300E-4;NaN;4.795243437E-3;6.403904476E-8;5.270238277E-3;3.794207701E-8;3.122529190E-3
1.183723798E2;NaN;5.588265819E-4;1.093447793E-7;9.021009260E-3;3.527599410E-9;2.910290474E-4;NaN;4.807090853E-3;7.120646477E-8;5.874575653E-3;4.527696271E-8;3.735376326E-3
1.182266010E2;NaN;5.602055488E-4;8.293706630E-8;6.859241530E-3;3.362698875E-9;2.781092315E-4;NaN;4.818952887E-3;7.448136749E-8;6.159919948E-3;5.158118819E-8;4.265979543E-3
1.180811808E2;NaN;5.615862151E-4;5.962167319E-8;4.943113913E-3;3.429447895E-9;2.843286795E-4;NaN;4.830829537E-3;7.332112721E-8;6.078908301E-3;5.548029375E-8;4.599760411E-3
1.179361179E2;NaN;5.629685806E-4;4.074925038E-8;3.386755164E-3;3.731899279E-9;3.101659304E-4;NaN;4.842720806E-3;6.846679137E-8;5.690417789E-3;5.626324892E-8;4.676155931E-3
1.177914110E2;NaN;5.643526455E-4;2.699218113E-8;2.248891822E-3;4.232276735E-9;3.526181337E-4;NaN;4.854626691E-3;6.130110794E-8;5.107388678E-3;5.429928904E-8;4.524022214E-3
1.176470588E2;NaN;5.657384096E-4;1.841162226E-8;1.537757103E-3;4.845608636E-9;4.047100789E-4;NaN;4.866547194E-3;5.309697221E-8;4.434712216E-3;5.091699121E-8;4.252638023E-3
1.175030600E2;NaN;5.671258730E-4;1.472324650E-8;1.232716089E-3;5.444191865E-9;4.558195031E-4;NaN;4.878482315E-3;4.464025802E-8;3.737542822E-3;4.777049355E-8;3.999624402E-3
1.173594132E2;NaN;5.685150356E-4;1.560355853E-8;1.309620998E-3;5.885758172E-9;4.939970889E-4;NaN;4.890432053E-3;3.632285607E-8;3.048610669E-3;4.605818637E-8;3.865705882E-3
1.172161172E2;NaN;5.699058976E-4;2.087398091E-8;1.756258558E-3;6.062874688E-9;5.101075641E-4;NaN;4.902396408E-3;2.846164903E-8;2.394656530E-3;4.603869389E-8;3.873523239E-3
1.170731707E2;NaN;5.712984588E-4;3.045943153E-8;2.569004509E-3;5.948720131E-9;5.017260032E-4;NaN;4.914375381E-3;2.156071752E-8;1.818470593E-3;4.711966626E-8;3.974159366E-3
1.169305725E2;NaN;5.726927193E-4;4.410510129E-8;3.728983881E-3;5.608590010E-9;4.741932595E-4;NaN;4.926368971E-3;1.634800071E-8;1.382185492E-3;4.845792581E-8;4.097005084E-3
1.167883212E2;NaN;5.740886791E-4;6.100016352E-8;5.169993562E-3;5.170635623E-9;4.382308397E-4;NaN;4.938377178E-3;1.354398043E-8;1.147903343E-3;4.964694506E-8;4.207765546E-3
1.166464156E2;NaN;5.754863382E-4;7.953341257E-8;6.757167051E-3;4.776055595E-9;4.057741829E-4;NaN;4.950400003E-3;1.351384050E-8;1.148137303E-3;5.097808125E-8;4.331103116E-3
1.165048544E2;NaN;5.768856966E-4;9.738883847E-8;8.294285448E-3;4.535735532E-9;3.862936021E-4;NaN;4.962437445E-3;1.612067079E-8;1.372944244E-3;5.308428472E-8;4.521013057E-3
1.163636364E2;NaN;5.782867542E-4;1.120500892E-7;9.566112229E-3;4.513790617E-9;3.853582619E-4;NaN;4.974489505E-3;2.092000561E-8;1.786014835E-3;5.626681471E-8;4.803696884E-3
1.162227603E2;NaN;5.796895111E-4;1.215716106E-7;1.040417463E-2;4.735571506E-9;4.052731774E-4;NaN;4.986556182E-3;2.749234909E-8;2.352812466E-3;5.999482385E-8;5.134394626E-3
1.160822249E2;NaN;5.810939674E-4;1.252899841E-7;1.074837330E-2;5.201543358E-9;4.462298413E-4;NaN;4.998637477E-3;3.558764568E-8;3.052991851E-3;6.290927926E-8;5.396859311E-3
1.159420290E2;NaN;5.825001228E-4;1.240769034E-7;1.067006310E-2;5.888215832E-9;5.063604326E-4;NaN;5.010733389E-3;4.497047199E-8;3.867261034E-3;6.339329262E-8;5.451541857E-3
1.158021713E2;NaN;5.839079776E-4;1.199165921E-7;1.033721876E-2;6.737097783E-9;5.807607801E-4;NaN;5.022843919E-3;5.508519565E-8;4.748531523E-3;6.047122537E-8;5.212825633E-3
1.156626506E2;NaN;5.853175317E-4;1.149625217E-7;9.934084139E-3;7.657341621E-9;6.616823888E-4;NaN;5.034969065E-3;6.477035659E-8;5.596903781E-3;5.450068359E-8;4.709485914E-3
1.155234657E2;NaN;5.867287850E-4;1.105488942E-7;9.575728372E-3;8.559674136E-9;7.414376697E-4;NaN;5.047108830E-3;7.227814402E-8;6.260721824E-3;4.712174415E-8;4.081678299E-3
1.153846154E2;NaN;5.881417376E-4;1.066594229E-7;9.261071779E-3;9.399196647E-9;8.161176239E-4;NaN;5.059263211E-3;7.577573518E-8;6.579489212E-3;4.046705545E-8;3.513691476E-3
1.152460984E2;NaN;5.895563895E-4;1.021070453E-7;8.887120728E-3;1.018234660E-8;8.862438750E-4;NaN;5.071432211E-3;7.417624170E-8;6.456099216E-3;3.614906883E-8;3.146317063E-3
1.151079137E2;NaN;5.909727407E-4;9.531950103E-8;8.316282421E-3;1.092123599E-8;9.528384213E-4;NaN;5.083615827E-3;6.783103200E-8;5.918012715E-3;3.459317451E-8;3.018129616E-3
1.149700599E2;NaN;5.923907911E-4;8.531573459E-8;7.461350704E-3;1.157450050E-8;1.012256506E-3;NaN;5.095814061E-3;5.866399003E-8;5.130502661E-3;3.497233950E-8;3.058531831E-3
1.148325359E2;NaN;5.938105409E-4;7.234322937E-8;6.341993819E-3;1.202385157E-8;1.054075039E-3;NaN;5.108026912E-3;4.965173072E-8;4.352735869E-3;3.573474739E-8;3.132698790E-3
1.146953405E2;NaN;5.952319899E-4;5.785773591E-8;5.084259618E-3;1.210874108E-8;1.064057940E-3;NaN;5.120254381E-3;4.381770658E-8;3.850489353E-3;3.544469402E-8;3.114709271E-3
1.145584726E2;NaN;5.966551382E-4;4.394704183E-8;3.871088074E-3;1.170348549E-8;1.030904953E-3;NaN;5.132496467E-3;4.310833723E-8;3.797210533E-3;3.346488290E-8;2.947764029E-3
1.144219309E2;NaN;5.980799858E-4;3.262930988E-8;2.881026003E-3;1.079889610E-8;9.534955104E-4;NaN;5.144753171E-3;4.762731925E-8;4.205284933E-3;3.010141298E-8;2.657823713E-3
1.142857143E2;NaN;5.995065326E-4;2.540012039E-8;2.248069405E-3;9.526982280E-9;8.431974754E-4;NaN;5.157024492E-3;5.557945963E-8;4.919129549E-3;2.628910956E-8;2.326750503E-3
1.141498216E2;NaN;6.009347788E-4;2.315339288E-8;2.054101978E-3;8.097903494E-9;7.184225513E-4;NaN;5.169310431E-3;6.394097689E-8;5.672658335E-3;2.321203169E-8;2.059304244E-3
1.140142518E2;NaN;6.023647242E-4;2.633377854E-8;2.341815790E-3;6.698143610E-9;5.956539220E-4;NaN;5.181610986E-3;6.955884463E-8;6.185743547E-3;2.206065552E-8;1.961814609E-3
1.138790036E2;NaN;6.037963689E-4;3.510630576E-8;3.129360873E-3;5.438012979E-9;4.847421191E-4;NaN;5.193926160E-3;7.027840073E-8;6.264586169E-3;2.380634913E-8;2.122087639E-3
1.137440758E2;NaN;6.052297129E-4;4.939078729E-8;4.413124810E-3;4.371511906E-9;3.905997193E-4;NaN;5.206255950E-3;6.567734865E-8;5.868348181E-3;2.887995571E-8;2.580457937E-3
1.136094675E2;NaN;6.066647562E-4;6.879429123E-8;6.161425285E-3;3.535284946E-9;3.166308376E-4;NaN;5.218600359E-3;5.706774363E-8;5.111160131E-3;3.685081630E-8;3.300470828E-3
1.134751773E2;NaN;6.081014987E-4;9.263532475E-8;8.316349306E-3;2.969483482E-9;2.665857971E-4;NaN;5.230959384E-3;4.681172773E-8;4.202529440E-3;4.630922570E-8;4.157417250E-3
1.133412043E2;NaN;6.095399406E-4;1.201678831E-7;1.081360743E-2;2.732363030E-9;2.458785194E-4;NaN;5.243333027E-3;3.742091153E-8;3.367414293E-3;5.508307501E-8;4.956788236E-3
1.132075472E2;NaN;6.109800817E-4;1.508354392E-7;1.360537338E-2;2.912003655E-9;2.626630532E-4;NaN;5.255721287E-3;3.089186242E-8;2.786449423E-3;6.084086774E-8;5.487853030E-3
1.130742049E2;NaN;6.124219221E-4;1.841729157E-7;1.665162079E-2;3.603443509E-9;3.257980395E-4;NaN;5.268124165E-3;2.834881631E-8;2.563100753E-3;6.195840808E-8;5.601843855E-3
1.129411765E2;NaN;6.138654618E-4;2.192046121E-7;1.986565582E-2;4.850405461E-9;4.395732579E-4;NaN;5.280541660E-3;2.990414655E-8;2.710095729E-3;5.826690267E-8;5.280501278E-3
1.128084606E2;NaN;6.153107007E-4;2.536467536E-7;2.304113117E-2;6.614528123E-9;6.008600858E-4;NaN;5.292973773E-3;3.470085076E-8;3.152206140E-3;5.120213507E-8;4.651173705E-3
1.126760563E2;NaN;6.167576390E-4;2.835344164E-7;2.581667694E-2;8.804991179E-9;8.017214121E-4;NaN;5.305420503E-3;4.111383837E-8;3.743540895E-3;4.322735376E-8;3.935982944E-3
1.125439625E2;NaN;6.182062765E-4;3.037636753E-7;2.772357734E-2;1.133039733E-8;1.034090552E-3;NaN;5.317881850E-3;4.708374209E-8;4.297188477E-3;3.686700462E-8;3.364738239E-3
1.124121780E2;NaN;6.196566133E-4;3.095698772E-7;2.831977538E-2;1.411551452E-8;1.291301996E-3;NaN;5.330357815E-3;5.066361263E-8;4.634760146E-3;3.380317188E-8;3.092349434E-3
1.122807018E2;NaN;6.211086494E-4;2.983666253E-7;2.735885009E-2;1.708127255E-8;1.566274292E-3;NaN;5.342848398E-3;5.075870952E-8;4.654340689E-3;3.436088097E-8;3.150735074E-3
1.121495327E2;NaN;6.225623848E-4;2.710149565E-7;2.490899218E-2;2.009132073E-8;1.846593847E-3;NaN;5.355353597E-3;4.767044586E-8;4.381392003E-3;3.756425186E-8;3.452531432E-3
1.120186698E2;NaN;6.240178194E-4;2.317930216E-7;2.135390807E-2;2.286643853E-8;2.106568278E-3;NaN;5.367873414E-3;4.301388785E-8;3.962649956E-3;4.173625883E-8;3.844948516E-3
1.118881119E2;NaN;6.254749534E-4;1.870704913E-7;1.727409209E-2;2.495123547E-8;2.303997473E-3;NaN;5.380407849E-3;3.916883312E-8;3.616850662E-3;4.532323207E-8;4.185147958E-3
1.117578580E2;NaN;6.269337866E-4;1.434108232E-7;1.327344407E-2;2.585105482E-8;2.392654354E-3;NaN;5.392956901E-3;3.879913583E-8;3.591068987E-3;4.749267249E-8;4.395702627E-3
1.116279070E2;NaN;6.283943191E-4;1.059951051E-7;9.833272627E-3;2.530920119E-8;2.347960079E-3;NaN;5.405520570E-3;4.451188784E-8;4.129412656E-3;4.828583005E-8;4.479525075E-3
1.114982578E2;NaN;6.298565509E-4;7.788255263E-8;7.242055491E-3;2.350907380E-8;2.186035398E-3;NaN;5.418098857E-3;5.823492543E-8;5.415083959E-3;4.844625641E-8;4.504866178E-3
1.113689095E2;NaN;6.313204819E-4;6.006890247E-8;5.598602021E-3;2.102928292E-8;1.959992293E-3;NaN;5.430691761E-3;8.028096001E-8;7.482426455E-3;4.912631167E-8;4.578719712E-3
1.112398610E2;NaN;6.327861123E-4;5.197040560E-8;4.855042832E-3;1.859342264E-8;1.736985931E-3;NaN;5.443299283E-3;1.087713438E-7;1.016135100E-2;5.154253486E-8;4.815071415E-3
1.111111111E2;NaN;6.342534419E-4;5.195407916E-8;4.864772156E-3;1.678835896E-8;1.571994780E-3;NaN;5.455921422E-3;1.400794891E-7;1.311648305E-2;5.658751335E-8;5.298628400E-3
1.109826590E2;NaN;6.357224708E-4;5.775105310E-8;5.420102392E-3;1.588882831E-8;1.491212224E-3;NaN;5.468558178E-3;1.701705956E-7;1.597099971E-2;6.445671759E-8;6.049448287E-3
1.108545035E2;NaN;6.371931990E-4;6.687755311E-8;6.291171537E-3;1.584397621E-8;1.490442869E-3;NaN;5.481209552E-3;1.961302415E-7;1.844997215E-2;7.444577337E-8;7.003114030E-3
1.107266436E2;NaN;6.386656264E-4;7.719540538E-8;7.278552437E-3;1.639822049E-8;1.546145229E-3;NaN;5.493875543E-3;2.169687834E-7;2.045741789E-2;8.513792957E-8;8.027432225E-3
1.105990783E2;NaN;6.401397532E-4;8.754971085E-8;8.273886032E-3;1.723867325E-8;1.629140935E-3;NaN;5.506556152E-3;2.330730461E-7;2.202656984E-2;9.497921686E-8;8.976011549E-3
1.104718067E2;NaN;6.416155792E-4;9.814598774E-8;9.296671194E-3;1.805272323E-8;1.710006042E-3;NaN;5.519251378E-3;2.445142669E-7;2.316109699E-2;1.029536408E-7;9.752065966E-3
1.103448276E2;NaN;6.430931045E-4;1.103672127E-7;1.047837527E-2;1.849807376E-8;1.756225909E-3;NaN;5.531961222E-3;2.495886590E-7;2.369620077E-2;1.089037366E-7;1.033943135E-2
1.102181401E2;NaN;6.445723291E-4;1.260198182E-7;1.199196982E-2;1.822038327E-8;1.733840672E-3;NaN;5.544685683E-3;2.451204951E-7;2.332551832E-2;1.133378602E-7;1.078516235E-2
1.100917431E2;NaN;6.460532530E-4;1.463279912E-7;1.395647521E-2;1.698497259E-8;1.619993188E-3;NaN;5.557424761E-3;2.285841497E-7;2.180190538E-2;1.169631535E-7;1.115571490E-2
1.099656357E2;NaN;6.475358762E-4;1.711221297E-7;1.635874686E-2;1.483044166E-8;1.417744399E-3;NaN;5.570178457E-3;2.004011232E-7;1.915772817E-2;1.203183312E-7;1.150206070E-2
1.098398169E2;NaN;6.490201986E-4;1.985824277E-7;1.902738251E-2;1.209780557E-8;1.159163863E-3;NaN;5.582946770E-3;1.646663491E-7;1.577767805E-2;1.236394631E-7;1.184664416E-2
1.097142857E2;NaN;6.505062203E-4;2.256400459E-7;2.166943827E-2;9.313488615E-9;8.944248608E-4;NaN;5.595729701E-3;1.278619776E-7;1.227927968E-2;1.268889150E-7;1.218583120E-2
1.095890411E2;NaN;6.519939413E-4;2.487948402E-7;2.394776289E-2;7.010930799E-9;6.748375822E-4;NaN;5.608527249E-3;9.639105486E-8;9.278127010E-3;1.298438392E-7;1.249812686E-2
1.094640821E2;NaN;6.534833616E-4;2.649476212E-7;2.556080807E-2;5.566186208E-9;5.369975270E-4;NaN;5.621339414E-3;7.424267723E-8;7.162558451E-3;1.321234254E-7;1.274660064E-2
1.093394077E2;NaN;6.549744812E-4;2.719222005E-7;2.629354031E-2;5.094703964E-9;4.926328332E-4;NaN;5.634166197E-3;6.194250399E-8;5.989535693E-3;1.331382218E-7;1.287381169E-2
1.092150171E2;NaN;6.564673000E-4;2.686244213E-7;2.603386276E-2;5.447089106E-9;5.279072153E-4;NaN;5.647007597E-3;5.722821875E-8;5.546299869E-3;1.321374505E-7;1.280616347E-2
1.090909091E2;NaN;6.579618181E-4;2.550107531E-7;2.477075285E-2;6.298475318E-9;6.118093983E-4;NaN;5.659863615E-3;5.681053974E-8;5.518354901E-3;1.285563918E-7;1.248746796E-2
1.089670829E2;NaN;6.594580355E-4;2.320374028E-7;2.259046553E-2;7.270025010E-9;7.077878280E-4;NaN;5.672734250E-3;5.795451428E-8;5.642277672E-3;1.224755644E-7;1.192385358E-2
1.088435374E2;NaN;6.609559522E-4;2.016544316E-7;1.967706448E-2;8.040468908E-9;7.845740058E-4;NaN;5.685619503E-3;5.912248521E-8;5.769062176E-3;1.147425556E-7;1.119636522E-2
1.087202718E2;NaN;6.624555682E-4;1.667357704E-7;1.630668026E-2;8.453740079E-9;8.267718207E-4;NaN;5.698519372E-3;5.981639272E-8;5.850015195E-3;1.065884777E-7;1.042430320E-2
1.085972851E2;NaN;6.639568835E-4;1.308038316E-7;1.282154508E-2;8.609420382E-9;8.439054899E-4;NaN;5.711433860E-3;6.014388839E-8;5.895374526E-3;9.905234253E-8;9.709226863E-3
1.084745763E2;NaN;6.654598980E-4;9.748180843E-8;9.576911779E-3;8.868644168E-9;8.712827979E-4;NaN;5.724362965E-3;6.038500643E-8;5.932408197E-3;9.259130883E-8;9.096454102E-3
1.083521445E2;NaN;6.669646118E-4;6.982250642E-8;6.875087762E-3;9.725374884E-9;9.576110809E-4;NaN;5.737306687E-3;6.069663144E-8;5.976506565E-3;8.696791109E-8;8.563313635E-3
1.082299887E2;NaN;6.684710249E-4;4.979930540E-8;4.914574160E-3;1.158462506E-8;1.143258897E-3;NaN;5.750265026E-3;6.107113576E-8;6.026964099E-3;8.140562121E-8;8.033725758E-3
1.081081081E2;NaN;6.699791373E-4;3.818916713E-8;3.777300068E-3;1.454893217E-8;1.439038518E-3;NaN;5.763237983E-3;6.148953521E-8;6.081945300E-3;7.496754113E-8;7.415058235E-3
1.079865017E2;NaN;6.714889490E-4;3.486479507E-8;3.456256829E-3;1.830074941E-8;1.814210868E-3;NaN;5.776225558E-3;6.198748001E-8;6.145013923E-3;6.704727268E-8;6.646607090E-3
1.078651685E2;NaN;6.730004599E-4;3.928609019E-8;3.903320303E-3;2.214097840E-8;2.199845546E-3;NaN;5.789227750E-3;6.247676902E-8;6.207460194E-3;5.770945412E-8;5.733797456E-3
1.077441077E2;NaN;6.745136701E-4;5.093941122E-8;5.072530850E-3;2.519884929E-8;2.509293636E-3;NaN;5.802244559E-3;6.254125249E-8;6.227838623E-3;4.774891429E-8;4.754822150E-3
1.076233184E2;NaN;6.760285796E-4;6.955537445E-8;6.941858705E-3;2.674586458E-8;2.669326624E-3;NaN;5.815275986E-3;6.155239429E-8;6.143134553E-3;3.853468284E-8;3.845890064E-3
1.075027996E2;NaN;6.775451884E-4;9.511548063E-8;9.514139010E-3;2.648104293E-8;2.648825637E-3;NaN;5.828322030E-3;5.914296176E-8;5.915907232E-3;3.169773530E-8;3.170636977E-3
1.073825503E2;NaN;6.790634965E-4;1.277226209E-7;1.280437036E-2;2.465724363E-8;2.471922963E-3;NaN;5.841382691E-3;5.574982964E-8;5.588997949E-3;2.861236996E-8;2.868429877E-3
1.072625698E2;NaN;6.805835038E-4;1.673809596E-7;1.681773449E-2;2.198966299E-8;2.209428807E-3;NaN;5.854457970E-3;5.281985005E-8;5.307116272E-3;2.979375222E-8;2.993550854E-3
1.071428571E2;NaN;6.821052105E-4;2.135925232E-7;2.150886201E-2;1.938270738E-8;1.951847247E-3;NaN;5.867547867E-3;5.242657353E-8;5.279379255E-3;3.461041308E-8;3.485283980E-3
1.070234114E2;NaN;6.836286164E-4;2.647109310E-7;2.671604274E-2;1.758378279E-8;1.774649392E-3;NaN;5.880652380E-3;5.636381653E-8;5.688537779E-3;4.157635021E-8;4.196107599E-3
1.069042316E2;NaN;6.851537216E-4;3.172320039E-7;3.208817636E-2;1.691560349E-8;1.711021780E-3;NaN;5.893771512E-3;6.514700170E-8;6.589651909E-3;4.903334317E-8;4.959747264E-3
1.067853170E2;NaN;6.866805261E-4;3.654764796E-7;3.705050949E-2;1.720534188E-8;1.744207133E-3;NaN;5.906905260E-3;7.748241409E-8;7.854849980E-3;5.578624356E-8;5.655381021E-3
1.066666667E2;NaN;6.882090298E-4;4.021717086E-7;4.086127398E-2;1.792585018E-8;1.821294387E-3;NaN;5.920053626E-3;9.054296643E-8;9.199306862E-3;6.141449297E-8;6.239808446E-3
1.065482797E2;NaN;6.897392329E-4;4.200858222E-7;4.277627612E-2;1.845869295E-8;1.879601988E-3;NaN;5.933216610E-3;1.009383027E-7;1.027829191E-2;6.617545524E-8;6.738479130E-3
1.064301552E2;NaN;6.912711352E-4;4.142791027E-7;4.227868491E-2;1.834144712E-8;1.871811198E-3;NaN;5.946394210E-3;1.059671910E-7;1.081433616E-2;7.050397223E-8;7.195186065E-3
1.063122924E2;NaN;6.928047368E-4;3.840438019E-7;3.928001356E-2;1.739727932E-8;1.779394340E-3;NaN;5.959586429E-3;1.046666117E-7;1.070530473E-2;7.434075988E-8;7.603575534E-3
1.061946903E2;NaN;6.943400377E-4;3.335756269E-7;3.419373486E-2;1.572288098E-8;1.611700556E-3;NaN;5.972793264E-3;9.828874193E-8;1.007525404E-2;7.679397436E-8;7.871896465E-3
1.060773481E2;NaN;6.958770378E-4;2.709547772E-7;2.783616095E-2;1.358526513E-8;1.395663256E-3;NaN;5.986014717E-3;9.000115642E-8;9.246143217E-3;7.649171615E-8;7.858269722E-3
1.059602649E2;NaN;6.974157373E-4;2.058471417E-7;2.119417932E-2;1.129934563E-8;1.163389277E-3;NaN;5.999250788E-3;8.382121962E-8;8.630296948E-3;7.241707734E-8;7.456117727E-3
1.058434399E2;NaN;6.989561360E-4;1.469231975E-7;1.516073699E-2;9.138149416E-9;9.429489841E-4;NaN;6.012501476E-3;8.307094186E-8;8.571939095E-3;6.461355235E-8;6.667354710E-3
1.057268722E2;NaN;7.004982340E-4;1.000020064E-7;1.034179152E-2;7.290810849E-9;7.539853303E-4;NaN;6.025766781E-3;8.894538172E-8;9.198361390E-3;5.430370914E-8;5.615863710E-3
1.056105611E2;NaN;7.020420313E-4;6.742779060E-8;6.988469336E-3;5.856046948E-9;6.069426888E-4;NaN;6.039046704E-3;9.985976001E-8;1.034984039E-2;4.341594947E-8;4.499791982E-3
1.054945055E2;NaN;7.035875279E-4;4.856706454E-8;5.044754165E-3;4.856385799E-9;5.044421094E-4;NaN;6.052341244E-3;1.119546103E-7;1.162894015E-2;3.382670834E-8;3.513645089E-3
1.053787047E2;NaN;7.051347237E-4;4.093094431E-8;4.260924964E-3;4.259356577E-9;4.434004413E-4;NaN;6.065650402E-3;1.205977745E-7;1.255426858E-2;2.673015070E-8;2.782617609E-3
1.052631579E2;NaN;7.066836189E-4;4.137583736E-8;4.316699736E-3;3.996288398E-9;4.169287723E-4;NaN;6.078974177E-3;1.222331251E-7;1.275245971E-2;2.247112199E-8;2.344389686E-3
1.051478642E2;NaN;7.082342133E-4;4.707085423E-8;4.921630474E-3;3.980865207E-9;4.162309743E-4;NaN;6.092312569E-3;1.157308401E-7;1.210057558E-2;2.085495883E-8;2.180551056E-3
1.050328228E2;NaN;7.097865070E-4;5.614423072E-8;5.883190281E-3;4.122255381E-9;4.319591253E-4;NaN;6.105665579E-3;1.026386513E-7;1.075520509E-2;2.160562225E-8;2.263990177E-3
1.049180328E2;NaN;7.113405000E-4;6.800316835E-8;7.141454995E-3;4.323024867E-9;4.539889579E-4;NaN;6.119033206E-3;8.631963080E-8;9.064985846E-3;2.459073360E-8;2.582432872E-3
1.048034934E2;NaN;7.128961922E-4;8.324809537E-8;8.761543498E-3;4.475670580E-9;4.710472029E-4;NaN;6.132415451E-3;7.052871670E-8;7.422877562E-3;2.970998172E-8;3.126861894E-3
1.046892039E2;NaN;7.144535838E-4;1.030936200E-7;1.087391237E-2;4.473660938E-9;4.718642825E-4;NaN;6.145812313E-3;5.819758440E-8;6.138453893E-3;3.662105009E-8;3.862645329E-3
1.045751634E2;NaN;7.160126746E-4;1.283860087E-7;1.357120554E-2;4.245379571E-9;4.487632206E-4;NaN;6.159223793E-3;5.089817146E-8;5.380255632E-3;4.456226235E-8;4.710510341E-3
1.044613711E2;NaN;7.175734647E-4;1.585609961E-7;1.679742676E-2;3.792679944E-9;4.017839517E-4;NaN;6.172649890E-3;4.893104431E-8;5.183592772E-3;5.245801720E-8;5.557228598E-3
1.043478261E2;NaN;7.191359541E-4;1.910168016E-7;2.027974976E-2;3.203952526E-9;3.401551848E-4;NaN;6.186090604E-3;5.166712657E-8;5.485362484E-3;5.930769604E-8;6.296541583E-3
1.042345277E2;NaN;7.207001428E-4;2.212777057E-7;2.354356843E-2;2.630651808E-9;2.798968412E-4;NaN;6.199545936E-3;5.788376550E-8;6.158733387E-3;6.463129217E-8;6.876658654E-3
1.041214751E2;NaN;7.222660307E-4;2.440141449E-7;2.601909652E-2;2.236167263E-9;2.384413079E-4;NaN;6.213015885E-3;6.616480538E-8;7.055117473E-3;6.861888540E-8;7.316794700E-3
1.040086674E2;NaN;7.238336180E-4;2.545910770E-7;2.720582802E-2;2.143421556E-9;2.290479262E-4;NaN;6.226500451E-3;7.551770732E-8;8.069889102E-3;7.178917029E-8;7.671454332E-3
1.038961039E2;NaN;7.254029045E-4;2.505374094E-7;2.683069318E-2;2.408779199E-9;2.579623369E-4;NaN;6.239999635E-3;8.600809896E-8;9.210827714E-3;7.435105922E-8;7.962445456E-3
1.037837838E2;NaN;7.269738903E-4;2.323237083E-7;2.493402351E-2;3.025714017E-9;3.247332138E-4;NaN;6.253513437E-3;9.887019034E-8;1.061119276E-2;7.575398995E-8;8.130258338E-3
1.036717063E2;NaN;7.285465754E-4;2.031640477E-7;2.185164811E-2;3.938915727E-9;4.236566527E-4;NaN;6.267041856E-3;1.156751101E-7;1.244162946E-2;7.481661070E-8;8.047025388E-3
1.035598706E2;NaN;7.301209597E-4;1.679753800E-7;1.810591464E-2;5.061126129E-9;5.455342185E-4;NaN;6.280584892E-3;1.367936052E-7;1.474485927E-2;7.039809006E-8;7.588146605E-3
1.034482759E2;NaN;7.316970434E-4;1.319596058E-7;1.425451121E-2;6.306499009E-9;6.812392345E-4;NaN;6.294142546E-3;1.601183367E-7;1.729626738E-2;6.217436080E-8;6.716184986E-3
1.033369214E2;NaN;7.332748263E-4;9.933263368E-8;1.075322533E-2;7.643604711E-9;8.274562020E-4;NaN;6.307714817E-3;1.811242540E-7;1.960755336E-2;5.101056118E-8;5.522133444E-3
1.032258065E2;NaN;7.348543085E-4;7.259755478E-8;7.875955583E-3;9.140215004E-9;9.916026456E-4;NaN;6.321301705E-3;1.946005248E-7;2.111180046E-2;3.870061755E-8;4.198548364E-3
1.031149302E2;NaN;7.364354900E-4;5.248378100E-8;5.706106125E-3;1.094338064E-8;1.189778825E-3;NaN;6.334903211E-3;1.971953384E-7;2.143933815E-2;2.725053483E-8;2.962714208E-3
1.030042918E2;NaN;7.380183708E-4;3.841412672E-8;4.185411443E-3;1.317029477E-8;1.434969558E-3;NaN;6.348519334E-3;1.891900671E-7;2.061320508E-2;1.815418766E-8;1.977989643E-3
1.028938907E2;NaN;7.396029508E-4;2.921022313E-8;3.189433341E-3;1.575504623E-8;1.720276819E-3;NaN;6.362150075E-3;1.743075185E-7;1.903245343E-2;1.204043511E-8;1.314682363E-3
1.027837259E2;NaN;7.411892301E-4;2.376111986E-8;2.600016030E-3;1.834569621E-8;2.007443442E-3;NaN;6.375795433E-3;1.576616962E-7;1.725183577E-2;8.757289675E-9;9.582500180E-4
1.026737968E2;NaN;7.427772088E-4;2.148402662E-8;2.355886002E-3;2.034627511E-8;2.231122943E-3;NaN;6.389455409E-3;1.431926525E-7;1.570215730E-2;7.686302469E-9;8.428611967E-4
1.025641026E2;NaN;7.443668866E-4;2.249970540E-8;2.472543250E-3;2.112637767E-8;2.321625177E-3;NaN;6.403130002E-3;1.321321319E-7;1.452029727E-2;8.046618211E-9;8.842609801E-4
1.024546425E2;NaN;7.459582638E-4;2.756477505E-8;3.035631162E-3;2.030599564E-8;2.236242198E-3;NaN;6.416819212E-3;1.232145097E-7;1.356926746E-2;9.084476748E-9;1.000447878E-3
1.023454158E2;NaN;7.475513403E-4;3.786072527E-8;4.178399626E-3;1.794972576E-8;1.980974397E-3;NaN;6.430523040E-3;1.141967646E-7;1.260302636E-2;1.018664096E-8;1.124221908E-3
1.022364217E2;NaN;7.491461160E-4;5.473892825E-8;6.054005936E-3;1.455310588E-8;1.609541733E-3;NaN;6.444241486E-3;1.036233199E-7;1.146051291E-2;1.100098039E-8;1.216684409E-3
1.021276596E2;NaN;7.507425910E-4;7.938487139E-8;8.798503695E-3;1.083667275E-8;1.201066445E-3;NaN;6.457974548E-3;9.181511863E-8;1.017619159E-2;1.158157132E-8;1.283626165E-3
1.020191286E2;NaN;7.523407653E-4;1.123271960E-7;1.247611970E-2;7.480059791E-9;8.308061146E-4;NaN;6.471722228E-3;8.065866292E-8;8.958713195E-3;1.243725346E-8;1.381398881E-3
1.019108280E2;NaN;7.539406389E-4;1.527785930E-7;1.700511917E-2;4.926710992E-9;5.483707231E-4;NaN;6.485484526E-3;7.248419949E-8;8.067900260E-3;1.434711845E-8;1.596915211E-3
1.018027572E2;NaN;7.555422118E-4;1.980282308E-7;2.208848150E-2;3.322144402E-9;3.705589092E-4;NaN;6.499261441E-3;6.876613268E-8;7.670317732E-3;1.802653924E-8;2.010717750E-3
1.016949153E2;NaN;7.571454839E-4;2.432761796E-7;2.719311402E-2;2.573039971E-9;2.876112631E-4;NaN;6.513052973E-3;6.931096975E-8;7.747495485E-3;2.395407254E-8;2.677556951E-3
1.015873016E2;NaN;7.587504554E-4;2.822502385E-7;3.161646443E-2;2.467522478E-9;2.764013135E-4;NaN;6.526859123E-3;7.224396630E-8;8.092460092E-3;3.251299891E-8;3.641967069E-3
1.014799154E2;NaN;7.603571261E-4;3.086288723E-7;3.464449162E-2;2.782816791E-9;3.123793061E-4;NaN;6.540679890E-3;7.472827495E-8;8.388466951E-3;4.417394097E-8;4.958653792E-3
1.013727561E2;NaN;7.619654961E-4;3.178371670E-7;3.575361894E-2;3.344220098E-9;3.761925395E-4;NaN;6.554515275E-3;7.410419353E-8;8.336007780E-3;5.930924925E-8;6.671719097E-3
1.012658228E2;NaN;7.635755653E-4;3.084785943E-7;3.477419426E-2;4.039700967E-9;4.553876631E-4;NaN;6.568365277E-3;6.896506593E-8;7.774298262E-3;7.760902013E-8;8.748714471E-3
1.011591149E2;NaN;7.651873339E-4;2.827344843E-7;3.193938682E-2;4.808000218E-9;5.431406047E-4;NaN;6.582229896E-3;5.965576295E-8;6.739073565E-3;9.748160966E-8;1.101210857E-2
1.010526316E2;NaN;7.668008017E-4;2.455489470E-7;2.779717457E-2;5.606814632E-9;6.347150214E-4;NaN;6.596109133E-3;4.796120031E-8;5.429409795E-3;1.158900145E-7;1.311923755E-2
1.009463722E2;NaN;7.684159689E-4;2.030070261E-7;2.302965707E-2;6.366973867E-9;7.222864526E-4;NaN;6.610002987E-3;3.621715607E-8;4.108570527E-3;1.289362837E-7;1.462687502E-2
1.008403361E2;NaN;7.700328353E-4;1.606503929E-7;1.826295532E-2;6.967674296E-9;7.920946978E-4;NaN;6.623911459E-3;2.639484828E-8;3.000602279E-3;1.332263073E-7;1.514534795E-2
1.007345226E2;NaN;7.716514009E-4;1.223806823E-7;1.394164563E-2;7.268250477E-9;8.280013688E-4;NaN;6.637834548E-3;1.962082317E-8;2.235210315E-3;1.274806116E-7;1.452263117E-2
1.006289308E2;NaN;7.732716659E-4;9.020903974E-8;1.029822028E-2;7.184029176E-9;8.201252910E-4;NaN;6.651772254E-3;1.621249888E-8;1.850811019E-3;1.133473711E-7;1.293968098E-2
1.005235602E2;NaN;7.748936301E-4;6.468787082E-8;7.400225740E-3;6.747916042E-9;7.719546393E-4;NaN;6.665724578E-3;1.598218805E-8;1.828345838E-3;9.474226947E-8;1.083841797E-2
1.004184100E2;NaN;7.765172937E-4;4.562132170E-8;5.229967808E-3;6.112237344E-9;7.006987819E-4;NaN;6.679691520E-3;1.848033604E-8;2.118561212E-3;7.616630057E-8;8.731603671E-3
1.003134796E2;NaN;7.781426565E-4;3.269826506E-8;3.756331857E-3;5.495806336E-9;6.313506966E-4;NaN;6.693673078E-3;2.305359860E-8;2.648365798E-3;6.114129226E-8;7.023827824E-3
1.002087683E2;NaN;7.797697186E-4;2.585500024E-8;2.976397508E-3;5.115971900E-9;5.889447253E-4;NaN;6.707669254E-3;2.885590730E-8;3.321858433E-3;5.150779696E-8;5.929517583E-3
1.001042753E2;NaN;7.813984799E-4;2.539998400E-8;2.930124174E-3;5.150287680E-9;5.941335409E-4;NaN;6.721680048E-3;3.504008242E-8;4.042199104E-3;4.752473921E-8;5.482420273E-3
1.000000000E2;NaN;7.830289406E-4;3.191827016E-8;3.689752031E-3;5.725462214E-9;6.618634319E-4;NaN;6.735705459E-3;4.110320741E-8;4.751530776E-3;4.836923620E-8;5.591483705E-3
9.989594173E1;NaN;7.846611005E-4;4.599153315E-8;5.327703295E-3;6.915031197E-9;8.010438438E-4;NaN;6.749745487E-3;4.707796535E-8;5.453556643E-3;5.266551890E-8;6.100824203E-3
9.979209979E1;NaN;7.862949597E-4;6.774865053E-8;7.864410260E-3;8.703654917E-9;1.010339136E-3;NaN;6.763800133E-3;5.332224897E-8;6.189762285E-3;5.876424597E-8;6.821481097E-3
9.968847352E1;NaN;7.879305182E-4;9.635302041E-8;1.120813299E-2;1.092025271E-8;1.270283424E-3;NaN;6.777869397E-3;5.997391745E-8;6.976383718E-3;6.474075233E-8;7.530879249E-3
9.958506224E1;NaN;7.895677760E-4;1.296580176E-7;1.511363094E-2;1.319646425E-8;1.538250346E-3;NaN;6.791953277E-3;6.647478941E-8;7.748656448E-3;6.848195799E-8;7.982622736E-3
9.948186528E1;NaN;7.912067331E-4;1.642538900E-7;1.918605382E-2;1.502364589E-8;1.754871551E-3;NaN;6.806051775E-3;7.156328157E-8;8.359113879E-3;6.824444578E-8;7.971449624E-3
9.937888199E1;NaN;7.928473894E-4;1.960330695E-7;2.294557584E-2;1.591542105E-8;1.862892325E-3;NaN;6.820164891E-3;7.382691646E-8;8.641404812E-3;6.347760362E-8;7.430022757E-3
9.927611169E1;NaN;7.944897450E-4;2.211399367E-7;2.593794094E-2;1.560196936E-8;1.829985871E-3;NaN;6.834292624E-3;7.247322770E-8;8.500528345E-3;5.519189390E-8;6.473566494E-3
9.917355372E1;NaN;7.961337999E-4;2.369860550E-7;2.785408356E-2;1.414435789E-8;1.662452782E-3;NaN;6.848434974E-3;6.778266024E-8;7.966814260E-3;4.550569086E-8;5.348497471E-3
9.907120743E1;NaN;7.977795541E-4;2.429047976E-7;2.860875871E-2;1.191153664E-8;1.402912915E-3;NaN;6.862591942E-3;6.092490751E-8;7.175593052E-3;3.680177855E-8;4.334427367E-3
9.896907216E1;NaN;7.994270076E-4;2.401594785E-7;2.834383220E-2;9.442656943E-9;1.114430651E-3;NaN;6.876763527E-3;5.329748624E-8;6.290216054E-3;3.110761167E-8;3.671347602E-3
9.886714727E1;NaN;8.010761603E-4;2.312708072E-7;2.735109034E-2;7.261579243E-9;8.587859069E-4;NaN;6.890949730E-3;4.587013672E-8;5.424801636E-3;2.984130569E-8;3.529162447E-3
9.876543210E1;NaN;8.027270124E-4;2.189368541E-7;2.594578239E-2;5.722185460E-9;6.781251121E-4;NaN;6.905150550E-3;3.895704940E-8;4.616724445E-3;3.376318028E-8;4.001209079E-3
9.866392600E1;NaN;8.043795637E-4;2.050192811E-7;2.434645616E-2;4.949159280E-9;5.877227196E-4;NaN;6.919365987E-3;3.249347868E-8;3.858666610E-3;4.301267392E-8;5.107842416E-3
9.856262834E1;NaN;8.060338143E-4;1.900523262E-7;2.261551446E-2;4.888337914E-9;5.816938890E-4;NaN;6.933596042E-3;2.653029678E-8;3.157005874E-3;5.706581876E-8;6.790618534E-3
9.846153846E1;NaN;8.076897642E-4;1.734769028E-7;2.068551126E-2;5.409425406E-9;6.450237945E-4;NaN;6.947840714E-3;2.152485225E-8;2.566638937E-3;7.445767265E-8;8.878386695E-3
9.836065574E1;NaN;8.093474133E-4;1.544173829E-7;1.845062963E-2;6.380360368E-9;7.623601943E-4;NaN;6.962100004E-3;1.820743841E-8;2.175523871E-3;9.253608031E-8;1.105671468E-2
9.825997953E1;NaN;8.110067618E-4;1.325753846E-7;1.587330610E-2;7.677993742E-9;9.192893932E-4;NaN;6.976373911E-3;1.718589217E-8;2.057674037E-3;1.078437084E-7;1.291217219E-2
9.815950920E1;NaN;8.126678095E-4;1.087596253E-7;1.304850572E-2;9.157933839E-9;1.098728979E-3;NaN;6.990662435E-3;1.868795948E-8;2.242099911E-3;1.172966092E-7;1.407273583E-2
9.805924413E1;NaN;8.143305565E-4;8.482149260E-8;1.019733442E-2;1.063016794E-8;1.277970643E-3;NaN;7.004965577E-3;2.265663222E-8;2.723805588E-3;1.196077654E-7;1.437937892E-2
9.795918367E1;NaN;8.159950028E-4;6.307283030E-8;7.598184573E-3;1.186388886E-8;1.429205204E-3;NaN;7.019283336E-3;2.903025043E-8;3.497182542E-3;1.162298785E-7;1.400184621E-2
9.785932722E1;NaN;8.176611483E-4;4.556027190E-8;5.499708737E-3;1.265263111E-8;1.527334736E-3;NaN;7.033615713E-3;3.782605548E-8;4.566089691E-3;1.113588178E-7;1.344243653E-2
9.775967413E1;NaN;8.193289932E-4;3.362577020E-8;4.067340997E-3;1.295181008E-8;1.566638557E-3;NaN;7.047962707E-3;4.887583309E-8;5.911974017E-3;1.107405460E-7;1.339507051E-2
9.766022380E1;NaN;8.209985373E-4;2.793306954E-8;3.385642255E-3;1.301777779E-8;1.577826542E-3;NaN;7.062324319E-3;6.147220981E-8;7.450771233E-3;1.194028531E-7;1.447228505E-2
9.756097561E1;NaN;8.226697807E-4;2.882162169E-8;3.500450803E-3;1.342793677E-8;1.630853134E-3;NaN;7.076700548E-3;7.435675630E-8;9.030795355E-3;1.391599715E-7;1.690129165E-2
9.746192893E1;NaN;8.243427234E-4;3.660111244E-8;4.454327186E-3;1.488831752E-8;1.811896773E-3;NaN;7.091091394E-3;8.619906342E-8;1.049035961E-2;1.672150858E-7;2.034994712E-2
9.736308316E1;NaN;8.260173654E-4;5.150755255E-8;6.281163700E-3;1.788273825E-8;2.180736626E-3;NaN;7.105496858E-3;9.623274923E-8;1.173524311E-2;1.967801093E-7;2.399663774E-2
9.726443769E1;NaN;8.276937066E-4;7.325596685E-8;8.951435321E-3;2.233280092E-8;2.728932967E-3;NaN;7.119916939E-3;1.045120634E-7;1.277074095E-2;2.195844226E-7;2.683188607E-2
9.716599190E1;NaN;8.293717472E-4;1.004678900E-7;1.230145659E-2;2.746171244E-8;3.362458031E-3;NaN;7.134351638E-3;1.115367923E-7;1.365675151E-2;2.291384920E-7;2.805610045E-2
9.706774520E1;NaN;8.310514870E-4;1.303602047E-7;1.599384876E-2;3.197363407E-8;3.922834187E-3;NaN;7.148800954E-3;1.175433139E-7;1.442134883E-2;2.231826791E-7;2.738220628E-2
9.696969697E1;NaN;8.327329261E-4;1.590177779E-7;1.954931019E-2;3.451823509E-8;4.243599010E-3;NaN;7.163264888E-3;1.220576683E-7;1.500551228E-2;2.041023045E-7;2.509190679E-2
9.687184662E1;NaN;8.344160645E-4;1.822465240E-7;2.245028873E-2;3.424153639E-8;4.218090757E-3;NaN;7.177743439E-3;1.241110116E-7;1.528878567E-2;1.771844865E-7;2.182671468E-2
9.677419355E1;NaN;8.361009021E-4;1.966799251E-7;2.427720841E-2;3.113803471E-8;3.843526774E-3;NaN;7.192236607E-3;1.229500590E-7;1.517635419E-2;1.479017223E-7;1.825626552E-2
9.667673716E1;NaN;8.377874391E-4;2.006664106E-7;2.481924392E-2;2.601792459E-8;3.218003525E-3;NaN;7.206744393E-3;1.186282170E-7;1.467242397E-2;1.199153202E-7;1.483161817E-2
9.657947686E1;NaN;8.394756753E-4;1.945735599E-7;2.411415019E-2;2.013117964E-8;2.494924232E-3;NaN;7.221266796E-3;1.119446433E-7;1.387367299E-2;9.471459801E-8;1.173829601E-2
9.648241206E1;NaN;8.411656108E-4;1.804448085E-7;2.240814577E-2;1.467257218E-8;1.822081439E-3;NaN;7.235803816E-3;1.037837950E-7;1.288816468E-2;7.250672107E-8;9.004089334E-3
9.638554217E1;NaN;8.428572456E-4;1.612018291E-7;2.005875667E-2;1.041105948E-8;1.295474810E-3;NaN;7.250355454E-3;9.447687598E-8;1.175599978E-2;5.331219058E-8;6.633772486E-3
9.628886660E1;NaN;8.445505797E-4;1.397524397E-7;1.742469090E-2;7.571015136E-9;9.439734922E-4;NaN;7.264921710E-3;8.377122843E-8;1.044481059E-2;3.749869596E-8;4.675433128E-3
9.619238477E1;NaN;8.462456130E-4;1.183375144E-7;1.478423624E-2;5.949858436E-9;7.433324348E-4;NaN;7.279502583E-3;7.141671856E-8;8.922290145E-3;2.560556318E-8;3.198974535E-3
9.609609610E1;NaN;8.479423456E-4;9.829520583E-8;1.230491678E-2;5.155753981E-9;6.454142208E-4;NaN;7.294098073E-3;5.782416458E-8;7.238618883E-3;1.782669903E-8;2.231604747E-3
9.600000000E1;NaN;8.496407776E-4;8.020348676E-8;1.006024639E-2;4.822992671E-9;6.049673966E-4;NaN;7.308708180E-3;4.424999313E-8;5.550454867E-3;1.374527785E-8;1.724125564E-3
9.590409590E1;NaN;8.513409087E-4;6.421880157E-8;8.071341441E-3;4.713090836E-9;5.923649220E-4;NaN;7.323332905E-3;3.238279311E-8;4.070032041E-3;1.263611839E-8;1.588170809E-3
9.580838323E1;NaN;8.530427392E-4;5.041069356E-8;6.348534494E-3;4.712699378E-9;5.934997607E-4;NaN;7.337972248E-3;2.364475163E-8;2.977731721E-3;1.402586451E-8;1.766364999E-3
9.571286142E1;NaN;8.547462690E-4;3.896177463E-8;4.916499099E-3;4.789675980E-9;6.043984871E-4;NaN;7.352626208E-3;1.866542427E-8;2.355348093E-3;1.796857548E-8;2.267414305E-3
9.561752988E1;NaN;8.564514980E-4;3.018913564E-8;3.817099425E-3;4.959355113E-9;6.270584152E-4;NaN;7.367294785E-3;1.718765313E-8;2.173198387E-3;2.500422449E-8;3.161521816E-3
9.552238806E1;NaN;8.581584263E-4;2.442264221E-8;3.094141271E-3;5.251595557E-9;6.653325390E-4;NaN;7.381977980E-3;1.832228474E-8;2.321277808E-3;3.618114685E-8;4.583843907E-3
9.542743539E1;NaN;8.598670540E-4;2.184338630E-8;2.772881408E-3;5.667837804E-9;7.194965951E-4;NaN;7.396675792E-3;2.087371382E-8;2.649787545E-3;5.316667904E-8;6.749177704E-3
9.533267130E1;NaN;8.615773808E-4;2.238702691E-8;2.847545882E-3;6.145130104E-9;7.816375077E-4;NaN;7.411388222E-3;2.359762308E-8;3.001529174E-3;7.789624961E-8;9.908110873E-3
9.523809524E1;NaN;8.632894070E-4;2.579311951E-8;3.287307288E-3;6.562562404E-9;8.363920159E-4;NaN;7.426115269E-3;2.545635196E-8;3.244386601E-3;1.113816949E-7;1.419548563E-2
9.514370664E1;NaN;8.650031325E-4;3.178658595E-8;4.059210612E-3;6.794853310E-9;8.677163604E-4;NaN;7.440856933E-3;2.593777277E-8;3.312305470E-3;1.521526906E-7;1.943020296E-2
9.504950495E1;NaN;8.667185572E-4;4.031198413E-8;5.158130078E-3;6.785169854E-9;8.681981168E-4;NaN;7.455613215E-3;2.532228561E-8;3.240119429E-3;1.954407620E-7;2.500767190E-2
9.495548961E1;NaN;8.684356812E-4;5.168872472E-8;6.626946987E-3;6.592386436E-9;8.452016503E-4;NaN;7.470384114E-3;2.472467567E-8;3.169919859E-3;2.340433967E-7;3.000641225E-2
9.486166008E1;NaN;8.701545045E-4;6.659062255E-8;8.554398311E-3;6.383389939E-9;8.200262743E-4;NaN;7.485169631E-3;2.587138292E-8;3.323502708E-3;2.609089360E-7;3.351701600E-2
9.476801579E1;NaN;8.718750271E-4;8.579027075E-8;1.104262432E-2;6.363542693E-9;8.190930121E-4;NaN;7.499969765E-3;3.066418756E-8;3.946987231E-3;2.722433447E-7;3.504221344E-2
9.467455621E1;NaN;8.735972489E-4;1.096969645E-7;1.414770149E-2;6.668927730E-9;8.600967152E-4;NaN;7.514784516E-3;4.055215532E-8;5.230042519E-3;2.692566624E-7;3.472623789E-2
9.458128079E1;NaN;8.753211701E-4;1.377873200E-7;1.780560381E-2;7.275934325E-9;9.402345869E-4;NaN;7.529613885E-3;5.582948877E-8;7.214580831E-3;2.572379880E-7;3.324164878E-2
9.448818898E1;NaN;8.770467905E-4;1.681211146E-7;2.176832659E-2;7.985810552E-9;1.034002972E-3;NaN;7.544457871E-3;7.524227191E-8;9.742371457E-3;2.423921943E-7;3.138494805E-2
9.439528024E1;NaN;8.787741102E-4;1.972149010E-7;2.558568211E-2;8.502860712E-9;1.103118933E-3;NaN;7.559316475E-3;9.635882816E-8;1.250111596E-2;2.284644436E-7;2.963984263E-2
9.430255403E1;NaN;8.805031292E-4;2.204953562E-7;2.866225605E-2;8.566105237E-9;1.113510533E-3;NaN;7.574189696E-3;1.167052227E-7;1.517054614E-2;2.152814698E-7;2.798450143E-2
9.421000981E1;NaN;8.822338474E-4;2.333527284E-7;3.039321338E-2;8.061105671E-9;1.049925177E-3;NaN;7.589077535E-3;1.350395132E-7;1.758832977E-2;1.998945515E-7;2.603542628E-2
9.411764706E1;NaN;8.839662650E-4;2.325082783E-7;3.034269361E-2;7.058417354E-9;9.211344934E-4;NaN;7.603979991E-3;1.518380370E-7;1.981510108E-2;1.792745557E-7;2.339560963E-2
9.402546523E1;NaN;8.857003818E-4;2.171773388E-7;2.839758181E-2;5.774885676E-9;7.551100373E-4;NaN;7.618897064E-3;1.685114024E-7;2.203414206E-2;1.526864788E-7;1.996491345E-2
9.393346380E1;NaN;8.874361979E-4;1.895034675E-7;2.482757603E-2;4.487989575E-9;5.879887260E-4;NaN;7.633828755E-3;1.857857246E-7;2.434050028E-2;1.223791986E-7;1.603336814E-2
9.384164223E1;NaN;8.891737133E-4;1.540199795E-7;2.021825626E-2;3.450704759E-9;4.529752134E-4;NaN;7.648775063E-3;2.024691597E-7;2.657819699E-2;9.245406252E-8;1.213647693E-2
9.375000000E1;NaN;8.909129280E-4;1.163220544E-7;1.529950378E-2;2.842475166E-9;3.738625469E-4;NaN;7.663735989E-3;2.157513885E-7;2.837715684E-2;6.693424763E-8;8.803668225E-3
9.365853659E1;NaN;8.926538419E-4;8.151117603E-8;1.074187905E-2;2.766231747E-9;3.645454315E-4;NaN;7.678711532E-3;2.230441277E-7;2.939367530E-2;4.829308991E-8;6.364262618E-3
9.356725146E1;NaN;8.943964551E-4;5.303692490E-8;7.003069318E-3;3.263716229E-9;4.309456295E-4;NaN;7.693701693E-3;2.239714040E-7;2.957349565E-2;3.705573760E-8;4.892891124E-3
9.347614411E1;NaN;8.961407677E-4;3.231747168E-8;4.275566170E-3;4.312415793E-9;5.705278945E-4;NaN;7.708706470E-3;2.208090054E-7;2.921278999E-2;3.223298769E-8;4.264389031E-3
9.338521401E1;NaN;8.978867795E-4;1.910353408E-8;2.532300932E-3;5.798103137E-9;7.685772651E-4;NaN;7.723725866E-3;2.168795621E-7;2.874883333E-2;3.204825547E-8;4.248210140E-3
9.329446064E1;NaN;8.996344905E-4;1.225394075E-8;1.627503359E-3;7.488292254E-9;9.945552249E-4;NaN;7.738759878E-3;2.141273655E-7;2.843925997E-2;3.462425039E-8;4.598609130E-3
9.320388350E1;NaN;9.013839009E-4;1.048646707E-8;1.395465213E-3;9.049437335E-9;1.204235413E-3;NaN;7.753808509E-3;2.117744491E-7;2.818145281E-2;3.846926530E-8;5.119219005E-3
9.311348206E1;NaN;9.031350105E-4;1.281021056E-8;1.708004328E-3;1.012354404E-8;1.349787106E-3;NaN;7.768871756E-3;2.070772901E-7;2.760992149E-2;4.265517453E-8;5.687277533E-3
9.302325581E1;NaN;9.048878195E-4;1.855764716E-8;2.479120724E-3;1.044529473E-8;1.395389534E-3;NaN;7.783949621E-3;1.975177744E-7;2.638644886E-2;4.672475812E-8;6.241972119E-3
9.293320426E1;NaN;9.066423277E-4;2.712252002E-8;3.630329540E-3;9.948134951E-9;1.331550614E-3;NaN;7.799042104E-3;1.827158671E-7;2.445638566E-2;5.050069160E-8;6.759480770E-3
9.284332689E1;NaN;9.083985352E-4;3.764245304E-8;5.048174547E-3;8.802615563E-9;1.180505951E-3;NaN;7.814149203E-3;1.646639231E-7;2.208283887E-2;5.399588556E-8;7.241309562E-3
9.275362319E1;NaN;9.101564419E-4;4.883353642E-8;6.561667864E-3;7.357161625E-9;9.885675818E-4;NaN;7.829270921E-3;1.462651899E-7;1.965337075E-2;5.742016586E-8;7.715436660E-3
9.266409266E1;NaN;9.119160480E-4;5.908879223E-8;7.954996483E-3;6.008347639E-9;8.088908663E-4;NaN;7.844407255E-3;1.294502378E-7;1.742760594E-2;6.115613010E-8;8.233317715E-3
9.257473481E1;NaN;9.136773533E-4;6.682237763E-8;9.013527854E-3;5.057943260E-9;6.822551677E-4;NaN;7.859558207E-3;1.143503308E-7;1.542447199E-2;6.554867536E-8;8.841720874E-3
9.248554913E1;NaN;9.154403579E-4;7.092129399E-8;9.584881013E-3;4.620785058E-9;6.244905089E-4;NaN;7.874723777E-3;9.994398364E-8;1.350724356E-2;7.050608756E-8;9.528766637E-3
9.239653513E1;NaN;9.172050618E-4;7.110023206E-8;9.627587654E-3;4.617568193E-9;6.252587542E-4;NaN;7.889903964E-3;8.535738317E-8;1.155812948E-2;7.513926453E-8;1.017450766E-2
9.230769231E1;NaN;9.189714650E-4;6.797383959E-8;9.221973054E-3;4.847924918E-9;6.577152803E-4;NaN;7.905098768E-3;7.064429733E-8;9.584272572E-3;7.780703922E-8;1.055603778E-2
9.221902017E1;NaN;9.207395675E-4;6.279592294E-8;8.535879486E-3;5.102589229E-9;6.935973657E-4;NaN;7.920308190E-3;5.662149603E-8;7.696586717E-3;7.673364650E-8;1.043044084E-2
9.213051823E1;NaN;9.225093692E-4;5.697795834E-8;7.759927957E-3;5.256486344E-9;7.158900832E-4;NaN;7.935532229E-3;4.420513297E-8;6.020374494E-3;7.092370402E-8;9.659223491E-3
9.204218600E1;NaN;9.242808702E-4;5.160948626E-8;7.042283766E-3;5.296153472E-9;7.226775216E-4;NaN;7.950770885E-3;3.390337454E-8;4.626226716E-3;6.079591682E-8;8.295802362E-3
9.195402299E1;NaN;9.260540705E-4;4.717565081E-8;6.449622049E-3;5.276305722E-9;7.213504666E-4;NaN;7.966024159E-3;2.577858695E-8;3.524321126E-3;4.811235155E-8;6.577683149E-3
9.186602871E1;NaN;9.278289701E-4;4.356242969E-8;5.967055034E-3;5.245815251E-9;7.185565297E-4;NaN;7.981292051E-3;1.976576472E-8;2.707457015E-3;3.523072291E-8;4.825802051E-3
9.177820268E1;NaN;9.296055690E-4;4.030315914E-8;5.531180441E-3;5.196719721E-9;7.131945756E-4;NaN;7.996574560E-3;1.601415355E-8;2.197772453E-3;2.416154337E-8;3.315915153E-3
9.169054441E1;NaN;9.313838671E-4;3.692221874E-8;5.076875603E-3;5.065647612E-9;6.965362229E-4;NaN;8.011871686E-3;1.495205464E-8;2.055936073E-3;1.605042771E-8;2.206964469E-3
9.160305344E1;NaN;9.331638645E-4;3.320535530E-8;4.574525626E-3;4.780418372E-9;6.585728764E-4;NaN;8.027183429E-3;1.699064216E-8;2.340710625E-3;1.134729775E-8;1.563257008E-3
9.151572927E1;NaN;9.349455613E-4;2.933335739E-8;4.048816722E-3;4.316412750E-9;5.957846519E-4;NaN;8.042509790E-3;2.208721514E-8;3.048648158E-3;1.034542818E-8;1.427955963E-3
9.142857143E1;NaN;9.367289573E-4;2.586625499E-8;3.577070673E-3;3.721814293E-9;5.146934786E-4;NaN;8.057850769E-3;2.946421231E-8;4.074635845E-3;1.362285869E-8;1.883918964E-3
9.134157945E1;NaN;9.385140525E-4;2.364286660E-8;3.275826802E-3;3.095812551E-9;4.289389227E-4;NaN;8.073206365E-3;3.768044257E-8;5.220796859E-3;2.235626612E-8;3.097562449E-3
9.125475285E1;NaN;9.403008471E-4;2.357792149E-8;3.273047928E-3;2.537965114E-9;3.523161048E-4;NaN;8.088576578E-3;4.501325787E-8;6.248665748E-3;3.868951061E-8;5.370813648E-3
9.116809117E1;NaN;9.420893409E-4;2.637523310E-8;3.668330164E-3;2.103232493E-9;2.925225786E-4;NaN;8.103961409E-3;5.000746875E-8;6.955157717E-3;6.573673783E-8;9.142821879E-3
9.108159393E1;NaN;9.438795340E-4;3.220453256E-8;4.487594319E-3;1.792502900E-9;2.497793073E-4;NaN;8.119360857E-3;5.197612120E-8;7.242699326E-3;1.064643141E-7;1.483544748E-2
9.099526066E1;NaN;9.456714264E-4;4.046228119E-8;5.648987987E-3;1.572223433E-9;2.195000139E-4;NaN;8.134774922E-3;5.119767605E-8;7.147769440E-3;1.614734486E-7;2.254350335E-2
9.090909091E1;NaN;9.474650181E-4;4.976904572E-8;6.961495039E-3;1.403907204E-9;1.963729241E-4;NaN;8.150203605E-3;4.863333874E-8;6.802636890E-3;2.270842352E-7;3.176363449E-2
9.082308420E1;NaN;9.492603091E-4;5.829621250E-8;8.169691970E-3;1.261594537E-9;1.768011731E-4;NaN;8.165646906E-3;4.531336762E-8;6.350262560E-3;2.953740561E-7;4.139402803E-2
9.073724008E1;NaN;9.510572993E-4;6.435894787E-8;9.036403999E-3;1.138437946E-9;1.598438997E-4;NaN;8.181104824E-3;4.182563042E-8;5.872583479E-3;3.566292327E-7;5.007300355E-2
9.065155807E1;NaN;9.528559888E-4;6.701848684E-8;9.427616465E-3;1.050232709E-9;1.477382084E-4;NaN;8.196577359E-3;3.824165477E-8;5.379525430E-3;4.031087515E-7;5.670606547E-2
9.056603774E1;NaN;9.546563777E-4;6.637476820E-8;9.354705416E-3;1.033983041E-9;1.457271644E-4;NaN;8.212064512E-3;3.443759027E-8;4.853553857E-3;4.319615219E-7;6.087965199E-2
9.048067861E1;NaN;9.564584657E-4;6.338982601E-8;8.950879190E-3;1.134275084E-9;1.601638604E-4;NaN;8.227566282E-3;3.048737431E-8;4.304930640E-3;4.452516126E-7;6.287118367E-2
9.039548023E1;NaN;9.582622531E-4;5.934678733E-8;8.395790931E-3;1.386835584E-9;1.961956518E-4;NaN;8.243082669E-3;2.682342923E-8;3.794710952E-3;4.468207573E-7;6.321173951E-2
9.031044214E1;NaN;9.600677398E-4;5.526342443E-8;7.832847834E-3;1.819189989E-9;2.578457363E-4;NaN;8.258613674E-3;2.405183031E-8;3.409023760E-3;4.383589015E-7;6.213148403E-2
9.022556391E1;NaN;9.618749257E-4;5.155800899E-8;7.321410569E-3;2.462230524E-9;3.496450103E-4;NaN;8.274159296E-3;2.256280902E-8;3.203994717E-3;4.179599922E-7;5.935172371E-2
9.014084507E1;NaN;9.636838109E-4;4.809820017E-8;6.842950666E-3;3.343043440E-9;4.756161614E-4;NaN;8.289719536E-3;2.223247205E-8;3.163022918E-3;3.823106727E-7;5.439149621E-2
9.005628518E1;NaN;9.654943954E-4;4.454981002E-8;6.350027905E-3;4.453023549E-9;6.347237795E-4;NaN;8.305294393E-3;2.245004517E-8;3.199978029E-3;3.305538419E-7;4.711638768E-2
8.997188379E1;NaN;9.673066792E-4;4.077011997E-8;5.822187617E-3;5.716040596E-9;8.162806684E-4;NaN;8.320883868E-3;2.244355124E-8;3.205057189E-3;2.667614451E-7;3.809493775E-2
8.988764045E1;NaN;9.691206623E-4;3.697177565E-8;5.289665169E-3;6.976353014E-9;9.981281908E-4;NaN;8.336487960E-3;2.165546534E-8;3.098313747E-3;1.993368689E-7;2.851973630E-2
8.980355472E1;NaN;9.709363446E-4;3.357413597E-8;4.812554086E-3;8.016603174E-9;1.149108838E-3;NaN;8.352106669E-3;1.994966884E-8;2.859607776E-3;1.378676509E-7;1.976210280E-2
8.971962617E1;NaN;9.727537262E-4;3.089101535E-8;4.436240748E-3;8.619445197E-9;1.237833512E-3;NaN;8.367739996E-3;1.758353570E-8;2.525161336E-3;8.942989083E-8;1.284297461E-2
8.963585434E1;NaN;9.745728071E-4;2.890719994E-8;4.159109323E-3;8.670976219E-9;1.247562479E-3;NaN;8.383387940E-3;1.500752401E-8;2.159252129E-3;5.649942585E-8;8.129022847E-3
8.955223881E1;NaN;9.763935873E-4;2.725858567E-8;3.929237292E-3;8.243212158E-9;1.188232471E-3;NaN;8.399050502E-3;1.262581830E-8;1.819971025E-3;3.741205793E-8;5.392827601E-3
8.946877912E1;NaN;9.782160668E-4;2.542193173E-8;3.671329467E-3;7.579756047E-9;1.094636789E-3;NaN;8.414727681E-3;1.067118499E-8;1.541088078E-3;2.850503157E-8;4.116577900E-3
8.938547486E1;NaN;9.800402455E-4;2.300600029E-8;3.328626388E-3;6.985334839E-9;1.010674153E-3;NaN;8.430419477E-3;9.240734691E-9;1.336996998E-3;2.625775895E-8;3.799107546E-3
8.930232558E1;NaN;9.818661236E-4;1.997765040E-8;2.895854288E-3;6.689861136E-9;9.697268030E-4;NaN;8.446125891E-3;8.397146234E-9;1.217205799E-3;2.841075189E-8;4.118271971E-3
8.921933086E1;NaN;9.836937009E-4;1.668844973E-8;2.423571884E-3;6.755060318E-9;9.810003040E-4;NaN;8.461846922E-3;8.223149233E-9;1.194202793E-3;3.414193359E-8;4.958245472E-3
8.913649025E1;NaN;9.855229775E-4;1.371781560E-8;1.995867632E-3;7.054104550E-9;1.026333883E-3;NaN;8.477582571E-3;8.829781215E-9;1.284685189E-3;4.370459058E-8;6.358780457E-3
8.905380334E1;NaN;9.873539533E-4;1.168486395E-8;1.703242753E-3;7.341287073E-9;1.070101805E-3;NaN;8.493332837E-3;1.036858062E-8;1.511374876E-3;5.759797201E-8;8.395761291E-3
8.897126969E1;NaN;9.891866285E-4;1.114828811E-8;1.628045136E-3;7.393112809E-9;1.079656467E-3;NaN;8.509097721E-3;1.303700151E-8;1.903864224E-3;7.539677812E-8;1.101060151E-2
8.888888889E1;NaN;9.910210029E-4;1.256779624E-8;1.838747138E-3;7.144668254E-9;1.045309620E-3;NaN;8.524877222E-3;1.701426316E-8;2.489293040E-3;9.488917709E-8;1.388287967E-2
8.880666050E1;NaN;9.928570767E-4;1.621196485E-8;2.376306246E-3;6.724389974E-9;9.856430135E-4;NaN;8.540671340E-3;2.230830045E-8;3.269890737E-3;1.123030998E-7;1.646108660E-2
8.872458410E1;NaN;9.946948497E-4;2.196657560E-8;3.225761461E-3;6.369857257E-9;9.354047907E-4;NaN;8.556480076E-3;2.859754236E-8;4.199509824E-3;1.236865749E-7;1.816320366E-2
8.864265928E1;NaN;9.965343219E-4;2.913878386E-8;4.286903458E-3;6.310258689E-9;9.283664661E-4;NaN;8.572303429E-3;3.519745517E-8;5.178256341E-3;1.267155424E-7;1.864241485E-2
8.856088561E1;NaN;9.983754935E-4;3.642474204E-8;5.368715832E-3;6.700740486E-9;9.876355882E-4;NaN;8.588141400E-3;4.123009881E-8;6.076987011E-3;1.219029610E-7;1.796752208E-2
8.847926267E1;NaN;1.000218364E-3;4.216213247E-8;6.225832221E-3;7.614168151E-9;1.124339084E-3;NaN;8.603993988E-3;4.595472833E-8;6.785862375E-3;1.124701940E-7;1.660780698E-2
8.839779006E1;NaN;1.002062934E-3;4.484944256E-8;6.634864654E-3;9.049255316E-9;1.338714169E-3;NaN;8.619861193E-3;4.908057427E-8;7.260803007E-3;1.029157958E-7;1.522499137E-2
8.831646734E1;NaN;1.003909204E-3;4.372378282E-8;6.480256325E-3;1.092602118E-8;1.619334223E-3;NaN;8.635743016E-3;5.082902241E-8;7.533316486E-3;9.713500667E-8;1.439627820E-2
8.823529412E1;NaN;1.005757173E-3;3.908768582E-8;5.803809079E-3;1.306232488E-8;1.939517220E-3;NaN;8.651639456E-3;5.167639030E-8;7.673002301E-3;9.709902950E-8;1.441743652E-2
8.815426997E1;NaN;1.007606841E-3;3.218577876E-8;4.787790617E-3;1.514712408E-8;2.253208134E-3;NaN;8.667550514E-3;5.199384347E-8;7.734336264E-3;1.025276776E-7;1.525148906E-2
8.807339450E1;NaN;1.009458208E-3;2.470464214E-8;3.681687570E-3;1.676055517E-8;2.497794839E-3;NaN;8.683476189E-3;5.191576417E-8;7.736911245E-3;1.113406943E-7;1.659289974E-2
8.799266728E1;NaN;1.011311274E-3;1.817572138E-8;2.713666829E-3;1.749558663E-8;2.612121527E-3;NaN;8.699416482E-3;5.150999898E-8;7.690532476E-3;1.205458906E-7;1.799771122E-2
8.791208791E1;NaN;1.013166040E-3;1.354201907E-8;2.025555120E-3;1.713997780E-8;2.563721821E-3;NaN;8.715371392E-3;5.098564310E-8;7.626206246E-3;1.272668585E-7;1.903601195E-2
8.783165599E1;NaN;1.015022505E-3;1.101784499E-8;1.651020060E-3;1.578842056E-8;2.365889071E-3;NaN;8.731340919E-3;5.066739273E-8;7.592490350E-3;1.296141168E-7;1.942262821E-2
8.775137112E1;NaN;1.016880670E-3;1.023262468E-8;1.536162140E-3;1.379479069E-8;2.070928606E-3;NaN;8.747325064E-3;5.071890799E-8;7.614123319E-3;1.272826183E-7;1.910817071E-2
8.767123288E1;NaN;1.018740533E-3;1.055045991E-8;1.586773715E-3;1.160468547E-8;1.745327695E-3;NaN;8.763323826E-3;5.084950447E-8;7.647690985E-3;1.219392804E-7;1.833948916E-2
8.759124088E1;NaN;1.020602096E-3;1.139462706E-8;1.716866758E-3;9.585435115E-9;1.444269727E-3;NaN;8.779337206E-3;5.028151008E-8;7.576084126E-3;1.172161492E-7;1.766135117E-2
8.751139471E1;NaN;1.022465358E-3;1.243483511E-8;1.877018936E-3;7.941366764E-9;1.198736908E-3;NaN;8.795365203E-3;4.809736451E-8;7.260222041E-3;1.177855826E-7;1.777954970E-2
8.743169399E1;NaN;1.024330320E-3;1.358755974E-8;2.054761950E-3;6.733204422E-9;1.018220527E-3;NaN;8.811407817E-3;4.378661065E-8;6.621576147E-3;1.274004034E-7;1.926596874E-2
8.735213831E1;NaN;1.026196981E-3;1.487886597E-8;2.254138436E-3;5.953118963E-9;9.018936188E-4;NaN;8.827465049E-3;3.760601729E-8;5.697286957E-3;1.467478902E-7;2.223220913E-2
8.727272727E1;NaN;1.028065341E-3;1.626898397E-8;2.469227867E-3;5.584436074E-9;8.475787546E-4;NaN;8.843536898E-3;3.047585478E-8;4.625478150E-3;1.724744193E-7;2.617733493E-2
8.719346049E1;NaN;1.029935400E-3;1.753979379E-8;2.666947638E-3;5.598797364E-9;8.513041595E-4;NaN;8.859623365E-3;2.350296956E-8;3.573655991E-3;1.981704835E-7;3.013207050E-2
8.711433757E1;NaN;1.031807159E-3;1.833000918E-8;2.792166033E-3;5.907059365E-9;8.998080880E-4;NaN;8.875724449E-3;1.749148416E-8;2.664435542E-3;2.169288105E-7;3.304424183E-2
8.703535811E1;NaN;1.033680617E-3;1.831175136E-8;2.794449565E-3;6.333844480E-9;9.665710615E-4;NaN;8.891840151E-3;1.274924037E-8;1.945587208E-3;2.241638065E-7;3.420833098E-2
8.695652174E1;NaN;1.035555774E-3;1.740272909E-8;2.660546626E-3;6.660344033E-9;1.018240056E-3;NaN;8.907970470E-3;9.219549009E-9;1.409493872E-3;2.192236393E-7;3.351512920E-2
8.687782805E1;NaN;1.037432630E-3;1.586928059E-8;2.430508606E-3;6.710732445E-9;1.027802922E-3;NaN;8.924115406E-3;6.731317385E-9;1.030955672E-3;2.049958793E-7;3.139677605E-2
8.679927667E1;NaN;1.039311186E-3;1.423943868E-8;2.184834231E-3;6.424101244E-9;9.856846622E-4;NaN;8.940274960E-3;5.150306584E-9;7.902394457E-4;1.858768673E-7;2.852009491E-2
8.672086721E1;NaN;1.041191441E-3;1.307669182E-8;2.010057581E-3;5.881077504E-9;9.039980894E-4;NaN;8.956449131E-3;4.421304686E-9;6.796120244E-4;1.654805809E-7;2.543651717E-2
8.664259928E1;NaN;1.043073396E-3;1.273554199E-8;1.961156813E-3;5.289797952E-9;8.145804316E-4;NaN;8.972637920E-3;4.602534416E-9;7.087481421E-4;1.455017744E-7;2.240594051E-2
8.656447250E1;NaN;1.044957049E-3;1.322426632E-8;2.040093382E-3;4.932887201E-9;7.609912181E-4;NaN;8.988841326E-3;5.875050298E-9;9.063377086E-4;1.261516212E-7;1.946127531E-2
8.648648649E1;NaN;1.046842402E-3;1.422248461E-8;2.198046107E-3;5.071234612E-9;7.837454426E-4;NaN;9.005059349E-3;8.424774989E-9;1.302025938E-3;1.073528942E-7;1.659109625E-2
8.640864086E1;NaN;1.048729454E-3;1.522699423E-8;2.357532395E-3;5.828925233E-9;9.024683305E-4;NaN;9.021291990E-3;1.227489228E-8;1.900470688E-3;8.955436580E-8;1.386533122E-2
8.633093525E1;NaN;1.050618206E-3;1.574613761E-8;2.442299862E-3;7.116873823E-9;1.103860540E-3;NaN;9.037539248E-3;1.729301983E-8;2.682228557E-3;7.373505938E-8;1.143665385E-2
8.625336927E1;NaN;1.052508656E-3;1.546229371E-8;2.402589723E-3;8.638046546E-9;1.342212369E-3;NaN;9.053801124E-3;2.338474951E-8;3.633610894E-3;6.092170793E-8;9.466245577E-3
8.617594255E1;NaN;1.054400806E-3;1.431028288E-8;2.227583377E-3;9.973187783E-9;1.552457594E-3;NaN;9.070077617E-3;3.060367659E-8;4.763863988E-3;5.170782503E-8;8.049001721E-3
8.609865471E1;NaN;1.056294656E-3;1.246489246E-8;1.943809225E-3;1.073184449E-8;1.673553011E-3;NaN;9.086368728E-3;3.907567026E-8;6.093566275E-3;4.607577437E-8;7.185181543E-3
8.602150538E1;NaN;1.058190204E-3;1.026044224E-8;1.602912580E-3;1.072846782E-8;1.676028735E-3;NaN;9.102674456E-3;4.896313183E-8;7.649145923E-3;4.361683852E-8;6.813934281E-3
8.594449418E1;NaN;1.060087452E-3;8.078246594E-9;1.264267053E-3;1.009257308E-8;1.579514500E-3;NaN;9.118994801E-3;6.059220876E-8;9.482841646E-3;4.399790024E-8;6.885788276E-3
8.586762075E1;NaN;1.061986399E-3;6.239531501E-9;9.782524782E-4;9.216231574E-9;1.444948451E-3;NaN;9.135329764E-3;7.450176619E-8;1.168061054E-2;4.726728928E-8;7.410707498E-3
8.579088472E1;NaN;1.063887046E-3;4.940353157E-9;7.759496405E-4;8.554301396E-9;1.343569353E-3;NaN;9.151679344E-3;9.114382900E-8;1.431537769E-2;5.369654351E-8;8.433772305E-3
8.571428571E1;NaN;1.065789391E-3;4.248376764E-9;6.684584817E-4;8.410266701E-9;1.323308742E-3;NaN;9.168043541E-3;1.103227398E-7;1.735867020E-2;6.330245359E-8;9.960289392E-3
8.563782337E1;NaN;1.067693436E-3;4.155581952E-9;6.550258579E-4;8.826471536E-9;1.391277361E-3;NaN;9.184422357E-3;1.306489222E-7;2.059360719E-2;7.549420249E-8;1.189981459E-2
8.556149733E1;NaN;1.069599181E-3;4.660843107E-9;7.359792428E-4;9.598247787E-9;1.515629464E-3;NaN;9.200815789E-3;1.492785881E-7;2.357211768E-2;8.920081450E-8;1.408542326E-2
8.548530721E1;NaN;1.071506624E-3;5.831531067E-9;9.224810940E-4;1.038697723E-8;1.643100244E-3;NaN;9.217223839E-3;1.622750529E-7;2.567004559E-2;1.034693229E-7;1.636765596E-2
8.540925267E1;NaN;1.073415767E-3;7.802662246E-9;1.236490541E-3;1.089120095E-8;1.725932321E-3;NaN;9.233646506E-3;1.658819667E-7;2.628737171E-2;1.181341751E-7;1.872076293E-2
8.533333333E1;NaN;1.075326609E-3;1.069728064E-8;1.698219419E-3;1.099139192E-8;1.744910302E-3;NaN;9.250083791E-3;1.582931314E-7;2.512942108E-2;1.339711357E-7;2.126824487E-2
8.525754885E1;NaN;1.077239150E-3;1.449689806E-8;2.305511188E-3;1.076910031E-8;1.712661642E-3;NaN;9.266535693E-3;1.407108576E-7;2.237792217E-2;1.519193480E-7;2.416046212E-2
8.518189885E1;NaN;1.079153391E-3;1.894068548E-8;3.017580694E-3;1.040106798E-8;1.657071069E-3;NaN;9.283002212E-3;1.168592146E-7;1.861770580E-2;1.716471216E-7;2.734637249E-2
8.510638298E1;NaN;1.081069331E-3;2.352837521E-8;3.755134566E-3;1.003730855E-8;1.601956954E-3;NaN;9.299483349E-3;9.140902057E-8;1.458890253E-2;1.904719018E-7;3.039936315E-2
8.503100089E1;NaN;1.082986970E-3;2.765400063E-8;4.421414389E-3;9.745955716E-9;1.558216094E-3;NaN;9.315979104E-3;6.842602645E-8;1.094018265E-2;2.037109757E-7;3.256999417E-2
8.495575221E1;NaN;1.084906309E-3;3.080537164E-8;4.933995028E-3;9.506952101E-9;1.522697241E-3;NaN;9.332489476E-3;5.045391512E-8;8.081037595E-3;2.066188353E-7;3.309345909E-2
8.488063660E1;NaN;1.086827347E-3;3.271404803E-8;5.248979357E-3;9.224281123E-9;1.480038825E-3;NaN;9.349014465E-3;3.828285792E-8;6.142496666E-3;1.968284313E-7;3.158118408E-2
8.480565371E1;NaN;1.088750084E-3;3.337522418E-8;5.364539078E-3;8.780997118E-9;1.411406315E-3;NaN;9.365554071E-3;3.135849766E-8;5.040382206E-3;1.757413726E-7;2.824764430E-2
8.473080318E1;NaN;1.090674520E-3;3.294704877E-8;5.305077179E-3;8.131447175E-9;1.309311652E-3;NaN;9.382108295E-3;2.854440665E-8;4.596171310E-3;1.479979421E-7;2.383037433E-2
8.465608466E1;NaN;1.092600656E-3;3.160718483E-8;5.098322376E-3;7.346985141E-9;1.185088104E-3;NaN;9.398677137E-3;2.863982405E-8;4.619679247E-3;1.194301506E-7;1.926439867E-2
8.458149780E1;NaN;1.094528491E-3;2.946879893E-8;4.761782193E-3;6.569352686E-9;1.061523638E-3;NaN;9.415260596E-3;3.041807760E-8;4.915173522E-3;9.479309861E-8;1.531735616E-2
8.450704225E1;NaN;1.096458025E-3;2.660433396E-8;4.306499703E-3;5.930875073E-9;9.600432688E-4;NaN;9.431858672E-3;3.261239966E-8;5.279037981E-3;7.645050559E-8;1.237520474E-2
8.443271768E1;NaN;1.098389258E-3;2.314181490E-8;3.752612432E-3;5.510874542E-9;8.936281101E-4;NaN;9.448471366E-3;3.417365046E-8;5.541504246E-3;6.436283498E-8;1.043689856E-2
8.435852373E1;NaN;1.100322191E-3;1.933846820E-8;3.141390765E-3;5.318055595E-9;8.638786984E-4;NaN;9.465098677E-3;3.452428058E-8;5.608213385E-3;5.692439870E-8;9.246946478E-3
8.428446005E1;NaN;1.102256823E-3;1.556189109E-8;2.532358500E-3;5.286417626E-9;8.602492160E-4;NaN;9.481740605E-3;3.350032590E-8;5.451447679E-3;5.199447898E-8;8.460967888E-3
8.421052632E1;NaN;1.104193155E-3;1.218430649E-8;1.986213300E-3;5.319486138E-9;8.671510457E-4;NaN;9.498397151E-3;3.116672659E-8;5.080614716E-3;4.770219147E-8;7.776128022E-3
8.413672217E1;NaN;1.106131185E-3;9.466097892E-9;1.545815466E-3;5.382814964E-9;8.790146391E-4;NaN;9.515068315E-3;2.777191658E-8;4.535158908E-3;4.290248528E-8;7.005983462E-3
8.406304729E1;NaN;1.108070915E-3;7.502307965E-9;1.227276628E-3;5.566240068E-9;9.105619725E-4;NaN;9.531754095E-3;2.378491223E-8;3.890891577E-3;3.734740011E-8;6.109532089E-3
8.398950131E1;NaN;1.110012344E-3;6.247978733E-9;1.023876020E-3;6.087852527E-9;9.976356322E-4;NaN;9.548454494E-3;1.984292588E-8;3.251722971E-3;3.168224122E-8;5.191868989E-3
8.391608392E1;NaN;1.111955473E-3;5.588679456E-9;9.174377748E-4;7.286820847E-9;1.196204713E-3;NaN;9.565169509E-3;1.663134334E-8;2.730201785E-3;2.721883952E-8;4.468245452E-3
8.384279476E1;NaN;1.113900300E-3;5.399498369E-9;8.879320980E-4;9.633287059E-9;1.584166566E-3;NaN;9.581899142E-3;1.473698113E-8;2.423454492E-3;2.542065265E-8;4.180353784E-3
8.376963351E1;NaN;1.115846827E-3;5.561170861E-9;9.161167881E-4;1.365190260E-8;2.248939562E-3;NaN;9.598643393E-3;1.448194227E-8;2.385675746E-3;2.721429656E-8;4.483133962E-3
8.369659983E1;NaN;1.117795054E-3;5.940778697E-9;9.803599892E-4;1.967364406E-8;3.246586762E-3;NaN;9.615402261E-3;1.588541956E-8;2.621445864E-3;3.250674562E-8;5.364332593E-3
8.362369338E1;NaN;1.119744979E-3;6.378239649E-9;1.054386841E-3;2.751233643E-8;4.548064527E-3;NaN;9.632175746E-3;1.892749601E-8;3.128904497E-3;4.023702411E-8;6.651582734E-3
8.355091384E1;NaN;1.121696604E-3;6.710980171E-9;1.111325760E-3;3.626307185E-8;6.005096847E-3;NaN;9.648963848E-3;2.384849811E-8;3.949266665E-3;4.894888583E-8;8.105843905E-3
8.347826087E1;NaN;1.123649928E-3;6.822812351E-9;1.131812473E-3;4.438130138E-8;7.362258828E-3;NaN;9.665766569E-3;3.107970319E-8;5.155703237E-3;5.753029535E-8;9.543499439E-3
8.340573414E1;NaN;1.125604952E-3;6.675600492E-9;1.109318749E-3;5.008700884E-8;8.323214977E-3;NaN;9.682583906E-3;4.093516115E-8;6.802405538E-3;6.566753861E-8;1.091231147E-2
8.333333333E1;NaN;1.127561674E-3;6.302511166E-9;1.049141219E-3;5.200609802E-8;8.657143101E-3;NaN;9.699415861E-3;5.359034203E-8;8.920862695E-3;7.373311887E-8;1.227390990E-2
8.326105811E1;NaN;1.129520096E-3;5.775407424E-9;9.630672385E-4;4.975880516E-8;8.297436279E-3;NaN;9.716262433E-3;6.928198616E-8;1.155298773E-2;8.213508262E-8;1.369628173E-2
8.318890815E1;NaN;1.131480218E-3;5.163849087E-9;8.625822701E-4;4.414316883E-8;7.373785355E-3;NaN;9.733123623E-3;8.820811258E-8;1.473450380E-2;9.049853879E-8;1.511710232E-2
8.311688312E1;NaN;1.133442038E-3;4.511110296E-9;7.548536895E-4;3.677179762E-8;6.153103179E-3;NaN;9.749999430E-3;1.100259344E-7;1.841087383E-2;9.727215992E-8;1.627675760E-2
8.304498270E1;NaN;1.135405558E-3;3.841910487E-9;6.439887462E-4;2.938625076E-8;4.925782329E-3;NaN;9.766889855E-3;1.333159919E-7;2.234669412E-2;1.001827280E-7;1.679282992E-2
8.297320657E1;NaN;1.137370777E-3;3.189666321E-9;5.355836847E-4;2.323780928E-8;3.901910189E-3;NaN;9.783794897E-3;1.552077560E-7;2.606126581E-2;9.739700290E-8;1.635413878E-2
8.290155440E1;NaN;1.139337696E-3;2.604493329E-9;4.380823299E-4;1.880341892E-8;3.162782364E-3;NaN;9.800714556E-3;1.714289236E-7;2.883477620E-2;8.868150585E-8;1.491645237E-2
8.283002588E1;NaN;1.141306313E-3;2.136574822E-9;3.599982140E-4;1.588734097E-8;2.676908065E-3;NaN;9.817648833E-3;1.774898116E-7;2.990581679E-2;7.578711884E-8;1.276961010E-2
8.275862069E1;NaN;1.143276630E-3;1.821743972E-9;3.074812851E-4;1.397998747E-8;2.359598593E-3;NaN;9.834597728E-3;1.710341577E-7;2.886783403E-2;6.182133510E-8;1.043445394E-2
8.268733850E1;NaN;1.145248647E-3;1.683756301E-9;2.846813662E-4;1.263624977E-8;2.136475953E-3;NaN;9.851561239E-3;1.538107285E-7;2.600557355E-2;5.010343591E-8;8.471246450E-3
8.261617900E1;NaN;1.147222362E-3;1.734620981E-9;2.937867597E-4;1.165780225E-8;1.974441671E-3;NaN;9.868539368E-3;1.316931667E-7;2.230441643E-2;4.320155747E-8;7.316898459E-3
8.254514187E1;NaN;1.149197777E-3;1.969080204E-9;3.340705587E-4;1.106013601E-8;1.876442519E-3;NaN;9.885532115E-3;1.130849821E-7;1.918579196E-2;4.251310799E-8;7.212696422E-3
8.247422680E1;NaN;1.151174891E-3;2.374862537E-9;4.036080365E-4;1.096452171E-8;1.863421151E-3;NaN;9.902539479E-3;1.072124739E-7;1.822076663E-2;4.818927623E-8;8.189770507E-3
8.240343348E1;NaN;1.153153704E-3;2.956298779E-9;5.032868031E-4;1.153762447E-8;1.964190554E-3;NaN;9.919561460E-3;1.226367344E-7;2.087794726E-2;5.918885061E-8;1.007644005E-2
8.233276158E1;NaN;1.155134217E-3;3.743902934E-9;6.384649333E-4;1.294863025E-8;2.208189286E-3;NaN;9.936598059E-3;1.652532679E-7;2.818139747E-2;7.360605741E-8;1.255237846E-2
8.226221080E1;NaN;1.157116429E-3;4.779598664E-9;8.164855652E-4;1.526492104E-8;2.607664065E-3;NaN;9.953649275E-3;2.356625926E-7;4.025758618E-2;8.942865642E-8;1.527684900E-2
8.219178082E1;NaN;1.159100340E-3;6.103759292E-9;1.044475968E-3;1.832631130E-8;3.136000427E-3;NaN;9.970715109E-3;3.270779312E-7;5.596961193E-2;1.053652455E-7;1.803011252E-2
8.212147134E1;NaN;1.161085951E-3;7.772303364E-9;1.332275783E-3;2.170838755E-8;3.721105272E-3;NaN;9.987795560E-3;4.252836023E-7;7.289924462E-2;1.211394713E-7;2.076491053E-2
8.205128205E1;NaN;1.163073260E-3;9.899812874E-9;1.699863611E-3;2.484093148E-8;4.265352894E-3;NaN;1.000489063E-2;5.117181715E-7;8.786540817E-2;1.370704401E-7;2.353590480E-2
8.198121264E1;NaN;1.165062269E-3;1.270354301E-8;2.185012976E-3;2.723979430E-8;4.685252292E-3;NaN;1.002200031E-2;5.695767322E-7;9.796735838E-2;1.533421659E-7;2.637489573E-2
8.191126280E1;NaN;1.167052978E-3;1.650359532E-8;2.843473317E-3;2.874316811E-8;4.952280397E-3;NaN;1.003912462E-2;5.907255120E-7;1.017785639E-1;1.695478218E-7;2.921210185E-2
8.184143223E1;NaN;1.169045385E-3;2.163346746E-8;3.733683726E-3;2.958652113E-8;5.106287871E-3;NaN;1.005626354E-2;5.792978159E-7;9.998003474E-2;1.847963035E-7;3.189368289E-2
8.177172061E1;NaN;1.171039492E-3;2.824006522E-8;4.882219008E-3;3.022351922E-8;5.225123911E-3;NaN;1.007341708E-2;5.490073025E-7;9.491387030E-2;1.982780491E-7;3.427884647E-2
8.170212766E1;NaN;1.173035299E-3;3.604850495E-8;6.242784725E-3;3.097333490E-8;5.363880201E-3;NaN;1.009058523E-2;5.155163683E-7;8.927576091E-2;2.098855001E-7;3.634741568E-2
8.163265306E1;NaN;1.175032804E-3;4.423535362E-8;7.673606322E-3;3.174371719E-8;5.506654045E-3;NaN;1.010776800E-2;4.887444917E-7;8.478360665E-2;2.204854197E-7;3.824810185E-2
8.156329652E1;NaN;1.177032009E-3;5.153148535E-8;8.954492034E-3;3.204227728E-8;5.567903094E-3;NaN;1.012496539E-2;4.695103425E-7;8.158558973E-2;2.317107867E-7;4.026378010E-2
8.149405772E1;NaN;1.179032913E-3;5.655604894E-8;9.844303862E-3;3.127395135E-8;5.443631333E-3;NaN;1.014217740E-2;4.515684274E-7;7.860126188E-2;2.454948847E-7;4.273152540E-2
8.142493639E1;NaN;1.181035516E-3;5.826126367E-8;1.015834313E-2;2.911927243E-8;5.077190956E-3;NaN;1.015940403E-2;4.271225124E-7;7.447241554E-2;2.635026385E-7;4.594390935E-2
8.135593220E1;NaN;1.183039819E-3;5.631237305E-8;9.835200364E-3;2.576616411E-8;4.500172395E-3;NaN;1.017664527E-2;3.924415767E-7;6.854162468E-2;2.862952936E-7;5.000271563E-2
8.128704488E1;NaN;1.185045821E-3;5.122965418E-8;8.962653102E-3;2.186499461E-8;3.825291521E-3;NaN;1.019390113E-2;3.503228379E-7;6.128915216E-2;3.122141035E-7;5.462201039E-2
8.121827411E1;NaN;1.187053522E-3;4.420689522E-8;7.747120931E-3;1.823998244E-8;3.196500208E-3;NaN;1.021117161E-2;3.081592686E-7;5.400395364E-2;3.366910250E-7;5.900405524E-2
8.114961961E1;NaN;1.189062922E-3;3.667542641E-8;6.438134261E-3;1.552033407E-8;2.724494417E-3;NaN;1.022845670E-2;2.733610560E-7;4.798676805E-2;3.530742887E-7;6.197991125E-2
8.108108108E1;NaN;1.191074022E-3;2.981873024E-8;5.243338778E-3;1.389858679E-8;2.443933679E-3;NaN;1.024575641E-2;2.494419420E-7;4.386198194E-2;3.552137221E-7;6.246093877E-2
8.101265823E1;NaN;1.193086821E-3;2.425452520E-8;4.272133802E-3;1.312683120E-8;2.312128512E-3;NaN;1.026307074E-2;2.347886739E-7;4.135511297E-2;3.404750302E-7;5.997045389E-2
8.094435076E1;NaN;1.195101319E-3;1.999524926E-8;3.527861838E-3;1.271201321E-8;2.242844073E-3;NaN;1.028039969E-2;2.240759722E-7;3.953484454E-2;3.112072285E-7;5.490784790E-2
8.087615838E1;NaN;1.197117517E-3;1.666282150E-8;2.944864712E-3;1.218610141E-8;2.153682078E-3;NaN;1.029774326E-2;2.112260930E-7;3.733054857E-2;2.736203990E-7;4.835766004E-2
8.080808081E1;NaN;1.199135414E-3;1.382031294E-8;2.446617775E-3;1.132328811E-8;2.004568063E-3;NaN;1.031510144E-2;1.925059121E-7;3.407942990E-2;2.347578624E-7;4.155931643E-2
8.074011775E1;NaN;1.201155010E-3;1.124270740E-8;1.993654903E-3;1.022958765E-8;1.813999676E-3;NaN;1.033247424E-2;1.682673856E-7;2.983863997E-2;1.994871907E-7;3.537480802E-2
8.067226891E1;NaN;1.203176305E-3;8.998409367E-9;1.598361601E-3;9.282432920E-9;1.648811889E-3;NaN;1.034986165E-2;1.424282228E-7;2.529911597E-2;1.693486214E-7;3.008090904E-2
8.060453401E1;NaN;1.205199300E-3;7.344486837E-9;1.306773587E-3;8.960558384E-9;1.594314386E-3;NaN;1.036726369E-2;1.201727446E-7;2.138182993E-2;1.436725322E-7;2.556304809E-2
8.053691275E1;NaN;1.207223994E-3;6.532269425E-9;1.164211722E-3;9.646724241E-9;1.719284480E-3;NaN;1.038468034E-2;1.053738487E-7;1.878022199E-2;1.217047911E-7;2.169079921E-2
8.046940486E1;NaN;1.209250387E-3;6.647251693E-9;1.186692995E-3;1.148198619E-8;2.049808434E-3;NaN;1.040211161E-2;9.906676861E-8;1.768578140E-2;1.038358005E-7;1.853716735E-2
8.040201005E1;NaN;1.211278480E-3;7.547741372E-9;1.349711760E-3;1.431148078E-8;2.559225728E-3;NaN;1.041955750E-2;9.942512319E-8;1.777952521E-2;9.111053799E-8;1.629268394E-2
8.033472803E1;NaN;1.213308271E-3;8.908145937E-9;1.595653179E-3;1.771692625E-8;3.173507696E-3;NaN;1.043701800E-2;1.030105209E-7;1.845154607E-2;8.390358686E-8;1.502905611E-2
8.026755853E1;NaN;1.215339762E-3;1.032237276E-8;1.852069439E-3;2.110954822E-8;3.787535099E-3;NaN;1.045449312E-2;1.066272194E-7;1.913135856E-2;8.133396733E-8;1.459317143E-2
8.020050125E1;NaN;1.217372953E-3;1.141086262E-8;2.050794508E-3;2.385437576E-8;4.287180068E-3;NaN;1.047198286E-2;1.088614419E-7;1.956490534E-2;8.195196042E-8;1.472865250E-2
8.013355593E1;NaN;1.219407843E-3;1.189863955E-8;2.142033766E-3;2.540395220E-8;4.573306316E-3;NaN;1.048948722E-2;1.105282046E-7;1.989766521E-2;8.484109001E-8;1.527338304E-2
8.006672227E1;NaN;1.221444431E-3;1.165901372E-8;2.102400966E-3;2.541661083E-8;4.583227060E-3;NaN;1.050700619E-2;1.139174371E-7;2.054205746E-2;8.996834087E-8;1.622345864E-2
8.000000000E1;NaN;1.223482720E-3;1.072778575E-8;1.937706301E-3;2.383803874E-8;4.305745747E-3;NaN;1.052453978E-2;1.213376068E-7;2.191660523E-2;9.758675091E-8;1.762660688E-2
7.993338884E1;NaN;1.225522707E-3;9.280404109E-9;1.679067944E-3;2.091492252E-8;3.784056767E-3;NaN;1.054208799E-2;1.336538169E-7;2.418147281E-2;1.074354905E-7;1.943789151E-2
7.986688852E1;NaN;1.227564394E-3;7.573079202E-9;1.372450855E-3;1.712869089E-8;3.104191286E-3;NaN;1.055965081E-2;1.494338467E-7;2.708153516E-2;1.185502567E-7;2.148457672E-2
7.980049875E1;NaN;1.229607780E-3;5.875878904E-9;1.066643913E-3;1.306717348E-8;2.372074252E-3;NaN;1.057722826E-2;1.651851490E-7;2.998593686E-2;1.297738285E-7;2.355774626E-2
7.973421927E1;NaN;1.231652865E-3;4.425124117E-9;8.046255116E-4;9.279053082E-9;1.687221112E-3;NaN;1.059482032E-2;1.768166046E-7;3.215077072E-2;1.403893750E-7;2.552716481E-2
7.966804979E1;NaN;1.233699650E-3;3.399536045E-9;6.191688686E-4;6.162382476E-9;1.122375329E-3;NaN;1.061242700E-2;1.817060783E-7;3.309473570E-2;1.501865197E-7;2.735397309E-2
7.960199005E1;NaN;1.235748134E-3;2.902331562E-9;5.294890806E-4;3.920282938E-9;7.151998192E-4;NaN;1.063004829E-2;1.801664308E-7;3.286880074E-2;1.587717656E-7;2.896564862E-2
7.953603977E1;NaN;1.237798317E-3;2.940658633E-9;5.373713651E-4;2.587379919E-9;4.728137648E-4;NaN;1.064768420E-2;1.753218770E-7;3.203804594E-2;1.647082290E-7;3.009852448E-2
7.947019868E1;NaN;1.239850200E-3;3.424588252E-9;6.268412950E-4;2.096802552E-9;3.838015931E-4;NaN;1.066533473E-2;1.713862696E-7;3.137077607E-2;1.654402522E-7;3.028240895E-2
7.940446650E1;NaN;1.241903781E-3;4.206573540E-9;7.712522704E-4;2.340616794E-9;4.291392981E-4;NaN;1.068299988E-2;1.713110570E-7;3.140894611E-2;1.583882154E-7;2.903961372E-2
7.933884298E1;NaN;1.243959062E-3;5.140999391E-9;9.441340509E-4;3.194352093E-9;5.866362457E-4;NaN;1.070067965E-2;1.750332107E-7;3.214449208E-2;1.425716204E-7;2.618298725E-2
7.927332783E1;NaN;1.246016043E-3;6.123945287E-9;1.126509753E-3;4.503235955E-9;8.283776205E-4;NaN;1.071837403E-2;1.792265154E-7;3.296901070E-2;1.195654351E-7;2.199425738E-2
7.920792079E1;NaN;1.248074722E-3;7.091074429E-9;1.306569908E-3;6.058406053E-9;1.116295015E-3;NaN;1.073608303E-2;1.788268018E-7;3.294983295E-2;9.309271643E-8;1.715285083E-2
7.914262160E1;NaN;1.250135101E-3;7.995731068E-9;1.475690047E-3;7.599101260E-9;1.402488153E-3;NaN;1.075380665E-2;1.697813368E-7;3.133479937E-2;6.755103577E-8;1.246720160E-2
7.907742998E1;NaN;1.252197179E-3;8.786938679E-9;1.624390112E-3;8.860272985E-9;1.637946997E-3;NaN;1.077154488E-2;1.515291517E-7;2.801231062E-2;4.641133108E-8;8.579792124E-3
7.901234568E1;NaN;1.254260957E-3;9.403903765E-9;1.741310024E-3;9.650672605E-9;1.787003925E-3;NaN;1.078929773E-2;1.275980047E-7;2.362717549E-2;3.134539218E-8;5.804190149E-3
7.894736842E1;NaN;1.256326434E-3;9.820301473E-9;1.821408413E-3;9.922170296E-9;1.840302409E-3;NaN;1.080706520E-2;1.039837757E-7;1.928626370E-2;2.237513937E-8;4.150001628E-3
7.888249795E1;NaN;1.258393610E-3;1.015121009E-8;1.885881241E-3;9.796331583E-9;1.819952281E-3;NaN;1.082484729E-2;8.669128681E-8;1.610541700E-2;1.868993842E-8;3.472197299E-3
7.881773399E1;NaN;1.260462485E-3;1.075747388E-8;2.001797972E-3;9.524581855E-9;1.772376010E-3;NaN;1.084264399E-2;8.010472927E-8;1.490623973E-2;1.944527291E-8;3.618461760E-3
7.875307629E1;NaN;1.262533059E-3;1.221494049E-8;2.276743653E-3;9.384540946E-9;1.749185275E-3;NaN;1.086045532E-2;8.661622621E-8;1.614440476E-2;2.405689297E-8;4.483966045E-3
7.868852459E1;NaN;1.264605333E-3;1.508766889E-8;2.816807536E-3;9.550581853E-9;1.783055496E-3;NaN;1.087828126E-2;1.067139379E-7;1.992306609E-2;3.210628421E-8;5.994115060E-3
7.862407862E1;NaN;1.266679306E-3;1.959082287E-8;3.663526808E-3;1.000761685E-8;1.871446282E-3;NaN;1.089612181E-2;1.388214987E-7;2.595992448E-2;4.339859912E-8;8.115633140E-3
7.855973813E1;NaN;1.268754979E-3;2.531545961E-8;4.741803975E-3;1.055842714E-8;1.977684489E-3;NaN;1.091397699E-2;1.788843939E-7;3.350659016E-2;5.843663448E-8;1.094568575E-2
7.849550286E1;NaN;1.270832351E-3;3.118175818E-8;5.850175320E-3;1.092020991E-8;2.048798600E-3;NaN;1.093184678E-2;2.201934604E-7;4.131166498E-2;7.889580639E-8;1.480206141E-2
7.843137255E1;NaN;1.272911422E-3;3.571469483E-8;6.711585811E-3;1.085577900E-8;2.040042415E-3;NaN;1.094973119E-2;2.542360142E-7;4.777660381E-2;1.072507027E-7;2.015479336E-2
7.836734694E1;NaN;1.274992192E-3;3.758668997E-8;7.074921527E-3;1.027729564E-8;1.934489582E-3;NaN;1.096763021E-2;2.730770953E-7;5.140114817E-2;1.452682969E-7;2.734376987E-2
7.830342577E1;NaN;1.277074661E-3;3.617486024E-8;6.820295167E-3;9.271154555E-9;1.747954524E-3;NaN;1.098554386E-2;2.724402091E-7;5.136502613E-2;1.921497690E-7;3.622731732E-2
7.823960880E1;NaN;1.279158830E-3;3.181927742E-8;6.008897649E-3;8.031132351E-9;1.516635707E-3;NaN;1.100347212E-2;2.534646868E-7;4.786542887E-2;2.437901762E-7;4.603845011E-2
7.817589577E1;NaN;1.281244698E-3;2.565856163E-8;4.853381257E-3;6.751498768E-9;1.277062918E-3;NaN;1.102141500E-2;2.218533192E-7;4.196411149E-2;2.942238384E-7;5.565317663E-2
7.811228641E1;NaN;1.283332266E-3;1.917739849E-8;3.633363311E-3;5.557610984E-9;1.052948858E-3;NaN;1.103937249E-2;1.851383215E-7;3.507643568E-2;3.388134557E-7;6.419183393E-2
7.804878049E1;NaN;1.285421532E-3;1.369717844E-8;2.599301781E-3;4.511228714E-9;8.560919962E-4;NaN;1.105734461E-2;1.498275559E-7;2.843264652E-2;3.771887304E-7;7.157878123E-2
7.798537774E1;NaN;1.287512498E-3;1.000734738E-8;1.902174911E-3;3.647722761E-9;6.933512406E-4;NaN;1.107533134E-2;1.198079686E-7;2.277283914E-2;4.135246009E-7;7.860186034E-2
7.792207792E1;NaN;1.289605164E-3;8.247676279E-9;1.570248511E-3;3.003546030E-9;5.718354506E-4;NaN;1.109333269E-2;9.659059713E-8;1.838957255E-2;4.533316326E-7;8.630834879E-2
7.785888078E1;NaN;1.291699528E-3;8.050080326E-9;1.535117898E-3;2.633640128E-9;5.022245658E-4;NaN;1.111134865E-2;8.094467773E-8;1.543582405E-2;4.986348443E-7;9.508765664E-2
7.779578606E1;NaN;1.293795592E-3;8.812912129E-9;1.683313969E-3;2.614500691E-9;4.993837984E-4;NaN;1.112937923E-2;7.427700660E-8;1.418731072E-2;5.451483822E-7;1.041262948E-1
7.773279352E1;NaN;1.295893355E-3;9.958166394E-9;1.905147749E-3;3.013502978E-9;5.765286688E-4;NaN;1.114742443E-2;7.834095779E-8;1.498780935E-2;5.842801400E-7;1.117816222E-1
7.766990291E1;NaN;1.297992817E-3;1.113416002E-8;2.133584110E-3;3.833571934E-9;7.346084615E-4;NaN;1.116548425E-2;9.393575691E-8;1.800044529E-2;6.095485639E-7;1.168047816E-1
7.760711399E1;NaN;1.300093979E-3;1.237430293E-8;2.375065060E-3;4.983722814E-9;9.565521383E-4;NaN;1.118355869E-2;1.204870190E-7;2.312570742E-2;6.232323305E-7;1.196202599E-1
7.754442649E1;NaN;1.302196840E-3;1.414186903E-8;2.718713653E-3;6.300436689E-9;1.211231925E-3;NaN;1.120164774E-2;1.568570810E-7;3.015510091E-2;6.376309738E-7;1.225818193E-1
7.748184019E1;NaN;1.304301400E-3;1.712520867E-8;3.297568705E-3;7.592553467E-9;1.461994839E-3;NaN;1.121975141E-2;2.019919295E-7;3.889484082E-2;6.684428575E-7;1.287129570E-1
7.741935484E1;NaN;1.306407660E-3;2.180220296E-8;4.204933351E-3;8.684430816E-9;1.674943254E-3;NaN;1.123786970E-2;2.544625012E-7;4.907751110E-2;7.239450416E-7;1.396253698E-1
7.735697019E1;NaN;1.308515618E-3;2.800312318E-8;5.409603094E-3;9.470516986E-9;1.829500862E-3;NaN;1.125600260E-2;3.115768451E-7;6.018996718E-2;7.977526155E-7;1.541087038E-1
7.729468599E1;NaN;1.310625276E-3;3.474225096E-8;6.722278682E-3;9.979127476E-9;1.930861531E-3;NaN;1.127415013E-2;3.690695042E-7;7.141126414E-2;8.707032487E-7;1.684723852E-1
7.723250201E1;NaN;1.312736634E-3;4.045487456E-8;7.840224239E-3;1.039044875E-8;2.013686831E-3;NaN;1.129231227E-2;4.216241163E-7;8.171147858E-2;9.206893008E-7;1.784311693E-1
7.717041801E1;NaN;1.314849690E-3;4.356916634E-8;8.457370934E-3;1.096622940E-8;2.128695075E-3;NaN;1.131048902E-2;4.641142224E-7;9.009091668E-2;9.338498334E-7;1.812730218E-1
7.710843373E1;NaN;1.316964446E-3;4.316254497E-8;8.391915742E-3;1.192136299E-8;2.317821478E-3;NaN;1.132868040E-2;4.931422675E-7;9.587961878E-2;9.102849242E-7;1.769829464E-1
7.704654896E1;NaN;1.319080901E-3;3.934962930E-8;7.662881296E-3;1.331147999E-8;2.592255450E-3;NaN;1.134688639E-2;5.077461285E-7;9.887763570E-2;8.614904026E-7;1.677652067E-1
7.698476343E1;NaN;1.321199056E-3;3.316833107E-8;6.469517541E-3;1.498665696E-8;2.923163058E-3;NaN;1.136510700E-2;5.083608519E-7;9.915631393E-2;8.021211814E-7;1.564545723E-1
7.692307692E1;NaN;1.323318910E-3;2.606017522E-8;5.091220071E-3;1.663246825E-8;3.249385526E-3;NaN;1.138334223E-2;4.951050075E-7;9.672569468E-2;7.421710186E-7;1.449934989E-1
7.686148919E1;NaN;1.325440463E-3;1.929639948E-8;3.775865590E-3;1.790243496E-8;3.503098503E-3;NaN;1.140159207E-2;4.675694469E-7;9.149268427E-2;6.845092139E-7;1.339428524E-1
7.680000000E1;NaN;1.327563715E-3;1.365009513E-8;2.675291269E-3;1.859179640E-8;3.643818603E-3;NaN;1.141985653E-2;4.264705902E-7;8.358425602E-2;6.277545813E-7;1.230340400E-1
7.673860911E1;NaN;1.329688667E-3;9.383541012E-9;1.842030190E-3;1.873611536E-8;3.677981489E-3;NaN;1.143813561E-2;3.750873884E-7;7.363129682E-2;5.703461823E-7;1.119614531E-1
7.667731629E1;NaN;1.331815317E-3;6.441004615E-9;1.266419637E-3;1.854426378E-8;3.646142367E-3;NaN;1.145642931E-2;3.188248646E-7;6.268681571E-2;5.122852170E-7;1.007246691E-1
7.661612131E1;NaN;1.333943668E-3;4.694822756E-9;9.245634290E-4;1.822070011E-8;3.588248982E-3;NaN;1.147473762E-2;2.634389931E-7;5.187971335E-2;4.546780064E-7;8.954090038E-2
7.655502392E1;NaN;1.336073717E-3;4.115716023E-9;8.118127027E-4;1.781610872E-8;3.514174275E-3;NaN;1.149306055E-2;2.133092787E-7;4.207461863E-2;3.991045132E-7;7.872217415E-2
7.649402390E1;NaN;1.338205466E-3;4.801714549E-9;9.486350313E-4;1.720154021E-8;3.398366036E-3;NaN;1.151139810E-2;1.705290531E-7;3.369001467E-2;3.477977200E-7;6.871151911E-2
7.643312102E1;NaN;1.340338914E-3;6.896355838E-9;1.364628097E-3;1.616402055E-8;3.198482955E-3;NaN;1.152975027E-2;1.352596860E-7;2.676473956E-2;3.041151401E-7;6.017729864E-2
7.637231504E1;NaN;1.342474061E-3;1.045912078E-8;2.072913127E-3;1.455995607E-8;2.885665505E-3;NaN;1.154811705E-2;1.073207942E-7;2.127011321E-2;2.725687089E-7;5.402091307E-2
7.631160572E1;NaN;1.344610907E-3;1.532570552E-8;3.042265599E-3;1.243576256E-8;2.468590603E-3;NaN;1.156649845E-2;8.758832941E-8;1.738692950E-2;2.579022856E-7;5.119550617E-2
7.625099285E1;NaN;1.346749453E-3;2.097854097E-8;4.171018427E-3;1.003732580E-8;1.995652173E-3;NaN;1.158489447E-2;7.760323240E-8;1.542931479E-2;2.630354012E-7;5.229751234E-2
7.619047619E1;NaN;1.348889698E-3;2.652191570E-8;5.281549427E-3;7.705462882E-9;1.534458655E-3;NaN;1.160330511E-2;7.794760273E-8;1.552241253E-2;2.867058743E-7;5.709433902E-2
7.613005551E1;NaN;1.351031643E-3;3.086359568E-8;6.155907171E-3;5.743605814E-9;1.145592516E-3;NaN;1.162173036E-2;8.752524055E-8;1.745737151E-2;3.228556333E-7;6.439526129E-2
7.606973059E1;NaN;1.353175287E-3;3.308093366E-8;6.608636067E-3;4.342809025E-9;8.675705664E-4;NaN;1.164017023E-2;1.043785556E-7;2.085188690E-2;3.630486476E-7;7.252686429E-2
7.600950119E1;NaN;1.355320629E-3;3.282581491E-8;6.568067170E-3;3.571387245E-9;7.145934191E-4;NaN;1.165862472E-2;1.266305787E-7;2.533731909E-2;4.006121567E-7;8.015787457E-2
7.594936709E1;NaN;1.357467672E-3;3.056865859E-8;6.126125611E-3;3.389917986E-9;6.793580206E-4;NaN;1.167709382E-2;1.524068461E-7;3.054316173E-2;4.335639662E-7;8.688857933E-2
7.588932806E1;NaN;1.359616413E-3;2.754341395E-8;5.528587509E-3;3.661455235E-9;7.349370603E-4;NaN;1.169557755E-2;1.790921339E-7;3.594785077E-2;4.645666960E-7;9.324906626E-2
7.582938389E1;NaN;1.361766854E-3;2.536742781E-8;5.099871255E-3;4.167453079E-9;8.378253531E-4;NaN;1.171407589E-2;2.027708512E-7;4.076508044E-2;4.980230951E-7;1.001226331E-1
7.576953433E1;NaN;1.363918994E-3;2.545484630E-8;5.125533505E-3;4.655034796E-9;9.373278682E-4;NaN;1.173258885E-2;2.184862135E-7;4.399391749E-2;5.356544121E-7;1.078582288E-1
7.570977918E1;NaN;1.366072834E-3;2.844747461E-8;5.737168346E-3;4.917862908E-9;9.918141343E-4;NaN;1.175111642E-2;2.217223648E-7;4.471604422E-2;5.729564040E-7;1.155514642E-1
7.565011820E1;NaN;1.368228372E-3;3.389519059E-8;6.846627378E-3;4.878077609E-9;9.853427325E-4;NaN;1.176965861E-2;2.105440792E-7;4.252865472E-2;5.994967320E-7;1.210947827E-1
7.559055118E1;NaN;1.370385610E-3;4.032813158E-8;8.158886871E-3;4.621595619E-9;9.350067642E-4;NaN;1.178821542E-2;1.868212099E-7;3.779627414E-2;6.041310496E-7;1.222232892E-1
7.553107789E1;NaN;1.372544547E-3;4.572888644E-8;9.266102394E-3;4.376857998E-9;8.868883003E-4;NaN;1.180678685E-2;1.554942388E-7;3.150799529E-2;5.821901919E-7;1.179699387E-1
7.547169811E1;NaN;1.374705184E-3;4.825479896E-8;9.793323512E-3;4.453281384E-9;9.037945702E-4;NaN;1.182537290E-2;1.225644577E-7;2.487448733E-2;5.394849221E-7;1.094885998E-1
7.541241163E1;NaN;1.376867520E-3;4.691563318E-8;9.536516342E-3;5.154212896E-9;1.047694173E-3;NaN;1.184397356E-2;9.316181889E-8;1.893695444E-2;4.902044673E-7;9.964360696E-2
7.535321821E1;NaN;1.379031555E-3;4.190579423E-8;8.531557068E-3;6.669464088E-9;1.357829258E-3;NaN;1.186258884E-2;7.037910331E-8;1.432840845E-2;4.500701849E-7;9.162932090E-2
7.529411765E1;NaN;1.381197289E-3;3.446065569E-8;7.026827208E-3;8.969492157E-9;1.828957408E-3;NaN;1.188121874E-2;5.499310806E-8;1.121357270E-2;4.288595027E-7;8.744817999E-2
7.523510972E1;NaN;1.383364723E-3;2.635887490E-8;5.383238059E-3;1.175069467E-8;2.399828787E-3;NaN;1.189986325E-2;4.609596992E-8;9.414118796E-3;4.264534671E-7;8.709402595E-2
7.517619421E1;NaN;1.385533856E-3;1.933154726E-8;3.954246857E-3;1.447404967E-8;2.960651036E-3;NaN;1.191852238E-2;4.218167083E-8;8.628214650E-3;4.344526200E-7;8.886680843E-2
7.511737089E1;NaN;1.387704688E-3;1.463053664E-8;2.997349125E-3;1.650107323E-8;3.380564818E-3;NaN;1.193719613E-2;4.184584819E-8;8.572933419E-3;4.421413059E-7;9.058121992E-2
7.505863956E1;NaN;1.389877219E-3;1.287766340E-8;2.642369369E-3;1.729770788E-8;3.549318850E-3;NaN;1.195588450E-2;4.382654401E-8;8.992774064E-3;4.430436404E-7;9.090818014E-2
7.500000000E1;NaN;1.392051450E-3;1.415706547E-8;2.909434254E-3;1.663934963E-8;3.419571231E-3;NaN;1.197458748E-2;4.702054794E-8;9.663245053E-3;4.382024935E-7;9.005548134E-2
7.494145199E1;NaN;1.394227380E-3;1.821537099E-8;3.749312574E-3;1.472045851E-8;3.029946533E-3;NaN;1.199330508E-2;5.095797186E-8;1.048879898E-2;4.347025576E-7;8.947584797E-2
7.488299532E1;NaN;1.396405009E-3;2.461371202E-8;5.074211128E-3;1.209423342E-8;2.493272601E-3;NaN;1.201203730E-2;5.614743267E-8;1.157500857E-2;4.406522023E-7;9.084214143E-2
7.482462977E1;NaN;1.398584338E-3;3.279548832E-8;6.771467254E-3;9.471771193E-9;1.955689388E-3;NaN;1.203078414E-2;6.360320938E-8;1.313250912E-2;4.594982831E-7;9.487517147E-2
7.476635514E1;NaN;1.400765366E-3;4.209764119E-8;8.705689585E-3;7.506021219E-9;1.552226892E-3;NaN;1.204954559E-2;7.380817981E-8;1.526335168E-2;4.867917072E-7;1.006673385E-1
7.470817121E1;NaN;1.402948093E-3;5.175666415E-8;1.071983006E-2;6.683051161E-9;1.384192237E-3;NaN;1.206832167E-2;8.597813376E-8;1.780777409E-2;5.113834013E-7;1.059176291E-1
7.465007776E1;NaN;1.405132519E-3;6.091256210E-8;1.263584158E-2;7.330863608E-9;1.520731159E-3;NaN;1.208711235E-2;9.798235325E-8;2.032568407E-2;5.204343511E-7;1.079600954E-1
7.459207459E1;NaN;1.407318645E-3;6.862676880E-8;1.425824303E-2;9.674125481E-9;2.009945021E-3;NaN;1.210591766E-2;1.068186191E-7;2.219317416E-2;5.053897902E-7;1.050023275E-1
7.453416149E1;NaN;1.409506470E-3;7.394385241E-8;1.538683041E-2;1.383183330E-8;2.878238911E-3;NaN;1.212473758E-2;1.096561619E-7;2.281813446E-2;4.659115644E-7;9.695061855E-2
7.447633825E1;NaN;1.411695994E-3;7.603766687E-8;1.584710682E-2;1.971407461E-8;4.108635351E-3;NaN;1.214357212E-2;1.052064160E-7;2.192620291E-2;4.101748877E-7;8.548506978E-2
7.441860465E1;NaN;1.413887218E-3;7.442298684E-8;1.553466471E-2;2.685866538E-8;5.606337223E-3;NaN;1.216242128E-2;9.449562083E-8;1.972452127E-2;3.516004508E-7;7.339123769E-2
7.436096050E1;NaN;1.416080141E-3;6.914668633E-8;1.445570327E-2;3.433614330E-8;7.178262987E-3;NaN;1.218128506E-2;8.034494451E-8;1.679679445E-2;3.035534787E-7;6.346043823E-2
7.430340557E1;NaN;1.418274763E-3;6.085445378E-8;1.274185809E-2;4.085745455E-8;8.554836261E-3;NaN;1.220016345E-2;6.605934944E-8;1.383167219E-2;2.744760577E-7;5.747048506E-2
7.424593968E1;NaN;1.420471084E-3;5.067787390E-8;1.062749243E-2;4.511322064E-8;9.460547058E-3;NaN;1.221905646E-2;5.436757517E-8;1.140124771E-2;2.654073189E-7;5.565770731E-2
7.418856260E1;NaN;1.422669105E-3;3.997455145E-8;8.395905080E-3;4.621172979E-8;9.705907453E-3;NaN;1.223796409E-2;4.700090129E-8;9.871658131E-3;2.702718418E-7;5.676553325E-2
7.413127413E1;NaN;1.424868825E-3;3.001924575E-8;6.314728472E-3;4.400422227E-8;9.256552200E-3;NaN;1.225688634E-2;4.469216547E-8;9.401265180E-3;2.784032341E-7;5.856379084E-2
