"Speed of sound (m/s)";"Crosscorrelation (a.u.)";"Normalized CC (a.u.)";"Crosscorrelation history 1 (a.u.)";"Normalized CC history 1 (a.u.)";"Crosscorrelation history 2 (a.u.)";"Normalized CC history 2 (a.u.)";"Crosscorrelation history 3 (a.u.)";"Normalized CC history 3 (a.u.)";"Crosscorrelation history 4 (a.u.)";"Normalized CC history 4 (a.u.)";"Crosscorrelation history 5 (a.u.)";"Normalized CC history 5 (a.u.)"
1.000000000E3;2.108162475E-7;2.437035822E-4;NaN;NaN;1.020639794E-7;1.179859602E-4;3.383793169E-7;3.911664904E-4;1.354110390E-7;1.565351611E-4;1.915782269E-7;2.214644303E-4
9.896907216E2;2.200775801E-7;2.597374895E-4;NaN;NaN;1.101602867E-7;1.300121362E-4;3.980569696E-7;4.697903254E-4;1.451892402E-7;1.713536142E-4;1.929234775E-7;2.276899795E-4
9.795918367E2;2.113866878E-7;2.546508636E-4;NaN;NaN;1.110443024E-7;1.337715624E-4;4.738022089E-7;5.707745502E-4;1.438596678E-7;1.733031962E-4;2.121231090E-7;2.555380069E-4
9.696969697E2;1.874371521E-7;2.304312810E-4;NaN;NaN;1.042310959E-7;1.281395107E-4;5.574809563E-7;6.853553283E-4;1.318265896E-7;1.620648286E-4;2.486010319E-7;3.056248647E-4
9.600000000E2;1.551303344E-7;1.945862268E-4;NaN;NaN;9.197680289E-8;1.153702085E-4;6.327270885E-7;7.936550720E-4;1.131550703E-7;1.419349623E-4;2.954674964E-7;3.706167816E-4
9.504950495E2;1.232067967E-7;1.576495669E-4;NaN;NaN;7.821351515E-8;1.000783002E-4;6.788083609E-7;8.685709470E-4;9.403626237E-8;1.203243362E-4;3.408622871E-7;4.361511975E-4
9.411764706E2;9.987399273E-8;1.303371210E-4;NaN;NaN;6.733011164E-8;8.786684773E-5;6.785792315E-7;8.855564999E-4;8.102331623E-8;1.057366937E-4;3.718498717E-7;4.852698927E-4
9.320388350E2;9.122969952E-8;1.214020616E-4;NaN;NaN;6.318752371E-8;8.408550820E-5;6.262887769E-7;8.334210139E-4;7.958280927E-8;1.059032000E-4;3.792347816E-7;5.046589495E-4
9.230769231E2;1.003152284E-7;1.360971131E-4;NaN;NaN;6.831371335E-8;9.268083539E-5;5.306185831E-7;7.198872838E-4;9.287835811E-8;1.260075525E-4;3.609818855E-7;4.897421186E-4
9.142857143E2;1.263820193E-7;1.747749781E-4;NaN;NaN;8.319310525E-8;1.150485902E-4;4.113327542E-7;5.688362433E-4;1.206733746E-7;1.668804353E-4;3.226744443E-7;4.462297662E-4
9.056603774E2;1.644765969E-7;2.318094893E-4;NaN;NaN;1.059986856E-7;1.493920815E-4;2.915681676E-7;4.109293924E-4;1.587775273E-7;2.237773532E-4;2.750348724E-7;3.876277508E-4
8.971962617E2;2.059259771E-7;2.957290980E-4;NaN;NaN;1.331532517E-7;1.912206104E-4;1.899316120E-7;2.727596834E-4;1.996915827E-7;2.867759205E-4;2.298193468E-7;3.300422273E-4
8.888888889E2;2.401520273E-7;3.513574255E-4;NaN;NaN;1.605957952E-7;2.349616855E-4;1.159832191E-7;1.696906985E-4;2.345966673E-7;3.432295866E-4;1.960281913E-7;2.868014956E-4
8.807339450E2;2.577441934E-7;3.841114506E-4;NaN;NaN;1.852140234E-7;2.760210667E-4;7.017413463E-8;1.045792275E-4;2.562293255E-7;3.818538707E-4;1.779206759E-7;2.651519245E-4
8.727272727E2;2.538235810E-7;3.852411807E-4;NaN;NaN;2.057860448E-7;3.123321268E-4;4.734539165E-8;7.185855037E-5;2.615080257E-7;3.969042600E-4;1.751667965E-7;2.658597095E-4
8.648648649E2;2.299110036E-7;3.553211694E-4;NaN;NaN;2.227468704E-7;3.442491974E-4;4.155747460E-8;6.422594065E-5;2.523911264E-7;3.900635845E-4;1.843476776E-7;2.849042950E-4
8.571428571E2;1.928916466E-7;3.035042897E-4;NaN;NaN;2.366082870E-7;3.722899948E-4;4.915325055E-8;7.733990900E-5;2.341163252E-7;3.683690313E-4;2.007310833E-7;3.158392078E-4
8.495575221E2;1.516483693E-7;2.428902040E-4;NaN;NaN;2.461894833E-7;3.943135960E-4;6.896512115E-8;1.104591656E-4;2.119530394E-7;3.394782101E-4;2.197055158E-7;3.518950966E-4
8.421052632E2;1.136430094E-7;1.852540864E-4;NaN;NaN;2.483649584E-7;4.048698085E-4;1.010922509E-7;1.647945851E-4;1.888542874E-7;3.078590461E-4;2.377992366E-7;3.876461962E-4
8.347826087E2;8.325100380E-8;1.381021779E-4;NaN;NaN;2.397624268E-7;3.977335024E-4;1.452635263E-7;2.409725820E-4;1.653593599E-7;2.743088575E-4;2.530992631E-7;4.198575135E-4
8.275862069E2;6.193303757E-8;1.045330753E-4;NaN;NaN;2.190271066E-7;3.696827725E-4;1.987567503E-7;3.354696487E-4;1.410812899E-7;2.381226836E-4;2.647642392E-7;4.468797471E-4
8.205128205E2;4.931175772E-8;8.467156261E-5;NaN;NaN;1.880376913E-7;3.228732029E-4;2.547183507E-7;4.373683230E-4;1.162924146E-7;1.996817984E-4;2.718492539E-7;4.667832214E-4
8.135593220E2;4.425740298E-8;7.729747520E-5;NaN;NaN;1.515107811E-7;2.646201551E-4;3.026258801E-7;5.285492344E-4;9.263310639E-8;1.617877408E-4;2.724904120E-7;4.759163314E-4
8.067226891E2;4.537524523E-8;8.059874436E-5;NaN;NaN;1.153547439E-7;2.049013172E-4;3.314938266E-7;5.888229595E-4;7.264305613E-8;1.290337734E-4;2.644420499E-7;4.697208151E-4
8.000000000E2;5.079027770E-8;9.173993909E-5;NaN;NaN;8.458285711E-8;1.527777857E-4;3.342778493E-7;6.037893653E-4;5.844636931E-8;1.055687546E-4;2.467746414E-7;4.457366961E-4
7.933884298E2;5.786166820E-8;1.062617733E-4;NaN;NaN;6.185835085E-8;1.136015995E-4;3.109841599E-7;5.711160657E-4;5.058071607E-8;9.289045326E-5;2.213758770E-7;4.065522821E-4
7.868852459E2;6.358299406E-8;1.187069110E-4;NaN;NaN;4.742002130E-8;8.853128626E-5;2.689281409E-7;5.020781006E-4;4.791284883E-8;8.945137558E-5;1.930935779E-7;3.604979997E-4
7.804878049E2;6.564480670E-8;1.245735855E-4;NaN;NaN;4.008853371E-8;7.607566591E-5;2.201582724E-7;4.177924615E-4;4.854567663E-8;9.212471335E-5;1.685025805E-7;3.197658989E-4
7.741935484E2;6.332576077E-8;1.221347237E-4;NaN;NaN;3.835487590E-8;7.397403701E-5;1.774158769E-7;3.421773200E-4;5.078569633E-8;9.794903234E-5;1.542717959E-7;2.975399416E-4
7.680000000E2;5.759728807E-8;1.128853099E-4;NaN;NaN;4.089355700E-8;8.014755570E-5;1.505668511E-7;2.950969779E-4;5.354016651E-8;1.049337302E-4;1.559145705E-7;3.055780089E-4
7.619047619E2;5.052153164E-8;1.006081045E-4;NaN;NaN;4.654579940E-8;9.269086855E-5;1.446735916E-7;2.881016340E-4;5.624331304E-8;1.120024063E-4;1.770031488E-7;3.524824112E-4
7.559055118E2;4.438403088E-8;8.979446174E-5;NaN;NaN;5.406869891E-8;1.093877600E-4;1.595698597E-7;3.228298416E-4;5.862787743E-8;1.186115500E-4;2.182397685E-7;4.415264264E-4
7.500000000E2;4.098070995E-8;8.421991237E-5;NaN;NaN;6.190020716E-8;1.272118035E-4;1.904971265E-7;3.914927613E-4;6.048599186E-8;1.243054339E-4;2.760809053E-7;5.673769359E-4
7.441860465E2;4.132844484E-8;8.626683248E-5;NaN;NaN;6.818543755E-8;1.423267133E-4;2.296611334E-7;4.793826286E-4;6.156895364E-8;1.285158111E-4;3.415903915E-7;7.130179031E-4
7.384615385E2;4.579655832E-8;9.708115038E-5;NaN;NaN;7.119507084E-8;1.509218079E-4;2.687791356E-7;5.697674375E-4;6.170584828E-8;1.308062212E-4;4.010722799E-7;8.502070843E-4
7.328244275E2;5.436900565E-8;1.170332727E-4;NaN;NaN;6.996025140E-8;1.505945728E-4;3.024077272E-7;6.509548146E-4;6.099000697E-8;1.312854637E-4;4.394855626E-7;9.460249101E-4
7.272727273E2;6.667168503E-8;1.457151346E-4;NaN;NaN;6.468177856E-8;1.413660697E-4;3.306505771E-7;7.226575019E-4;5.976096503E-8;1.306113241E-4;4.457415593E-7;9.741960368E-4
7.218045113E2;8.169385686E-8;1.812625353E-4;NaN;NaN;5.659148318E-8;1.255653253E-4;3.589882043E-7;7.965239314E-4;5.832036549E-8;1.294013738E-4;4.171500143E-7;9.255735019E-4
7.164179104E2;9.750057738E-8;2.195999072E-4;NaN;NaN;4.732855430E-8;1.065977906E-4;3.944742141E-7;8.884716699E-4;5.661483667E-8;1.275132231E-4;3.604052757E-7;8.117384249E-4
7.111111111E2;1.113753097E-7;2.546078736E-4;NaN;NaN;3.824950725E-8;8.743971827E-5;4.401950511E-7;1.006301362E-3;5.419160209E-8;1.238839076E-4;2.885508604E-7;6.596374111E-4
7.058823529E2;1.205983016E-7;2.797914096E-4;NaN;NaN;3.009213786E-8;6.981459572E-5;4.913904342E-7;1.140039457E-3;5.050662891E-8;1.171767820E-4;2.157789235E-7;5.006130963E-4
7.007299270E2;1.234898129E-7;2.907285184E-4;NaN;NaN;2.308494640E-8;5.434822602E-5;5.360678887E-7;1.262049228E-3;4.535475903E-8;1.067774060E-4;1.528857066E-7;3.599344261E-4
6.956521739E2;1.200595054E-7;2.867940195E-4;NaN;NaN;1.726555715E-8;4.124336942E-5;5.604836457E-7;1.338864066E-3;3.907936032E-8;9.335143257E-5;1.053167905E-7;2.515771289E-4
6.906474820E2;1.118973484E-7;2.711844381E-4;NaN;NaN;1.272010374E-8;3.082730944E-5;5.566401842E-7;1.349023526E-3;3.242867621E-8;7.859124868E-5;7.390917753E-8;1.791196937E-4
6.857142857E2;1.014582182E-7;2.494357340E-4;NaN;NaN;9.615693480E-9;2.364024920E-5;5.271112822E-7;1.295906748E-3;2.622028694E-8;6.446275752E-5;5.708277019E-8;1.403383869E-4
6.808510638E2;9.116605766E-8;2.273457124E-4;NaN;NaN;8.060997130E-9;2.010214308E-5;4.838455476E-7;1.206591724E-3;2.107347394E-8;5.255205797E-5;5.291019130E-8;1.319449962E-4
6.760563380E2;8.271577888E-8;2.092090273E-4;NaN;NaN;7.940069234E-9;2.008243389E-5;4.416722153E-7;1.117100217E-3;1.736193467E-8;4.391270340E-5;6.009584889E-8;1.519975301E-4
6.713286713E2;7.679696317E-8;1.969842439E-4;NaN;NaN;8.890350311E-9;2.280375241E-5;4.106579160E-7;1.053337733E-3;1.535020662E-8;3.937328664E-5;7.770340118E-8;1.993092578E-4
6.666666667E2;7.322152003E-8;1.904491736E-4;NaN;NaN;1.046965999E-8;2.723158564E-5;3.916919217E-7;1.018790688E-3;1.533729785E-8;3.989231170E-5;1.041800179E-7;2.709722265E-4
6.620689655E2;7.120676236E-8;1.877900649E-4;NaN;NaN;1.237253269E-8;3.262946721E-5;3.773174714E-7;9.950806653E-4;1.758509204E-8;4.637629162E-5;1.364312805E-7;3.598034537E-4
6.575342466E2;6.962617849E-8;1.861631156E-4;NaN;NaN;1.450489519E-8;3.878248871E-5;3.568719425E-7;9.541869757E-4;2.202842700E-8;5.889854493E-5;1.695813218E-7;4.534183537E-4
6.530612245E2;6.725624053E-8;1.822983027E-4;NaN;NaN;1.690106617E-8;4.581040587E-5;3.227656967E-7;8.748576817E-4;2.802365688E-8;7.595823144E-5;1.975945949E-7;5.355809212E-4
6.486486486E2;6.313386849E-8;1.734607421E-4;NaN;NaN;1.958752875E-8;5.381687127E-5;2.743711632E-7;7.538366761E-4;3.439890027E-8;9.451121737E-5;2.146255043E-7;5.896850636E-4
6.442953020E2;5.695117475E-8;1.585954018E-4;NaN;NaN;2.246646517E-8;6.256373265E-5;2.177856836E-7;6.064810454E-4;3.980840797E-8;1.108568961E-4;2.167124968E-7;6.034924771E-4
6.400000000E2;4.927489683E-8;1.390668475E-4;NaN;NaN;2.524494429E-8;7.124793848E-5;1.622601656E-7;4.579412876E-4;4.321047032E-8;1.219514250E-4;2.031950406E-7;5.734703781E-4
6.357615894E2;4.151450106E-8;1.187323559E-4;NaN;NaN;2.748202563E-8;7.859917776E-5;1.159991760E-7;3.317601105E-4;4.429581256E-8;1.266869660E-4;1.771067812E-7;5.065291608E-4
6.315789474E2;3.569810357E-8;1.034540958E-4;NaN;NaN;2.878672135E-8;8.342471811E-5;8.374527544E-8;2.426961345E-4;4.374155451E-8;1.267642400E-4;1.441703315E-7;4.178096254E-4
6.274509804E2;3.414004884E-8;1.002449187E-4;NaN;NaN;2.905166754E-8;8.530398015E-5;6.629732882E-8;1.946678625E-4;4.316620598E-8;1.267482899E-4;1.107899366E-7;3.253108463E-4
6.233766234E2;3.901001989E-8;1.160467498E-4;NaN;NaN;2.855939688E-8;8.495830541E-5;6.126456521E-8;1.822494244E-4;4.471792256E-8;1.330265810E-4;8.203261358E-8;2.440300777E-4
6.193548387E2;5.181227696E-8;1.561390176E-4;NaN;NaN;2.788645632E-8;8.403730066E-5;6.479123738E-8;1.952517965E-4;5.038326284E-8;1.518326086E-4;6.051003455E-8;1.823501669E-4
6.153846154E2;7.283517594E-8;2.223339268E-4;NaN;NaN;2.764327048E-8;8.438281085E-5;7.335117821E-8;2.239090559E-4;6.118355412E-8;1.867666229E-4;4.641699962E-8;1.416907924E-4
6.114649682E2;1.007289708E-7;3.114361841E-4;NaN;NaN;2.814265690E-8;8.701212375E-5;8.457379519E-8;2.614872348E-4;7.652285234E-8;2.365951417E-4;3.836937715E-8;1.186313362E-4
6.075949367E2;1.324917796E-7;4.148761558E-4;NaN;NaN;2.917815052E-8;9.136656598E-5;9.717648299E-8;3.042921291E-4;9.403811541E-8;2.944648486E-4;3.445309218E-8;1.078841758E-4
6.037735849E2;1.640769098E-7;5.203039040E-4;NaN;NaN;3.010160793E-8;9.545513835E-5;1.105453327E-7;3.505500455E-4;1.102017509E-7;3.494605140E-4;3.303968407E-8;1.047720647E-4
6.000000000E2;1.914671347E-7;6.148222437E-4;NaN;NaN;3.018578163E-8;9.692989879E-5;1.241261555E-7;3.985828770E-4;1.215226890E-7;3.902228570E-4;3.313247452E-8;1.063920571E-4
5.962732919E2;2.116452676E-7;6.881382237E-4;NaN;NaN;2.902535202E-8;9.437231652E-5;1.367951605E-7;4.447724244E-4;1.257688583E-7;4.089217763E-4;3.426565348E-8;1.114105040E-4
5.925925926E2;2.229710697E-7;7.339963739E-4;NaN;NaN;2.676882714E-8;8.812005109E-5;1.467545645E-7;4.830999752E-4;1.226149079E-7;4.036348657E-4;3.619989024E-8;1.191660793E-4
5.889570552E2;2.249706335E-7;7.497498853E-4;NaN;NaN;2.415220486E-8;8.049100696E-5;1.524139452E-7;5.079433534E-4;1.135117954E-7;3.782958436E-4;3.866437736E-8;1.288550957E-4
5.853658537E2;2.179414622E-7;7.352633599E-4;NaN;NaN;2.236429585E-8;7.544983474E-5;1.538690521E-7;5.191039607E-4;1.010039473E-7;3.407543515E-4;4.121707561E-8;1.390529603E-4
5.818181818E2;2.027388556E-7;6.923413128E-4;NaN;NaN;2.271168909E-8;7.755908747E-5;1.538031823E-7;5.252288558E-4;8.785846234E-8;3.000315009E-4;4.319238624E-8;1.474994682E-4
5.783132530E2;1.808520221E-7;6.251077930E-4;NaN;NaN;2.613103849E-8;9.032089110E-5;1.569739797E-7;5.425742929E-4;7.631483637E-8;2.637791846E-4;4.377776882E-8;1.513161099E-4
5.748502994E2;1.546435309E-7;5.409785772E-4;NaN;NaN;3.280955597E-8;1.147753599E-4;1.683442393E-7;5.889068009E-4;6.766553436E-8;2.367095752E-4;4.230054909E-8;1.479770330E-4
5.714285714E2;1.274668200E-7;4.512644094E-4;NaN;NaN;4.220287596E-8;1.494087316E-4;1.907104786E-7;6.751627718E-4;6.224495862E-8;2.203627147E-4;3.859344415E-8;1.366304406E-4
5.680473373E2;1.033037714E-7;3.700879581E-4;NaN;NaN;5.343217886E-8;1.914219171E-4;2.230992178E-7;7.992576926E-4;5.969024439E-8;2.138415700E-4;3.314385165E-8;1.187385534E-4
5.647058824E2;8.581544035E-8;3.110846959E-4;NaN;NaN;6.572910446E-8;2.382708565E-4;2.606341214E-7;9.448100022E-4;5.924488561E-8;2.147652817E-4;2.690081270E-8;9.751661360E-5
5.614035088E2;7.720269173E-8;2.831652993E-4;NaN;NaN;7.858122357E-8;2.882215010E-4;2.958918149E-7;1.085276853E-3;6.001940981E-8;2.201401760E-4;2.090033224E-8;7.665858149E-5
5.581395349E2;7.756558299E-8;2.878334895E-4;NaN;NaN;9.149448537E-8;3.395214215E-4;3.214388676E-7;1.192808297E-3;6.126349343E-8;2.273390390E-4;1.593165182E-8;5.911981528E-5
5.549132948E2;8.516785323E-8;3.197299168E-4;NaN;NaN;1.035610255E-7;3.887800010E-4;3.324361705E-7;1.248003620E-3;6.259959762E-8;2.350060895E-4;1.234742281E-8;4.635364538E-5
5.517241379E2;9.742909696E-8;3.700006967E-4;NaN;NaN;1.132049914E-7;4.299118741E-4;3.278547362E-7;1.245074465E-3;6.405966914E-8;2.432756020E-4;1.006543336E-8;3.822489862E-5
5.485714286E2;1.120967594E-7;4.306104085E-4;NaN;NaN;1.184766904E-7;4.551183844E-4;3.100819229E-7;1.191154001E-3;6.591676361E-8;2.532137830E-4;8.793296696E-9;3.377872030E-5
5.454545455E2;1.279681046E-7;4.972129611E-4;NaN;NaN;1.179050468E-7;4.581135090E-4;2.835230748E-7;1.101613156E-3;6.845602776E-8;2.659820928E-4;8.343042897E-9;3.241642967E-5
5.423728814E2;1.446879262E-7;5.685834217E-4;NaN;NaN;1.113595109E-7;4.376119931E-4;2.527497523E-7;9.932364280E-4;7.175001102E-8;2.819576439E-4;8.802477525E-9;3.459129536E-5
5.393258427E2;1.616934444E-7;6.426104522E-4;NaN;NaN;1.002109979E-7;3.982637323E-4;2.208886686E-7;8.778671748E-4;7.540474798E-8;2.996774506E-4;1.047900722E-8;4.164621263E-5
5.363128492E2;1.771105880E-7;7.118130647E-4;NaN;NaN;8.664021703E-8;3.482097774E-4;1.891697087E-7;7.602790527E-4;7.840283146E-8;3.151034637E-4;1.377713286E-8;5.537073347E-5
5.333333333E2;1.876770663E-7;7.627313274E-4;NaN;NaN;7.264622683E-8;2.952388062E-4;1.578329418E-7;6.414429400E-4;7.931896281E-8;3.223572223E-4;1.914620913E-8;7.781139054E-5
5.303867403E2;1.900340479E-7;7.809153097E-4;NaN;NaN;5.942776493E-8;2.442091402E-4;1.274934451E-7;5.239144469E-4;7.696119973E-8;3.162600585E-4;2.710312875E-8;1.113760845E-4
5.274725275E2;1.826276138E-7;7.587952238E-4;NaN;NaN;4.739425664E-8;1.969172944E-4;9.994062265E-8;4.152409680E-4;7.108995643E-8;2.953700061E-4;3.828835208E-8;1.590833833E-4
5.245901639E2;1.669746918E-7;7.014039349E-4;NaN;NaN;3.659882989E-8;1.537392465E-4;7.817632637E-8;3.283921794E-4;6.276374120E-8;2.636491469E-4;5.356973025E-8;2.250282314E-4
5.217391304E2;1.474509126E-7;6.261789714E-4;NaN;NaN;2.719966411E-8;1.155086625E-4;6.602772146E-8;2.803995579E-4;5.410218794E-8;2.297554609E-4;7.407251753E-8;3.145633487E-4
5.189189189E2;1.296043104E-7;5.563886605E-4;NaN;NaN;1.959675221E-8;8.412845747E-5;6.744262759E-8;2.895298245E-4;4.751794700E-8;2.039935771E-4;1.009221076E-7;4.332565494E-4
5.161290323E2;1.178455907E-7;5.113927824E-4;NaN;NaN;1.417479807E-8;6.151175769E-5;8.552368016E-8;3.711313463E-4;4.473020574E-8;1.941074267E-4;1.346041874E-7;5.841169742E-4
5.133689840E2;1.137097532E-7;4.987653765E-4;NaN;NaN;1.093945624E-8;4.798376444E-5;1.213403984E-7;5.322356948E-4;4.604276024E-8;2.019574752E-4;1.742106396E-7;7.641405669E-4
5.106382979E2;1.155678423E-7;5.123515700E-4;NaN;NaN;9.428057246E-9;4.179778593E-5;1.727104803E-7;7.656843286E-4;5.029796872E-8;2.229880106E-4;2.170165979E-7;9.621084245E-4
5.079365079E2;1.197446717E-7;5.365314376E-4;NaN;NaN;8.961938267E-9;4.015511965E-5;2.334402385E-7;1.045959081E-3;5.549798225E-8;2.486658635E-4;2.586818431E-7;1.159057344E-3
5.052631579E2;1.222416327E-7;5.535306988E-4;NaN;NaN;8.985787467E-9;4.068915888E-5;2.939646667E-7;1.331121515E-3;5.965055126E-8;2.701077414E-4;2.940774865E-7;1.331632383E-3
5.026178010E2;1.201884392E-7;5.499773420E-4;NaN;NaN;9.250111831E-9;4.232813033E-5;3.437834973E-7;1.573139109E-3;6.140266815E-8;2.809760777E-4;3.184402758E-7;1.457169572E-3
5.000000000E2;1.126143088E-7;5.207285641E-4;NaN;NaN;9.822156592E-9;4.541765208E-5;3.748236197E-7;1.733184417E-3;6.034626817E-8;2.790411440E-4;3.284299519E-7;1.518660098E-3
4.974093264E2;1.005301111E-7;4.697060440E-4;NaN;NaN;1.101299650E-8;5.145593655E-5;3.840034534E-7;1.794176302E-3;5.707698474E-8;2.666803450E-4;3.227609975E-7;1.508033659E-3
4.948453608E2;8.643069332E-8;4.080250481E-4;NaN;NaN;1.321744730E-8;6.239738876E-5;3.735509835E-7;1.763472583E-3;5.301815919E-8;2.502899852E-4;3.023599222E-7;1.427391324E-3
4.923076923E2;7.334995032E-8;3.498520433E-4;NaN;NaN;1.665715945E-8;7.944846922E-5;3.489331107E-7;1.664281451E-3;4.994614229E-8;2.382245640E-4;2.701962903E-7;1.288736036E-3
4.897959184E2;6.376435228E-8;3.072596017E-4;NaN;NaN;2.111830353E-8;1.017622119E-4;3.158627002E-7;1.522039258E-3;4.928668419E-8;2.374964445E-4;2.308637366E-7;1.112456995E-3
4.873096447E2;5.875148529E-8;2.860004199E-4;NaN;NaN;2.586208676E-8;1.258958414E-4;2.783226377E-7;1.354866023E-3;5.145950287E-8;2.505032742E-4;1.898351170E-7;9.241114998E-4
4.848484848E2;5.773878483E-8;2.839313766E-4;NaN;NaN;2.981089428E-8;1.465955384E-4;2.384016016E-7;1.172343601E-3;5.559530078E-8;2.733907603E-4;1.523477222E-7;7.491723043E-4
4.824120603E2;5.892585747E-8;2.927031740E-4;NaN;NaN;3.193940974E-8;1.586530431E-4;1.973885151E-7;9.804905239E-4;5.980539387E-8;2.970721065E-4;1.221492780E-7;6.067536885E-4
4.800000000E2;6.018556388E-8;3.019727077E-4;NaN;NaN;3.167775725E-8;1.589387473E-4;1.570191074E-7;7.878215631E-4;6.195547705E-8;3.108530012E-4;1.005810750E-7;5.046515741E-4
4.776119403E2;6.008088556E-8;3.044695099E-4;NaN;NaN;2.912450411E-8;1.475930891E-4;1.198411328E-7;6.073141336E-4;6.066555506E-8;3.074324162E-4;8.646802452E-8;4.381905627E-4
4.752475248E2;5.854994069E-8;2.996708960E-4;NaN;NaN;2.496909305E-8;1.277970635E-4;8.842184229E-8;4.525615636E-4;5.608726536E-8;2.870664063E-4;7.694412049E-8;3.938161723E-4
4.729064039E2;5.697097166E-8;2.944835707E-4;NaN;NaN;2.017257359E-8;1.042722518E-4;6.425037325E-8;3.321108765E-4;5.004293170E-8;2.586724570E-4;6.886715526E-8;3.559750728E-4
4.705882353E2;5.758921044E-8;3.006192778E-4;NaN;NaN;1.558960116E-8;8.137869241E-5;4.741439422E-8;2.475061012E-4;4.544329038E-8;2.372168160E-4;6.013440434E-8;3.139053491E-4
4.682926829E2;6.256372632E-8;3.297962383E-4;NaN;NaN;1.172540046E-8;6.180886581E-5;3.713073534E-8;1.957296593E-4;4.524687943E-8;2.385128174E-4;5.029537042E-8;2.651252561E-4
4.660194175E2;7.303760970E-8;3.887732368E-4;NaN;NaN;8.712648505E-9;4.637671707E-5;3.243077221E-8;1.726263542E-4;5.141270030E-8;2.736656086E-4;4.026569098E-8;2.143309875E-4
4.637681159E2;8.856977045E-8;4.760379519E-4;NaN;NaN;6.448278032E-9;3.465770603E-5;3.243270584E-8;1.743167989E-4;6.419840336E-8;3.450486130E-4;3.145832045E-8;1.690797476E-4
4.615384615E2;1.070925181E-7;5.811672973E-4;NaN;NaN;4.765735497E-9;2.586258749E-5;3.622612437E-8;1.965911267E-4;8.199566316E-8;4.449722427E-4;2.493161666E-8;1.352983433E-4
4.593301435E2;1.253720812E-7;6.869241347E-4;NaN;NaN;3.545629740E-9;1.942680235E-5;4.262449229E-8;2.335431638E-4;1.017101039E-7;5.572781792E-4;2.100933623E-8;1.151119131E-4
4.571428571E2;1.398060265E-7;7.733566958E-4;NaN;NaN;2.740037412E-9;1.515690226E-5;5.014788362E-8;2.774000703E-4;1.195380353E-7;6.612414522E-4;1.942577052E-8;1.074563814E-4
4.549763033E2;1.473198073E-7;8.226998549E-4;NaN;NaN;2.350732310E-9;1.312754317E-5;5.749798166E-8;3.210945089E-4;1.319047885E-7;7.366154785E-4;1.968812297E-8;1.099473058E-4
4.528301887E2;1.461246744E-7;8.237788669E-4;NaN;NaN;2.411206039E-9;1.359319079E-5;6.439088444E-8;3.630040582E-4;1.363129849E-7;7.684653990E-4;2.137204633E-8;1.204850596E-4
4.507042254E2;1.361339679E-7;7.747134182E-4;NaN;NaN;2.985516180E-9;1.699002446E-5;7.226730515E-8;4.112599658E-4;1.318946684E-7;7.505883430E-4;2.426249830E-8;1.380734234E-4
4.485981308E2;1.189204834E-7;6.831240584E-4;NaN;NaN;4.137155821E-9;2.376538165E-5;8.429863763E-8;4.842431329E-4;1.195259510E-7;6.866020922E-4;2.840620867E-8;1.631759643E-4
4.465116279E2;9.724558571E-8;5.638481817E-4;NaN;NaN;5.847837642E-9;3.390686165E-5;1.043580685E-7;6.050876935E-4;1.014834559E-7;5.884201496E-4;3.407992298E-8;1.976017982E-4
4.444444444E2;7.433148067E-8;4.350064077E-4;NaN;NaN;7.934318700E-9;4.643361661E-5;1.351020342E-7;7.906508797E-4;8.077589334E-8;4.727207218E-4;4.161980949E-8;2.435695301E-4
4.423963134E2;5.311906391E-8;3.137510940E-4;NaN;NaN;1.003583745E-8;5.927730549E-5;1.758620490E-7;1.038740260E-3;6.038352879E-8;3.566591130E-4;5.109342208E-8;3.017865130E-4
4.403669725E2;3.574435728E-8;2.130766438E-4;NaN;NaN;1.170033977E-8;6.974720824E-5;2.214857967E-7;1.320304904E-3;4.264338975E-8;2.542026508E-4;6.189730980E-8;3.689777083E-4
4.383561644E2;2.337231392E-8;1.406064711E-4;NaN;NaN;1.253453285E-8;7.540701516E-5;2.630535051E-7;1.582514473E-3;2.894350447E-8;1.741224270E-4;7.252266098E-8;4.362920791E-4
4.363636364E2;1.637010728E-8;9.938303498E-5;NaN;NaN;1.235589411E-8;7.501271897E-5;2.906015796E-7;1.764244208E-3;1.977040217E-8;1.200262488E-4;8.076362296E-8;4.903165158E-4
4.343891403E2;1.466212763E-8;8.982493489E-5;NaN;NaN;1.127477886E-8;6.907294098E-5;2.968740594E-7;1.818746482E-3;1.500623405E-8;9.193304206E-5;8.446412492E-8;5.174545408E-4
4.324324324E2;1.799817391E-8;1.112627426E-4;NaN;NaN;9.657795864E-9;5.970343771E-5;2.803180192E-7;1.732895335E-3;1.425619500E-8;8.813023821E-5;8.248202629E-8;5.098948650E-4
4.304932735E2;2.595320851E-8;1.618885563E-4;NaN;NaN;7.990940288E-9;4.984515829E-5;2.457600637E-7;1.532979704E-3;1.698791338E-8;1.059656562E-4;7.528852826E-8;4.696279128E-4
4.285714286E2;3.765268574E-8;2.369776368E-4;NaN;NaN;6.729855438E-9;4.235621460E-5;2.023708357E-7;1.273677069E-3;2.243507200E-8;1.412013576E-4;6.481516152E-8;4.079322232E-4
4.266666667E2;5.145806053E-8;3.267637095E-4;NaN;NaN;6.226465685E-9;3.953866515E-5;1.600181297E-7;1.016130750E-3;2.941419728E-8;1.867830252E-4;5.367549701E-8;3.408446478E-4
4.247787611E2;6.493712667E-8;4.160306376E-4;NaN;NaN;6.750159690E-9;4.324603480E-5;1.258549839E-7;8.063111484E-4;3.631057127E-8;2.326297896E-4;4.428522426E-8;2.837207470E-4
4.229074890E2;7.533364678E-8;4.869182739E-4;NaN;NaN;8.525134754E-9;5.510212338E-5;1.026579995E-7;6.635289549E-4;4.138069837E-8;2.674637308E-4;3.835622109E-8;2.479150521E-4
4.210526316E2;8.043288306E-8;5.244676410E-4;NaN;NaN;1.169552892E-8;7.626142732E-5;8.931196704E-8;5.823642631E-4;4.332397904E-8;2.824967131E-4;3.684463314E-8;2.402477332E-4
4.192139738E2;7.945455568E-8;5.226429976E-4;NaN;NaN;1.619522105E-8;1.065303154E-4;8.273548352E-8;5.442245664E-4;4.183854902E-8;2.752091996E-4;4.010143891E-8;2.637826876E-4
4.173913043E2;7.353314210E-8;4.879262282E-4;NaN;NaN;2.160881000E-8;1.433843959E-4;8.008735918E-8;5.314164739E-4;3.784913690E-8;2.511464366E-4;4.793345727E-8;3.180605417E-4
4.155844156E2;6.551371210E-8;4.385019568E-4;NaN;NaN;2.717635826E-8;1.818991154E-4;8.023733621E-8;5.370513714E-4;3.326025487E-8;2.226203702E-4;5.947341960E-8;3.980725566E-4
4.137931034E2;5.910999971E-8;3.990729533E-4;NaN;NaN;3.203131444E-8;2.162549707E-4;8.399756711E-8;5.670979080E-4;3.036647549E-8;2.050150417E-4;7.307654303E-8;4.933661308E-4
4.120171674E2;5.769772591E-8;3.929035079E-4;NaN;NaN;3.557304655E-8;2.422413459E-4;9.325952844E-8;6.350682855E-4;3.114935515E-8;2.121173879E-4;8.658253314E-8;5.896000312E-4
4.102564103E2;6.314745706E-8;4.337135086E-4;NaN;NaN;3.772971966E-8;2.591377366E-4;1.095443583E-7;7.523797505E-4;3.663119186E-8;2.515927558E-4;9.806042827E-8;6.735050686E-4
4.085106383E2;7.509013288E-8;5.201564227E-4;NaN;NaN;3.890084355E-8;2.694698071E-4;1.325752206E-7;9.183610395E-4;4.643789733E-8;3.216796885E-4;1.066519501E-7;7.387881036E-4
4.067796610E2;9.088179697E-8;6.349160117E-4;NaN;NaN;3.959835004E-8;2.766409481E-4;1.594829119E-7;1.114175310E-3;5.872522898E-8;4.102646450E-4;1.129276398E-7;7.889320970E-4
4.050632911E2;1.063262185E-7;7.491217880E-4;NaN;NaN;4.004199139E-8;2.821160067E-4;1.851132540E-7;1.304216154E-3;7.058361863E-8;4.972971608E-4;1.184179162E-7;8.343138913E-4
4.033613445E2;1.169705530E-7;8.310857297E-4;NaN;NaN;4.001048068E-8;2.842778689E-4;2.035335305E-7;1.446123049E-3;7.887612173E-8;5.604215548E-4;1.245550738E-7;8.849743952E-4
4.016736402E2;1.195510336E-7;8.565732449E-4;NaN;NaN;3.906210021E-8;2.798767098E-4;2.101881395E-7;1.505980595E-3;8.125628409E-8;5.821945394E-4;1.316183487E-7;9.430345577E-4
4.000000000E2;1.130395546E-7;8.167107823E-4;NaN;NaN;3.696560787E-8;2.670765169E-4;2.037426078E-7;1.472040342E-3;7.697610100E-8;5.561523297E-4;1.382843380E-7;9.991043418E-4
3.983402490E2;9.887988402E-8;7.203729579E-4;NaN;NaN;3.401564432E-8;2.478153222E-4;1.867264451E-7;1.360364476E-3;6.710962761E-8;4.889160361E-4;1.420748354E-7;1.035062596E-3
3.966942149E2;8.034842469E-8;5.902329715E-4;NaN;NaN;3.097742683E-8;2.275576498E-4;1.646708700E-7;1.209658775E-3;5.405598906E-8;3.970908848E-4;1.405209118E-7;1.032255152E-3
3.950617284E2;6.136100371E-8;4.544858539E-4;NaN;NaN;2.867741403E-8;2.124065484E-4;1.441550352E-7;1.067720870E-3;4.056575287E-8;3.004605486E-4;1.324789644E-7;9.812390872E-4
3.934426230E2;4.524536066E-8;3.378851267E-4;NaN;NaN;2.751883822E-8;2.055062884E-4;1.305737528E-7;9.751039306E-4;2.878897055E-8;2.149914338E-4;1.189250705E-7;8.881134317E-4
3.918367347E2;3.394289248E-8;2.555620629E-4;NaN;NaN;2.724985698E-8;2.051690105E-4;1.264778219E-7;9.522739730E-4;1.977983978E-8;1.489259249E-4;1.027999433E-7;7.739990218E-4
3.902439024E2;2.783940718E-8;2.113224150E-4;NaN;NaN;2.712279200E-8;2.058827572E-4;1.309856371E-7;9.942812711E-4;1.357095222E-8;1.030139176E-4;8.796878429E-8;6.677504239E-4
3.886639676E2;2.612200745E-8;1.999013944E-4;NaN;NaN;2.631074109E-8;2.013456983E-4;1.403835233E-7;1.074299596E-3;9.605758097E-9;7.350906861E-5;7.778300151E-8;5.952425552E-4
3.870967742E2;2.739231391E-8;2.113233320E-4;NaN;NaN;2.431721453E-8;1.875998798E-4;1.496387559E-7;1.154417279E-3;7.214029770E-9;5.565403539E-5;7.386338660E-8;5.698334582E-4
3.855421687E2;3.028967728E-8;2.355638851E-4;NaN;NaN;2.116445815E-8;1.645967351E-4;1.542562543E-7;1.199656313E-3;5.894860894E-9;4.584454041E-5;7.556525152E-8;5.876736177E-4
3.840000000E2;3.397783038E-8;2.663735075E-4;NaN;NaN;1.730526102E-8;1.356667870E-4;1.518996014E-7;1.190836177E-3;5.383414864E-9;4.220396310E-5;8.031454546E-8;6.296360579E-4
3.824701195E2;3.834983068E-8;3.030583551E-4;NaN;NaN;1.336067927E-8;1.055823562E-4;1.433035002E-7;1.132451494E-3;5.573672543E-9;4.404577552E-5;8.464669916E-8;6.689179316E-4
3.809523810E2;4.387086126E-8;3.494560873E-4;NaN;NaN;9.864214748E-9;7.857401909E-5;1.321289810E-7;1.052481657E-3;6.407195468E-9;5.103691595E-5;8.549817731E-8;6.810410750E-4
3.794466403E2;5.107345911E-8;4.100640372E-4;NaN;NaN;7.128658086E-9;5.723533056E-5;1.236536793E-7;9.928038525E-4;7.788060902E-9;6.252961423E-5;8.122840912E-8;6.521753169E-4
3.779527559E2;5.993948563E-8;4.850603915E-4;NaN;NaN;5.250499897E-9;4.248967953E-5;1.226616653E-7;9.926397392E-4;9.530393852E-9;7.712472879E-5;7.201150692E-8;5.827532448E-4
3.764705882E2;6.951209763E-8;5.669648346E-4;NaN;NaN;4.182250363E-9;3.411188794E-5;1.313795686E-7;1.071577436E-3;1.135664122E-8;9.262871400E-5;5.952401365E-8;4.854985492E-4
3.750000000E2;7.799921093E-8;6.411881802E-4;NaN;NaN;3.804070920E-9;3.127115366E-5;1.483614128E-7;1.219596751E-3;1.295359379E-8;1.064842981E-4;4.618124670E-8;3.796303729E-4
3.735408560E2;8.338948785E-8;6.908645702E-4;NaN;NaN;3.957893018E-9;3.279032081E-5;1.688834335E-7;1.399164136E-3;1.408900628E-8;1.167244879E-4;3.429148430E-8;2.840978182E-4
3.720930233E2;8.431738065E-8;7.039987476E-4;NaN;NaN;4.448565015E-9;3.714280703E-5;1.867755486E-7;1.559462015E-3;1.474184870E-8;1.230854533E-4;2.546282750E-8;2.125990933E-4
3.706563707E2;8.073621537E-8;6.793338942E-4;NaN;NaN;5.041594250E-9;4.242118409E-5;1.969731625E-7;1.657379466E-3;1.516164132E-8;1.275736892E-4;2.037246316E-8;1.714187947E-4
3.692307692E2;7.399224095E-8;6.274053890E-4;NaN;NaN;5.495331339E-9;4.659678436E-5;1.976567806E-7;1.675999101E-3;1.578461554E-8;1.338431263E-4;1.885054240E-8;1.598401635E-4
3.678160920E2;6.623125839E-8;5.659256644E-4;NaN;NaN;5.641122262E-9;4.820164892E-5;1.909177302E-7;1.631333089E-3;1.701999279E-8;1.454305861E-4;2.012417931E-8;1.719549020E-4
3.664122137E2;5.945223551E-8;5.119011912E-4;NaN;NaN;5.464322362E-9;4.704941878E-5;1.815509449E-7;1.563206904E-3;1.900645998E-8;1.636511970E-4;2.308067253E-8;1.987313625E-4
3.650190114E2;5.470280682E-8;4.746095532E-4;NaN;NaN;5.115409178E-9;4.438203824E-5;1.746104602E-7;1.514945893E-3;2.146923703E-8;1.862702407E-4;2.652531145E-8;2.301374819E-4
3.636363636E2;5.178264397E-8;4.526968192E-4;NaN;NaN;4.826152240E-9;4.219142942E-5;1.729575798E-7;1.512038402E-3;2.376457409E-8;2.077558479E-4;2.948889986E-8;2.577993348E-4
3.622641509E2;4.955154301E-8;4.364799497E-4;NaN;NaN;4.792248865E-9;4.221302540E-5;1.760094957E-7;1.550398054E-3;2.511912013E-8;2.212643971E-4;3.152467639E-8;2.776884095E-4
3.609022556E2;4.664594891E-8;4.139925955E-4;NaN;NaN;5.104584188E-9;4.530425699E-5;1.802284110E-7;1.599565008E-3;2.496794564E-8;2.215957626E-4;3.281017543E-8;2.911971993E-4
3.595505618E2;4.221824248E-8;3.775183278E-4;NaN;NaN;5.752756865E-9;5.144153391E-5;1.810338275E-7;1.618816508E-3;2.321125397E-8;2.075565743E-4;3.392086740E-8;3.033226488E-4
3.582089552E2;3.633939080E-8;3.273878806E-4;NaN;NaN;6.666878464E-9;6.006306552E-5;1.751211328E-7;1.577696688E-3;2.024827682E-8;1.824202412E-4;3.539090749E-8;3.188428298E-4
3.568773234E2;2.995287258E-8;2.718681970E-4;NaN;NaN;7.761004725E-9;7.044300528E-5;1.619735124E-7;1.470157718E-3;1.677785090E-8;1.522846953E-4;3.730793944E-8;3.386266944E-4
3.555555556E2;2.453905225E-8;2.243885446E-4;NaN;NaN;8.945247223E-9;8.179659853E-5;1.438632598E-7;1.315505878E-3;1.350236722E-8;1.234675446E-4;3.918980355E-8;3.583570747E-4
3.542435424E2;2.171174776E-8;2.000086298E-4;NaN;NaN;1.009225527E-8;9.296985993E-5;1.245016165E-7;1.146908945E-3;1.089721771E-8;1.003851743E-4;4.025583256E-8;3.708367470E-4
3.529411765E2;2.288957940E-8;2.124178401E-4;NaN;NaN;1.099824272E-8;1.020649144E-4;1.072247230E-7;9.950573437E-4;9.137134224E-9;8.479362083E-5;3.999857775E-8;3.711912458E-4
3.516483516E2;2.902549145E-8;2.713440132E-4;NaN;NaN;1.141008072E-8;1.066668276E-4;9.368465252E-8;8.758084124E-4;8.162776864E-9;7.630949631E-5;3.873156598E-8;3.620809855E-4
3.503649635E2;4.037734468E-8;3.802368897E-4;NaN;NaN;1.113298808E-8;1.048402959E-4;8.357232261E-8;7.870076715E-4;7.811559807E-9;7.356212322E-5;3.773566002E-8;3.553599206E-4
3.490909091E2;5.634237469E-8;5.344608562E-4;NaN;NaN;1.014267603E-8;9.621290097E-5;7.534535905E-8;7.147221844E-4;7.921081395E-9;7.513896899E-5;3.884346744E-8;3.684671259E-4
3.478260870E2;7.542718667E-8;7.207114828E-4;NaN;NaN;8.616289249E-9;8.232918230E-5;6.742051609E-8;6.442072450E-4;8.358114307E-9;7.986230459E-5;4.361639683E-8;4.167573977E-4
3.465703971E2;9.546076544E-8;9.187552177E-4;NaN;NaN;6.867668111E-9;6.609737394E-5;5.910195320E-8;5.688224647E-4;9.008037943E-9;8.669720825E-5;5.251115148E-8;5.053897713E-4
3.453237410E2;1.140668373E-7;1.105768872E-3;NaN;NaN;5.230663726E-9;5.070628119E-5;5.073896426E-8;4.918657217E-4;9.787459967E-9;9.488006173E-5;6.441853115E-8;6.244760369E-4
3.440860215E2;1.292514959E-7;1.261999994E-3;NaN;NaN;3.948176868E-9;3.854964422E-5;4.321066497E-8;4.219050506E-4;1.070356553E-8;1.045086522E-4;7.680738420E-8;7.499403987E-4
3.428571429E2;1.398211300E-7;1.375004876E-3;NaN;NaN;3.111345808E-9;3.059706110E-5;3.726813182E-8;3.664958436E-4;1.189715128E-8;1.169969162E-4;8.648344193E-8;8.504805703E-4
3.416370107E2;1.454354031E-7;1.440449864E-3;NaN;NaN;2.675776199E-9;2.650194779E-5;3.325230998E-8;3.293440548E-4;1.360961901E-8;1.347950598E-4;9.071668265E-8;8.984939731E-4
3.404255319E2;1.463300767E-7;1.459644801E-3;NaN;NaN;2.529924670E-9;2.523603812E-5;3.128768602E-8;3.120951569E-4;1.607076335E-8;1.603061155E-4;8.824442063E-8;8.802394746E-4
3.392226148E2;1.429395227E-7;1.435954129E-3;NaN;NaN;2.562384332E-9;2.574142051E-5;3.183353756E-8;3.197960845E-4;1.936205709E-8;1.945090154E-4;7.966825168E-8;8.003381623E-4
3.380281690E2;1.356661005E-7;1.372534881E-3;NaN;NaN;2.697410703E-9;2.728972281E-5;3.630100562E-8;3.672575260E-4;2.331829675E-8;2.359113701E-4;6.709503859E-8;6.788009713E-4
3.368421053E2;1.249075325E-7;1.272605269E-3;NaN;NaN;2.916777268E-9;2.971723199E-5;4.736510867E-8;4.825736741E-4;2.751409945E-8;2.803240704E-4;5.325955064E-8;5.426284823E-4
3.356643357E2;1.112608464E-7;1.141536477E-3;NaN;NaN;3.284960843E-9;3.370370395E-5;6.852101512E-8;7.030257341E-4;3.134993091E-8;3.216503456E-4;4.055631194E-8;4.161078309E-4
3.344947735E2;9.569126145E-8;9.886701935E-4;NaN;NaN;3.946949396E-9;4.077938951E-5;1.027388302E-7;1.061484796E-3;3.420036437E-8;3.533539045E-4;3.037593055E-8;3.138403306E-4
3.333333333E2;7.948693005E-8;8.269820202E-4;NaN;NaN;5.057258545E-9;5.261571791E-5;1.505931464E-7;1.566771095E-3;3.556119710E-8;3.699786947E-4;2.298406442E-8;2.391262063E-4
3.321799308E2;6.400864356E-8;6.705785810E-4;NaN;NaN;6.663853856E-9;6.981303483E-5;2.086627138E-7;2.186028929E-3;3.515170193E-8;3.682624265E-4;1.788434963E-8;1.873631611E-4
3.310344828E2;5.040210427E-8;5.316918855E-4;NaN;NaN;8.622626023E-9;9.096009689E-5;2.691466959E-7;2.839228962E-3;3.296360586E-8;3.477331354E-4;1.435671736E-8;1.514490363E-4
3.298969072E2;3.944558131E-8;4.189861881E-4;NaN;NaN;1.060565007E-8;1.126519307E-4;3.213162238E-7;3.412982020E-3;2.926127464E-8;3.108097158E-4;1.186966516E-8;1.260781460E-4
3.287671233E2;3.159729969E-8;3.379333396E-4;NaN;NaN;1.220958172E-8;1.305815613E-4;3.546690709E-7;3.793188176E-3;2.453136065E-8;2.623630725E-4;1.026395930E-8;1.097731160E-4
3.276450512E2;2.715310248E-8;2.923950846E-4;NaN;NaN;1.312558596E-8;1.413413741E-4;3.625683721E-7;3.904276128E-3;1.938326528E-8;2.087264796E-4;9.788847997E-9;1.054100923E-4
3.265306122E2;2.636979138E-8;2.859016902E-4;NaN;NaN;1.327917442E-8;1.439730166E-4;3.446477596E-7;3.736676395E-3;1.442714676E-8;1.564193506E-4;1.107772354E-8;1.201048518E-4
3.254237288E2;2.946757327E-8;3.216649730E-4;NaN;NaN;1.284926768E-8;1.402612731E-4;3.069403807E-7;3.350529356E-3;1.016470488E-8;1.109568640E-4;1.516664678E-8;1.655575430E-4
3.243243243E2;3.651800658E-8;4.013339067E-4;NaN;NaN;1.214871112E-8;1.335146727E-4;2.599515115E-7;2.856874332E-3;6.923744815E-9;7.609214784E-5;2.350433056E-8;2.583132457E-4
3.232323232E2;4.732731891E-8;5.236488680E-4;NaN;NaN;1.145517352E-8;1.267447382E-4;2.156118256E-7;2.385617673E-3;4.848217093E-9;5.364266245E-5;3.772047629E-8;4.173548209E-4
3.221476510E2;6.140160288E-8;6.839551195E-4;NaN;NaN;1.090187014E-8;1.214364047E-4;1.840112776E-7;2.049709608E-3;3.932898899E-9;4.380873154E-5;5.894343398E-8;6.565734694E-4
3.210702341E2;7.797328946E-8;8.743868163E-4;NaN;NaN;1.047020921E-8;1.174121672E-4;1.707095583E-7;1.914324614E-3;4.077543828E-9;4.572528093E-5;8.675920516E-8;9.729114382E-4
3.200000000E2;9.599324698E-8;1.083673765E-3;NaN;NaN;1.005264014E-8;1.134848828E-4;1.753515044E-7;1.979554093E-3;5.126041580E-9;5.786820377E-5;1.183725914E-7;1.336315583E-3
3.189368771E2;1.140526166E-7;1.296145070E-3;NaN;NaN;9.534902358E-9;1.083589054E-4;1.920122680E-7;2.182113503E-3;6.882532153E-9;7.821618118E-5;1.486679995E-7;1.689529802E-3
3.178807947E2;1.303365679E-7;1.491061424E-3;NaN;NaN;8.855674378E-9;1.013096682E-4;2.111749323E-7;2.415859190E-3;9.115673903E-9;1.042840849E-4;1.714810007E-7;1.961757236E-3
3.168316832E2;1.427612485E-7;1.644034634E-3;NaN;NaN;8.018833487E-9;9.234466717E-5;2.228926747E-7;2.566825948E-3;1.156911649E-8;1.332296291E-4;1.817220056E-7;2.092705647E-3
3.157894737E2;1.493825027E-7;1.731658569E-3;NaN;NaN;7.067464832E-9;8.192683760E-5;2.202403471E-7;2.553050574E-3;1.399355955E-8;1.622148971E-4;1.773725410E-7;2.056122204E-3
3.147540984E2;1.490018988E-7;1.738628721E-3;NaN;NaN;6.061244860E-9;7.072563828E-5;2.017112379E-7;2.353667667E-3;1.619429666E-8;1.889631576E-4;1.602793400E-7;1.870219548E-3
3.137254902E2;1.417006388E-7;1.664293930E-3;NaN;NaN;5.078586093E-9;5.964870784E-5;1.712837895E-7;2.011752195E-3;1.807122311E-8;2.122490567E-4;1.352621923E-7;1.588673470E-3
3.127035831E2;1.289736934E-7;1.524731090E-3;NaN;NaN;4.221023509E-9;4.990107366E-5;1.361184959E-7;1.609197171E-3;1.962617044E-8;2.320212088E-4;1.080302825E-7;1.277137423E-3
3.116883117E2;1.132962254E-7;1.348131455E-3;NaN;NaN;3.591932269E-9;4.274102567E-5;1.032933161E-7;1.229105101E-3;2.092152802E-8;2.489488942E-4;8.308364025E-8;9.886266595E-4
3.106796117E2;9.727961361E-8;1.165075752E-3;NaN;NaN;3.276816648E-9;3.924501219E-5;7.734700964E-8;9.263515973E-4;2.199810716E-8;2.634617912E-4;6.264959905E-8;7.503270833E-4
3.096774194E2;8.282185458E-8;9.983520334E-4;NaN;NaN;3.360707820E-9;4.051067804E-5;5.952467476E-8;7.175229339E-4;2.279647392E-8;2.747934855E-4;4.692864351E-8;5.656877271E-4
3.086816720E2;7.065223691E-8;8.571603285E-4;NaN;NaN;3.964820510E-9;4.810161716E-5;4.852663893E-8;5.887302594E-4;2.313337197E-8;2.806564885E-4;3.512828918E-8;4.261800788E-4
3.076923077E2;6.043239505E-8;7.378946517E-4;NaN;NaN;5.227129246E-9;6.382455488E-5;4.206413096E-8;5.136135550E-4;2.275918406E-8;2.778953272E-4;2.649174574E-8;3.234708384E-4
3.067092652E2;5.129329026E-8;6.303250998E-4;NaN;NaN;7.212361623E-9;8.863016074E-5;3.840126466E-8;4.718995577E-4;2.147541388E-8;2.639037646E-4;2.079574704E-8;2.555515792E-4
3.057324841E2;4.248937079E-8;5.254785150E-4;NaN;NaN;9.819881402E-9;1.214453545E-4;3.716185592E-8;4.595915756E-4;1.925630550E-8;2.381483800E-4;1.823758727E-8;2.255495927E-4
3.047619048E2;3.384987549E-8;4.213020295E-4;NaN;NaN;1.277711705E-8;1.590264444E-4;3.915583237E-8;4.873409843E-4;1.631924044E-8;2.031123901E-4;1.899898703E-8;2.364650292E-4
3.037974684E2;2.586321728E-8;3.239455971E-4;NaN;NaN;1.573275846E-8;1.970581532E-4;4.554717384E-8;5.704938510E-4;1.310073141E-8;1.640911188E-4;2.287645717E-8;2.865354104E-4
3.028391167E2;1.948085547E-8;2.455511185E-4;NaN;NaN;1.839786225E-8;2.319002706E-4;5.690719298E-8;7.173003727E-4;1.013650206E-8;1.277679731E-4;2.914131255E-8;3.673186684E-4
3.018867925E2;1.585692287E-8;2.011354038E-4;NaN;NaN;2.064184204E-8;2.618291876E-4;7.243600985E-8;9.188066442E-4;7.899461092E-9;1.001998502E-4;3.660723194E-8;4.643404296E-4
3.009404389E2;1.619868300E-8;2.067647215E-4;NaN;NaN;2.247604308E-8;2.868907792E-4;8.959800361E-8;1.143655090E-3;6.691270258E-9;8.540932809E-5;4.380599002E-8;5.591524524E-4
3.000000000E2;2.170670761E-8;2.788106000E-4;NaN;NaN;2.394407293E-8;3.075483145E-4;1.045382638E-7;1.342735922E-3;6.641582034E-9;8.530743146E-5;4.927016423E-8;6.328478873E-4
2.990654206E2;3.344553489E-8;4.322784432E-4;NaN;NaN;2.502160226E-8;3.234003973E-4;1.133689956E-7;1.465276997E-3;7.794100522E-9;1.007375619E-4;5.191831714E-8;6.710363397E-4
2.981366460E2;5.201428897E-8;6.764719255E-4;NaN;NaN;2.562293320E-8;3.332391022E-4;1.137146017E-7;1.478915449E-3;1.018059706E-8;1.324037727E-4;5.139455629E-8;6.684119911E-4
2.972136223E2;7.702872569E-8;1.008029231E-3;NaN;NaN;2.570360133E-8;3.363677802E-4;1.056575222E-7;1.382677305E-3;1.379258574E-8;1.804953862E-4;4.819547630E-8;6.307056032E-4
2.962962963E2;1.066363830E-7;1.404141238E-3;NaN;NaN;2.533694889E-8;3.336258581E-4;9.168714850E-8;1.207296258E-3;1.844931895E-8;2.429325604E-4;4.349071789E-8;5.726667460E-4
2.953846154E2;1.374130366E-7;1.820581087E-3;NaN;NaN;2.467337279E-8;3.268967557E-4;7.584590816E-8;1.004880100E-3;2.365231953E-8;3.133688526E-4;3.868587181E-8;5.125479235E-4
2.944785276E2;1.648956617E-7;2.198162517E-3;NaN;NaN;2.381928995E-8;3.175260634E-4;6.249821522E-8;8.331403788E-4;2.856421174E-8;3.807788447E-4;3.489857525E-8;4.652198803E-4
2.935779817E2;1.846961116E-7;2.477243091E-3;NaN;NaN;2.276084937E-8;3.052806924E-4;5.518513226E-8;7.401725265E-4;3.220818488E-8;4.319934121E-4;3.259522641E-8;4.371846201E-4
2.926829268E2;1.937876215E-7;2.615104739E-3;NaN;NaN;2.140774548E-8;2.888909840E-4;5.593990418E-8;7.548919141E-4;3.385165279E-8;4.568177109E-4;3.156018423E-8;4.258950428E-4
2.917933131E2;1.914126536E-7;2.598829620E-3;NaN;NaN;1.971796711E-8;2.677129020E-4;6.512495258E-8;8.842082933E-4;3.338214637E-8;4.532328931E-4;3.117192031E-8;4.232244226E-4
2.909090909E2;1.792218764E-7;2.448128826E-3;NaN;NaN;1.779141634E-8;2.430265773E-4;8.155356716E-8;1.114002613E-3;3.144478304E-8;4.295283664E-4;3.079079264E-8;4.205950109E-4
2.900302115E2;1.606008093E-7;2.207085131E-3;NaN;NaN;1.584872040E-8;2.178038535E-4;1.026537161E-7;1.410736917E-3;2.921968863E-8;4.015567580E-4;3.004388659E-8;4.128834448E-4
2.891566265E2;1.395027152E-7;1.928742259E-3;NaN;NaN;1.410291462E-8;1.949846450E-4;1.247357189E-7;1.724576127E-3;2.792410036E-8;3.860741515E-4;2.888676396E-8;3.993837847E-4
2.882882883E2;1.192766283E-7;1.659048909E-3;NaN;NaN;1.262602577E-8;1.756185982E-4;1.435522470E-7;1.996704652E-3;2.827631045E-8;3.933023816E-4;2.744121964E-8;3.816868915E-4
2.874251497E2;1.019148996E-7;1.426086874E-3;NaN;NaN;1.132539749E-8;1.584753630E-4;1.552160525E-7;2.171925557E-3;3.017452033E-8;4.222296008E-4;2.576939922E-8;3.605891006E-4
2.865671642E2;8.792012641E-8;1.237637004E-3;NaN;NaN;1.005131875E-8;1.414907431E-4;1.573213310E-7;2.214586224E-3;3.274260291E-8;4.609121783E-4;2.378037722E-8;3.347524171E-4
2.857142857E2;7.671298544E-8;1.086332587E-3;NaN;NaN;8.736369064E-9;1.237157223E-4;1.497650621E-7;2.120823045E-3;3.471645928E-8;4.916197798E-4;2.135251697E-8;3.023729928E-4
2.848664688E2;6.733499257E-8;9.592150547E-4;NaN;NaN;7.451876218E-9;1.061550849E-4;1.347972679E-7;1.920243305E-3;3.498398320E-8;4.983614325E-4;1.854837100E-8;2.642292814E-4
2.840236686E2;5.912091609E-8;8.472077569E-4;NaN;NaN;6.352978994E-9;9.103872942E-5;1.161751134E-7;1.664799258E-3;3.302227960E-8;4.732120759E-4;1.571569225E-8;2.252072068E-4
2.831858407E2;5.209108323E-8;7.508931683E-4;NaN;NaN;5.582287370E-9;8.046869425E-5;9.777747976E-8;1.409462753E-3;2.905767036E-8;4.188664317E-4;1.338177238E-8;1.928983011E-4
2.823529412E2;4.691409638E-8;6.802625423E-4;NaN;NaN;5.217675259E-9;7.565719710E-5;8.231244781E-8;1.193544784E-3;2.392404692E-8;3.469028339E-4;1.200658131E-8;1.740975134E-4
2.815249267E2;4.448278038E-8;6.488077828E-4;NaN;NaN;5.280785248E-9;7.702339060E-5;7.069684824E-8;1.031155539E-3;1.873967183E-8;2.733292484E-4;1.174617286E-8;1.713249105E-4
2.807017544E2;4.531667834E-8;6.648530252E-4;NaN;NaN;5.756250125E-9;8.445147459E-5;6.231372973E-8;9.142212809E-4;1.454587924E-8;2.134064581E-4;1.235327187E-8;1.812381329E-4
2.798833819E2;4.910281504E-8;7.246194697E-4;NaN;NaN;6.585164443E-9;9.717850926E-5;5.587406359E-8;8.245440571E-4;1.202150115E-8;1.774035517E-4;1.327241325E-8;1.958634966E-4
2.790697674E2;5.462676090E-8;8.108447384E-4;NaN;NaN;7.645007345E-9;1.134776047E-4;5.033268891E-8;7.471062772E-4;1.134414726E-8;1.683852743E-4;1.389232492E-8;2.062087954E-4
2.782608696E2;6.014862258E-8;8.980060126E-4;NaN;NaN;8.768032560E-9;1.309048424E-4;4.544506181E-8;6.784850092E-4;1.221049749E-8;1.823001042E-4;1.382922844E-8;2.064674095E-4
2.774566474E2;6.404090247E-8;9.616676548E-4;NaN;NaN;9.821255667E-9;1.474804936E-4;4.190162706E-8;6.292141096E-4;1.398709669E-8;2.100366790E-4;1.307515743E-8;1.963425794E-4
2.766570605E2;6.538168470E-8;9.874848116E-4;NaN;NaN;1.079740124E-8;1.630773171E-4;4.115819398E-8;6.216280846E-4;1.593076323E-8;2.406084639E-4;1.193775647E-8;1.803005422E-4
2.758620690E2;6.423930909E-8;9.758312397E-4;NaN;NaN;1.183308491E-8;1.797512158E-4;4.507514822E-8;6.847168563E-4;1.743582160E-8;2.648599377E-4;1.084591181E-8;1.647555012E-4
2.750716332E2;6.155686017E-8;9.404650951E-4;NaN;NaN;1.310583976E-8;2.002308891E-4;5.537413677E-8;8.460055087E-4;1.825379574E-8;2.788813091E-4;1.016332899E-8;1.552752389E-4
2.742857143E2;5.876005221E-8;9.028874776E-4;NaN;NaN;1.466524349E-8;2.253412685E-4;7.294914015E-8;1.120912298E-3;1.861392355E-8;2.860153769E-4;1.007733372E-8;1.548449684E-4
2.735042735E2;5.728412078E-8;8.852457547E-4;NaN;NaN;1.631966135E-8;2.521974803E-4;9.718293028E-8;1.501825904E-3;1.916513087E-8;2.961702216E-4;1.058875035E-8;1.636342876E-4
2.727272727E2;5.820525250E-8;9.046130998E-4;NaN;NaN;1.767904324E-8;2.747637614E-4;1.256482738E-7;1.952797550E-3;2.069787897E-8;3.216818354E-4;1.161475733E-8;1.805139774E-4
2.719546742E2;6.202917373E-8;9.695289350E-4;NaN;NaN;1.833541289E-8;2.865863312E-4;1.545654648E-7;2.415890483E-3;2.373642899E-8;3.710053405E-4;1.313707425E-8;2.053352132E-4
2.711864407E2;6.859002939E-8;1.078159170E-3;NaN;NaN;1.806963993E-8;2.840346938E-4;1.799960992E-7;2.829338997E-3;2.818259162E-8;4.429990751E-4;1.525617301E-8;2.398101148E-4
2.704225352E2;7.702803211E-8;1.217645525E-3;NaN;NaN;1.695533167E-8;2.680268878E-4;1.992727767E-7;3.150068853E-3;3.320841938E-8;5.249528274E-4;1.814414601E-8;2.868194550E-4
2.696629213E2;8.586259095E-8;1.364958205E-3;NaN;NaN;1.530410230E-8;2.432894205E-4;2.118758896E-7;3.368192488E-3;3.748568063E-8;5.959101253E-4;2.200014400E-8;3.497364420E-4
2.689075630E2;9.322522797E-8;1.490339645E-3;NaN;NaN;1.349308249E-8;2.157063726E-4;2.192447417E-7;3.504943216E-3;3.967397118E-8;6.342456157E-4;2.704057876E-8;4.322826279E-4
2.681564246E2;9.726672924E-8;1.563672266E-3;NaN;NaN;1.179215484E-8;1.895721756E-4;2.236506951E-7;3.595436920E-3;3.895607024E-8;6.262627223E-4;3.343099396E-8;5.374408959E-4
2.674094708E2;9.667335472E-8;1.562827536E-3;NaN;NaN;1.030098725E-8;1.665264082E-4;2.268746731E-7;3.667670244E-3;3.536515489E-8;5.717153197E-4;4.108489423E-8;6.641809858E-4
2.666666667E2;9.109783796E-8;1.480909228E-3;NaN;NaN;9.008314350E-9;1.464414101E-4;2.294931817E-7;3.730698535E-3;2.973925052E-8;4.834486913E-4;4.941535795E-8;8.033084127E-4
2.659279778E2;8.130205920E-8;1.329019390E-3;NaN;NaN;7.883316738E-9;1.288661186E-4;2.310625260E-7;3.777107005E-3;2.334452599E-8;3.816056814E-4;5.721081116E-8;9.352072764E-4
2.651933702E2;6.892731198E-8;1.132984194E-3;NaN;NaN;6.918406069E-9;1.137204470E-4;2.308438953E-7;3.794468075E-3;1.739858056E-8;2.859870233E-4;6.280525177E-8;1.032353584E-3
2.644628099E2;5.602508870E-8;9.260003927E-4;NaN;NaN;6.128647781E-9;1.012962297E-4;2.284182003E-7;3.775368288E-3;1.274185532E-8;2.106014163E-4;6.459028012E-8;1.067568587E-3
2.637362637E2;4.456775762E-8;7.406941572E-4;NaN;NaN;5.553865673E-9;9.230250912E-5;2.237517533E-7;3.718643817E-3;9.757856860E-9;1.621707699E-4;6.168635890E-8;1.025196870E-3
2.630136986E2;3.612110371E-8;6.036178985E-4;NaN;NaN;5.258532280E-9;8.787506133E-5;2.167606137E-7;3.622275419E-3;8.465121488E-9;1.414602080E-4;5.439921328E-8;9.090624435E-4
2.622950820E2;3.170466334E-8;5.327220642E-4;NaN;NaN;5.309433823E-9;8.921250845E-5;2.069022314E-7;3.476503838E-3;8.643113420E-9;1.452271287E-4;4.417043804E-8;7.421799967E-4
2.615803815E2;3.174717942E-8;5.363553820E-4;NaN;NaN;5.737293678E-9;9.692918865E-5;1.933381396E-7;3.266367396E-3;9.905241527E-9;1.673449327E-4;3.305580536E-8;5.584640726E-4
2.608695652E2;3.605336897E-8;6.124305668E-4;NaN;NaN;6.513726803E-9;1.106472297E-4;1.756675802E-7;2.984026147E-3;1.173051907E-8;1.992637207E-4;2.303368003E-8;3.912680041E-4
2.601626016E2;4.377410344E-8;7.476276592E-4;NaN;NaN;7.546857918E-9;1.288944667E-4;1.546302572E-7;2.640964592E-3;1.351507062E-8;2.308269003E-4;1.546217546E-8;2.640819375E-4
2.594594595E2;5.349889095E-8;9.186785901E-4;NaN;NaN;8.692528717E-9;1.492673938E-4;1.322677816E-7;2.271291553E-3;1.470360890E-8;2.524891723E-4;1.087263036E-8;1.867039213E-4
2.587601078E2;6.356423424E-8;1.097427924E-3;NaN;NaN;9.787873928E-9;1.689863222E-4;1.115423352E-7;1.925763361E-3;1.500230644E-8;2.590127956E-4;9.117893079E-9;1.574191933E-4
2.580645161E2;7.255484202E-8;1.259411482E-3;NaN;NaN;1.069903851E-8;1.857145791E-4;9.573699580E-8;1.661808757E-3;1.455173840E-8;2.525899847E-4;9.739320936E-9;1.690557415E-4
2.573726542E2;7.976975575E-8;1.392102758E-3;NaN;NaN;1.133909902E-8;1.978844095E-4;8.784492174E-8;1.533026605E-3;1.392454114E-8;2.430042808E-4;1.229754246E-8;2.146106957E-4
2.566844920E2;8.538128005E-8;1.498032494E-3;NaN;NaN;1.163732876E-8;2.041793777E-4;8.998192525E-8;1.578751781E-3;1.390797467E-8;2.440183372E-4;1.645581472E-8;2.887207262E-4
2.560000000E2;9.016645926E-8;1.590460616E-3;NaN;NaN;1.151021814E-8;2.030305812E-4;1.027687188E-7;1.812753890E-3;1.517494858E-8;2.676733483E-4;2.183885292E-8;3.852190243E-4
2.553191489E2;9.494392463E-8;1.683674901E-3;NaN;NaN;1.089459836E-8;1.931978468E-4;1.246951371E-7;2.211263895E-3;1.799439353E-8;3.191010785E-4;2.784517960E-8;4.937886250E-4
2.546419098E2;1.000250065E-7;1.783227105E-3;NaN;NaN;9.816931219E-9;1.750144134E-4;1.517806524E-7;2.705917078E-3;2.209472454E-8;3.939006159E-4;3.354833240E-8;5.980933943E-4
2.539682540E2;1.049561274E-7;1.881077834E-3;NaN;NaN;8.418519793E-9;1.508810525E-4;1.780531832E-7;3.191160959E-3;2.674162223E-8;4.792771422E-4;3.778615585E-8;6.772229687E-4
2.532981530E2;1.086751225E-7;1.958050671E-3;NaN;NaN;6.911337779E-9;1.245248154E-4;1.971671603E-7;3.552453235E-3;3.100907924E-8;5.587051295E-4;3.950209063E-8;7.117277007E-4
2.526315789E2;1.099769415E-7;1.991976447E-3;NaN;NaN;5.513313124E-9;9.986084113E-5;2.046479902E-7;3.706722252E-3;3.411969594E-8;6.179989163E-4;3.824061632E-8;6.926398020E-4
2.519685039E2;1.080203894E-7;1.966849176E-3;NaN;NaN;4.402293892E-9;8.015753466E-5;1.995901782E-7;3.634163694E-3;3.567171644E-8;6.495152112E-4;3.445295966E-8;6.273239307E-4
2.513089005E2;1.026120812E-7;1.878194611E-3;NaN;NaN;3.682766685E-9;6.740875400E-5;1.847841563E-7;3.382258721E-3;3.566120328E-8;6.527367831E-4;2.934261418E-8;5.370823704E-4
2.506527415E2;9.419566828E-8;1.733180713E-3;NaN;NaN;3.363753412E-9;6.189236346E-5;1.651779496E-7;3.039239933E-3;3.435048447E-8;6.320417727E-4;2.432580232E-8;4.475897054E-4
2.500000000E2;8.365680487E-8;1.547316263E-3;NaN;NaN;3.376092658E-9;6.244420981E-5;1.456134772E-7;2.693266874E-3;3.211314686E-8;5.939647644E-4;2.044737797E-8;3.781947030E-4
2.493506494E2;7.210971745E-8;1.340696948E-3;NaN;NaN;3.617547107E-9;6.725909543E-5;1.291149216E-7;2.400563855E-3;2.934910390E-8;5.456720041E-4;1.804666491E-8;3.355318732E-4
2.487046632E2;6.074657001E-8;1.135302877E-3;NaN;NaN;3.986228443E-9;7.449929466E-5;1.165182637E-7;2.177629452E-3;2.646414127E-8;4.945927929E-4;1.679827764E-8;3.139458396E-4
2.480620155E2;5.071138964E-8;9.526707029E-4;NaN;NaN;4.390494687E-9;8.248039915E-5;1.073193424E-7;2.016115000E-3;2.385422520E-8;4.481285495E-4;1.607149905E-8;3.019212529E-4
2.474226804E2;4.294700946E-8;8.109829935E-4;NaN;NaN;4.760637966E-9;8.989674665E-5;1.008956497E-7;1.905246887E-3;2.183351310E-8;4.122896574E-4;1.540043169E-8;2.908115921E-4
2.467866324E2;3.799775506E-8;7.212278849E-4;NaN;NaN;5.063976269E-9;9.611833351E-5;9.710733188E-8;1.843175089E-3;2.051361556E-8;3.893648859E-4;1.477548944E-8;2.804506471E-4
2.461538462E2;3.585125172E-8;6.839886661E-4;NaN;NaN;5.297552440E-9;1.010694370E-4;9.594459376E-8;1.830480431E-3;1.972021975E-8;3.762325207E-4;1.462761318E-8;2.790731466E-4
2.455242967E2;3.595127880E-8;6.894189646E-4;NaN;NaN;5.463798053E-9;1.047764119E-4;9.676777519E-8;1.855665267E-3;1.905004268E-8;3.653127548E-4;1.564032486E-8;2.999263706E-4
2.448979592E2;3.748378553E-8;7.224885126E-4;NaN;NaN;5.562279619E-9;1.072112401E-4;9.801594922E-8;1.889227472E-3;1.808314681E-8;3.485471293E-4;1.855579765E-8;3.576573299E-4
2.442748092E2;3.985291693E-8;7.720769423E-4;NaN;NaN;5.607614531E-9;1.086372144E-4;9.771118716E-8;1.892974478E-3;1.664998172E-8;3.225627624E-4;2.396852324E-8;4.643460394E-4
2.436548223E2;4.308696099E-8;8.389839933E-4;NaN;NaN;5.641929187E-9;1.098589497E-4;9.439722576E-8;1.838091144E-3;1.499996746E-8;2.920775175E-4;3.201874384E-8;6.234650333E-4
2.430379747E2;4.789846335E-8;9.374133629E-4;NaN;NaN;5.713994088E-9;1.118276880E-4;8.789681505E-8;1.720214872E-3;1.376623842E-8;2.694169070E-4;4.207741365E-8;8.234905062E-4
2.424242424E2;5.528614983E-8;1.087482023E-3;NaN;NaN;5.838076485E-9;1.148353293E-4;7.938707455E-8;1.561548718E-3;1.371951928E-8;2.698638017E-4;5.264593653E-8;1.035548862E-3
2.418136020E2;6.585828044E-8;1.301987362E-3;NaN;NaN;5.972049204E-9;1.180646160E-4;7.072630011E-8;1.398225831E-3;1.541149879E-8;3.046781137E-4;6.161938404E-8;1.218186365E-3
2.412060302E2;7.921494717E-8;1.573941727E-3;NaN;NaN;6.037731380E-9;1.199652047E-4;6.344720748E-8;1.260648537E-3;1.886804293E-8;3.748938947E-4;6.687251686E-8;1.328706872E-3
2.406015038E2;9.372665428E-8;1.871648428E-3;NaN;NaN;5.976122251E-9;1.193385159E-4;5.810636778E-8;1.160338996E-3;2.346713915E-8;4.686205269E-4;6.698206471E-8;1.337579764E-3
2.400000000E2;1.068643830E-7;2.144708798E-3;NaN;NaN;5.801356300E-9;1.164299980E-4;5.433906534E-8;1.090554853E-3;2.807085816E-8;5.633665284E-4;6.178432265E-8;1.239977031E-3
2.394014963E2;1.159605762E-7;2.338915209E-3;NaN;NaN;5.614794369E-9;1.132499370E-4;5.141806251E-8;1.037098058E-3;3.138412265E-8;6.330151521E-4;5.244893621E-8;1.057890695E-3
2.388059701E2;1.190543113E-7;2.413307159E-3;NaN;NaN;5.557330001E-9;1.126506393E-4;4.886531058E-8;9.905311497E-4;3.241724788E-8;6.571183818E-4;4.100880003E-8;8.312746479E-4
2.382133995E2;1.154510961E-7;2.351925282E-3;NaN;NaN;5.722371586E-9;1.165739509E-4;4.678930359E-8;9.531736798E-4;3.084681610E-8;6.283994620E-4;2.961856667E-8;6.033780375E-4
2.376237624E2;1.058029113E-7;2.166086103E-3;NaN;NaN;6.092837038E-9;1.247376795E-4;4.587653241E-8;9.392229206E-4;2.710080789E-8;5.548305113E-4;1.993494466E-8;4.081249379E-4
2.370370370E2;9.176343669E-8;1.887969981E-3;NaN;NaN;6.552578509E-9;1.348148235E-4;4.711864370E-8;9.694338841E-4;2.213733635E-8;4.554605625E-4;1.284665689E-8;2.643111837E-4
2.364532020E2;7.543103209E-8;1.559615293E-3;NaN;NaN;6.968918907E-9;1.440896698E-4;5.144568188E-8;1.063693151E-3;1.704095990E-8;3.523396265E-4;8.566453008E-9;1.771203542E-4
2.358722359E2;5.881459321E-8;1.222050868E-3;NaN;NaN;7.281823611E-9;1.513018859E-4;5.936419298E-8;1.233470464E-3;1.264019027E-8;2.626381423E-4;6.921049843E-9;1.438057208E-4
2.352941176E2;4.349132972E-8;9.081098373E-4;NaN;NaN;7.537864596E-9;1.573924972E-4;7.061987632E-8;1.474560673E-3;9.315351207E-9;1.945068620E-4;7.613046774E-9;1.589623199E-4
2.347188264E2;3.049740128E-8;6.399187245E-4;NaN;NaN;7.844360430E-9;1.645960938E-4;8.393418652E-8;1.761168340E-3;7.049045411E-9;1.479082138E-4;1.031801466E-8;2.165001115E-4
2.341463415E2;2.038489847E-8;4.298249628E-4;NaN;NaN;8.272344959E-9;1.744261993E-4;9.699388703E-8;2.045160732E-3;5.625448401E-9;1.186151676E-4;1.462118476E-8;3.082944075E-4
2.335766423E2;1.334441516E-8;2.827473587E-4;NaN;NaN;8.774324772E-9;1.859142663E-4;1.068997651E-7;2.265039410E-3;4.816739409E-9;1.020592007E-4;1.993905731E-8;4.224775476E-4
2.330097087E2;9.359971500E-9;1.992894582E-4;NaN;NaN;9.178128825E-9;1.954177233E-4;1.110231512E-7;2.363868698E-3;4.460306267E-9;9.496738524E-5;2.554068575E-8;5.438039447E-4
2.324455206E2;8.369428818E-9;1.790652409E-4;NaN;NaN;9.268782360E-9;1.983070509E-4;1.079399536E-7;2.309392219E-3;4.445592992E-9;9.511415861E-5;3.069957654E-8;6.568222502E-4
2.318840580E2;1.036547662E-8;2.228462481E-4;NaN;NaN;8.903516771E-9;1.914157332E-4;9.800221275E-8;2.106938853E-3;4.674394728E-9;1.004943010E-4;3.488872920E-8;7.500689732E-4
2.313253012E2;1.534418051E-8;3.314784202E-4;NaN;NaN;8.086316720E-9;1.746876928E-4;8.329814737E-8;1.799479502E-3;5.039218938E-9;1.088616190E-4;3.790362560E-8;8.188273022E-4
2.307692308E2;2.308702736E-8;5.011526680E-4;NaN;NaN;6.966205693E-9;1.512162010E-4;6.704488525E-8;1.455350774E-3;5.436505437E-9;1.180108276E-4;3.981770613E-8;8.643273712E-4
2.302158273E2;3.290194203E-8;7.176439218E-4;NaN;NaN;5.774788512E-9;1.259573636E-4;5.270927266E-8;1.149673448E-3;5.804767720E-9;1.266112580E-4;4.079682094E-8;8.898438441E-4
2.296650718E2;4.350602288E-8;9.534925750E-4;NaN;NaN;4.740483452E-9;1.038940237E-4;4.323524360E-8;9.475580855E-4;6.160105891E-9;1.350069448E-4;4.091568223E-8;8.967218013E-4
2.291169451E2;5.320092598E-8;1.171554794E-3;NaN;NaN;4.017124567E-9;8.846239902E-5;4.057855385E-8;8.935934554E-4;6.610418202E-9;1.455701567E-4;4.013982132E-8;8.839319845E-4
2.285714286E2;6.036475097E-8;1.335664435E-3;NaN;NaN;3.650722037E-9;8.077792931E-5;4.557425290E-8;1.008401555E-3;7.383651875E-9;1.633748347E-4;3.848266815E-8;8.514891620E-4
2.280285036E2;6.407231853E-8;1.424459151E-3;NaN;NaN;3.588660376E-9;7.978328594E-5;5.799462750E-8;1.289339604E-3;8.887325321E-9;1.975834833E-4;3.619761689E-8;8.047473197E-4
2.274881517E2;6.448024336E-8;1.440346355E-3;NaN;NaN;3.711894541E-9;8.291553339E-5;7.659395269E-8;1.710939891E-3;1.174646883E-8;2.623901940E-4;3.380624314E-8;7.551568751E-4
2.269503546E2;6.270497402E-8;1.407336965E-3;NaN;NaN;3.872798918E-9;8.692026688E-5;9.905668228E-8;2.223206895E-3;1.667967469E-8;3.743550352E-4;3.189633804E-8;7.158745581E-4
2.264150943E2;6.022642520E-8;1.358107561E-3;NaN;NaN;3.942575675E-9;8.890519098E-5;1.220113528E-7;2.751359395E-3;2.416877986E-8;5.450066572E-4;3.082599625E-8;6.951270718E-4
2.258823529E2;5.814976236E-8;1.317471328E-3;NaN;NaN;3.863615354E-9;8.753608343E-5;1.413974975E-7;3.203575409E-3;3.404049615E-8;7.712392250E-4;3.057067187E-8;6.926250774E-4
2.253521127E2;5.671793875E-8;1.291085506E-3;NaN;NaN;3.682343262E-9;8.382215780E-5;1.532983691E-7;3.489571497E-3;4.519330320E-8;1.028747165E-3;3.082946937E-8;7.017794003E-4
2.248243560E2;5.532192140E-8;1.265226773E-3;NaN;NaN;3.523479263E-9;8.058288985E-5;1.550145989E-7;3.545224312E-3;5.568323260E-8;1.273490055E-3;3.127099665E-8;7.151758505E-4
2.242990654E2;5.298709191E-8;1.217511272E-3;NaN;NaN;3.519152417E-9;8.086134909E-5;1.459917626E-7;3.354526739E-3;6.324926695E-8;1.453310471E-3;3.172054020E-8;7.288589327E-4
2.237762238E2;4.903469747E-8;1.131966183E-3;NaN;NaN;3.737956692E-9;8.629074484E-5;1.282072921E-7;2.959665838E-3;6.612645831E-8;1.526529548E-3;3.218102931E-8;7.428991874E-4
2.232558140E2;4.351952837E-8;1.009337617E-3;NaN;NaN;4.154809204E-9;9.636145837E-5;1.057417801E-7;2.452442854E-3;6.375498965E-8;1.478653647E-3;3.271410197E-8;7.587300452E-4
2.227378190E2;3.719296159E-8;8.666239160E-4;NaN;NaN;4.667304019E-9;1.087516862E-4;8.355775473E-8;1.946958390E-3;5.698177746E-8;1.327718176E-3;3.332208399E-8;7.764295629E-4
2.222222222E2;3.108049960E-8;7.275634151E-4;NaN;NaN;5.145541090E-9;1.204519714E-4;6.593013360E-8;1.543358497E-3;4.764240233E-8;1.115260996E-3;3.395848205E-8;7.949341063E-4
2.217090069E2;2.596835359E-8;6.107107668E-4;NaN;NaN;5.492740500E-9;1.291755271E-4;5.518669742E-8;1.297853180E-3;3.779162159E-8;8.887644772E-4;3.462992530E-8;8.144092833E-4
2.211981567E2;2.210114158E-8;5.221671346E-4;NaN;NaN;5.678931482E-9;1.341718648E-4;5.123119024E-8;1.210400997E-3;2.900014548E-8;6.851647375E-4;3.543403861E-8;8.371735162E-4
2.206896552E2;1.920307819E-8;4.557899367E-4;NaN;NaN;5.724195318E-9;1.358652293E-4;5.193103065E-8;1.232596198E-3;2.200638002E-8;5.223270174E-4;3.645112276E-8;8.651766538E-4
2.201834862E2;1.675976535E-8;3.996283413E-4;NaN;NaN;5.658129544E-9;1.349153092E-4;5.415321067E-8;1.291256608E-3;1.678786636E-8;4.002983960E-4;3.758227489E-8;8.961308146E-4
2.196796339E2;1.438460661E-8;3.445690227E-4;NaN;NaN;5.505310893E-9;1.318742769E-4;5.506345550E-8;1.318990611E-3;1.291963156E-8;3.094769946E-4;3.851713441E-8;9.226398557E-4
2.191780822E2;1.207841551E-8;2.906521599E-4;NaN;NaN;5.307942390E-9;1.277290816E-4;5.319669835E-8;1.280112881E-3;9.973440224E-9;2.399985280E-4;3.888126299E-8;9.356295998E-4
2.186788155E2;1.028150125E-8;2.485426595E-4;NaN;NaN;5.143798437E-9;1.243450069E-4;4.881339330E-8;1.180003804E-3;7.737350024E-9;1.870409297E-4;3.845162100E-8;9.295206909E-4
2.181818182E2;9.780964327E-9;2.375212094E-4;NaN;NaN;5.107614336E-9;1.240334484E-4;4.344993350E-8;1.055139392E-3;6.221713320E-9;1.510882591E-4;3.725861571E-8;9.047892588E-4
2.176870748E2;1.158165274E-8;2.825290350E-4;NaN;NaN;5.268203571E-9;1.285153772E-4;3.904023567E-8;9.523684016E-4;5.563931899E-9;1.357295323E-4;3.550362282E-8;8.660943750E-4
2.171945701E2;1.678932229E-8;4.114272688E-4;NaN;NaN;5.635556942E-9;1.381009763E-4;3.719040136E-8;9.113616971E-4;5.974700072E-9;1.464117783E-4;3.336725368E-8;8.176743414E-4
2.167042889E2;2.643005482E-8;6.506102251E-4;NaN;NaN;6.161698249E-9;1.516782281E-4;3.891336026E-8;9.579030482E-4;7.765509591E-9;1.911581333E-4;3.087410471E-8;7.600063014E-4
2.162162162E2;4.116926855E-8;1.018015661E-3;NaN;NaN;6.782458547E-9;1.677136676E-4;4.475186884E-8;1.106604634E-3;1.141835406E-8;2.823480636E-4;2.792750526E-8;6.905791318E-4
2.157303371E2;6.097170995E-8;1.514480776E-3;NaN;NaN;7.474509767E-9;1.856598964E-4;5.498551055E-8;1.365789130E-3;1.760950806E-8;4.374038625E-4;2.450142266E-8;6.085926347E-4
2.152466368E2;8.482023952E-8;2.116335807E-3;NaN;NaN;8.283240299E-9;2.066737625E-4;6.961234009E-8;1.736886016E-3;2.705566839E-8;6.750615197E-4;2.084635573E-8;5.201339837E-4
2.147651007E2;1.106333574E-7;2.772786983E-3;NaN;NaN;9.275667479E-9;2.324746409E-4;8.802062098E-8;2.206047414E-3;4.010750891E-8;1.005208386E-3;1.751525654E-8;4.389822063E-4
2.142857143E2;1.354753673E-7;3.410607424E-3;NaN;NaN;1.044496020E-8;2.629530335E-4;1.086451228E-7;2.735153037E-3;5.620424813E-8;1.414948192E-3;1.517018010E-8;3.819109697E-4
2.138084633E2;1.560452598E-7;3.946014080E-3;NaN;NaN;1.164757183E-8;2.945394336E-4;1.291444140E-7;3.265755568E-3;7.350717516E-8;1.858821912E-3;1.427560392E-8;3.609961247E-4
2.133333333E2;1.693239412E-7;4.300894249E-3;NaN;NaN;1.264442362E-8;3.211732991E-4;1.473514979E-7;3.742785606E-3;8.905259835E-8;2.261970784E-3;1.486125998E-8;3.774818087E-4
2.128603104E2;1.732124850E-7;4.419240572E-3;NaN;NaN;1.323819083E-8;3.377513463E-4;1.625534156E-7;4.147291400E-3;9.952925003E-8;2.539330233E-3;1.648465960E-8;4.205798244E-4
2.123893805E2;1.670035366E-7;4.279745125E-3;NaN;NaN;1.341889724E-8;3.438816998E-4;1.761284050E-7;4.513585148E-3;1.024142152E-7;2.624535666E-3;1.842606961E-8;4.721988719E-4
2.119205298E2;1.515735642E-7;3.901532554E-3;NaN;NaN;1.341191198E-8;3.452251816E-4;1.908274375E-7;4.911934766E-3;9.694542416E-8;2.495393774E-3;2.002471136E-8;5.154399033E-4
2.114537445E2;1.292333434E-7;3.341193701E-3;NaN;NaN;1.357266971E-8;3.509072607E-4;2.088646926E-7;5.399979423E-3;8.444754154E-8;2.183303367E-3;2.103915523E-8;5.439454793E-4
2.109890110E2;1.032443886E-7;2.681048176E-3;NaN;NaN;1.417128786E-8;3.679997140E-4;2.298686337E-7;5.969223992E-3;6.784860977E-8;1.761891314E-3;2.192220900E-8;5.692754762E-4
2.105263158E2;7.709976761E-8;2.010935414E-3;NaN;NaN;1.519994543E-8;3.964487768E-4;2.499889004E-7;6.520272997E-3;5.063229355E-8;1.320604139E-3;2.388602502E-8;6.230012760E-4
2.100656455E2;5.376805116E-8;1.408549338E-3;NaN;NaN;1.633097149E-8;4.278187248E-4;2.629088534E-7;6.887363096E-3;3.573023072E-8;9.360166814E-4;2.860707796E-8;7.494130780E-4
2.096069869E2;3.514793946E-8;9.247965346E-4;NaN;NaN;1.706489983E-8;4.490038525E-4;2.624429559E-7;6.905279226E-3;2.481012437E-8;6.527926642E-4;3.755452490E-8;9.881175118E-4
2.091503268E2;2.190725682E-8;5.789335772E-4;NaN;NaN;1.698308556E-8;4.488046384E-4;2.454242250E-7;6.485719579E-3;1.815030848E-8;4.796503323E-4;5.113602248E-8;1.351349494E-3
2.086956522E2;1.372697205E-8;3.643390996E-4;NaN;NaN;1.595496033E-8;4.234740086E-4;2.133483890E-7;5.662658865E-3;1.499520158E-8;3.980002453E-4;6.805925989E-8;1.806418005E-3
2.082429501E2;9.770028810E-9;2.604432242E-4;NaN;NaN;1.417970968E-8;3.779936969E-4;1.718924374E-7;4.582199447E-3;1.412346858E-8;3.764944573E-4;8.528806231E-8;2.273555009E-3
2.077922078E2;9.155985601E-9;2.451344900E-4;NaN;NaN;1.205404833E-8;3.227247310E-4;1.286636318E-7;3.444729508E-3;1.437884519E-8;3.849668443E-4;9.878938241E-8;2.644902027E-3
2.073434125E2;1.124216003E-8;3.022923195E-4;NaN;NaN;9.970701618E-9;2.681038619E-4;9.043480283E-8;2.431716525E-3;1.501536123E-8;4.037505573E-4;1.049266746E-7;2.821390885E-3
2.068965517E2;1.567623791E-8;4.233437719E-4;NaN;NaN;8.178686663E-9;2.208690683E-4;6.120758365E-8;1.652938000E-3;1.580602697E-8;4.268487832E-4;1.019350757E-7;2.752802024E-3
2.064516129E2;2.227600661E-8;6.041692422E-4;NaN;NaN;6.757658693E-9;1.832810343E-4;4.173584948E-8;1.131958568E-3;1.694366516E-8;4.595456231E-4;9.071573344E-8;2.460389642E-3
2.060085837E2;3.089344795E-8;8.414989589E-4;NaN;NaN;5.685619785E-9;1.548691858E-4;3.028875685E-8;8.250279282E-4;1.881570169E-8;5.125162271E-4;7.452658339E-8;2.030011103E-3
2.055674518E2;4.135055691E-8;1.131176807E-3;NaN;NaN;4.938374779E-9;1.350931023E-4;2.402409724E-8;6.571979592E-4;2.178232625E-8;5.958725614E-4;5.781068373E-8;1.581456443E-3
2.051282051E2;5.342963587E-8;1.467875725E-3;NaN;NaN;4.560135243E-9;1.252808805E-4;2.032349492E-8;5.583486463E-4;2.604834919E-8;7.156279253E-4;4.486238217E-8;1.232507029E-3
2.046908316E2;6.681836497E-8;1.843558392E-3;NaN;NaN;4.658420220E-9;1.285285818E-4;1.766736587E-8;4.874531220E-4;3.161752740E-8;8.723463677E-4;3.887729493E-8;1.072647667E-3
2.042553191E2;8.094668485E-8;2.242901239E-3;NaN;NaN;5.323116659E-9;1.474949218E-4;1.594558371E-8;4.418262408E-4;3.825532112E-8;1.059992850E-3;4.147475267E-8;1.149198072E-3
2.038216561E2;9.480209483E-8;2.638001974E-3;NaN;NaN;6.529535100E-9;1.816935218E-4;1.644077123E-8;4.574876436E-4;4.541800794E-8;1.263820117E-3;5.252994943E-8;1.461719918E-3
2.033898305E2;1.068701025E-7;2.986452359E-3;NaN;NaN;8.085426792E-9;2.259447811E-4;2.180306386E-8;6.092799574E-4;5.219387162E-8;1.458541794E-3;7.024342564E-8;1.962931066E-3
2.029598309E2;1.153335024E-7;3.236630558E-3;NaN;NaN;9.652394030E-9;2.708773499E-4;3.611143083E-8;1.013403375E-3;5.736801340E-8;1.609931732E-3;9.158000802E-8;2.570030792E-3
2.025316456E2;1.185371185E-7;3.340614924E-3;NaN;NaN;1.084016933E-8;3.054978213E-4;6.475338374E-8;1.824880872E-3;5.968672381E-8;1.682092183E-3;1.132672027E-7;3.192098078E-3
2.021052632E2;1.155570261E-7;3.270385464E-3;NaN;NaN;1.134531026E-8;3.210842216E-4;1.136183733E-7;3.215519549E-3;5.827910532E-8;1.649360020E-3;1.331254650E-7;3.767590776E-3
2.016806723E2;1.065948722E-7;3.029462541E-3;NaN;NaN;1.107243936E-8;3.146824943E-4;1.871227388E-7;5.318091911E-3;5.304585624E-8;1.507581285E-3;1.509888323E-7;4.291153991E-3
2.012578616E2;9.297723681E-8;2.653559080E-3;NaN;NaN;1.016455752E-8;2.900952406E-4;2.851697182E-7;8.138709224E-3;4.478637950E-8;1.278197848E-3;1.683892336E-7;4.805808336E-3
2.008368201E2;7.675652259E-8;2.199816485E-3;NaN;NaN;8.924832204E-9;2.557827315E-4;4.001767927E-7;1.146893418E-2;3.495849525E-8;1.001898882E-3;1.870430201E-7;5.360590934E-3
2.004175365E2;6.011281421E-8;1.730029286E-3;NaN;NaN;7.684897319E-9;2.211691068E-4;5.161639226E-7;1.485504737E-2;2.518695038E-8;7.248730967E-4;2.072722878E-7;5.965236079E-3
2.000000000E2;4.481830538E-8;1.295249025E-3;NaN;NaN;6.693227940E-9;1.934342875E-4;6.115707413E-7;1.767439442E-2;1.677258480E-8;4.847277006E-4;2.277763833E-7;6.582737478E-3
1.995841996E2;3.195348885E-8;9.273075684E-4;NaN;NaN;6.063786151E-9;1.759743613E-4;6.655958803E-7;1.931595326E-2;1.041229360E-8;3.021704048E-4;2.469889559E-7;7.167753392E-3
1.991701245E2;2.191664525E-8;6.386803027E-4;NaN;NaN;5.784311076E-9;1.685625472E-4;6.655510007E-7;1.939504472E-2;6.203626464E-9;1.807819574E-4;2.647742301E-7;7.715874556E-3
1.987577640E2;1.461559145E-8;4.276869750E-4;NaN;NaN;5.763535865E-9;1.686547703E-4;6.117158839E-7;1.790026198E-2;3.845315296E-9;1.125230732E-4;2.827284042E-7;8.273305692E-3
1.983471074E2;9.700412577E-9;2.850337570E-4;NaN;NaN;5.888906379E-9;1.730377030E-4;5.172628763E-7;1.519908353E-2;2.878983256E-9;8.459510433E-5;3.024337588E-7;8.886614858E-3
1.979381443E2;6.743617712E-9;1.989719187E-4;NaN;NaN;6.070003355E-9;1.790967794E-4;4.033030390E-7;1.189954456E-2;2.857028559E-9;8.429725384E-5;3.228070529E-7;9.524492850E-3
1.975308642E2;5.383123385E-9;1.594858806E-4;NaN;NaN;6.254157104E-9;1.852920102E-4;2.915068670E-7;8.636478505E-3;3.409673959E-9;1.010184637E-4;3.387449019E-7;1.003600050E-2
1.971252567E2;5.418828747E-9;1.612050774E-4;NaN;NaN;6.419392913E-9;1.909709238E-4;1.977224905E-7;5.882058814E-3;4.259585233E-9;1.267186692E-4;3.426122039E-7;1.019239202E-2
1.967213115E2;6.840936183E-9;2.043480751E-4;NaN;NaN;6.553635803E-9;1.957660217E-4;1.290837216E-7;3.855906462E-3;5.232806204E-9;1.563110437E-4;3.280761352E-7;9.800080706E-3
1.963190184E2;9.776868219E-9;2.932465070E-4;NaN;NaN;6.630836690E-9;1.988847199E-4;8.493381549E-8;2.547497231E-3;6.276150225E-9;1.882462860E-4;2.939494280E-7;8.816692734E-3
1.959183673E2;1.437947285E-8;4.330624149E-4;NaN;NaN;6.596844903E-9;1.986752653E-4;5.999940624E-8;1.806984722E-3;7.453063214E-9;2.244617439E-4;2.454992503E-7;7.393629743E-3
1.955193483E2;2.069915474E-8;6.259374892E-4;NaN;NaN;6.382573138E-9;1.930074853E-4;4.771957665E-8;1.443028586E-3;8.893777939E-9;2.689457179E-4;1.923657294E-7;5.817093652E-3
1.951219512E2;2.862316322E-8;8.690868937E-4;NaN;NaN;5.944949035E-9;1.805068591E-4;4.243174328E-8;1.288357673E-3;1.071004467E-8;3.251897556E-4;1.444317899E-7;4.385391462E-3
1.947261663E2;3.796708265E-8;1.157487832E-3;NaN;NaN;5.310423048E-9;1.618968230E-4;4.022381081E-8;1.226287835E-3;1.293845544E-8;3.944497099E-4;1.080933990E-7;3.295401841E-3
1.943319838E2;4.866141710E-8;1.489546338E-3;NaN;NaN;4.585871201E-9;1.403754362E-4;3.888966196E-8;1.190428824E-3;1.554632490E-8;4.758795097E-4;8.482994084E-8;2.596679982E-3
1.939393939E2;6.083245217E-8;1.869653338E-3;NaN;NaN;3.923992150E-9;1.206018294E-4;3.751562674E-8;1.153023004E-3;1.846959457E-8;5.676532492E-4;7.226973330E-8;2.221172142E-3
1.935483871E2;7.456434313E-8;2.300964495E-3;NaN;NaN;3.462934244E-9;1.068619183E-4;3.605710866E-8;1.112678303E-3;2.161938552E-8;6.671478135E-4;6.650347455E-8;2.052215943E-3
1.931589537E2;8.939667458E-8;2.769807006E-3;NaN;NaN;3.280057571E-9;1.016271185E-4;3.515582817E-8;1.089244758E-3;2.482787042E-8;7.692501959E-4;6.409268232E-8;1.985804968E-3
1.927710843E2;1.038776089E-7;3.231439265E-3;NaN;NaN;3.386393595E-9;1.053444082E-4;3.616373542E-8;1.124986567E-3;2.777039881E-8;8.638854713E-4;6.296818092E-8;1.958823027E-3
1.923847695E2;1.155604993E-7;3.609323996E-3;NaN;NaN;3.749847887E-9;1.171197428E-4;4.107255294E-8;1.282827193E-3;2.994363401E-8;9.352354605E-4;6.231770924E-8;1.946381373E-3
1.920000000E2;1.216183314E-7;3.813769290E-3;NaN;NaN;4.319237357E-9;1.354448347E-4;5.201943266E-8;1.631251740E-3;3.076796925E-8;9.648375773E-4;6.204916042E-8;1.945769028E-3
1.916167665E2;1.198987889E-7;3.774901431E-3;NaN;NaN;5.029755600E-9;1.583571593E-4;7.031465584E-8;2.213791294E-3;2.980352806E-8;9.383362567E-4;6.228160664E-8;1.960878239E-3
1.912350598E2;1.099205266E-7;3.474574296E-3;NaN;NaN;5.790252819E-9;1.830291779E-4;9.529529428E-8;3.012272506E-3;2.697352131E-8;8.526296837E-4;6.304547442E-8;1.992859675E-3
1.908548708E2;9.324172318E-8;2.959113540E-3;NaN;NaN;6.468140679E-9;2.052725111E-4;1.236233460E-7;3.923302835E-3;2.266046251E-8;7.191510316E-4;6.413749697E-8;2.035463623E-3
1.904761905E2;7.295209358E-8;2.324417844E-3;NaN;NaN;6.899350674E-9;2.198288360E-4;1.496820089E-7;4.769205588E-3;1.760600011E-8;5.609667770E-4;6.502700086E-8;2.071906558E-3
1.900990099E2;5.256182976E-8;1.681390540E-3;NaN;NaN;6.946802222E-9;2.222199568E-4;1.672641115E-7;5.350580372E-3;1.265966659E-8;4.049677064E-4;6.484672749E-8;2.074369835E-3
1.897233202E2;3.487910901E-8;1.120164446E-3;NaN;NaN;6.582838007E-9;2.114119683E-4;1.719398756E-7;5.521956867E-3;8.508319516E-9;2.732500137E-4;6.260010183E-8;2.010441504E-3
1.893491124E2;2.137609384E-8;6.892227972E-4;NaN;NaN;5.940705518E-9;1.915443348E-4;1.628776189E-7;5.251612802E-3;5.525080313E-9;1.781434595E-4;5.760824290E-8;1.857444798E-3
1.889763780E2;1.219818819E-8;3.948554364E-4;NaN;NaN;5.309172056E-9;1.718579363E-4;1.431058919E-7;4.632338713E-3;3.795329916E-9;1.228548557E-4;4.995052293E-8;1.616898774E-3
1.886051081E2;6.637854090E-9;2.157141502E-4;NaN;NaN;5.091720280E-9;1.654685533E-4;1.181094195E-7;3.838269523E-3;3.253591052E-9;1.057338139E-4;4.057979934E-8;1.318745006E-3
1.882352941E2;3.754761684E-9;1.225005666E-4;NaN;NaN;5.729171624E-9;1.869164622E-4;9.357568732E-8;3.052943352E-3;3.800446206E-9;1.239910420E-4;3.100298239E-8;1.011484411E-3
1.878669276E2;2.836058236E-9;9.289071651E-5;NaN;NaN;7.556170026E-9;2.474907034E-4;7.343171267E-8;2.405142573E-3;5.336773130E-9;1.747977787E-4;2.270097728E-8;7.435355232E-4
1.875000000E2;3.600412232E-9;1.183879549E-4;NaN;NaN;1.061964008E-8;3.491926453E-4;5.900419801E-8;1.940162927E-3;7.745869448E-9;2.546979579E-4;1.659405126E-8;5.456419061E-4
1.871345029E2;6.246422202E-9;2.061965685E-4;NaN;NaN;1.456710921E-8;4.808653395E-4;4.946727014E-8;1.632931785E-3;1.091901372E-8;3.604404390E-4;1.280591954E-8;4.227278561E-4
1.867704280E2;1.140428498E-8;3.779285206E-4;NaN;NaN;1.869684171E-8;6.195977860E-4;4.310289898E-8;1.428394228E-3;1.482651573E-8;4.913384017E-4;1.083554502E-8;3.590809511E-4
1.864077670E2;1.992060741E-8;6.627235487E-4;NaN;NaN;2.215633390E-8;7.371022341E-4;3.852145991E-8;1.281541174E-3;1.954269993E-8;6.501512317E-4;9.986010046E-9;3.322169790E-4
1.860465116E2;3.240465277E-8;1.082236416E-3;NaN;NaN;2.421465733E-8;8.087105315E-4;3.517582117E-8;1.174786686E-3;2.513465012E-8;8.394360485E-4;9.722323624E-9;3.247019109E-4
1.856866538E2;4.866570835E-8;1.631621815E-3;NaN;NaN;2.451815960E-8;8.220236678E-4;3.312740987E-8;1.110667171E-3;3.143558133E-8;1.053945006E-3;9.748546734E-9;3.268408507E-4
1.853281853E2;6.733174955E-8;2.266182006E-3;NaN;NaN;2.322235413E-8;7.815938458E-4;3.250673325E-8;1.094077823E-3;3.783991658E-8;1.273576561E-3;9.903492645E-9;3.333214565E-4
1.849710983E2;8.593794849E-8;2.903588487E-3;NaN;NaN;2.089521398E-8;7.059873294E-4;3.313883185E-8;1.119662877E-3;4.329799557E-8;1.462910898E-3;1.010235078E-8;3.413284810E-4
1.846153846E2;1.016009339E-7;3.446035565E-3;NaN;NaN;1.823383915E-8;6.184437068E-4;3.448767814E-8;1.169731033E-3;4.663634311E-8;1.581781690E-3;1.038357121E-8;3.521833344E-4
1.842610365E2;1.120936451E-7;3.816557472E-3;NaN;NaN;1.579104080E-8;5.376523772E-4;3.584909976E-8;1.220587924E-3;4.712928631E-8;1.604655015E-3;1.093788420E-8;3.724124025E-4
1.839080460E2;1.168121563E-7;3.992495314E-3;NaN;NaN;1.387239041E-8;4.741411805E-4;3.664511024E-8;1.252484634E-3;4.500851584E-8;1.538335514E-3;1.203246558E-8;4.112548210E-4
1.835564054E2;1.170192984E-7;4.014913893E-3;NaN;NaN;1.258371332E-8;4.317452432E-4;3.667410858E-8;1.258282951E-3;4.153236102E-8;1.424968835E-3;1.386310745E-8;4.756410565E-4
1.832061069E2;1.151393512E-7;3.965534383E-3;NaN;NaN;1.191073317E-8;4.102196290E-4;3.617912667E-8;1.246051583E-3;3.849464353E-8;1.325800701E-3;1.640604908E-8;5.650435848E-4
1.828571429E2;1.134505104E-7;3.922296578E-3;NaN;NaN;1.177267136E-8;4.070136697E-4;3.568627407E-8;1.233772771E-3;3.740665216E-8;1.293250980E-3;1.932593252E-8;6.681507090E-4
1.825095057E2;1.128957285E-7;3.917999415E-3;NaN;NaN;1.204148244E-8;4.178946517E-4;3.572786084E-8;1.239920586E-3;3.877539498E-8;1.345683994E-3;2.201145316E-8;7.638983488E-4
1.821631879E2;1.126469225E-7;3.924243340E-3;NaN;NaN;1.252323713E-8;4.362678428E-4;3.659516872E-8;1.274853710E-3;4.184094300E-8;1.457599002E-3;2.377658141E-8;8.282968513E-4
1.818181818E2;1.106415913E-7;3.869025808E-3;NaN;NaN;1.293674241E-8;4.523849455E-4;3.821445652E-8;1.336321330E-3;4.491073190E-8;1.570483384E-3;2.416398633E-8;8.449904381E-4
1.814744802E2;1.047869548E-7;3.678188073E-3;NaN;NaN;1.296454411E-8;4.550760311E-4;4.017479425E-8;1.410198906E-3;4.613459778E-8;1.619397449E-3;2.318052675E-8;8.136732015E-4
1.811320755E2;9.416673222E-8;3.317910043E-3;NaN;NaN;1.238384931E-8;4.363377279E-4;4.190909001E-8;1.476642412E-3;4.431611598E-8;1.561452572E-3;2.133778507E-8;7.518244470E-4
1.807909605E2;7.961147037E-8;2.815658989E-3;NaN;NaN;1.117441810E-8;3.952112759E-4;4.298287694E-8;1.520197068E-3;3.935656458E-8;1.391943452E-3;1.947739565E-8;6.888668669E-4
1.804511278E2;6.341999998E-8;2.251463290E-3;NaN;NaN;9.509718537E-9;3.376029989E-4;4.335052260E-8;1.538979979E-3;3.216241918E-8;1.141792906E-3;1.845840259E-8;6.552888020E-4
1.801125704E2;4.852548599E-8;1.729177913E-3;NaN;NaN;7.657103512E-9;2.728565001E-4;4.338180135E-8;1.545885656E-3;2.417311690E-8;8.613951820E-4;1.882179751E-8;6.707039792E-4
1.797752809E2;3.761094601E-8;1.345278307E-3;NaN;NaN;5.879258088E-9;2.102908650E-4;4.361544281E-8;1.560048744E-3;1.680102387E-8;6.009434847E-4;2.056315172E-8;7.355082729E-4
1.794392523E2;3.250310352E-8;1.166937948E-3;NaN;NaN;4.375230917E-9;1.570810919E-4;4.437068277E-8;1.593011987E-3;1.102694382E-8;3.958932470E-4;2.311455847E-8;8.298670747E-4
1.791044776E2;3.391239811E-8;1.222090729E-3;NaN;NaN;3.249640519E-9;1.171063024E-4;4.547706023E-8;1.638842924E-3;7.262857054E-9;2.617293604E-4;2.554986277E-8;9.207325978E-4
1.787709497E2;4.143835616E-8;1.498878597E-3;NaN;NaN;2.507943831E-9;9.071555146E-5;4.632154052E-8;1.675509651E-3;5.463993708E-9;1.976396745E-4;2.692663916E-8;9.739711433E-4
1.784386617E2;5.371614929E-8;1.950225324E-3;NaN;NaN;2.093566877E-9;7.600930438E-5;4.625082611E-8;1.679188354E-3;5.363628684E-9;1.947325828E-4;2.663084229E-8;9.668627352E-4
1.781076067E2;6.865263405E-8;2.501785685E-3;NaN;NaN;1.940494153E-9;7.071397275E-5;4.515440662E-8;1.645481629E-3;6.671219542E-9;2.431073736E-4;2.460662988E-8;8.966955929E-4
1.777777778E2;8.378240863E-8;3.064472506E-3;NaN;NaN;1.994988427E-9;7.296981890E-5;4.395238080E-8;1.607627004E-3;9.160499988E-9;3.350596003E-4;2.137599688E-8;7.818604859E-4
1.774491682E2;9.678571839E-8;3.553212458E-3;NaN;NaN;2.210025836E-9;8.113481477E-5;4.471700702E-8;1.641657768E-3;1.267414876E-8;4.652953351E-4;1.781851007E-8;6.541559337E-4
1.771217712E2;1.061024218E-7;3.909662222E-3;NaN;NaN;2.548966936E-9;9.392433809E-5;5.038870656E-8;1.856723147E-3;1.711091636E-8;6.305030758E-4;1.481778366E-8;5.460057181E-4
1.767955801E2;1.113871409E-7;4.119552895E-3;NaN;NaN;3.009463669E-9;1.113022982E-4;6.426380724E-8;2.376738923E-3;2.239735552E-8;8.283459838E-4;1.297857939E-8;4.800010477E-4
1.764705882E2;1.135870411E-7;4.216401449E-3;NaN;NaN;3.639504107E-9;1.351000100E-4;8.940675107E-8;3.318818336E-3;2.841083557E-8;1.054622843E-3;1.256262818E-8;4.663303414E-4
1.761467890E2;1.145518932E-7;4.267864707E-3;NaN;NaN;4.529303233E-9;1.687484412E-4;1.278851355E-7;4.764621877E-3;3.485442838E-8;1.298572905E-3;1.359556405E-8;5.065305021E-4
1.758241758E2;1.162876147E-7;4.348446345E-3;NaN;NaN;5.779319685E-9;2.161112482E-4;1.796813352E-7;6.718984194E-3;4.115128612E-8;1.538806692E-3;1.599794953E-8;5.982255749E-4
1.755027422E2;1.200848088E-7;4.506901759E-3;NaN;NaN;7.441002864E-9;2.792682042E-4;2.414705818E-7;9.062629996E-3;4.644581283E-8;1.743157338E-3;1.963674282E-8;7.369863988E-4
1.751824818E2;1.258480624E-7;4.740487639E-3;NaN;NaN;9.442757321E-9;3.556929959E-4;3.059689938E-7;1.152534417E-2;4.975997931E-8;1.874375833E-3;2.410671734E-8;9.080600316E-4
1.748633880E2;1.319464551E-7;4.988359950E-3;NaN;NaN;1.154190592E-8;4.363526189E-4;3.626588893E-7;1.371066072E-2;5.027691820E-8;1.900766224E-3;2.920033060E-8;1.103945988E-3
1.745454545E2;1.357319481E-7;5.150184998E-3;NaN;NaN;1.335635425E-8;5.067907465E-4;4.001947771E-7;1.518490794E-2;4.764566624E-8;1.807857316E-3;3.464598719E-8;1.314600180E-3
1.742286751E2;1.345713450E-7;5.124732000E-3;NaN;NaN;1.448847292E-8;5.517485229E-4;4.099054564E-7;1.560997707E-2;4.216154994E-8;1.605591771E-3;4.030966464E-8;1.535068467E-3
1.739130435E2;1.269751407E-7;4.853021620E-3;NaN;NaN;1.469291518E-8;5.615668915E-4;3.889963863E-7;1.486753913E-2;3.471872196E-8;1.326958233E-3;4.626372553E-8;1.768211156E-3
1.735985533E2;1.133073406E-7;4.346339803E-3;NaN;NaN;1.398819753E-8;5.365712350E-4;3.418560734E-7;1.311320741E-2;2.654078952E-8;1.018074286E-3;5.271401835E-8;2.022049365E-3
1.732851986E2;9.572392290E-8;3.685151830E-3;NaN;NaN;1.263619640E-8;4.864646253E-4;2.786503450E-7;1.072740019E-2;1.881148812E-8;7.241992157E-4;5.983256348E-8;2.303416681E-3
1.729729730E2;7.735979311E-8;2.988936123E-3;NaN;NaN;1.100558556E-8;4.252207885E-4;2.117878872E-7;8.182809717E-3;1.236932644E-8;4.779113948E-4;6.762919470E-8;2.612976779E-3
1.726618705E2;6.116673009E-8;2.371811745E-3;NaN;NaN;9.412825864E-9;3.649933699E-4;1.519415360E-7;5.891711378E-3;7.581229139E-9;2.939710573E-4;7.594251674E-8;2.944760213E-3
1.723518851E2;4.899835091E-8;1.906809127E-3;NaN;NaN;8.034394050E-9;3.126647248E-4;1.053612105E-7;4.100213868E-3;4.404153596E-9;1.713910798E-4;NaN;2.955362402E-3
1.720430108E2;4.131944850E-8;1.613757531E-3;NaN;NaN;6.917014716E-9;2.701484409E-4;7.332853095E-8;2.863892752E-3;2.553609048E-9;9.973283729E-5;NaN;2.965983642E-3
1.717352415E2;3.751852171E-8;1.470566613E-3;NaN;NaN;6.053574954E-9;2.372744131E-4;5.345763810E-8;2.095312242E-3;1.676650865E-9;6.571758885E-5;NaN;2.976623933E-3
1.714285714E2;3.648180950E-8;1.435052512E-3;NaN;NaN;5.467787434E-9;2.150814940E-4;4.185028487E-8;1.646227456E-3;1.471459055E-9;5.788147690E-5;NaN;2.987283276E-3
1.711229947E2;3.705715267E-8;1.462894938E-3;NaN;NaN;5.258529447E-9;2.075895086E-4;3.498856000E-8;1.381233679E-3;1.742675900E-9;6.879513319E-5;NaN;2.997961671E-3
1.708185053E2;3.824785121E-8;1.515287499E-3;NaN;NaN;5.579180845E-9;2.210336717E-4;3.070228046E-8;1.216350208E-3;2.402090683E-9;9.516503196E-5;NaN;3.008659117E-3
1.705150977E2;3.920835800E-8;1.558873279E-3;NaN;NaN;6.560775472E-9;2.608478929E-4;2.818925847E-8;1.120768224E-3;3.439171435E-9;1.367369797E-4;NaN;3.019375615E-3
1.702127660E2;3.924717719E-8;1.565964823E-3;NaN;NaN;8.216728244E-9;3.278479705E-4;2.755467739E-8;1.099433350E-3;4.879344359E-9;1.946861449E-4;NaN;3.030111164E-3
1.699115044E2;3.795487353E-8;1.519776806E-3;NaN;NaN;1.036959333E-8;4.152159121E-4;2.934315560E-8;1.174949174E-3;6.759834552E-9;2.706751152E-4;NaN;3.040865765E-3
1.696113074E2;3.542416547E-8;1.423468491E-3;NaN;NaN;1.263820511E-8;5.078478638E-4;3.426637656E-8;1.376944430E-3;9.152173256E-9;3.677667513E-4;NaN;3.051639417E-3
1.693121693E2;3.239513065E-8;1.306355029E-3;NaN;NaN;1.451574530E-8;5.853570119E-4;4.306669530E-8;1.736692919E-3;1.224548920E-8;4.938074360E-4;NaN;3.062432121E-3
1.690140845E2;3.018283512E-8;1.221439810E-3;NaN;NaN;1.553790584E-8;6.287884053E-4;5.640664016E-8;2.282665481E-3;1.643264646E-8;6.649967935E-4;NaN;3.073243877E-3
1.687170475E2;3.038804889E-8;1.234078304E-3;NaN;NaN;1.547998875E-8;6.286523474E-4;7.469660301E-8;3.033477322E-3;2.228221137E-8;9.048950040E-4;NaN;3.084074684E-3
1.684210526E2;3.448211524E-8;1.405267422E-3;NaN;NaN;1.448196298E-8;5.901909045E-4;9.783756236E-8;3.987224627E-3;3.029728306E-8;1.234720798E-3;NaN;3.094924542E-3
1.681260946E2;4.337151470E-8;1.773749043E-3;NaN;NaN;1.301233289E-8;5.321606397E-4;1.249589936E-7;5.110402456E-3;4.049740824E-8;1.656207758E-3;NaN;3.105793453E-3
1.678321678E2;5.701186036E-8;2.339767145E-3;NaN;NaN;1.167704903E-8;4.792261735E-4;1.543039466E-7;6.332635042E-3;5.203527724E-8;2.135528139E-3;NaN;3.116681414E-3
1.675392670E2;7.415759784E-8;3.054078990E-3;NaN;NaN;1.095986963E-8;4.513672038E-4;1.834262417E-7;7.554158269E-3;6.312796573E-8;2.599838714E-3;NaN;3.127588427E-3
1.672473868E2;9.236982701E-8;3.817414186E-3;NaN;NaN;1.102248087E-8;4.555315972E-4;2.096600312E-7;8.664725305E-3;7.146610848E-8;2.953515722E-3;NaN;3.138514492E-3
1.669565217E2;1.083978041E-7;4.495433130E-3;NaN;NaN;1.166799306E-8;4.838906376E-4;2.307040024E-7;9.567669975E-3;7.500037539E-8;3.110387476E-3;NaN;3.149459609E-3
1.666666667E2;1.189299788E-7;4.949389999E-3;NaN;NaN;1.248359196E-8;5.195171632E-4;2.451246730E-7;1.020110839E-2;7.275428931E-8;3.027742504E-3;NaN;3.160423777E-3
1.663778163E2;1.215307194E-7;5.075198851E-3;NaN;NaN;1.306773696E-8;5.457168683E-4;2.526391617E-7;1.055036940E-2;6.524292264E-8;2.724585255E-3;NaN;3.171406996E-3
1.660899654E2;1.154201300E-7;4.836738457E-3;NaN;NaN;1.320599316E-8;5.534037693E-4;2.540750724E-7;1.064714339E-2;5.428056965E-8;2.274654506E-3;NaN;3.182409267E-3
1.658031088E2;1.017672949E-7;4.279378752E-3;NaN;NaN;1.291679278E-8;5.431592600E-4;2.509511622E-7;1.055265419E-2;4.230479852E-8;1.778943383E-3;NaN;3.193430590E-3
1.655172414E2;8.335912258E-8;3.517422115E-3;NaN;NaN;1.238777860E-8;5.227147919E-4;2.447551289E-7;1.032768912E-2;3.158715297E-8;1.332851726E-3;NaN;3.204470964E-3
1.652323580E2;6.379565488E-8;2.701212388E-3;NaN;NaN;1.186891596E-8;5.025493176E-4;2.362285098E-7;1.000230154E-2;2.367882793E-8;1.002600309E-3;NaN;3.215530389E-3
1.649484536E2;4.658400240E-8;1.979238530E-3;NaN;NaN;1.157563860E-8;4.918201259E-4;2.251047150E-7;9.564140098E-3;1.921827359E-8;8.165366993E-4;NaN;3.226608866E-3
1.646655232E2;3.454307150E-8;1.472697091E-3;NaN;NaN;1.163288854E-8;4.959524551E-4;2.105273741E-7;8.975549596E-3;1.802629510E-8;7.685266886E-4;NaN;3.237706395E-3
1.643835616E2;2.971912027E-8;1.271384791E-3;NaN;NaN;1.207597811E-8;5.166106792E-4;1.919701862E-7;8.212489896E-3;1.934386061E-8;8.275308941E-4;NaN;3.248822976E-3
1.641025641E2;3.368115518E-8;1.445819502E-3;NaN;NaN;1.289247031E-8;5.534306917E-4;1.700889396E-7;7.301350105E-3;2.212546049E-8;9.497721233E-4;NaN;3.259958607E-3
1.638225256E2;4.776167039E-8;2.057264383E-3;NaN;NaN;1.407737186E-8;6.063622878E-4;1.469452918E-7;6.329454404E-3;2.534418599E-8;1.091663895E-3;NaN;3.271113291E-3
1.635434412E2;7.281291563E-8;3.147023546E-3;NaN;NaN;1.566284331E-8;6.769586998E-4;1.254009847E-7;5.419915520E-3;2.826700169E-8;1.221718964E-3;NaN;3.282287026E-3
1.632653061E2;1.083811001E-7;4.700278325E-3;NaN;NaN;1.769728410E-8;7.674969228E-4;1.079943308E-7;4.683504886E-3;3.060211412E-8;1.327154398E-3;NaN;3.293479812E-3
1.629881154E2;1.516944554E-7;6.601090162E-3;NaN;NaN;2.015970698E-8;8.772637280E-4;9.600292278E-8;4.177634229E-3;3.243129620E-8;1.411270503E-3;NaN;3.304691650E-3
1.627118644E2;1.971839921E-7;8.609760012E-3;NaN;NaN;2.283986350E-8;9.972703227E-4;8.932032090E-8;3.900045430E-3;3.394325223E-8;1.482084081E-3;NaN;3.315922540E-3
1.624365482E2;2.371599513E-7;1.039038601E-2;NaN;NaN;2.527309112E-8;1.107257659E-3;8.728230420E-8;3.823988104E-3;3.513698637E-8;1.539411902E-3;NaN;3.327172481E-3
1.621621622E2;2.637112037E-7;1.159277382E-2;NaN;NaN;2.682919900E-8;1.179414569E-3;8.976623636E-8;3.946133724E-3;3.573034634E-8;1.570709995E-3;NaN;3.338441474E-3
1.618887015E2;2.711825464E-7;1.196152326E-2;NaN;NaN;2.695600656E-8;1.188995766E-3;9.770611438E-8;4.309694615E-3;3.538479768E-8;1.560779210E-3;NaN;3.349729518E-3
1.616161616E2;2.581177028E-7;1.142368053E-2;NaN;NaN;2.544739489E-8;1.126241658E-3;1.125073800E-7;4.979311191E-3;3.411783374E-8;1.509974824E-3;NaN;3.361036614E-3
1.613445378E2;2.277192345E-7;1.011227833E-2;NaN;NaN;2.256424912E-8;1.002005684E-3;1.346526407E-7;5.979490419E-3;3.260772410E-8;1.448004085E-3;NaN;3.372362761E-3
1.610738255E2;1.866077365E-7;8.314526707E-3;NaN;NaN;1.892707578E-8;8.433180744E-4;1.623534610E-7;7.233848993E-3;3.213604106E-8;1.431859025E-3;NaN;3.383707960E-3
1.608040201E2;1.425117202E-7;6.371102799E-3;NaN;NaN;1.524235995E-8;6.814221454E-4;1.911533302E-7;8.545665687E-3;3.412062378E-8;1.525390342E-3;NaN;3.395072211E-3
1.605351171E2;1.019627575E-7;4.573611887E-3;NaN;NaN;1.202403392E-8;5.393465792E-4;2.149175490E-7;9.640279268E-3;3.943747986E-8;1.768996163E-3;NaN;3.406455513E-3
1.602671119E2;6.890548737E-8;3.101150346E-3;NaN;NaN;9.462150638E-9;4.258521758E-4;2.278640273E-7;1.025521528E-2;4.787051465E-8;2.154453422E-3;NaN;3.417857866E-3
1.600000000E2;4.453622377E-8;2.011088855E-3;NaN;NaN;7.489412608E-9;3.381937881E-4;2.266500816E-7;1.023466775E-2;5.797113600E-8;2.617759110E-3;NaN;3.429279271E-3
1.597337770E2;2.806342917E-8;1.271466874E-3;NaN;NaN;5.960915866E-9;2.700705968E-4;2.114686209E-7;9.580986870E-3;6.742947509E-8;3.055020233E-3;NaN;3.440719728E-3
1.594684385E2;1.776366334E-8;8.074969384E-4;NaN;NaN;4.809457974E-9;2.186273469E-4;1.857089550E-7;8.441919307E-3;7.381320172E-8;3.355385274E-3;NaN;3.452179236E-3
1.592039801E2;1.181176242E-8;5.387219800E-4;NaN;NaN;4.075487645E-9;1.858786772E-4;1.544939962E-7;7.046307621E-3;7.536963237E-8;3.437529147E-3;NaN;3.463657796E-3
1.589403974E2;8.680977585E-9;3.972444882E-4;NaN;NaN;3.832961247E-9;1.753976109E-4;1.228926292E-7;5.623608532E-3;7.156808003E-8;3.274979695E-3;NaN;3.475155407E-3
1.586776860E2;7.230806264E-9;3.319807050E-4;NaN;NaN;4.095044914E-9;1.880116612E-4;9.456503447E-8;4.341668918E-3;6.318753574E-8;2.901065510E-3;NaN;3.486672070E-3
1.584158416E2;6.671447881E-9;3.073128455E-4;NaN;NaN;4.785299448E-9;2.204295104E-4;7.125651870E-8;3.282352484E-3;5.195783695E-8;2.393380118E-3;NaN;3.498207785E-3
1.581548600E2;6.523627739E-9;3.014962542E-4;NaN;NaN;5.783906403E-9;2.673092618E-4;5.311218514E-8;2.454634985E-3;3.995392262E-8;1.846512170E-3;NaN;3.509762551E-3
1.578947368E2;6.599123733E-9;3.059911022E-4;NaN;NaN;7.007289076E-9;3.249170942E-4;3.942477416E-8;1.828065451E-3;2.902613792E-8;1.345896863E-3;NaN;3.521336368E-3
1.576354680E2;6.979436268E-9;3.246910362E-4;NaN;NaN;8.457148471E-9;3.934358299E-4;2.937431581E-8;1.366525414E-3;2.049697012E-8;9.535415487E-4;NaN;3.532929237E-3
1.573770492E2;7.989602081E-9;3.729067014E-4;NaN;NaN;1.019257738E-8;4.757283745E-4;2.247683135E-8;1.049083665E-3;1.520192092E-8;7.095344832E-4;NaN;3.544541158E-3
1.571194763E2;1.015440061E-8;4.755017086E-4;NaN;NaN;1.222390685E-8;5.724108015E-4;1.878040678E-8;8.794330508E-4;1.378287648E-8;6.454129163E-4;NaN;3.556172130E-3
1.568627451E2;1.413205542E-8;6.639319129E-4;NaN;NaN;1.439087548E-8;6.760914249E-4;1.889068553E-8;8.874950322E-4;1.704181863E-8;8.006342251E-4;NaN;3.567822154E-3
1.566068515E2;2.059345744E-8;9.706565365E-4;NaN;NaN;1.632371884E-8;7.694057419E-4;2.388264337E-8;1.125689747E-3;2.610594644E-8;1.230483401E-3;NaN;3.579491229E-3
1.563517915E2;3.001988869E-8;1.419584301E-3;NaN;NaN;1.754330854E-8;8.295901977E-4;3.504188700E-8;1.657065193E-3;4.221115127E-8;1.996086271E-3;NaN;3.591179356E-3
1.560975610E2;4.243054538E-8;2.013002033E-3;NaN;NaN;1.766703132E-8;8.381643377E-4;5.336101415E-8;2.531568450E-3;6.604868498E-8;3.133500547E-3;NaN;3.602886535E-3
1.558441558E2;5.711049432E-8;2.718270748E-3;NaN;NaN;1.660028057E-8;7.901184821E-4;7.883316567E-8;3.752198098E-3;9.687900096E-8;4.611120207E-3;NaN;3.614612764E-3
1.555915721E2;7.249525510E-8;3.461746633E-3;NaN;NaN;1.459235356E-8;6.968046492E-4;1.097584343E-7;5.241113918E-3;1.318501459E-7;6.296023071E-3;NaN;3.626358046E-3
1.553398058E2;8.635495330E-8;4.136943331E-3;NaN;NaN;1.212065949E-8;5.806555331E-4;1.424540914E-7;6.824443540E-3;1.660115692E-7;7.952994331E-3;NaN;3.638122379E-3
1.550888530E2;9.631020319E-8;4.628805850E-3;NaN;NaN;9.676789255E-9;4.650803054E-4;1.717000610E-7;8.252150034E-3;1.932979240E-7;9.290174162E-3;NaN;3.649905764E-3
1.548387097E2;1.005318250E-7;4.847326947E-3;NaN;NaN;7.586307919E-9;3.657877972E-4;1.919777854E-7;9.256562215E-3;2.082520380E-7;1.004125525E-2;NaN;3.661708200E-3
1.545893720E2;9.834215436E-8;4.757056246E-3;NaN;NaN;5.948035404E-9;2.877213658E-4;1.991346390E-7;9.632641101E-3;2.078095958E-7;1.005227048E-2;NaN;3.673529687E-3
1.543408360E2;9.044017286E-8;4.388918549E-3;NaN;NaN;4.701077339E-9;2.281358481E-4;1.917993116E-7;9.307717244E-3;1.923320934E-7;9.333572299E-3;NaN;3.685370227E-3
1.540930979E2;7.863361362E-8;3.828244749E-3;NaN;NaN;3.740048664E-9;1.820827125E-4;1.718698772E-7;8.367413433E-3;1.654084916E-7;8.052843565E-3;NaN;3.697229818E-3
1.538461538E2;6.520113940E-8;3.184488849E-3;NaN;NaN;2.995652102E-9;1.463106443E-4;1.438083955E-7;7.023745844E-3;1.325682652E-7;6.474766639E-3;NaN;3.709108460E-3
1.536000000E2;5.218524984E-8;2.556955499E-3;NaN;NaN;2.445151951E-9;1.198067413E-4;1.130751435E-7;5.540418237E-3;9.955565840E-8;4.877995008E-3;NaN;3.721006154E-3
1.533546326E2;4.092224512E-8;2.011515979E-3;NaN;NaN;2.077883157E-9;1.021374844E-4;8.445405187E-8;4.151303877E-3;7.092598462E-8;3.486337345E-3;NaN;3.732922899E-3
1.531100478E2;3.195710933E-8;1.575861111E-3;NaN;NaN;1.864398468E-9;9.193675843E-5;6.098335970E-8;3.007196426E-3;4.942645331E-8;2.437305102E-3;NaN;3.744858696E-3
1.528662420E2;2.527815308E-8;1.250489343E-3;NaN;NaN;1.756919713E-9;8.691336632E-5;4.376785867E-8;2.165159799E-3;3.614355851E-8;1.787991971E-3;NaN;3.756813545E-3
1.526232114E2;2.067044687E-8;1.025809046E-3;NaN;NaN;1.711621240E-9;8.494236056E-5;3.245963076E-8;1.610869038E-3;3.105426630E-8;1.541125235E-3;NaN;3.768787445E-3
1.523809524E2;1.797490607E-8;8.948764858E-4;NaN;NaN;1.709219906E-9;8.509311243E-5;2.594576794E-8;1.291703976E-3;3.355103992E-8;1.670330659E-3;NaN;3.780780397E-3
1.521394612E2;1.714514569E-8;8.562789471E-4;NaN;NaN;1.754774018E-9;8.763856989E-5;2.287651421E-8;1.142520329E-3;4.269699507E-8;2.132413375E-3;NaN;3.792792400E-3
1.518987342E2;1.816011233E-8;9.098463457E-4;NaN;NaN;1.859302898E-9;9.315360592E-5;2.192712891E-8;1.098579004E-3;5.723923538E-8;2.867763601E-3;NaN;3.804823455E-3
1.516587678E2;2.090953058E-8;1.050913742E-3;NaN;NaN;2.019911687E-9;1.015208324E-4;2.191866719E-8;1.101632984E-3;7.554073132E-8;3.796679812E-3;NaN;3.816873561E-3
1.514195584E2;2.516334878E-8;1.268709877E-3;NaN;NaN;2.209182070E-9;1.113846626E-4;2.197616727E-8;1.108015500E-3;9.559867730E-8;4.819985894E-3;NaN;3.828942719E-3
1.511811024E2;3.064384390E-8;1.549908500E-3;NaN;NaN;2.380826522E-9;1.204177673E-4;2.175510664E-8;1.100332739E-3;1.151967197E-7;5.826435336E-3;NaN;3.841030928E-3
1.509433962E2;3.713226985E-8;1.884000862E-3;NaN;NaN;2.486970829E-9;1.261828379E-4;2.165145302E-8;1.098541951E-3;1.321596639E-7;6.705459209E-3;NaN;3.853138189E-3
1.507064364E2;4.453778126E-8;2.266850143E-3;NaN;NaN;2.495500113E-9;1.270140682E-4;2.285588696E-8;1.163301565E-3;1.446464828E-7;7.362106751E-3;NaN;3.865264502E-3
1.504702194E2;5.286892116E-8;2.699337411E-3;NaN;NaN;2.401280120E-9;1.226025635E-4;2.717797415E-8;1.387630403E-3;1.513898899E-7;7.729539103E-3;NaN;3.877409866E-3
1.502347418E2;6.211865043E-8;3.181552515E-3;NaN;NaN;2.235957647E-9;1.145198202E-4;3.660231136E-8;1.874673306E-3;1.518341847E-7;7.776544221E-3;NaN;3.889574282E-3
1.500000000E2;7.210186688E-8;3.704433694E-3;NaN;NaN;2.068531366E-9;1.062765448E-4;5.260620352E-8;2.702789834E-3;1.461509869E-7;7.508912928E-3;NaN;3.901757749E-3
1.497659906E2;8.230974125E-8;4.242117205E-3;NaN;NaN;1.985869130E-9;1.023486343E-4;7.539027605E-8;3.885498634E-3;1.351615994E-7;6.966020517E-3;NaN;3.913960268E-3
1.495327103E2;9.184119101E-8;4.748133610E-3;NaN;NaN;2.063120184E-9;1.066620563E-4;1.033156755E-7;5.341357464E-3;1.202228604E-7;6.215448622E-3;NaN;3.926181838E-3
1.493001555E2;9.946853489E-8;5.158495250E-3;NaN;NaN;2.358376155E-9;1.223067396E-4;1.328955488E-7;6.892039358E-3;1.031150877E-7;5.347607571E-3;NaN;3.938422460E-3
1.490683230E2;1.038536537E-7;5.402675494E-3;NaN;NaN;2.927722136E-9;1.523059813E-4;1.595452515E-7;8.299864179E-3;8.591607436E-8;4.469526617E-3;NaN;3.950682133E-3
1.488372093E2;1.038831879E-7;5.421008220E-3;NaN;NaN;3.825943233E-9;1.996518410E-4;1.789291648E-7;9.337184321E-3;7.079934628E-8;3.694571238E-3;NaN;3.962960858E-3
1.486068111E2;9.903092725E-8;5.183835953E-3;NaN;NaN;5.071364654E-9;2.654637612E-4;1.883725500E-7;9.860479187E-3;5.969438887E-8;3.124740198E-3;NaN;3.975258635E-3
1.483771252E2;8.961274322E-8;4.705369158E-3;NaN;NaN;6.601712769E-9;3.466414991E-4;1.876676039E-7;9.854015442E-3;5.385479312E-8;2.827797403E-3;NaN;3.987575463E-3
1.481481481E2;7.679876438E-8;4.045010120E-3;NaN;NaN;8.254728714E-9;4.347786251E-4;1.788689578E-7;9.421072723E-3;5.347666165E-8;2.816629138E-3;NaN;3.999911342E-3
1.479198767E2;6.235114684E-8;3.294194271E-3;NaN;NaN;9.785975816E-9;5.170218529E-4;1.652065047E-7;8.728345007E-3;5.756971321E-8;3.041577085E-3;NaN;4.012266273E-3
1.476923077E2;4.818624808E-8;2.553672464E-3;NaN;NaN;1.093210098E-8;5.793562758E-4;1.497030543E-7;7.933644612E-3;6.421733537E-8;3.403253990E-3;NaN;4.024640256E-3
1.474654378E2;3.595315243E-8;1.911236018E-3;NaN;NaN;1.150745356E-8;6.117254880E-4;1.341924951E-7;7.133547757E-3;7.118599874E-8;3.784181234E-3;NaN;4.037033290E-3
1.472392638E2;2.679716246E-8;1.428891881E-3;NaN;NaN;1.147938926E-8;6.121098136E-4;1.191491759E-7;6.353332759E-3;7.663095540E-8;4.086154651E-3;NaN;4.049445376E-3
1.470137825E2;2.132083056E-8;1.140370172E-3;NaN;NaN;1.096044761E-8;5.862326751E-4;1.042607976E-7;5.576513701E-3;7.955705645E-8;4.255204501E-3;NaN;4.061876513E-3
1.467889908E2;1.965726807E-8;1.054615196E-3;NaN;NaN;1.012776665E-8;5.433561048E-4;8.929399792E-8;4.790635545E-3;7.983921611E-8;4.283385171E-3;NaN;4.074326702E-3
1.465648855E2;2.153634979E-8;1.158964316E-3;NaN;NaN;9.154845270E-9;4.926618990E-4;7.474984032E-8;4.022612856E-3;7.787354741E-8;4.190713072E-3;NaN;4.086795943E-3
1.463414634E2;2.629915790E-8;1.419596400E-3;NaN;NaN;8.207082366E-9;4.430082752E-4;6.208760514E-8;3.351413040E-3;7.412222545E-8;4.001027136E-3;NaN;4.099284235E-3
1.461187215E2;3.292950805E-8;1.782917919E-3;NaN;NaN;7.457845670E-9;4.037936631E-4;5.359652972E-8;2.901902241E-3;6.883784575E-8;3.727120019E-3;NaN;4.111791578E-3
1.458966565E2;4.019573597E-8;2.182966847E-3;NaN;NaN;7.063527407E-9;3.836090018E-4;5.204511909E-8;2.826488103E-3;6.209526088E-8;3.372295409E-3;NaN;4.124317973E-3
1.456752656E2;4.697064029E-8;2.558660576E-3;NaN;NaN;7.106092911E-9;3.870945695E-4;6.013927653E-8;3.276003797E-3;5.405287759E-8;2.944455644E-3;NaN;4.136863420E-3
1.454545455E2;5.262114524E-8;2.875170044E-3;NaN;NaN;7.545018255E-9;4.122527240E-4;7.973920630E-8;4.356875477E-3;4.520752660E-8;2.470096871E-3;NaN;4.149427918E-3
1.452344932E2;5.725798860E-8;3.138010372E-3;NaN;NaN;8.210030278E-9;4.499487459E-4;1.109564187E-7;6.080939989E-3;3.641277090E-8;1.995593201E-3;NaN;4.162011468E-3
1.450151057E2;6.162743669E-8;3.387703955E-3;NaN;NaN;8.843903288E-9;4.861556435E-4;1.514605804E-7;8.325895654E-3;2.862419255E-8;1.573492190E-3;NaN;4.174614069E-3
1.447963801E2;6.664436008E-8;3.674564094E-3;NaN;NaN;9.202169587E-9;5.073791978E-4;1.964535313E-7;1.083184071E-2;2.254174740E-8;1.242882301E-3;NaN;4.187235722E-3
1.445783133E2;7.277659661E-8;4.024790403E-3;NaN;NaN;9.157146480E-9;5.064209785E-4;2.396160734E-7;1.325157424E-2;1.837237701E-8;1.016054200E-3;NaN;4.199876427E-3
1.443609023E2;7.960489454E-8;4.415688510E-3;NaN;NaN;8.724941877E-9;4.839730750E-4;2.748888755E-7;1.524810322E-2;1.584348838E-8;8.788392974E-4;NaN;4.212536183E-3
1.441441441E2;8.580507069E-8;4.773938059E-3;NaN;NaN;7.999735555E-9;4.450814121E-4;2.983918958E-7;1.660163457E-2;1.443810220E-8;8.032929179E-4;NaN;4.225214990E-3
1.439280360E2;8.959693663E-8;4.999887090E-3;NaN;NaN;7.074400755E-9;3.947814103E-4;3.094952413E-7;1.727114028E-2;1.371200299E-8;7.651876204E-4;NaN;4.237912849E-3
1.437125749E2;8.945058408E-8;5.006698897E-3;NaN;NaN;6.022611381E-9;3.370956385E-4;3.104221984E-7;1.737484997E-2;1.352177763E-8;7.568365243E-4;NaN;4.250629760E-3
1.434977578E2;8.469792260E-8;4.754888770E-3;NaN;NaN;4.923254280E-9;2.763884375E-4;3.046163527E-7;1.710097284E-2;1.406150712E-8;7.894042763E-4;NaN;4.263365722E-3
1.432835821E2;7.576902331E-8;4.266351783E-3;NaN;NaN;3.872501483E-9;2.180502385E-4;2.948441310E-7;1.660188728E-2;1.572760706E-8;8.855796404E-4;NaN;4.276120736E-3
1.430700447E2;6.398612549E-8;3.613651124E-3;NaN;NaN;2.965916191E-9;1.675017247E-4;2.820893581E-7;1.593114942E-2;1.892024530E-8;1.068531110E-3;NaN;4.288894801E-3
1.428571429E2;5.107916015E-8;2.893327948E-3;NaN;NaN;2.270612578E-9;1.286165789E-4;2.657652705E-7;1.505400798E-2;2.385707617E-8;1.351360222E-3;NaN;4.301687918E-3
1.426448737E2;3.866924208E-8;2.196904389E-3;NaN;NaN;1.804958390E-9;1.025445753E-4;2.450072578E-7;1.391952598E-2;3.042911307E-8;1.728760339E-3;NaN;4.314500086E-3
1.424332344E2;2.791939370E-8;1.590893634E-3;NaN;NaN;1.532644868E-9;8.733266166E-5;2.202018320E-7;1.254746777E-2;3.810492917E-8;2.171282439E-3;NaN;4.327331306E-3
1.422222222E2;1.942441104E-8;1.110122163E-3;NaN;NaN;1.383387027E-9;7.906178444E-5;1.937479151E-7;1.107286363E-2;4.592729505E-8;2.624785278E-3;NaN;4.340181578E-3
1.420118343E2;1.329102554E-8;7.618461065E-4;NaN;NaN;1.298922151E-9;7.445465970E-5;1.694754913E-7;9.714392829E-3;5.265691567E-8;3.018312324E-3;NaN;4.353050901E-3
1.418020679E2;9.314795252E-9;5.355080682E-4;NaN;NaN;1.267939882E-9;7.289393042E-5;1.510087073E-7;8.681498516E-3;5.706917196E-8;3.280909693E-3;NaN;4.365939275E-3
1.415929204E2;7.155548376E-9;4.125890312E-4;NaN;NaN;1.316719606E-9;7.592207305E-5;1.400203159E-7;8.073573603E-3;5.832705910E-8;3.363139139E-3;NaN;4.378846702E-3
1.413843888E2;6.484779219E-9;3.750162711E-4;NaN;NaN;1.469833323E-9;8.500079852E-5;1.354028030E-7;7.830375187E-3;5.626875540E-8;3.254035044E-3;NaN;4.391773179E-3
1.411764706E2;7.088106241E-9;4.111150843E-4;NaN;NaN;1.721147341E-9;9.982774103E-5;1.338020546E-7;7.760612086E-3;5.146083659E-8;2.984764259E-3;NaN;4.404718709E-3
1.409691630E2;8.929179231E-9;5.194229474E-4;NaN;NaN;2.031141942E-9;1.181543910E-4;1.312382270E-7;7.634312732E-3;4.497085891E-8;2.616018279E-3;NaN;4.417683289E-3
1.407624633E2;1.215594221E-8;7.092065600E-4;NaN;NaN;2.336300715E-9;1.363053365E-4;1.249928682E-7;7.292381003E-3;3.796584609E-8;2.215017696E-3;NaN;4.430666922E-3
1.405563690E2;1.704796773E-8;9.975378651E-4;NaN;NaN;2.566404777E-9;1.501695677E-4;1.148037995E-7;6.717582936E-3;3.133931439E-8;1.833775924E-3;NaN;4.443669606E-3
1.403508772E2;2.392410559E-8;1.403987632E-3;NaN;NaN;2.672341212E-9;1.568265110E-4;1.027840858E-7;6.031890498E-3;2.554875430E-8;1.499330243E-3;NaN;4.456691341E-3
1.401459854E2;3.302884149E-8;1.943971313E-3;NaN;NaN;2.648430900E-9;1.558781193E-4;9.227113188E-8;5.430781865E-3;2.069954595E-8;1.218308657E-3;NaN;4.469732128E-3
1.399416910E2;4.438127070E-8;2.619771010E-3;NaN;NaN;2.532082977E-9;1.494656974E-4;8.645336928E-8;5.103234472E-3;1.676271759E-8;9.894822951E-4;NaN;4.482791967E-3
1.397379913E2;5.759790177E-8;3.409851808E-3;NaN;NaN;2.383358590E-9;1.410971467E-4;8.755835860E-8;5.183539993E-3;1.375548860E-8;8.143383045E-4;NaN;4.495870857E-3
1.395348837E2;7.174543812E-8;4.259773784E-3;NaN;NaN;2.261084872E-9;1.342483970E-4;9.672093422E-8;5.742655015E-3;1.180670489E-8;7.010047370E-4;NaN;4.508968798E-3
1.393323657E2;8.531345445E-8;5.080089215E-3;NaN;NaN;2.203362444E-9;1.312017882E-4;1.140634774E-7;6.792042888E-3;1.114687398E-8;6.637536209E-4;NaN;4.522085792E-3
1.391304348E2;9.640490489E-8;5.757218072E-3;NaN;NaN;2.216181773E-9;1.323484710E-4;1.385016428E-7;8.271199085E-3;1.211647936E-8;7.235857347E-4;NaN;4.535221836E-3
1.389290883E2;1.031543886E-7;6.178160297E-3;NaN;NaN;2.272274559E-9;1.360918973E-4;1.672701660E-7;1.001820584E-2;1.522345433E-8;9.117686833E-4;NaN;4.548376933E-3
1.387283237E2;1.042566804E-7;6.262265114E-3;NaN;NaN;2.319834895E-9;1.393428323E-4;1.956523672E-7;1.175202384E-2;2.117931575E-8;1.272153397E-3;NaN;4.561551081E-3
1.385281385E2;9.938541349E-8;5.986934215E-3;NaN;NaN;2.300397529E-9;1.385749497E-4;2.175382359E-7;1.310440901E-2;3.078365194E-8;1.854393845E-3;NaN;4.574744280E-3
1.383285303E2;8.931552591E-8;5.395867401E-3;NaN;NaN;2.172394305E-9;1.312420376E-4;2.270421446E-7;1.371642046E-2;4.460328626E-8;2.694642570E-3;NaN;4.587956531E-3
1.381294964E2;7.569600634E-8;4.586252318E-3;NaN;NaN;1.928613268E-9;1.168503795E-4;2.206457642E-7;1.336843509E-2;6.252761000E-8;3.788408533E-3;NaN;4.601187834E-3
1.379310345E2;6.057029693E-8;3.680387524E-3;NaN;NaN;1.597058498E-9;9.704086773E-5;1.987442630E-7;1.207614859E-2;8.340069904E-8;5.067614125E-3;NaN;4.614438188E-3
1.377331420E2;4.584904503E-8;2.793902321E-3;NaN;NaN;1.229496841E-9;7.492182391E-5;1.656744027E-7;1.009569770E-2;1.049695205E-7;6.396525529E-3;NaN;4.627707593E-3
1.375358166E2;3.293360756E-8;2.012637310E-3;NaN;NaN;8.864402013E-10;5.417209818E-5;1.281725290E-7;7.832874473E-3;1.242619245E-7;7.593889771E-3;NaN;4.640996050E-3
1.373390558E2;2.258873684E-8;1.384400238E-3;NaN;NaN;6.188480098E-10;3.792745643E-5;9.312947496E-8;5.707643957E-3;1.382995708E-7;8.475992270E-3;NaN;4.654303559E-3
1.371428571E2;1.502694485E-8;9.235962064E-4;NaN;NaN;4.514449540E-10;2.774701386E-5;6.568396436E-8;4.037112063E-3;1.448766952E-7;8.904509033E-3;NaN;4.667630119E-3
1.369472183E2;1.010467988E-8;6.228363680E-4;NaN;NaN;3.834945095E-10;2.363799053E-5;4.827275280E-8;2.975455569E-3;1.431287290E-7;8.822226807E-3;NaN;4.680975731E-3
1.367521368E2;7.559989841E-9;4.673161652E-4;NaN;NaN;4.083280985E-10;2.524055259E-5;4.067567490E-8;2.514342057E-3;1.337301638E-7;8.266448585E-3;NaN;4.694340395E-3
1.365576102E2;7.219965706E-9;4.475701897E-4;NaN;NaN;5.288282412E-10;3.278239342E-5;4.070339833E-8;2.523229120E-3;1.186636991E-7;7.356036925E-3;NaN;4.707724110E-3
1.363636364E2;9.113552467E-9;5.665632288E-4;NaN;NaN;7.532144354E-10;4.682516550E-5;4.510986596E-8;2.804350049E-3;1.006299122E-7;6.255870935E-3;NaN;4.721126876E-3
1.361702128E2;1.342927922E-8;8.372329379E-4;NaN;NaN;1.086352484E-9;6.772739375E-5;5.046573057E-8;3.146227818E-3;8.230040931E-8;5.130924180E-3;NaN;4.734548694E-3
1.359773371E2;2.033192064E-8;1.271168657E-3;NaN;NaN;1.538691117E-9;9.620025357E-5;5.392245949E-8;3.371277197E-3;6.569924569E-8;4.107571704E-3;NaN;4.747989564E-3
1.357850071E2;2.971835334E-8;1.863283498E-3;NaN;NaN;2.139103842E-9;1.341176896E-4;5.384768483E-8;3.376146093E-3;5.190066308E-8;3.254071581E-3;NaN;4.761449485E-3
1.355932203E2;4.105159397E-8;2.581142062E-3;NaN;NaN;2.924205043E-9;1.838610369E-4;5.017510278E-8;3.154787811E-3;4.107617894E-8;2.582687856E-3;NaN;4.774928457E-3
1.354019746E2;5.340651917E-8;3.367457410E-3;NaN;NaN;3.905918441E-9;2.462810571E-4;4.429116553E-8;2.792704259E-3;3.279607075E-8;2.067900570E-3;NaN;4.788426482E-3
1.352112676E2;6.576190977E-8;4.158210611E-3;NaN;NaN;5.048454883E-9;3.192203319E-4;3.843461127E-8;2.430270182E-3;2.644795692E-8;1.672338524E-3;NaN;4.801943558E-3
1.350210970E2;7.740263028E-8;4.908064806E-3;NaN;NaN;6.269564102E-9;3.975501453E-4;3.488495463E-8;2.212038757E-3;2.158700872E-8;1.368822188E-3;NaN;4.815479685E-3
1.348314607E2;8.814615950E-8;5.605040439E-3;NaN;NaN;7.462612569E-9;4.745328153E-4;3.529756868E-8;2.244502778E-3;1.810356026E-8;1.151169693E-3;NaN;4.829034864E-3
1.346423562E2;9.816164644E-8;6.259451256E-3;NaN;NaN;8.526680934E-9;5.437189128E-4;4.040046229E-8;2.576207038E-3;1.623306817E-8;1.035130345E-3;NaN;4.842609094E-3
1.344537815E2;1.074421539E-7;6.870470791E-3;NaN;NaN;9.391463473E-9;6.005443222E-4;5.006049333E-8;3.201156573E-3;1.658095111E-8;1.060281614E-3;NaN;4.856202376E-3
1.342657343E2;1.152832933E-7;7.392542436E-3;NaN;NaN;1.001710447E-8;6.423469327E-4;6.356165445E-8;4.075891781E-3;2.023424789E-8;1.297521365E-3;NaN;4.869814710E-3
1.340782123E2;1.201662562E-7;7.727231854E-3;NaN;NaN;1.036416433E-8;6.664624775E-4;7.987117108E-8;5.136076275E-3;2.879234139E-8;1.851477317E-3;NaN;4.883446095E-3
1.338912134E2;1.202115669E-7;7.751753203E-3;NaN;NaN;1.036767559E-8;6.685518249E-4;9.771253964E-8;6.300920216E-3;4.406192276E-8;2.841300215E-3;NaN;4.897096532E-3
1.337047354E2;1.140318302E-7;7.373782972E-3;NaN;NaN;9.956612902E-9;6.438369231E-4;1.154273777E-7;7.464025010E-3;6.729414777E-8;4.351525712E-3;NaN;4.910766020E-3
1.335187761E2;1.015430288E-7;6.584506975E-3;NaN;NaN;9.113285578E-9;5.909464506E-4;1.308788549E-7;8.486773966E-3;9.819696728E-8;6.367533287E-3;NaN;4.924454559E-3
1.333333333E2;8.425505471E-8;5.478684933E-3;NaN;NaN;7.917314075E-9;5.148233477E-4;1.416907317E-7;9.213439829E-3;1.342114634E-7;8.727100410E-3;NaN;4.938162151E-3
1.331484050E2;6.483303563E-8;4.227486741E-3;NaN;NaN;6.531586150E-9;4.258969764E-4;1.459107405E-7;9.514219329E-3;1.705722550E-7;1.112229189E-2;NaN;4.951888794E-3
1.329639889E2;4.618059329E-8;3.019598988E-3;NaN;NaN;5.143455828E-9;3.363138693E-4;1.428401004E-7;9.339850181E-3;2.014120654E-7;1.316968072E-2;NaN;4.965634488E-3
1.327800830E2;3.054917179E-8;2.003048215E-3;NaN;NaN;3.905946652E-9;2.561051254E-4;1.335435640E-7;8.756184924E-3;2.215927854E-7;1.452939662E-2;NaN;4.979399234E-3
1.325966851E2;1.908539769E-8;1.254855488E-3;NaN;NaN;2.906009464E-9;1.910686895E-4;1.206195603E-7;7.930676619E-3;2.284371529E-7;1.501963017E-2;NaN;4.993183032E-3
1.324137931E2;1.187586315E-8;7.829906312E-4;NaN;NaN;2.161793493E-9;1.425297707E-4;1.071900460E-7;7.067174881E-3;2.224787945E-7;1.466830744E-2;NaN;5.006985881E-3
1.322314050E2;8.321364220E-9;5.501525630E-4;NaN;NaN;1.646582696E-9;1.088609591E-4;9.557874755E-8;6.319023125E-3;2.068882085E-7;1.367805508E-2;NaN;5.020807781E-3
1.320495186E2;7.581465344E-9;5.026171969E-4;NaN;NaN;1.323362831E-9;8.773302871E-5;8.643222906E-8;5.730069680E-3;1.859639847E-7;1.232857930E-2;NaN;5.034648733E-3
1.318681319E2;8.887891360E-9;5.908494887E-4;NaN;NaN;1.162712972E-9;7.729486528E-5;7.879610291E-8;5.238209518E-3;1.634986220E-7;1.086906594E-2;NaN;5.048508737E-3
1.316872428E2;1.168560688E-8;7.789717296E-4;NaN;NaN;1.134083332E-9;7.559888535E-5;7.106559807E-8;4.737288565E-3;1.417602587E-7;9.449850146E-3;NaN;5.062387792E-3
1.315068493E2;1.568066940E-8;1.048155426E-3;NaN;NaN;1.196811863E-9;7.999944490E-5;6.217010891E-8;4.155685916E-3;1.214172114E-7;8.115986994E-3;NaN;5.076285899E-3
1.313269494E2;2.088524618E-8;1.399876492E-3;NaN;NaN;1.313149613E-9;8.801654809E-5;5.228196009E-8;3.504305685E-3;1.022126723E-7;6.851014151E-3;NaN;5.090203058E-3
1.311475410E2;2.762354977E-8;1.856594318E-3;NaN;NaN;1.471007744E-9;9.886725793E-5;4.274691566E-8;2.873044247E-3;8.384666334E-8;5.635381407E-3;NaN;5.104139268E-3
1.309686221E2;3.636542276E-8;2.450823060E-3;NaN;NaN;1.688437841E-9;1.137911258E-4;3.543269540E-8;2.387962531E-3;6.654417929E-8;4.484699936E-3;NaN;5.118094529E-3
1.307901907E2;4.733850785E-8;3.199057545E-3;NaN;NaN;1.992659333E-9;1.346606001E-4;3.198985554E-8;2.161821177E-3;5.115435206E-8;3.456925944E-3;NaN;5.132068842E-3
1.306122449E2;6.008302018E-8;4.071381523E-3;NaN;NaN;2.396261878E-9;1.623769295E-4;3.344523504E-8;2.266336006E-3;3.895806883E-8;2.639899944E-3;NaN;5.146062207E-3
1.304347826E2;7.321286797E-8;4.974602875E-3;NaN;NaN;2.884780329E-9;1.960124895E-4;4.025866081E-8;2.735459699E-3;3.143001301E-8;2.135578586E-3;NaN;5.160074623E-3
1.302578019E2;8.458672921E-8;5.763052498E-3;NaN;NaN;3.417885273E-9;2.328669337E-4;5.268586951E-8;3.589587099E-3;3.007863142E-8;2.049313569E-3;NaN;5.174106090E-3
1.300813008E2;9.190299798E-8;6.278527061E-3;NaN;NaN;3.942127260E-9;2.693138769E-4;7.112650684E-8;4.859141788E-3;3.631498204E-8;2.480926656E-3;NaN;5.188156610E-3
1.299052774E2;9.351534084E-8;6.406002531E-3;NaN;NaN;4.410530941E-9;3.021308816E-4;9.622483991E-8;6.591609060E-3;5.124325367E-8;3.510273392E-3;NaN;5.202226180E-3
1.297297297E2;8.909357507E-8;6.119630405E-3;NaN;NaN;4.798760829E-9;3.296157175E-4;1.286214721E-7;8.834709693E-3;7.530531274E-8;5.172546743E-3;NaN;5.216314803E-3
1.295546559E2;7.976810784E-8;5.493904102E-3;NaN;NaN;5.100058262E-9;3.512585639E-4;1.683552107E-7;1.159520274E-2;1.078255094E-7;7.426313904E-3;NaN;5.230422477E-3
1.293800539E2;6.766899046E-8;4.673183944E-3;NaN;NaN;5.299324806E-9;3.659685099E-4;2.140559078E-7;1.478258541E-2;1.466463895E-7;1.012732048E-2;NaN;5.244549202E-3
1.292059219E2;5.511040996E-8;3.816160546E-3;NaN;NaN;5.351240810E-9;3.705505742E-4;2.622499301E-7;1.815968775E-2;1.881154517E-7;1.302619170E-2;NaN;5.258694979E-3
1.290322581E2;4.384009644E-8;3.043916536E-3;NaN;NaN;5.189939378E-9;3.603491684E-4;3.072768785E-7;2.133492505E-2;2.275462880E-7;1.579905075E-2;NaN;5.272859808E-3
1.288590604E2;3.466803661E-8;2.413554778E-3;NaN;NaN;4.768971625E-9;3.320111370E-4;3.421805159E-7;2.382227261E-2;2.600880533E-7;1.810707571E-2;NaN;5.287043688E-3
1.286863271E2;2.755469400E-8;1.923484165E-3;NaN;NaN;4.101148719E-9;2.862849655E-4;3.605295574E-7;2.516714193E-2;2.817245306E-7;1.966607481E-2;NaN;5.301246619E-3
1.285140562E2;2.201158582E-8;1.540663891E-3;NaN;NaN;3.268851086E-9;2.287977283E-4;3.585918392E-7;2.509903206E-2;2.900809910E-7;2.030373059E-2;NaN;5.315468603E-3
1.283422460E2;1.754711522E-8;1.231471290E-3;NaN;NaN;2.399373532E-9;1.683900506E-4;3.370217348E-7;2.365246854E-2;2.847988725E-7;1.998742418E-2;NaN;5.329709637E-3
1.281708945E2;1.393236354E-8;9.804011259E-4;NaN;NaN;1.621449820E-9;1.140991781E-4;3.013527148E-7;2.120577317E-2;2.674102551E-7;1.881728929E-2;NaN;5.343969724E-3
1.280000000E2;1.123622283E-8;7.927901362E-4;NaN;NaN;1.022852156E-9;7.216901200E-5;2.609613845E-7;1.841255862E-2;2.408209480E-7;1.699151708E-2;NaN;5.358248862E-3
1.278295606E2;9.722203946E-9;6.877965122E-4;NaN;NaN;6.321111244E-10;4.471864909E-5;2.265542076E-7;1.602755863E-2;2.086037354E-7;1.475765397E-2;NaN;5.372547051E-3
1.276595745E2;9.752279018E-9;6.917627419E-4;NaN;NaN;4.308651550E-10;3.056274954E-5;2.068236418E-7;1.467071330E-2;1.743052400E-7;1.236407106E-2;NaN;5.386864292E-3
1.274900398E2;1.175945995E-8;8.363589292E-4;NaN;NaN;3.869418089E-10;2.752016149E-5;2.054603100E-7;1.461279392E-2;1.409110935E-7;1.002191017E-2;NaN;5.401200584E-3
1.273209549E2;1.622962853E-8;1.157355126E-3;NaN;NaN;4.803597285E-10;3.425505352E-5;2.198062583E-7;1.567465942E-2;1.105437674E-7;7.883014422E-3;NaN;5.415555928E-3
1.271523179E2;2.361785342E-8;1.688689077E-3;NaN;NaN;7.071226773E-10;5.055964739E-5;2.418379873E-7;1.729154467E-2;8.440855979E-8;6.035256904E-3;NaN;5.429930324E-3
1.269841270E2;3.415874359E-8;2.448842463E-3;NaN;NaN;1.062570196E-9;7.617572375E-5;2.612773334E-7;1.873098836E-2;6.294384120E-8;4.512447909E-3;NaN;5.444323771E-3
1.268163804E2;4.761874771E-8;3.422828165E-3;NaN;NaN;1.520337152E-9;1.092815976E-4;2.698032845E-7;1.939341805E-2;4.608734371E-8;3.312751085E-3;NaN;5.458736270E-3
1.266490765E2;6.311910084E-8;4.548985818E-3;NaN;NaN;2.023497383E-9;1.458332069E-4;2.646620468E-7;1.907416109E-2;3.355106113E-8;2.418020840E-3;NaN;5.473167820E-3
1.264822134E2;7.916571019E-8;5.720526897E-3;NaN;NaN;2.490676403E-9;1.799766758E-4;2.499555995E-7;1.806183165E-2;2.501646005E-8;1.807693410E-3;NaN;5.487618422E-3
1.263157895E2;9.395262548E-8;6.806932961E-3;NaN;NaN;2.835510992E-9;2.054347404E-4;2.348215561E-7;1.701298481E-2;2.021906247E-8;1.464885117E-3;NaN;5.502088075E-3
1.261498029E2;1.058340063E-7;7.687938810E-3;NaN;NaN;2.995347142E-9;2.175864483E-4;2.292994322E-7;1.665665003E-2;1.896451694E-8;1.377610570E-3;NaN;5.516576780E-3
1.259842520E2;1.137390116E-7;8.283898339E-3;NaN;NaN;2.958070137E-9;2.154436895E-4;2.398605879E-7;1.746965002E-2;2.112299254E-8;1.538440684E-3;NaN;5.531084537E-3
1.258191350E2;1.173225083E-7;8.567335679E-3;NaN;NaN;2.765811548E-9;2.019700763E-4;2.666009723E-7;1.946821675E-2;2.666405475E-8;1.947110668E-3;NaN;5.545611345E-3
1.256544503E2;1.167979866E-7;8.551404333E-3;NaN;NaN;2.488444002E-9;1.821922743E-4;3.033025179E-7;2.220639706E-2;3.570334373E-8;2.614032461E-3;NaN;5.560157204E-3
1.254901961E2;1.126101236E-7;8.266385856E-3;NaN;NaN;2.191206038E-9;1.608501441E-4;3.402369078E-7;2.497581455E-2;4.850740900E-8;3.560789625E-3;NaN;5.574722116E-3
1.253263708E2;1.051747481E-7;7.740774000E-3;NaN;NaN;1.922910452E-9;1.415246102E-4;3.683492553E-7;2.711019887E-2;6.535858241E-8;4.810337313E-3;NaN;5.589306078E-3
1.251629726E2;9.483968439E-8;6.998358660E-3;NaN;NaN;1.720356135E-9;1.269475888E-4;3.826032998E-7;2.823285562E-2;8.625068583E-8;6.364563927E-3;NaN;5.603909092E-3
1.250000000E2;8.205527025E-8;6.070777115E-3;NaN;NaN;1.611075259E-9;1.191937919E-4;3.827892513E-7;2.832027997E-2;1.104819762E-7;8.173898530E-3;NaN;5.618531158E-3
1.248374512E2;6.759226044E-8;5.013777050E-3;NaN;NaN;1.612976996E-9;1.196454593E-4;3.717924900E-7;2.757837424E-2;1.363315040E-7;1.011263363E-2;NaN;5.633172276E-3
1.246753247E2;5.260853675E-8;3.912488201E-3;NaN;NaN;1.738871282E-9;1.293195705E-4;3.529451968E-7;2.624847608E-2;1.610387358E-7;1.197642422E-2;NaN;5.647832444E-3
1.245136187E2;3.846430244E-8;2.868018741E-3;NaN;NaN;2.001694640E-9;1.492526154E-4;3.282099135E-7;2.447235809E-2;1.812259360E-7;1.351277282E-2;NaN;5.662511665E-3
1.243523316E2;2.637796728E-8;1.971929090E-3;NaN;NaN;2.408943159E-9;1.800845775E-4;2.979991525E-7;2.227742538E-2;1.937027347E-7;1.448057212E-2;NaN;5.677209937E-3
1.241914618E2;1.713589996E-8;1.284343742E-3;NaN;NaN;2.947908894E-9;2.209471547E-4;2.623329944E-7;1.966198101E-2;1.963774812E-7;1.471858435E-2;NaN;5.691927260E-3
1.240310078E2;1.101157650E-8;8.274595824E-4;NaN;NaN;3.572724432E-9;2.684706469E-4;2.223659814E-7;1.670958397E-2;1.889019536E-7;1.419494580E-2;NaN;5.706663636E-3
1.238709677E2;7.898637469E-9;5.950739707E-4;NaN;NaN;4.197933317E-9;3.162673129E-4;1.810689485E-7;1.364151964E-2;1.727575027E-7;1.301534518E-2;NaN;5.721419062E-3
1.237113402E2;7.532623314E-9;5.689643569E-4;NaN;NaN;4.702845005E-9;3.552216900E-4;1.424750273E-7;1.076161769E-2;1.507420726E-7;1.138605540E-2;NaN;5.736193540E-3
1.235521236E2;9.667518194E-9;7.321033661E-4;NaN;NaN;4.957027512E-9;3.753865733E-4;1.101855350E-7;8.344147838E-3;1.261030487E-7;9.549551869E-3;NaN;5.750987070E-3
1.233933162E2;1.411796120E-8;1.071880934E-3;NaN;NaN;4.871267222E-9;3.698422446E-4;8.649026382E-8;6.566618469E-3;1.016983650E-7;7.721266331E-3;NaN;5.765799651E-3
1.232349166E2;2.069481524E-8;1.575258518E-3;NaN;NaN;4.448118630E-9;3.385841662E-4;7.271562864E-8;5.535005368E-3;7.950999465E-8;6.052182391E-3;NaN;5.780631284E-3
1.230769231E2;2.911757029E-8;2.222080079E-3;NaN;NaN;3.790937277E-9;2.893018243E-4;7.005458881E-8;5.346150269E-3;6.060602902E-8;4.625092286E-3;NaN;5.795481969E-3
1.229193342E2;3.897281915E-8;2.981805132E-3;NaN;NaN;3.060674847E-9;2.341718194E-4;7.982005956E-8;6.107021982E-3;4.542338187E-8;3.475336816E-3;NaN;5.810351705E-3
1.227621483E2;4.974876502E-8;3.816024710E-3;NaN;NaN;2.412406138E-9;1.850458284E-4;1.027457552E-7;7.881207518E-3;3.413167782E-8;2.618101694E-3;NaN;5.825240492E-3
1.226053640E2;6.088250875E-8;4.682000244E-3;NaN;NaN;1.947540431E-9;1.497701879E-4;1.377483630E-7;1.059315528E-2;2.688053814E-8;2.067173130E-3;NaN;5.840148331E-3
1.224489796E2;7.176904940E-8;5.533305991E-3;NaN;NaN;1.694511829E-9;1.306447910E-4;1.810262001E-7;1.395689878E-2;2.385688563E-8;1.839336724E-3;NaN;5.855075222E-3
1.222929936E2;8.173459616E-8;6.317723324E-3;NaN;NaN;1.620617426E-9;1.252665700E-4;2.264086908E-7;1.750039192E-2;2.521797172E-8;1.949237846E-3;NaN;5.870021164E-3
1.221374046E2;9.003111850E-8;6.976749111E-3;NaN;NaN;1.670294839E-9;1.294355577E-4;2.673973489E-7;2.072132666E-2;3.097177239E-8;2.400084427E-3;NaN;5.884986158E-3
1.219822109E2;9.589246046E-8;7.449880301E-3;NaN;NaN;1.808922784E-9;1.405351176E-4;3.000509643E-7;2.331094392E-2;4.086494307E-8;3.174795316E-3;NaN;5.899970203E-3
1.218274112E2;9.864911895E-8;7.683533937E-3;NaN;NaN;2.041060480E-9;1.589731123E-4;3.248661276E-7;2.530301277E-2;5.426697940E-8;4.226719735E-3;NaN;5.914973300E-3
1.216730038E2;9.787459670E-8;7.642568851E-3;NaN;NaN;2.390366059E-9;1.866524901E-4;3.461641299E-7;2.703033561E-2;7.009114809E-8;5.473089476E-3;NaN;5.929995448E-3
1.215189873E2;9.350910828E-8;7.320208751E-3;NaN;NaN;2.861878245E-9;2.240374929E-4;3.691152764E-7;2.889559024E-2;8.680601909E-8;6.795468295E-3;NaN;5.945036648E-3
1.213653603E2;8.590672975E-8;6.742105155E-3;NaN;NaN;3.415462528E-9;2.680512643E-4;3.959922118E-7;3.107813719E-2;1.026076588E-7;8.052822256E-3;NaN;5.960096899E-3
1.212121212E2;7.578680761E-8;5.962924969E-3;NaN;NaN;3.970171180E-9;3.123740609E-4;4.237397264E-7;3.333994761E-2;1.157696839E-7;9.108787669E-3;NaN;5.975176202E-3
1.210592686E2;6.411738159E-8;5.057518978E-3;NaN;NaN;4.440465203E-9;3.502597342E-4;4.443256488E-7;3.504799082E-2;1.250735331E-7;9.865683085E-3;NaN;5.990274557E-3
1.209068010E2;5.197108172E-8;4.109775787E-3;NaN;NaN;4.779702335E-9;3.779699070E-4;4.479883727E-7;3.542608131E-2;1.301422826E-7;1.029140791E-2;NaN;6.005391963E-3
1.207547170E2;4.039253717E-8;3.202216999E-3;NaN;NaN;4.999809151E-9;3.963720770E-4;4.278555550E-7;3.391929369E-2;1.314658761E-7;1.042227829E-2;NaN;6.020528421E-3
1.206030151E2;3.029049687E-8;2.407398030E-3;NaN;NaN;5.155310568E-9;4.097286538E-4;3.834489210E-7;3.047537256E-2;1.300503536E-7;1.033601286E-2;NaN;6.035683930E-3
1.204516939E2;2.238969180E-8;1.783939518E-3;NaN;NaN;5.311206137E-9;4.231800331E-4;3.211830022E-7;2.559084133E-2;1.268493652E-7;1.010695446E-2;NaN;6.050858491E-3
1.203007519E2;1.722766854E-8;1.376092596E-3;NaN;NaN;5.517038321E-9;4.406838665E-4;2.517836940E-7;2.011169859E-2;1.222780927E-7;9.767193837E-3;NaN;6.066052103E-3
1.201501877E2;1.518760013E-8;1.216180626E-3;NaN;NaN;5.797460966E-9;4.642444921E-4;1.862724845E-7;1.491618063E-2;1.160779792E-7;9.295200577E-3;NaN;6.081264767E-3
1.200000000E2;1.654002290E-8;1.327796283E-3;NaN;NaN;6.160534805E-9;4.945540441E-4;1.325466663E-7;1.064055182E-2;1.076047534E-7;8.638270483E-3;NaN;6.096496482E-3
1.198501873E2;2.144908088E-8;1.726191950E-3;NaN;NaN;6.614337166E-9;5.323125795E-4;9.386225115E-8;7.553902345E-3;9.638184500E-8;7.756675725E-3;NaN;6.111747249E-3
1.197007481E2;2.995718592E-8;2.416935826E-3;NaN;NaN;7.184034132E-9;5.796054916E-4;6.941751413E-8;5.600582021E-3;8.261664337E-8;6.665483392E-3;NaN;6.127017068E-3
1.195516812E2;4.191691829E-8;3.390281850E-3;NaN;NaN;7.916280690E-9;6.402766195E-4;5.636640821E-8;4.558970900E-3;6.737313723E-8;5.449206040E-3;NaN;6.142305938E-3
1.194029851E2;5.687095252E-8;4.611242562E-3;NaN;NaN;8.864558524E-9;7.187611206E-4;5.205635214E-8;4.220862426E-3;5.230577697E-8;4.241086431E-3;NaN;6.157613860E-3
1.192546584E2;7.390742050E-8;6.007519285E-3;NaN;NaN;1.005506939E-8;8.173201402E-4;5.537629726E-8;4.501228314E-3;3.914686975E-8;3.182029265E-3;NaN;6.172940833E-3
1.191066998E2;9.158260341E-8;7.462742156E-3;NaN;NaN;1.143167749E-8;9.315269314E-4;6.673907414E-8;5.438330900E-3;2.926861201E-8;2.384995584E-3;NaN;6.188286858E-3
1.189591078E2;1.080162477E-7;8.823716054E-3;NaN;NaN;1.280658336E-8;1.046154237E-3;8.701112159E-8;7.107832818E-3;2.349877305E-8;1.919586223E-3;NaN;6.203651934E-3
1.188118812E2;1.212179747E-7;9.926704941E-3;NaN;NaN;1.386427522E-8;1.135364369E-3;1.160763714E-7;9.505652049E-3;2.214169364E-8;1.813213429E-3;NaN;6.219036062E-3
1.186650185E2;1.296054753E-7;1.063985625E-2;NaN;NaN;1.425137633E-8;1.169955167E-3;1.517762611E-7;1.245994891E-2;2.504193400E-8;2.055797236E-3;NaN;6.234439241E-3
1.185185185E2;1.325434437E-7;1.090796299E-2;NaN;NaN;1.372526353E-8;1.129551659E-3;1.898061194E-7;1.562052462E-2;3.157899467E-8;2.598864913E-3;NaN;6.249861472E-3
1.183723798E2;1.305987589E-7;1.077447521E-2;NaN;NaN;1.227924812E-8;1.013045266E-3;2.247575825E-7;1.854263410E-2;4.062512713E-8;3.351597127E-3;NaN;6.265302755E-3
1.182266010E2;1.252913044E-7;1.036211379E-2;NaN;NaN;1.016353603E-8;8.405668482E-4;2.518874516E-7;2.083214353E-2;5.062101255E-8;4.186569010E-3;NaN;6.280763089E-3
1.180811808E2;1.183970232E-7;9.816060861E-3;NaN;NaN;7.787106253E-9;6.456134357E-4;2.686463278E-7;2.227293080E-2;5.993398223E-8;4.969006833E-3;NaN;6.296242474E-3
1.179361179E2;1.111534828E-7;9.238197720E-3;NaN;NaN;5.558325835E-9;4.619640496E-4;2.751239966E-7;2.286612901E-2;6.750332518E-8;5.610342105E-3;NaN;6.311740911E-3
1.177914110E2;1.038105255E-7;8.649121045E-3;NaN;NaN;3.753765510E-9;3.127502929E-4;2.731976781E-7;2.276185170E-2;7.346018686E-8;6.120439569E-3;NaN;6.327258400E-3
1.176470588E2;9.576796683E-8;7.998636358E-3;NaN;NaN;2.472217971E-9;2.064821171E-4;2.649961990E-7;2.213274754E-2;7.930852278E-8;6.623927131E-3;NaN;6.342794940E-3
1.175030600E2;8.620363239E-8;7.217470996E-3;NaN;NaN;1.673764477E-9;1.401373263E-4;2.516754315E-7;2.107173534E-2;8.740440791E-8;7.318006927E-3;NaN;6.358350532E-3
1.173594132E2;7.480453098E-8;6.278412986E-3;NaN;NaN;1.255351599E-9;1.053628126E-4;2.332133396E-7;1.957380977E-2;9.988258834E-8;8.383237372E-3;NaN;6.373925176E-3
1.172161172E2;6.216452634E-8;5.230290372E-3;NaN;NaN;1.109707699E-9;9.336664868E-5;2.092381401E-7;1.760451328E-2;1.174875374E-7;9.884961282E-3;NaN;6.389518870E-3
1.170731707E2;4.964192831E-8;4.186891589E-3;NaN;NaN;1.145219031E-9;9.658988062E-5;1.802629787E-7;1.520371136E-2;1.388561361E-7;1.171138205E-2;NaN;6.405131617E-3
1.169305725E2;3.881416830E-8;3.281647785E-3;NaN;NaN;1.279587573E-9;1.081861575E-4;1.484762022E-7;1.255331807E-2;1.606262885E-7;1.358057964E-2;NaN;6.420763415E-3
1.167883212E2;3.092017402E-8;2.620601182E-3;NaN;NaN;1.439571183E-9;1.220090787E-4;1.175402719E-7;9.961980660E-3;1.783921093E-7;1.511940302E-2;NaN;6.436414264E-3
1.166464156E2;2.661522259E-8;2.261232095E-3;NaN;NaN;1.573407492E-9;1.336768651E-4;9.151425481E-8;7.775060661E-3;1.881197320E-7;1.598267211E-2;NaN;6.452084166E-3
1.165048544E2;2.606663646E-8;2.220009262E-3;NaN;NaN;1.656733830E-9;1.410985438E-4;7.356045891E-8;6.264901127E-3;1.874179957E-7;1.596177117E-2;NaN;6.467773118E-3
1.163636364E2;2.916759069E-8;2.490140329E-3;NaN;NaN;1.684200001E-9;1.437861080E-4;6.513149543E-8;5.560506015E-3;1.761561377E-7;1.503907222E-2;NaN;6.483481122E-3
1.162227603E2;3.563911023E-8;3.050017390E-3;NaN;NaN;1.657289860E-9;1.418319049E-4;6.594085550E-8;5.643259741E-3;1.563017318E-7;1.337640016E-2;NaN;6.499208178E-3
1.160822249E2;4.493051681E-8;3.854497791E-3;NaN;NaN;1.587286815E-9;1.361701123E-4;7.463098335E-8;6.402440500E-3;1.311657272E-7;1.125244136E-2;NaN;6.514954286E-3
1.159420290E2;5.603689329E-8;4.818924159E-3;NaN;NaN;1.504799337E-9;1.294060654E-4;8.978952920E-8;7.721501070E-3;1.044399975E-7;8.981376330E-3;NaN;6.530719444E-3
1.158021713E2;6.744419621E-8;5.813919475E-3;NaN;NaN;1.458129842E-9;1.256957597E-4;1.109127658E-7;9.561058253E-3;7.937434429E-8;6.842338881E-3;NaN;6.546503655E-3
1.156626506E2;7.737354736E-8;6.685964422E-3;NaN;NaN;1.492484400E-9;1.289678183E-4;1.388741886E-7;1.200032719E-2;5.831369537E-8;5.038973988E-3;NaN;6.562306917E-3
1.155234657E2;8.427682529E-8;7.300045767E-3;NaN;NaN;1.625762407E-9;1.408232920E-4;1.755446547E-7;1.520565124E-2;4.261267678E-8;3.691103571E-3;NaN;6.578129230E-3
1.153846154E2;8.733310954E-8;7.582998050E-3;NaN;NaN;1.837274613E-9;1.595276966E-4;2.224252830E-7;1.931284132E-2;3.278198716E-8;2.846408951E-3;NaN;6.593970595E-3
1.152460984E2;8.667178583E-8;7.543677541E-3;NaN;NaN;2.073397767E-9;1.804629271E-4;2.786469085E-7;2.425267237E-2;2.872456355E-8;2.500108228E-3;NaN;6.609831012E-3
1.151079137E2;8.321018240E-8;7.259788078E-3;NaN;NaN;2.266774700E-9;1.977679110E-4;3.392967047E-7;2.960241283E-2;2.999627413E-8;2.617066650E-3;NaN;6.625710480E-3
1.149700599E2;7.821807549E-8;6.840619675E-3;NaN;NaN;2.363850503E-9;2.067322950E-4;3.952199836E-7;3.456425613E-2;3.602459749E-8;3.150557832E-3;NaN;6.641609000E-3
1.148325359E2;7.282604826E-8;6.384320302E-3;NaN;NaN;2.347991558E-9;2.058374789E-4;4.349312601E-7;3.812839692E-2;4.625126432E-8;4.054632825E-3;NaN;6.657526571E-3
1.146953405E2;6.770139013E-8;5.949272616E-3;NaN;NaN;2.239779535E-9;1.968210554E-4;4.482145077E-7;3.938693566E-2;6.010445065E-8;5.281690105E-3;NaN;6.673463194E-3
1.145584726E2;6.299551675E-8;5.548978576E-3;NaN;NaN;2.073059166E-9;1.826060249E-4;4.299580869E-7;3.787298424E-2;7.683814741E-8;6.768310759E-3;NaN;6.689418869E-3
1.144219309E2;5.851582715E-8;5.166692775E-3;NaN;NaN;1.875268248E-9;1.655780218E-4;3.823842123E-7;3.376286114E-2;9.533489413E-8;8.417656089E-3;NaN;6.705393594E-3
1.142857143E2;5.397713315E-8;4.777313641E-3;NaN;NaN;1.668864892E-9;1.477049734E-4;3.144862811E-7;2.783400142E-2;1.140354381E-7;1.009284899E-2;NaN;6.721387372E-3
1.141498216E2;4.919486763E-8;4.364426217E-3;NaN;NaN;1.480776310E-9;1.313701868E-4;2.389024030E-7;2.119472947E-2;1.311110731E-7;1.163179478E-2;NaN;6.737400201E-3
1.140142518E2;4.417570967E-8;3.928466790E-3;NaN;NaN;1.341035939E-9;1.192559257E-4;1.677942516E-7;1.492164246E-2;1.448346574E-7;1.287988684E-2;NaN;6.753432082E-3
1.138790036E2;3.914858631E-8;3.489688009E-3;NaN;NaN;1.278259667E-9;1.139435125E-4;1.096321861E-7;9.772565533E-3;1.539931079E-7;1.372687886E-2;NaN;6.769483014E-3
1.137440758E2;3.457559584E-8;3.089370067E-3;NaN;NaN;1.325524041E-9;1.184371287E-4;6.804470418E-8;6.079874176E-3;1.581086353E-7;1.412719212E-2;NaN;6.785552997E-3
1.136094675E2;3.111378480E-8;2.786644894E-3;NaN;NaN;1.527164564E-9;1.367774883E-4;4.266667208E-8;3.821356503E-3;1.573534078E-7;1.409304825E-2;NaN;6.801642033E-3
1.134751773E2;2.948031314E-8;2.646599258E-3;NaN;NaN;1.926665563E-9;1.729666719E-4;3.103206557E-8;2.785908050E-3;1.522333267E-7;1.366676831E-2;NaN;6.817750119E-3
1.133412043E2;3.020333750E-8;2.717922846E-3;NaN;NaN;2.539056148E-9;2.284833163E-4;3.036278330E-8;2.732270975E-3;1.432700178E-7;1.289251079E-2;NaN;6.833877258E-3
1.132075472E2;3.334670934E-8;3.007876888E-3;NaN;NaN;3.330393478E-9;3.004018618E-4;3.852856949E-8;3.475281249E-3;1.309051904E-7;1.180766272E-2;NaN;6.850023448E-3
1.130742049E2;3.835871036E-8;3.468125031E-3;NaN;NaN;4.218450918E-9;3.814026875E-4;5.415453611E-8;4.896272592E-3;1.156669502E-7;1.045779280E-2;NaN;6.866188689E-3
1.129411765E2;4.418202408E-8;4.004043873E-3;NaN;NaN;5.091528671E-9;4.614253105E-4;7.630189153E-8;6.914941712E-3;9.844820706E-8;8.921975588E-3;NaN;6.882372982E-3
1.128084606E2;4.963005787E-8;4.508367078E-3;NaN;NaN;5.839929432E-9;5.304959680E-4;1.042046570E-7;9.465893556E-3;8.065158584E-8;7.326345566E-3;NaN;6.898576327E-3
1.126760563E2;5.387700849E-8;4.905666621E-3;NaN;NaN;6.389902387E-9;5.818201814E-4;1.371594745E-7;1.248879021E-2;6.401614264E-8;5.828865836E-3;NaN;6.914798723E-3
1.125439625E2;5.682849310E-8;5.186561960E-3;NaN;NaN;6.717995112E-9;6.131307730E-4;1.744388520E-7;1.592049806E-2;5.017033907E-8;4.578892699E-3;NaN;6.931040170E-3
1.124121780E2;5.917246478E-8;5.413158819E-3;NaN;NaN;6.830956425E-9;6.249030212E-4;2.150937537E-7;1.967700101E-2;4.014733448E-8;3.672720048E-3;NaN;6.947300670E-3
1.122807018E2;6.207606931E-8;5.692090636E-3;NaN;NaN;6.730742048E-9;6.171781527E-4;2.576912658E-7;2.362910631E-2;3.413414198E-8;3.129944150E-3;NaN;6.963580220E-3
1.121495327E2;6.665698309E-8;6.126445167E-3;NaN;NaN;6.405110163E-9;5.886938530E-4;3.001456591E-7;2.758639586E-2;3.160462815E-8;2.904782251E-3;NaN;6.979878823E-3
1.120186698E2;7.344377638E-8;6.766000281E-3;NaN;NaN;5.853964770E-9;5.392958972E-4;3.398030852E-7;3.130432397E-2;3.173467333E-8;2.923553488E-3;NaN;6.996196477E-3
1.118881119E2;8.205469089E-8;7.576931439E-3;NaN;NaN;5.117647685E-9;4.725636672E-4;3.738522090E-7;3.452151882E-2;3.387506157E-8;3.128023714E-3;NaN;7.012533182E-3
1.117578580E2;9.120562469E-8;8.441571785E-3;NaN;NaN;4.277731951E-9;3.959271313E-4;3.999426921E-7;3.701685018E-2;3.780630895E-8;3.499177512E-3;NaN;7.028888939E-3
1.116279070E2;9.904184301E-8;9.188211506E-3;NaN;NaN;3.433089981E-9;3.184912144E-4;4.167175258E-7;3.865930448E-2;4.365481868E-8;4.049901487E-3;NaN;7.045263748E-3
1.114982578E2;1.036698437E-7;9.639935206E-3;NaN;NaN;2.672694951E-9;2.485255618E-4;4.239651606E-7;3.942319705E-2;5.154605326E-8;4.793106613E-3;NaN;7.061657608E-3
1.113689095E2;1.037031206E-7;9.665442132E-3;NaN;NaN;2.056863847E-9;1.917058847E-4;4.222945337E-7;3.935911816E-2;6.120038061E-8;5.704059180E-3;NaN;7.078070519E-3
1.112398610E2;9.864487770E-8;9.215342864E-3;NaN;NaN;1.609531772E-9;1.503614528E-4;4.125350103E-7;3.853876301E-2;7.173278209E-8;6.701231701E-3;NaN;7.094502482E-3
1.111111111E2;8.899627298E-8;8.333255017E-3;NaN;NaN;1.324234904E-9;1.239960594E-4;3.952098386E-7;3.700586844E-2;8.177208816E-8;7.656811247E-3;NaN;7.110953497E-3
1.109826590E2;7.608669426E-8;7.140955039E-3;NaN;NaN;1.177242104E-9;1.104875565E-4;3.704150288E-7;3.476451556E-2;8.987250536E-8;8.434793051E-3;NaN;7.127423563E-3
1.108545035E2;6.171258250E-8;5.805302743E-3;NaN;NaN;1.135415990E-9;1.068085842E-4;3.382430695E-7;3.181852613E-2;9.501619117E-8;8.938173269E-3;NaN;7.143912681E-3
1.107266436E2;4.771963700E-8;4.499359495E-3;NaN;NaN;1.154129182E-9;1.088198155E-4;2.995718633E-7;2.824584578E-2;9.694817281E-8;9.140989104E-3;NaN;7.160420851E-3
1.105990783E2;3.565756490E-8;3.369818419E-3;NaN;NaN;1.181670639E-9;1.116737920E-4;2.567451440E-7;2.426370161E-2;9.616499572E-8;9.088073588E-3;NaN;7.176948072E-3
1.104718067E2;2.656838630E-8;2.516634223E-3;NaN;NaN;1.179474332E-9;1.117232125E-4;2.136379867E-7;2.023640662E-2;9.355707055E-8;8.861995714E-3;NaN;7.193494344E-3
1.103448276E2;2.092393365E-8;1.986539512E-3;NaN;NaN;1.140550093E-9;1.082849842E-4;1.748526095E-7;1.660068433E-2;8.989904962E-8;8.535107075E-3;NaN;7.210059668E-3
1.102181401E2;1.869101118E-8;1.778625339E-3;NaN;NaN;1.084683184E-9;1.032177969E-4;1.443353653E-7;1.373486622E-2;8.547375551E-8;8.133630971E-3;NaN;7.226644044E-3
1.100917431E2;1.947441331E-8;1.857431133E-3;NaN;NaN;1.035405081E-9;9.875489462E-5;1.240969441E-7;1.183612178E-2;8.002402014E-8;7.632533216E-3;NaN;7.243247471E-3
1.099656357E2;2.270008783E-8;2.170058257E-3;NaN;NaN;1.002262537E-9;9.581320166E-5;1.137819401E-7;1.087720191E-2;7.304419045E-8;6.982798912E-3;NaN;7.259869950E-3
1.098398169E2;2.778067865E-8;2.661834711E-3;NaN;NaN;9.805101712E-10;9.394860512E-5;1.114669040E-7;1.068031772E-2;6.422319747E-8;6.153612676E-3;NaN;7.276511480E-3
1.097142857E2;3.422105452E-8;3.286433601E-3;NaN;NaN;9.593941516E-10;9.213582750E-5;1.153952924E-7;1.108203624E-2;5.378186983E-8;5.164964862E-3;NaN;7.293172062E-3
1.095890411E2;4.165281411E-8;4.009294225E-3;NaN;NaN;9.330808748E-10;8.981375792E-5;1.258310523E-7;1.211187581E-2;4.252151999E-8;4.092911564E-3;NaN;7.309851695E-3
1.094640821E2;4.980716124E-8;4.805143308E-3;NaN;NaN;9.128075567E-10;8.806306189E-5;1.460386612E-7;1.408907230E-2;3.157973496E-8;3.046653299E-3;NaN;7.326550380E-3
1.093394077E2;5.846802760E-8;5.653570903E-3;NaN;NaN;9.337682901E-10;9.029080425E-5;1.816969132E-7;1.756919847E-2;2.206328403E-8;2.133411126E-3;NaN;7.343268116E-3
1.092150171E2;6.743059627E-8;6.535068109E-3;NaN;NaN;1.045504884E-9;1.013256000E-4;2.386725104E-7;2.313105916E-2;1.476154949E-8;1.430622546E-3;NaN;7.360004904E-3
1.090909091E2;7.646399444E-8;7.427415059E-3;NaN;NaN;1.287245415E-9;1.250380136E-4;3.198162487E-7;3.106570667E-2;1.007216184E-8;9.783706313E-4;NaN;7.376760744E-3
1.089670829E2;8.526539021E-8;8.301182632E-3;NaN;NaN;1.663055245E-9;1.619100702E-4;4.220182539E-7;4.108643132E-2;8.130553645E-9;7.915663148E-4;NaN;7.393535635E-3
1.088435374E2;9.339710474E-8;9.113515820E-3;NaN;NaN;2.130015218E-9;2.078429244E-4;5.348836758E-7;5.219295453E-2;9.043783425E-9;8.824755708E-4;NaN;7.410329578E-3
1.087202718E2;1.002315740E-7;9.802600997E-3;NaN;NaN;2.608210854E-9;2.550818001E-4;6.419704955E-7;6.278441381E-2;1.309793902E-8;1.280972302E-3;NaN;7.427142572E-3
1.085972851E2;1.049562787E-7;1.028793761E-2;NaN;NaN;3.014038796E-9;2.954396201E-4;7.245832765E-7;7.102450314E-2;2.083532137E-8;2.042302653E-3;NaN;7.443974618E-3
1.084745763E2;1.066864142E-7;1.048120047E-2;NaN;NaN;3.305083358E-9;3.247015238E-4;7.669521209E-7;7.534772814E-2;3.295659842E-8;3.237757287E-3;NaN;7.460825715E-3
1.083521445E2;1.046843694E-7;1.030776842E-2;NaN;NaN;3.512230767E-9;3.458325403E-4;7.608620164E-7;7.491843828E-2;5.003982485E-8;4.927181866E-3;NaN;7.477695864E-3
1.082299887E2;9.861918976E-8;9.732491605E-3;NaN;NaN;3.738837371E-9;3.689769041E-4;7.079155135E-7;6.986248629E-2;7.211137204E-8;7.116498571E-3;NaN;7.494585064E-3
1.081081081E2;8.876455841E-8;8.779724664E-3;NaN;NaN;4.126527054E-9;4.081558226E-4;6.186273273E-7;6.118858360E-2;9.817847860E-8;9.710857863E-3;NaN;7.511493316E-3
1.079865017E2;7.604389882E-8;7.538470945E-3;NaN;NaN;4.796217039E-9;4.754640853E-4;5.089593211E-7;5.045473883E-2;1.259252470E-7;1.248336593E-2;NaN;7.528420620E-3
1.078651685E2;6.188129812E-8;6.148296412E-3;NaN;NaN;5.782234983E-9;5.745014355E-4;3.958973494E-7;3.933489321E-2;1.518097953E-7;1.508325857E-2;NaN;7.545366975E-3
1.077441077E2;4.790222412E-8;4.770088696E-3;NaN;NaN;6.991092581E-9;6.961708419E-4;2.938004948E-7;2.925656261E-2;1.716899126E-7;1.709682852E-2;NaN;7.562332381E-3
1.076233184E2;3.557802628E-8;3.550805863E-3;NaN;NaN;8.216349707E-9;8.200191457E-4;2.125050234E-7;2.120871117E-2;1.818768439E-7;1.815191654E-2;NaN;7.579316839E-3
1.075027996E2;2.594301485E-8;2.595008173E-3;NaN;NaN;9.210809564E-9;9.213318590E-4;1.571243535E-7;1.571671542E-2;1.802597014E-7;1.803088041E-2;NaN;7.596320349E-3
1.073825503E2;1.946767500E-8;1.951661491E-3;NaN;NaN;9.782371257E-9;9.806963221E-4;1.288130538E-7;1.291368777E-2;1.670294692E-7;1.674493657E-2;NaN;7.613342910E-3
1.072625698E2;1.611929428E-8;1.619598861E-3;NaN;NaN;9.861568428E-9;9.908488992E-4;1.256541333E-7;1.262519858E-2;1.446639373E-7;1.453522369E-2;NaN;7.630384523E-3
1.071428571E2;1.556366513E-8;1.567267995E-3;NaN;NaN;9.512010126E-9;9.578636472E-4;1.431872421E-7;1.441901892E-2;1.171621201E-7;1.179827756E-2;NaN;7.647445188E-3
1.070234114E2;1.742541498E-8;1.758666064E-3;NaN;NaN;8.882935466E-9;8.965133501E-4;1.746299851E-7;1.762459196E-2;8.886112654E-8;8.968340089E-3;NaN;7.664524904E-3
1.069042316E2;2.148165125E-8;2.172879802E-3;NaN;NaN;8.131443637E-9;8.224996038E-4;2.112760198E-7;2.137067541E-2;6.332614494E-8;6.405471334E-3;NaN;7.681623671E-3
1.067853170E2;2.769392714E-8;2.807496973E-3;NaN;NaN;7.358471754E-9;7.459717459E-4;2.436293906E-7;2.469815037E-2;4.270984026E-8;4.329748780E-3;NaN;7.698741490E-3
1.066666667E2;3.603485467E-8;3.661197539E-3;NaN;NaN;6.599921842E-9;6.705623715E-4;2.634105287E-7;2.676292129E-2;2.770595868E-8;2.814968693E-3;NaN;7.715878361E-3
1.065482797E2;4.618486598E-8;4.702888017E-3;NaN;NaN;5.876827331E-9;5.984224540E-4;2.658198372E-7;2.706776128E-2;1.796444043E-8;1.829273504E-3;NaN;7.733034283E-3
1.064301552E2;5.727840912E-8;5.845469384E-3;NaN;NaN;5.253841811E-9;5.361736112E-4;2.509858578E-7;2.561401705E-2;1.269229117E-8;1.295294345E-3;NaN;7.750209256E-3
1.063122924E2;6.787787032E-8;6.942550963E-3;NaN;NaN;4.847206865E-9;4.957724886E-4;2.238102650E-7;2.289132177E-2;1.117181516E-8;1.142653647E-3;NaN;7.767403282E-3
1.061946903E2;7.627031967E-8;7.818218353E-3;NaN;NaN;4.770960900E-9;4.890554312E-4;1.923001897E-7;1.971205678E-2;1.302976670E-8;1.335638314E-3;NaN;7.784616358E-3
1.060773481E2;8.101159252E-8;8.322612914E-3;NaN;NaN;5.060580521E-9;5.198916783E-4;1.652335135E-7;1.697503444E-2;1.822160303E-8;1.871970961E-3;NaN;7.801848487E-3
1.059602649E2;8.149788447E-8;8.391084582E-3;NaN;NaN;5.621277701E-9;5.787710558E-4;1.500666116E-7;1.545097323E-2;2.680216832E-8;2.759571771E-3;NaN;7.819099667E-3
1.058434399E2;7.827690181E-8;8.077250840E-3;NaN;NaN;6.232460233E-9;6.431162129E-4;1.515110895E-7;1.563415320E-2;3.861172879E-8;3.984273925E-3;NaN;7.836369898E-3
1.057268722E2;7.291650302E-8;7.540721429E-3;NaN;NaN;6.622541053E-9;6.848756478E-4;1.706776232E-7;1.765076982E-2;5.302700227E-8;5.483831997E-3;NaN;7.853659181E-3
1.056105611E2;6.745563798E-8;6.991355542E-3;NaN;NaN;6.583633459E-9;6.823524860E-4;2.045470981E-7;2.120002909E-2;6.889684795E-8;7.140727954E-3;NaN;7.870967516E-3
1.054945055E2;6.367142379E-8;6.613672936E-3;NaN;NaN;6.059150282E-9;6.293755637E-4;2.459403799E-7;2.554629907E-2;8.468612018E-8;8.796509766E-3;NaN;7.888294902E-3
1.053787047E2;6.246388601E-8;6.502511382E-3;NaN;NaN;5.152709280E-9;5.363987559E-4;2.846080845E-7;2.962779659E-2;9.874478427E-8;1.027936500E-2;NaN;7.905641339E-3
1.052631579E2;6.359836032E-8;6.635153334E-3;NaN;NaN;4.068287082E-9;4.244403230E-4;3.099088404E-7;3.233247941E-2;1.095805743E-7;1.143243173E-2;NaN;7.923006829E-3
1.051478642E2;6.587251369E-8;6.887492825E-3;NaN;NaN;3.026338936E-9;3.164276956E-4;3.145425786E-7;3.288791686E-2;1.160599044E-7;1.213498186E-2;NaN;7.940391369E-3
1.050328228E2;6.760841971E-8;7.084489228E-3;NaN;NaN;2.193784008E-9;2.298802314E-4;2.976470076E-7;3.118956231E-2;1.175281171E-7;1.231542881E-2;NaN;7.957794962E-3
1.049180328E2;6.727103875E-8;7.064569304E-3;NaN;NaN;1.644573185E-9;1.727073263E-4;2.654409114E-7;2.787567651E-2;1.138848855E-7;1.195979253E-2;NaN;7.975217606E-3
1.048034934E2;6.398898147E-8;6.734595453E-3;NaN;NaN;1.360869481E-9;1.432263057E-4;2.287888343E-7;2.407914937E-2;1.056440035E-7;1.111862713E-2;NaN;7.992659301E-3
1.046892039E2;5.782247294E-8;6.098888602E-3;NaN;NaN;1.268242339E-9;1.337692484E-4;1.987872017E-7;2.096729760E-2;9.392894828E-8;9.907258595E-3;NaN;8.010120048E-3
1.045751634E2;4.972566711E-8;5.256314575E-3;NaN;NaN;1.279347928E-9;1.352350919E-4;1.825260226E-7;1.929414423E-2;8.031964704E-8;8.490289945E-3;NaN;8.027599846E-3
1.044613711E2;4.126487025E-8;4.371463682E-3;NaN;NaN;1.321079300E-9;1.399507655E-4;1.810865673E-7;1.918371117E-2;6.652313940E-8;7.047241059E-3;NaN;8.045098696E-3
1.043478261E2;3.420175764E-8;3.631110354E-3;NaN;NaN;1.342585240E-9;1.425387320E-4;1.906615136E-7;2.024202977E-2;5.395877641E-8;5.728660900E-3;NaN;8.062616598E-3
1.042345277E2;3.010130061E-8;3.202726766E-3;NaN;NaN;1.317026286E-9;1.401293383E-4;2.061588614E-7;2.193494932E-2;4.344486104E-8;4.622458713E-3;NaN;8.080153551E-3
1.041214751E2;3.009385698E-8;3.208891721E-3;NaN;NaN;1.242161582E-9;1.324510188E-4;2.256048208E-7;2.405612023E-2;3.512504243E-8;3.745364309E-3;NaN;8.097709556E-3
1.040086674E2;3.483928523E-8;3.722956882E-3;NaN;NaN;1.133408341E-9;1.211170194E-4;2.535835462E-7;2.709816238E-2;2.866407128E-8;3.063068049E-3;NaN;8.115284612E-3
1.038961039E2;4.461977506E-8;4.778446050E-3;NaN;NaN;1.009131920E-9;1.080705232E-4;3.021104173E-7;3.235377875E-2;2.358884582E-8;2.526189945E-3;NaN;8.132878720E-3
1.037837838E2;5.941958829E-8;6.377177010E-3;NaN;NaN;8.812768471E-10;9.458258818E-5;3.878825552E-7;4.162929743E-2;1.958883736E-8;2.102361979E-3;NaN;8.150491879E-3
1.036717063E2;7.888983004E-8;8.485127290E-3;NaN;NaN;7.570777316E-10;8.142875853E-5;5.256251397E-7;5.653448886E-2;1.664279340E-8;1.790043411E-3;NaN;8.168124090E-3
1.035598706E2;1.021817401E-7;1.101407756E-2;NaN;NaN;6.434820732E-10;6.936035202E-5;7.191715910E-7;7.751885686E-2;1.495764054E-8;1.612270577E-3;NaN;8.185775353E-3
1.034482759E2;1.277745652E-7;1.380243568E-2;NaN;NaN;5.474663723E-10;5.913829081E-5;9.540172663E-7;1.030546411E-1;1.482464666E-8;1.601384688E-3;NaN;8.203445667E-3
1.033369214E2;1.534415094E-7;1.661076591E-2;NaN;NaN;4.749599150E-10;5.141664728E-5;1.195808526E-6;1.294519037E-1;1.651496003E-8;1.787822188E-3;NaN;8.221135032E-3
1.032258065E2;1.764819846E-7;1.914615825E-2;NaN;NaN;4.302518545E-10;4.667711613E-5;1.397345287E-6;1.515950427E-1;2.023550098E-8;2.195306817E-3;NaN;8.238843450E-3
1.031149302E2;1.941870883E-7;2.111227722E-2;NaN;NaN;4.132076759E-10;4.492448535E-5;1.512687050E-6;1.644613379E-1;2.610080110E-8;2.837713636E-3;NaN;8.256570918E-3
1.030042918E2;2.043989850E-7;2.227029283E-2;NaN;NaN;4.191739642E-10;4.567110218E-5;1.512916338E-6;1.648398101E-1;3.405811801E-8;3.710802484E-3;NaN;8.274317438E-3
1.028938907E2;2.059421485E-7;2.248660518E-2;NaN;NaN;4.476118173E-10;4.887426049E-5;1.396501329E-6;1.524825018E-1;4.378408501E-8;4.780737893E-3;NaN;8.292083010E-3
1.027837259E2;1.987893055E-7;2.175214737E-2;NaN;NaN;5.101372294E-10;5.582081071E-5;1.189378730E-6;1.301455395E-1;5.462483169E-8;5.977219881E-3;NaN;8.309867634E-3
1.026737968E2;1.839716924E-7;2.017388743E-2;NaN;NaN;6.269470165E-10;6.874948191E-5;9.349800719E-7;1.025276361E-1;6.565112859E-8;7.199142765E-3;NaN;8.327671308E-3
1.025641026E2;1.633561724E-7;1.795157734E-2;NaN;NaN;8.187063769E-10;8.996948585E-5;6.793404726E-7;7.465425305E-2;7.584628905E-8;8.334919358E-3;NaN;8.345494035E-3
1.024546425E2;1.393911031E-7;1.535075021E-2;NaN;NaN;1.110177052E-9;1.222606768E-4;4.580789989E-7;5.044695200E-2;8.433318144E-8;9.287376121E-3;NaN;8.363335813E-3
1.023454158E2;1.148540746E-7;1.267556865E-2;NaN;NaN;1.542803980E-9;1.702675141E-4;2.898624324E-7;3.198990697E-2;9.048716765E-8;9.986378886E-3;NaN;8.381196642E-3
1.022364217E2;9.253765181E-8;1.023446223E-2;NaN;NaN;2.174941474E-9;2.405437778E-4;1.770256875E-7;1.957865448E-2;9.388578901E-8;1.038356326E-2;NaN;8.399076523E-3
1.021276596E2;7.483377078E-8;8.294089254E-3;NaN;NaN;3.056263803E-9;3.387364355E-4;1.108655217E-7;1.228761457E-2;9.420718579E-8;1.044131278E-2;NaN;8.416975456E-3
1.020191286E2;6.327455447E-8;7.027869859E-3;NaN;NaN;4.197287792E-9;4.661904396E-4;7.804090941E-8;8.667960757E-3;9.124349681E-8;1.013436486E-2;NaN;8.434893440E-3
1.019108280E2;5.820449797E-8;6.478488933E-3;NaN;NaN;5.570195591E-9;6.199941887E-4;6.543220974E-8;7.282974022E-3;8.508246389E-8;9.470158150E-3;NaN;8.452830476E-3
1.018027572E2;5.878238664E-8;6.556709894E-3;NaN;NaN;7.139840204E-9;7.963926542E-4;6.286556513E-8;7.012156132E-3;7.633518599E-8;8.514585710E-3;NaN;8.470786563E-3
1.016949153E2;6.338182587E-8;7.084743029E-3;NaN;NaN;8.896641321E-9;9.944556931E-4;6.430475763E-8;7.187907214E-3;6.619755971E-8;7.399482316E-3;NaN;8.488761702E-3
1.015873016E2;7.024303798E-8;7.868324661E-3;NaN;NaN;1.084548149E-8;1.214864447E-3;6.821790913E-8;7.641478389E-3;5.620987831E-8;6.296390139E-3;NaN;8.506755893E-3
1.014799154E2;7.806904840E-8;8.763478519E-3;NaN;NaN;1.294283953E-8;1.452871510E-3;7.701381231E-8;8.645025189E-3;4.777542951E-8;5.362931391E-3;NaN;8.524769135E-3
1.013727561E2;8.626585670E-8;9.704077709E-3;NaN;NaN;1.501349242E-8;1.688873242E-3;9.536378450E-8;1.072750693E-2;4.169110176E-8;4.689847255E-3;NaN;8.542801428E-3
1.012658228E2;9.476262634E-8;1.068240726E-2;NaN;NaN;1.671540120E-8;1.884294791E-3;1.276717777E-7;1.439219213E-2;3.798255811E-8;4.281700185E-3;NaN;8.560852773E-3
1.011591149E2;1.035494373E-7;1.169756686E-2;NaN;NaN;1.761675398E-8;1.990094421E-3;1.755385691E-7;1.982989190E-2;3.614460220E-8;4.083111524E-3;NaN;8.578923170E-3
1.010526316E2;1.122286967E-7;1.270476095E-2;NaN;NaN;1.737682247E-8;1.967129461E-3;2.361262861E-7;2.673048969E-2;3.559010373E-8;4.028949579E-3;NaN;8.597012618E-3
1.009463722E2;1.198284368E-7;1.359365663E-2;NaN;NaN;1.592724916E-8;1.806829513E-3;3.021104339E-7;3.427221129E-2;3.598734807E-8;4.082500497E-3;NaN;8.615121118E-3
1.008403361E2;1.249654894E-7;1.420624693E-2;NaN;NaN;1.352986660E-8;1.538093651E-3;3.634217061E-7;4.131427421E-2;3.727468149E-8;4.237436527E-3;NaN;8.633248669E-3
1.007345226E2;1.262504852E-7;1.438249479E-2;NaN;NaN;1.067139174E-8;1.215688287E-3;4.102199213E-7;4.673238180E-2;3.939643051E-8;4.488053692E-3;NaN;8.651395272E-3
1.006289308E2;1.227350155E-7;1.401136992E-2;NaN;NaN;7.865754707E-9;8.979507473E-4;4.358226007E-7;4.975329699E-2;4.199081840E-8;4.793651489E-3;NaN;8.669560926E-3
1.005235602E2;1.142187576E-7;1.306650813E-2;NaN;NaN;5.480625421E-9;6.269778987E-4;4.382959425E-7;5.014060402E-2;4.427969786E-8;5.065551791E-3;NaN;8.687745632E-3
1.004184100E2;1.013354484E-7;1.161696139E-2;NaN;NaN;3.666309871E-9;4.203009007E-4;4.202036661E-7;4.817159093E-2;4.526417830E-8;5.189025363E-3;NaN;8.705949389E-3
1.003134796E2;8.541540217E-8;9.812404289E-3;NaN;NaN;2.393970211E-9;2.750160155E-4;3.869334134E-7;4.445038001E-2;4.412854891E-8;5.069427194E-3;NaN;8.724172198E-3
1.002087683E2;6.820096993E-8;7.851216209E-3;NaN;NaN;1.549828185E-9;1.784144152E-4;3.445807178E-7;3.966773082E-2;4.060349908E-8;4.674227514E-3;NaN;8.742414059E-3
1.001042753E2;5.148168476E-8;5.938890710E-3;NaN;NaN;1.017508057E-9;1.173790092E-4;2.983162890E-7;3.441355592E-2;3.507940171E-8;4.046734948E-3;NaN;8.760674971E-3
1.000000000E2;3.675567608E-8;4.248956155E-3;NaN;NaN;7.080899218E-10;8.185519497E-5;2.517662302E-7;2.910417622E-2;2.843382310E-8;3.286949951E-3;NaN;8.778954935E-3
9.989594173E1;2.499640617E-8;2.895607656E-3;NaN;NaN;5.485067592E-10;6.353954888E-5;2.072950521E-7;2.401325758E-2;2.169558378E-8;2.513237227E-3;NaN;8.797253950E-3
9.979209979E1;1.658764861E-8;1.925530220E-3;NaN;NaN;4.723629025E-10;5.483291000E-5;1.666110217E-7;1.934056868E-2;1.572020473E-8;1.824835453E-3;NaN;8.815572017E-3
9.968847352E1;1.142256878E-8;1.328714652E-3;NaN;NaN;4.267384430E-10;4.963976428E-5;1.311989949E-7;1.526154320E-2;1.100167937E-8;1.279755268E-3;NaN;8.833909135E-3
9.958506224E1;9.106373286E-9;1.061487501E-3;NaN;NaN;3.852978339E-10;4.491237312E-5;1.024206060E-7;1.193869279E-2;7.661569752E-9;8.930734852E-4;NaN;8.852265305E-3
9.948186528E1;9.166389602E-9;1.070701243E-3;NaN;NaN;3.443360564E-10;4.022096591E-5;8.142036796E-8;9.510493551E-3;5.576854369E-9;6.514173154E-4;NaN;8.870640526E-3
9.937888199E1;1.118551064E-8;1.309258603E-3;NaN;NaN;3.099847921E-10;3.628356977E-5;6.909652798E-8;8.087715132E-3;4.555716884E-9;5.332444546E-4;NaN;8.889034799E-3
9.927611169E1;1.481420731E-8;1.737587701E-3;NaN;NaN;2.914322813E-10;3.418266920E-5;6.641494899E-8;7.789940842E-3;4.459918288E-9;5.231126449E-4;NaN;8.907448124E-3
9.917355372E1;1.970065941E-8;2.315510984E-3;NaN;NaN;3.020297231E-10;3.549897121E-5;7.502248980E-8;8.817745416E-3;5.229708818E-9;6.146722280E-4;NaN;8.925880500E-3
9.907120743E1;2.540736305E-8;2.992419771E-3;NaN;NaN;3.594919171E-10;4.234011684E-5;9.759519891E-8;1.149453417E-2;6.830806341E-9;8.045163878E-4;NaN;8.944331928E-3
9.896907216E1;3.137924299E-8;3.703405769E-3;NaN;NaN;4.813802343E-10;5.681291730E-5;1.371553982E-7;1.618720035E-2;9.177213228E-9;1.083102751E-3;NaN;8.962802407E-3
9.886714727E1;3.699311599E-8;4.374966601E-3;NaN;NaN;6.762899359E-10;7.998098575E-5;1.951779521E-7;2.308259251E-2;1.208342524E-8;1.429038362E-3;NaN;8.981291938E-3
9.876543210E1;4.165875801E-8;4.936898698E-3;NaN;NaN;9.340833270E-10;1.106964053E-4;2.692596866E-7;3.190944377E-2;1.527828225E-8;1.810599628E-3;NaN;8.999800520E-3
9.866392600E1;4.491731676E-8;5.334022623E-3;NaN;NaN;1.220848519E-9;1.449782420E-4;3.518276032E-7;4.178024268E-2;1.848904103E-8;2.195611186E-3;NaN;9.018328154E-3
9.856262834E1;4.649239234E-8;5.532420423E-3;NaN;NaN;1.486598929E-9;1.768997004E-4;4.312679925E-7;5.131927460E-2;2.155105641E-8;2.564494934E-3;NaN;9.036874839E-3
9.846153846E1;4.628678469E-8;5.519269656E-3;NaN;NaN;1.686702503E-9;2.011236254E-4;4.957735804E-7;5.911640000E-2;2.446729047E-8;2.917497397E-3;NaN;9.055440576E-3
9.836065574E1;4.435088262E-8;5.299284922E-3;NaN;NaN;1.804672864E-9;2.156321392E-4;5.385435552E-7;6.434811604E-2;2.734648961E-8;3.267507465E-3;NaN;9.074025365E-3
9.825997953E1;4.085434955E-8;4.891508312E-3;NaN;NaN;1.864348721E-9;2.232192500E-4;5.615724623E-7;6.723730515E-2;3.023255184E-8;3.619756042E-3;NaN;9.092629205E-3
9.815950920E1;3.607782032E-8;4.328459605E-3;NaN;NaN;1.929408473E-9;2.314820176E-4;5.754464951E-7;6.903956189E-2;3.292843723E-8;3.950610351E-3;NaN;9.111252096E-3
9.805924413E1;3.041711426E-8;3.656779392E-3;NaN;NaN;2.094860992E-9;2.518465243E-4;5.945109112E-7;7.147276463E-2;3.494782158E-8;4.201466078E-3;NaN;9.129894039E-3
9.795918367E1;2.437459043E-8;2.936329892E-3;NaN;NaN;2.466295451E-9;2.971068202E-4;6.294307641E-7;7.582553533E-2;3.565851238E-8;4.295668315E-3;NaN;9.148555034E-3
9.785932722E1;1.850759100E-8;2.234103434E-3;NaN;NaN;3.121198438E-9;3.767686540E-4;6.808359900E-7;8.218562986E-2;3.456157500E-8;4.172025057E-3;NaN;9.167235080E-3
9.775967413E1;1.333630420E-8;1.613146599E-3;NaN;NaN;4.062996779E-9;4.914562037E-4;7.374007143E-7;8.919528501E-2;3.155522979E-8;3.816890410E-3;NaN;9.185934178E-3
9.766022380E1;9.255111007E-9;1.121770554E-3;NaN;NaN;5.192314805E-9;6.293372225E-4;7.796249691E-7;9.449485077E-2;2.703265903E-8;3.276507529E-3;NaN;9.204652327E-3
9.756097561E1;6.490819956E-9;7.883246880E-4;NaN;NaN;6.319634283E-9;7.675338029E-4;7.877891951E-7;9.567877027E-2;2.175556851E-8;2.642262745E-3;NaN;9.223389528E-3
9.746192893E1;5.096700299E-9;6.202644999E-4;NaN;NaN;7.222599410E-9;8.789847839E-4;7.503427336E-7;9.131613262E-2;1.657137435E-8;2.016723492E-3;NaN;9.242145781E-3
9.736308316E1;4.956098135E-9;6.043786233E-4;NaN;NaN;7.727137818E-9;9.422971034E-4;6.687915349E-7;8.155676021E-2;1.213429778E-8;1.479734660E-3;NaN;9.260921085E-3
9.726443769E1;5.789251590E-9;7.074114695E-4;NaN;NaN;7.772418522E-9;9.497424535E-4;5.570738904E-7;6.807105432E-2;8.772442345E-9;1.071939306E-3;NaN;9.279715440E-3
9.716599190E1;7.181840143E-9;8.793565267E-4;NaN;NaN;7.422103677E-9;9.087747959E-4;4.362819441E-7;5.341909140E-2;6.537026762E-9;8.004044972E-4;NaN;9.298528847E-3
9.706774520E1;8.647860310E-9;1.061003012E-3;NaN;NaN;6.813721309E-9;8.359731281E-4;3.274144977E-7;4.017037232E-2;5.351834485E-9;6.566147356E-4;NaN;9.317361306E-3
9.696969697E1;9.729709237E-9;1.196149930E-3;NaN;NaN;6.082455278E-9;7.477642216E-4;2.451386852E-7;3.013683287E-2;5.135431504E-9;6.313391166E-4;NaN;9.336212816E-3
9.687184662E1;1.012257820E-8;1.246963719E-3;NaN;NaN;5.314099823E-9;6.546246959E-4;1.946749610E-7;2.398130284E-2;5.825668132E-9;7.176429417E-4;NaN;9.355083378E-3
9.677419355E1;9.779201979E-9;1.207096883E-3;NaN;NaN;4.552760253E-9;5.619704677E-4;1.723533975E-7;2.127446077E-2;7.316384447E-9;9.030987272E-4;NaN;9.373972991E-3
9.667673716E1;8.930201318E-9;1.104523892E-3;NaN;NaN;3.842603621E-9;4.752689615E-4;1.689030625E-7;2.089062287E-2;9.375835423E-9;1.159641744E-3;NaN;9.392881656E-3
9.657947686E1;7.984768533E-9;9.895789940E-4;NaN;NaN;3.256685900E-9;4.036119449E-4;1.738231973E-7;2.154248856E-2;1.162245484E-8;1.440409590E-3;NaN;9.411809373E-3
9.648241206E1;7.349598575E-9;9.126939016E-4;NaN;NaN;2.883237269E-9;3.580485445E-4;1.793360033E-7;2.227045122E-2;1.360897849E-8;1.690001372E-3;NaN;9.430756141E-3
9.638554217E1;7.256217599E-9;9.029097499E-4;NaN;NaN;2.778539332E-9;3.457407691E-4;1.830126959E-7;2.277273872E-2;1.498934924E-8;1.865163136E-3;NaN;9.449721960E-3
9.628886660E1;7.673810931E-9;9.567903344E-4;NaN;NaN;2.921677026E-9;3.642821493E-4;1.884634261E-7;2.349810102E-2;1.566728031E-8;1.953436500E-3;NaN;9.468706831E-3
9.619238477E1;8.332733077E-9;1.041031620E-3;NaN;NaN;3.206041486E-9;4.005397187E-4;2.038592803E-7;2.546870935E-2;1.581357917E-8;1.975634620E-3;NaN;9.487710754E-3
9.609609610E1;8.844179354E-9;1.107143426E-3;NaN;NaN;3.480430814E-9;4.356917631E-4;2.385794246E-7;2.986615615E-2;1.574270621E-8;1.970723681E-3;NaN;9.506733728E-3
9.600000000E1;8.874226583E-9;1.113129984E-3;NaN;NaN;3.619767023E-9;4.540419573E-4;2.990030599E-7;3.750515812E-2;1.573652696E-8;1.973895960E-3;NaN;9.525775754E-3
9.590409590E1;8.296433168E-9;1.042737379E-3;NaN;NaN;3.583190389E-9;4.503533603E-4;3.849292050E-7;4.837983532E-2;1.592245358E-8;2.001213917E-3;NaN;9.544836831E-3
9.580838323E1;7.244172304E-9;9.123040076E-4;NaN;NaN;3.428396267E-9;4.317594229E-4;4.880318851E-7;6.146091312E-2;1.626688510E-8;2.048590762E-3;NaN;9.563916960E-3
9.571286142E1;6.049398556E-9;7.633600583E-4;NaN;NaN;3.284475189E-9;4.144605697E-4;5.930581170E-7;7.483667584E-2;1.671167923E-8;2.108809382E-3;NaN;9.583016140E-3
9.561752988E1;5.131195215E-9;6.487857931E-4;NaN;NaN;3.311502415E-9;4.187047326E-4;6.815049303E-7;8.616914737E-2;1.740314857E-8;2.200445524E-3;NaN;9.602134372E-3
9.552238806E1;4.901238007E-9;6.209452141E-4;NaN;NaN;3.675284372E-9;4.656273044E-4;7.365505805E-7;9.331470075E-2;1.884671233E-8;2.387718329E-3;NaN;9.621271656E-3
9.542743539E1;5.693482162E-9;7.227519861E-4;NaN;NaN;4.533972308E-9;5.755594551E-4;7.475227908E-7;9.489334757E-2;2.180292381E-8;2.767744948E-3;NaN;9.640427991E-3
9.533267130E1;7.696309545E-9;9.789417163E-4;NaN;NaN;6.009606644E-9;7.643994318E-4;7.124158938E-7;9.061663044E-2;2.688860193E-8;3.420129345E-3;NaN;9.659603377E-3
9.523809524E1;1.088304616E-8;1.387033350E-3;NaN;NaN;8.129524710E-9;1.036099795E-3;6.378672436E-7;8.129554233E-2;3.409337912E-8;4.345167076E-3;NaN;9.678797816E-3
9.514370664E1;1.498204101E-8;1.913236607E-3;NaN;NaN;1.076271232E-8;1.374419893E-3;5.369038731E-7;6.856369864E-2;4.253037572E-8;5.431214058E-3;NaN;9.698011305E-3
9.504950495E1;1.954296264E-8;2.500624704E-3;NaN;NaN;1.361464200E-8;1.742064945E-3;4.253810848E-7;5.442974378E-2;5.063616633E-8;6.479163410E-3;NaN;9.717243847E-3
9.495548961E1;2.413650047E-8;3.094510649E-3;NaN;NaN;1.632711393E-8;2.093278932E-3;3.183225796E-7;4.081174127E-2;5.680169352E-8;7.282474346E-3;NaN;9.736495439E-3
9.486166008E1;2.862295505E-8;3.676976562E-3;NaN;NaN;1.865451780E-8;2.396406122E-3;2.271949448E-7;2.918603217E-2;6.014557317E-8;7.726451111E-3;NaN;9.755766084E-3
9.476801579E1;3.330187378E-8;4.286500998E-3;NaN;NaN;2.060208552E-8;2.651828564E-3;1.586179182E-7;2.041674499E-2;6.098678128E-8;7.850005695E-3;NaN;9.775055780E-3
9.467455621E1;3.876347832E-8;4.999355477E-3;NaN;NaN;2.240590926E-8;2.889707271E-3;1.143978186E-7;1.475397426E-2;6.068680851E-8;7.826824156E-3;NaN;9.794364527E-3
9.458128079E1;4.542297629E-8;5.869796433E-3;NaN;NaN;2.432363728E-8;3.143228626E-3;9.240239576E-8;1.194072466E-2;6.090070893E-8;7.869910632E-3;NaN;9.813692326E-3
9.448818898E1;5.299047873E-8;6.861208658E-3;NaN;NaN;2.635863209E-8;3.412916415E-3;8.783374428E-8;1.137271565E-2;6.267141855E-8;8.114697014E-3;NaN;9.833039177E-3
9.439528024E1;6.024490141E-8;7.815874403E-3;NaN;NaN;2.811917307E-8;3.648041907E-3;9.451195165E-8;1.226151137E-2;6.589156493E-8;8.548444492E-3;NaN;9.852405079E-3
9.430255403E1;6.533839454E-8;8.493357076E-3;NaN;NaN;2.894419628E-8;3.762464567E-3;1.060059552E-7;1.377974522E-2;6.938876672E-8;9.019866145E-3;NaN;9.871790032E-3
9.421000981E1;6.652926665E-8;8.665157725E-3;NaN;NaN;2.824098793E-8;3.678270137E-3;1.165914442E-7;1.518554622E-2;7.151610010E-8;9.314671851E-3;NaN;9.891194038E-3
9.411764706E1;6.296081600E-8;8.216484864E-3;NaN;NaN;2.582591936E-8;3.370322829E-3;1.221002273E-7;1.593427044E-2;7.089008524E-8;9.251266890E-3;NaN;9.910617094E-3
9.402546523E1;5.506454217E-8;7.200105912E-3;NaN;NaN;2.205216246E-8;2.883487250E-3;1.206024233E-7;1.576968021E-2;6.692048764E-8;8.750360572E-3;NaN;9.930059203E-3
9.393346380E1;4.438364387E-8;5.814871398E-3;NaN;NaN;1.765342893E-8;2.312843426E-3;1.127057829E-7;1.476601685E-2;5.993301760E-8;7.852054484E-3;NaN;9.949520363E-3
9.384164223E1;3.294598460E-8;4.324830853E-3;NaN;NaN;1.341673924E-8;1.761220024E-3;1.012223460E-7;1.328749255E-2;5.092281981E-8;6.684656260E-3;NaN;9.969000574E-3
9.375000000E1;2.253939372E-8;2.964541342E-3;NaN;NaN;9.885763517E-9;1.300245917E-3;9.013499247E-8;1.185519517E-2;4.114394046E-8;5.411543629E-3;NaN;9.988499837E-3
9.365853659E1;1.423892748E-8;1.876464605E-3;NaN;NaN;7.249359343E-9;9.553504810E-4;8.315586726E-8;1.095862324E-2;3.174354362E-8;4.183295134E-3;NaN;1.000801815E-2
9.356725146E1;8.329511962E-9;1.099840343E-3;NaN;NaN;5.425195074E-9;7.163503020E-4;8.240918843E-8;1.088142384E-2;2.354649577E-8;3.109112045E-3;NaN;1.002755552E-2
9.347614411E1;4.529419885E-9;5.992372986E-4;NaN;NaN;4.226892455E-9;5.592132505E-4;8.773696357E-8;1.160750436E-2;1.697705282E-8;2.246045527E-3;NaN;1.004711194E-2
9.338521401E1;2.305903565E-9;3.056629063E-4;NaN;NaN;3.488662930E-9;4.624455533E-4;9.685116080E-8;1.283826771E-2;1.208711563E-8;1.602227841E-3;NaN;1.006668740E-2
9.329446064E1;1.120742303E-9;1.488510431E-4;NaN;NaN;3.095671648E-9;4.111506746E-4;1.062296825E-7;1.410886250E-2;8.669183833E-9;1.151394975E-3;NaN;1.008628193E-2
9.320388350E1;5.498894372E-10;7.317541512E-5;NaN;NaN;2.959502573E-9;3.938297677E-4;1.123853630E-7;1.495545292E-2;6.404008865E-9;8.522004160E-4;NaN;1.010589550E-2
9.311348206E1;3.080302493E-10;4.107012890E-5;NaN;NaN;2.997876780E-9;3.997113467E-4;1.130114370E-7;1.506798210E-2;4.983283702E-9;6.644285892E-4;NaN;1.012552812E-2
9.302325581E1;2.326921965E-10;3.108540870E-5;NaN;NaN;3.141767993E-9;4.197095717E-4;1.075895967E-7;1.437292112E-2;4.172064079E-9;5.573470834E-4;NaN;1.014517980E-2
9.293320426E1;2.538964847E-10;3.398385946E-5;NaN;NaN;3.346113490E-9;4.478748522E-4;9.734203948E-8;1.302916105E-2;3.834465068E-9;5.132403551E-4;NaN;1.016485052E-2
9.284332689E1;3.734328063E-10;5.008052971E-5;NaN;NaN;3.584821286E-9;4.807551610E-4;8.473506907E-8;1.136369669E-2;3.960513734E-9;5.311387280E-4;NaN;1.018454030E-2
9.275362319E1;6.536855807E-10;8.783446752E-5;NaN;NaN;3.828248763E-9;5.143943841E-4;7.281636037E-8;9.784193546E-3;4.689840411E-9;6.301647878E-4;NaN;1.020424913E-2
9.266409266E1;1.214379230E-9;1.634892531E-4;NaN;NaN;4.020797634E-9;5.413113017E-4;6.457364548E-8;8.693410431E-3;6.284206483E-9;8.460291467E-4;NaN;1.022397701E-2
9.257473481E1;2.226080552E-9;3.002712530E-4;NaN;NaN;4.083179077E-9;5.507713082E-4;6.231406046E-8;8.405410576E-3;9.003520258E-9;1.214465625E-3;NaN;1.024372395E-2
9.248554913E1;3.883406633E-9;5.248351858E-4;NaN;NaN;3.945984653E-9;5.332924888E-4;6.703426781E-8;9.059556652E-3;1.291460864E-8;1.745385344E-3;NaN;1.026348993E-2
9.239653513E1;6.354776183E-9;8.604917727E-4;NaN;NaN;3.593159436E-9;4.865449299E-4;7.789094732E-8;1.054710936E-2;1.772118863E-8;2.399602532E-3;NaN;1.028327497E-2
9.230769231E1;9.711257345E-9;1.317520889E-3;NaN;NaN;3.081241610E-9;4.180303374E-4;9.206493860E-8;1.249039907E-2;2.271685537E-8;3.081983147E-3;NaN;1.030307906E-2
9.221902017E1;1.386778181E-8;1.885054136E-3;NaN;NaN;2.517765244E-9;3.422410196E-4;1.053192850E-7;1.431610019E-2;2.692857247E-8;3.660413583E-3;NaN;1.032290219E-2
9.213051823E1;1.856310549E-8;2.528141854E-3;NaN;NaN;2.014598261E-9;2.743716663E-4;1.132690001E-7;1.542630354E-2;2.943390186E-8;4.008654654E-3;NaN;1.034274439E-2
9.204218600E1;2.340003679E-8;3.193011812E-3;NaN;NaN;1.646304142E-9;2.246436028E-4;1.129373578E-7;1.541067310E-2;2.972063355E-8;4.055477982E-3;NaN;1.036260563E-2
9.195402299E1;2.792940210E-8;3.818369954E-3;NaN;NaN;1.433058326E-9;1.959206586E-4;1.038698307E-7;1.420057039E-2;2.789304889E-8;3.813399923E-3;NaN;1.038248592E-2
9.186602871E1;3.174231713E-8;4.347970364E-3;NaN;NaN;1.349448704E-9;1.848435623E-4;8.823405495E-8;1.208604445E-2;2.460072945E-8;3.369736435E-3;NaN;1.040238527E-2
9.177820268E1;3.453374545E-8;4.739389701E-3;NaN;NaN;1.348040011E-9;1.850041710E-4;6.988039969E-8;9.590342500E-3;2.073882555E-8;2.846183493E-3;NaN;1.042230366E-2
9.169054441E1;3.612482760E-8;4.967232799E-3;NaN;NaN;1.383670647E-9;1.902573570E-4;5.290423117E-8;7.274432841E-3;1.710308998E-8;2.351707541E-3;NaN;1.044224111E-2
9.160305344E1;3.645207444E-8;5.021808897E-3;NaN;NaN;1.425752975E-9;1.964184229E-4;4.041227790E-8;5.567385117E-3;1.416936307E-8;1.952037974E-3;NaN;1.046219761E-2
9.151572927E1;3.554613612E-8;4.906352465E-3;NaN;NaN;1.454211367E-9;2.007214933E-4;3.392718493E-8;4.682892307E-3;1.206025141E-8;1.664649121E-3;NaN;1.048217317E-2
9.142857143E1;3.351798865E-8;4.635236692E-3;NaN;NaN;1.451278383E-9;2.006987616E-4;3.340270995E-8;4.619294683E-3;1.065586815E-8;1.473610829E-3;NaN;1.050216777E-2
9.134157945E1;3.055833614E-8;4.233996590E-3;NaN;NaN;1.404216073E-9;1.945605296E-4;3.756178676E-8;5.204356557E-3;9.751540013E-9;1.351120263E-3;NaN;1.052218142E-2
9.125475285E1;2.694235539E-8;3.740093058E-3;NaN;NaN;1.316613729E-9;1.827701326E-4;4.432097628E-8;6.152564366E-3;9.165025477E-9;1.272273625E-3;NaN;1.054221413E-2
9.116809117E1;2.302768736E-8;3.202745538E-3;NaN;NaN;1.208559583E-9;1.680893419E-4;5.124576118E-8;7.127382374E-3;8.755893339E-9;1.217790475E-3;NaN;1.056226589E-2
9.108159393E1;1.924014157E-8;2.681049628E-3;NaN;NaN;1.104614534E-9;1.539243552E-4;5.608171786E-8;7.814800541E-3;8.405871671E-9;1.171330212E-3;NaN;1.058233670E-2
9.099526066E1;1.605437345E-8;2.241370483E-3;NaN;NaN;1.025236731E-9;1.431345393E-4;5.731918682E-8;8.002400957E-3;8.041813056E-9;1.122727241E-3;NaN;1.060242656E-2
9.090909091E1;1.395630288E-8;1.952151822E-3;NaN;NaN;9.851633197E-10;1.378007045E-4;5.462614222E-8;7.640886270E-3;7.710296323E-9;1.078485408E-3;NaN;1.062253547E-2
9.082308420E1;1.336145174E-8;1.872487771E-3;NaN;NaN;9.906243487E-10;1.388271286E-4;4.890704027E-8;6.853883590E-3;7.625499997E-9;1.068645516E-3;NaN;1.064266344E-2
9.073724008E1;1.448186460E-8;2.033345533E-3;NaN;NaN;1.035444156E-9;1.453829191E-4;4.188196814E-8;5.880493652E-3;8.114205266E-9;1.139285823E-3;NaN;1.066281045E-2
9.065155807E1;1.718846705E-8;2.417933955E-3;NaN;NaN;1.104735551E-9;1.554052257E-4;3.537182678E-8;4.975821333E-3;9.456635936E-9;1.330282745E-3;NaN;1.068297652E-2
9.056603774E1;2.094426420E-8;2.951835872E-3;NaN;NaN;1.185031839E-9;1.670156306E-4;3.067531648E-8;4.323307742E-3;1.169696953E-8;1.648543674E-3;NaN;1.070316164E-2
9.048067861E1;2.488922721E-8;3.514451450E-3;NaN;NaN;1.268347532E-9;1.790953887E-4;2.831010936E-8;3.997492732E-3;1.451910387E-8;2.050151466E-3;NaN;1.072336581E-2
9.039548023E1;2.807988471E-8;3.972461729E-3;NaN;NaN;1.347530051E-9;1.906350974E-4;2.810656615E-8;3.976236352E-3;1.727098064E-8;2.443325900E-3;NaN;1.074358903E-2
9.031044214E1;2.982277232E-8;4.226977245E-3;NaN;NaN;1.414939895E-9;2.005487174E-4;2.945479075E-8;4.174820803E-3;1.916544005E-8;2.716443600E-3;NaN;1.076383130E-2
9.022556391E1;2.995255055E-8;4.253362852E-3;NaN;NaN;1.468333029E-9;2.085082254E-4;3.153677070E-8;4.478327438E-3;1.958561002E-8;2.781222452E-3;NaN;1.078409263E-2
9.014084507E1;2.891327294E-8;4.113503200E-3;NaN;NaN;1.515149617E-9;2.155609574E-4;3.349325427E-8;4.765099023E-3;1.834069351E-8;2.609337989E-3;NaN;1.080437300E-2
9.005628518E1;2.757276804E-8;3.930159216E-3;NaN;NaN;1.566251837E-9;2.232499502E-4;3.456287880E-8;4.926513597E-3;1.573358915E-8;2.242629769E-3;NaN;1.082467243E-2
8.997188379E1;2.684787507E-8;3.834017803E-3;NaN;NaN;1.626806324E-9;2.323165015E-4;3.423919506E-8;4.889537182E-3;1.242059806E-8;1.773726746E-3;NaN;1.084499091E-2
8.988764045E1;2.730511798E-8;3.906626852E-3;NaN;NaN;1.693104856E-9;2.422376968E-4;3.242952158E-8;4.639790968E-3;9.155790220E-9;1.309946946E-3;NaN;1.086532844E-2
8.980355472E1;2.891797851E-8;4.145135283E-3;NaN;NaN;1.754024109E-9;2.514237715E-4;2.953817461E-8;4.234034884E-3;6.549547034E-9;9.388193747E-4;NaN;1.088568503E-2
8.971962617E1;3.108128787E-8;4.463565674E-3;NaN;NaN;1.792688703E-9;2.574469820E-4;2.637250450E-8;3.787340033E-3;4.926331508E-9;7.074676027E-4;NaN;1.090606066E-2
8.963585434E1;3.286695444E-8;4.728830772E-3;NaN;NaN;1.790313088E-9;2.575866176E-4;2.388759015E-8;3.436898042E-3;4.310222035E-9;6.201460081E-4;NaN;1.092645535E-2
8.955223881E1;3.339856032E-8;4.814294852E-3;NaN;NaN;1.736986980E-9;2.503810762E-4;2.291763171E-8;3.303502765E-3;4.504518461E-9;6.493118216E-4;NaN;1.094686908E-2
8.946877912E1;3.217502158E-8;4.646582568E-3;NaN;NaN;1.638540694E-9;2.366312205E-4;2.404440058E-8;3.472392157E-3;5.200317645E-9;7.510082086E-4;NaN;1.096730187E-2
8.938547486E1;2.921251152E-8;4.226616338E-3;NaN;NaN;1.512029976E-9;2.187682697E-4;2.759753829E-8;3.992953708E-3;6.061060497E-9;8.769453904E-4;NaN;1.098775371E-2
8.930232558E1;2.497799925E-8;3.620678347E-3;NaN;NaN;1.375666427E-9;1.994093120E-4;3.363928049E-8;4.876171756E-3;6.783687703E-9;9.833274046E-4;NaN;1.100822461E-2
8.921933086E1;2.018579274E-8;2.931471798E-3;NaN;NaN;1.244438622E-9;1.807229854E-4;4.183464869E-8;6.075416229E-3;7.156832678E-9;1.039347497E-3;NaN;1.102871455E-2
8.913649025E1;1.556657046E-8;2.264851419E-3;NaN;NaN;1.129332951E-9;1.643118080E-4;5.129485901E-8;7.463123271E-3;7.118792752E-9;1.035745665E-3;NaN;1.104922354E-2
8.905380334E1;1.170518580E-8;1.706204966E-3;NaN;NaN;1.035407730E-9;1.509260801E-4;6.060974616E-8;8.834772178E-3;6.777461402E-9;9.879158259E-4;NaN;1.106975159E-2
8.897126969E1;8.976355790E-9;1.310866049E-3;NaN;NaN;9.598811403E-10;1.401766627E-4;6.824871061E-8;9.966730343E-3;6.367394148E-9;9.298651929E-4;NaN;1.109029869E-2
8.888888889E1;7.559996535E-9;1.106074743E-3;NaN;NaN;8.958669677E-10;1.310709365E-4;7.327121569E-8;1.072003680E-2;6.156876414E-9;9.007894998E-4;NaN;1.111086484E-2
8.880666050E1;7.484432515E-9;1.097048007E-3;NaN;NaN;8.373122237E-10;1.227309758E-4;7.601473611E-8;1.114203576E-2;6.345367047E-9;9.300868514E-4;NaN;1.113145004E-2
8.872458410E1;8.651346079E-9;1.270438291E-3;NaN;NaN;7.804036931E-10;1.146012106E-4;7.827574222E-8;1.149468525E-2;6.990700467E-9;1.026574763E-3;NaN;1.115205429E-2
8.864265928E1;1.084751412E-8;1.595888353E-3;NaN;NaN;7.233233966E-10;1.064154766E-4;8.270153874E-8;1.216706621E-2;7.989700094E-9;1.175446207E-3;NaN;1.117267760E-2
8.856088561E1;1.376640217E-8;2.029057644E-3;NaN;NaN;6.671005825E-10;9.832529370E-5;9.158441182E-8;1.349881026E-2;9.115162320E-9;1.343502068E-3;NaN;1.119331995E-2
8.847926267E1;1.707156592E-8;2.520856962E-3;NaN;NaN;6.166487789E-10;9.105687052E-5;1.056468192E-7;1.560023966E-2;1.009045034E-8;1.489996999E-3;NaN;1.121398136E-2
8.839779006E1;2.047810903E-8;3.029457537E-3;NaN;NaN;5.784361194E-10;8.557175170E-5;1.234815306E-7;1.826741194E-2;1.067351815E-8;1.579001750E-3;NaN;1.123466182E-2
8.831646734E1;2.382795656E-8;3.531516631E-3;NaN;NaN;5.578334737E-10;8.267591830E-5;1.419412016E-7;2.103695769E-2;1.072484996E-8;1.589518845E-3;NaN;1.125536133E-2
8.823529412E1;2.711854753E-8;4.026610148E-3;NaN;NaN;5.588238915E-10;8.297516487E-5;1.572872671E-7;2.335429305E-2;1.023939297E-8;1.520363272E-3;NaN;1.127607989E-2
8.815426997E1;3.047052483E-8;4.532638279E-3;NaN;NaN;5.859680112E-10;8.716558223E-5;1.665440438E-7;2.477423387E-2;9.338549765E-9;1.389154548E-3;NaN;1.129681751E-2
8.807339450E1;3.405041952E-8;5.074471655E-3;NaN;NaN;6.435140032E-10;9.590171324E-5;1.684316244E-7;2.510105648E-2;8.227956902E-9;1.226197347E-3;NaN;1.131757417E-2
8.799266728E1;3.797386720E-8;5.669564448E-3;NaN;NaN;7.313616175E-10;1.091935621E-4;1.635259964E-7;2.441471581E-2;7.140906580E-9;1.066149778E-3;NaN;1.133834989E-2
8.791208791E1;4.222841835E-8;6.316339428E-3;NaN;NaN;8.458971859E-10;1.265255474E-4;1.537000266E-7;2.298976794E-2;6.281627407E-9;9.395779528E-4;NaN;1.135914466E-2
8.783165599E1;4.662818497E-8;6.987216538E-3;NaN;NaN;9.880129942E-10;1.480533874E-4;1.412367745E-7;2.116427923E-2;5.791954468E-9;8.679222679E-4;NaN;1.137995848E-2
8.775137112E1;5.080421441E-8;7.626929856E-3;NaN;NaN;1.170225667E-9;1.756789113E-4;1.281134314E-7;1.923289567E-2;5.751373196E-9;8.634189200E-4;NaN;1.140079135E-2
8.767123288E1;5.422973534E-8;8.156072756E-3;NaN;NaN;1.412573309E-9;2.124489564E-4;1.158007523E-7;1.741626352E-2;6.191917032E-9;9.312552515E-4;NaN;1.142164327E-2
8.759124088E1;5.629604011E-8;8.482313581E-3;NaN;NaN;1.727090253E-9;2.602264933E-4;1.055911189E-7;1.590976879E-2;7.094200248E-9;1.068906996E-3;NaN;1.144251425E-2
8.751139471E1;5.646500325E-8;8.523304038E-3;NaN;NaN;2.101957311E-9;3.172871726E-4;9.908983000E-8;1.495745505E-2;8.358129331E-9;1.261646566E-3;NaN;1.146340427E-2
8.743169399E1;5.448870435E-8;8.239987056E-3;NaN;NaN;2.498584100E-9;3.778452964E-4;9.834080487E-8;1.487146683E-2;9.780939717E-9;1.479110535E-3;NaN;1.148431335E-2
8.735213831E1;5.061486330E-8;7.668118596E-3;NaN;NaN;2.865151155E-9;4.340685210E-4;1.052556638E-7;1.594616404E-2;1.108449251E-8;1.679293346E-3;NaN;1.150524148E-2
8.727272727E1;4.564957948E-8;6.928472851E-3;NaN;NaN;3.159003509E-9;4.794583059E-4;1.205039161E-7;1.828950279E-2;1.199622189E-8;1.820728660E-3;NaN;1.152618866E-2
8.719346049E1;4.078043260E-8;6.200715912E-3;NaN;NaN;3.362755686E-9;5.113112186E-4;1.424905250E-7;2.166586300E-2;1.234962624E-8;1.877776154E-3;NaN;1.154715489E-2
8.711433757E1;3.717939387E-8;5.663447283E-3;NaN;NaN;3.482701190E-9;5.305114617E-4;1.671655053E-7;2.546391772E-2;1.215131174E-8;1.850979973E-3;NaN;1.156814018E-2
8.703535811E1;3.554103076E-8;5.423709397E-3;NaN;NaN;3.532684595E-9;5.391023902E-4;1.890570649E-7;2.885089592E-2;1.156331812E-8;1.764610530E-3;NaN;1.158914451E-2
8.695652174E1;3.578229618E-8;5.470433222E-3;NaN;NaN;3.519631784E-9;5.380848268E-4;2.032022971E-7;3.106577038E-2;1.080531856E-8;1.651927907E-3;NaN;1.161016790E-2
8.687782805E1;3.707642452E-8;5.678554133E-3;NaN;NaN;3.446858098E-9;5.279141812E-4;2.070226467E-7;3.170719187E-2;1.003849645E-8;1.537476880E-3;NaN;1.163121034E-2
8.679927667E1;3.821016632E-8;5.862792856E-3;NaN;NaN;3.332456341E-9;5.113168331E-4;2.011685014E-7;3.086637318E-2;9.314934859E-9;1.429240927E-3;NaN;1.165227183E-2
8.672086721E1;3.809022877E-8;5.854963484E-3;NaN;NaN;3.223115015E-9;4.954346909E-4;1.889025407E-7;2.903677698E-2;8.620196174E-9;1.325036248E-3;NaN;1.167335237E-2
8.664259928E1;3.615257340E-8;5.567165156E-3;NaN;NaN;3.187007802E-9;4.907700094E-4;1.744054030E-7;2.685683456E-2;7.963927607E-9;1.226371904E-3;NaN;1.169445197E-2
8.656447250E1;3.250361299E-8;5.014297516E-3;NaN;NaN;3.284070892E-9;5.066300944E-4;1.609342496E-7;2.482715409E-2;7.444377081E-9;1.148436068E-3;NaN;1.171557061E-2
8.648648649E1;2.779109037E-8;4.295037025E-3;NaN;NaN;3.530514132E-9;5.456313053E-4;1.497105487E-7;2.313735593E-2;7.238489057E-9;1.118688691E-3;NaN;1.173670831E-2
8.640864086E1;2.292130726E-8;3.548810985E-3;NaN;NaN;3.881655524E-9;6.009806337E-4;1.399423405E-7;2.166669246E-2;7.532320112E-9;1.166197898E-3;NaN;1.175786505E-2
8.633093525E1;1.878734586E-8;2.914005540E-3;NaN;NaN;4.255587855E-9;6.600616540E-4;1.297598422E-7;2.012636067E-2;8.445118289E-9;1.309877492E-3;NaN;1.177904085E-2
8.625336927E1;1.610344995E-8;2.502215008E-3;NaN;NaN;4.585581015E-9;7.125249352E-4;1.174510729E-7;1.824999227E-2;9.993749723E-9;1.552866660E-3;NaN;1.180023570E-2
8.617594255E1;1.532625275E-8;2.385732425E-3;NaN;NaN;4.863229813E-9;7.570255587E-4;1.023748774E-7;1.593599352E-2;1.210293605E-8;1.883980868E-3;NaN;1.182144961E-2
8.609865471E1;1.659269637E-8;2.587510191E-3;NaN;NaN;5.135417864E-9;8.008310259E-4;8.522192793E-8;1.328973918E-2;1.462208654E-8;2.280207934E-3;NaN;1.184268256E-2
8.602150538E1;1.963918036E-8;3.068083081E-3;NaN;NaN;5.455629737E-9;8.522924576E-4;6.767278564E-8;1.057201598E-2;1.731374102E-8;2.704796989E-3;NaN;1.186393457E-2
8.594449418E1;2.375929051E-8;3.718392085E-3;NaN;NaN;5.822830477E-9;9.112884391E-4;5.171251001E-8;8.093145200E-3;1.982636116E-8;3.102878194E-3;NaN;1.188520562E-2
8.586762075E1;2.788441912E-8;4.371802931E-3;NaN;NaN;6.149102838E-9;9.640748009E-4;3.892342938E-8;6.102532096E-3;2.170585308E-8;3.403108801E-3;NaN;1.190649573E-2
8.579088472E1;3.083112694E-8;4.842447718E-3;NaN;NaN;6.283354430E-9;9.868862521E-4;2.999930292E-8;4.711798443E-3;2.249093429E-8;3.532507054E-3;NaN;1.192780489E-2
8.571428571E1;3.165579017E-8;4.980862717E-3;NaN;NaN;6.084564784E-9;9.573724657E-4;2.463605935E-8;3.876347072E-3;2.187332121E-8;3.441645575E-3;NaN;1.194913311E-2
8.563782337E1;2.997476633E-8;4.724788792E-3;NaN;NaN;5.501537729E-9;8.671828669E-4;2.179512116E-8;3.435467788E-3;1.983966765E-8;3.127238368E-3;NaN;1.197048037E-2
8.556149733E1;2.609366704E-8;4.120369828E-3;NaN;NaN;4.606282409E-9;7.273637326E-4;2.018084025E-8;3.186693733E-3;1.671216161E-8;2.638965475E-3;NaN;1.199184668E-2
8.548530721E1;2.087188617E-8;3.301692157E-3;NaN;NaN;3.562946875E-9;5.636171861E-4;1.871690883E-8;2.960799546E-3;1.305189511E-8;2.064659580E-3;NaN;1.201323205E-2
8.540925267E1;1.539685825E-8;2.439945366E-3;NaN;NaN;2.556258971E-9;4.050912290E-4;1.684900586E-8;2.670067691E-3;9.470361125E-9;1.500771350E-3;NaN;1.203463647E-2
8.533333333E1;1.063558947E-8;1.688425794E-3;NaN;NaN;1.722877727E-9;2.735110453E-4;1.461234548E-8;2.319745519E-3;6.443088725E-9;1.022856065E-3;NaN;1.205605994E-2
8.525754885E1;7.225684563E-9;1.149135252E-3;NaN;NaN;1.118631743E-9;1.779013682E-4;1.250609845E-8;1.988904783E-3;4.211888866E-9;6.698368757E-4;NaN;1.207750246E-2
8.518189885E1;5.447359778E-9;8.678591764E-4;NaN;NaN;7.271746282E-10;1.158515684E-4;1.124550829E-8;1.791605101E-3;2.799872096E-9;4.460683322E-4;NaN;1.209896403E-2
8.510638298E1;5.317410973E-9;8.486601206E-4;NaN;NaN;4.960460010E-10;7.916906578E-5;1.147190404E-8;1.830918752E-3;2.094288745E-9;3.342490072E-4;NaN;1.212044466E-2
8.503100089E1;6.695651437E-9;1.070523213E-3;NaN;NaN;3.724086220E-10;5.954193977E-5;1.353156330E-8;2.163471734E-3;1.939167002E-9;3.100405255E-4;NaN;1.214194433E-2
8.495575221E1;9.330358410E-9;1.494412810E-3;NaN;NaN;3.198078403E-10;5.122256963E-5;1.738414373E-8;2.784361109E-3;2.193284905E-9;3.512912275E-4;NaN;1.216346306E-2
8.488063660E1;1.284065841E-8;2.060287705E-3;NaN;NaN;3.143488258E-10;5.043736856E-5;2.268372988E-8;3.639611636E-3;2.743732501E-9;4.402327479E-4;NaN;1.218500084E-2
8.480565371E1;1.669376968E-8;2.683259274E-3;NaN;NaN;3.369648854E-10;5.416177238E-5;2.901870575E-8;4.664297687E-3;3.492762228E-9;5.614062503E-4;NaN;1.220655767E-2
8.473080318E1;2.024940028E-8;3.260523638E-3;NaN;NaN;3.701784259E-10;5.960549406E-5;3.627093336E-8;5.840283365E-3;4.343592259E-9;6.993977618E-4;NaN;1.222813355E-2
8.465608466E1;2.288452182E-8;3.691333799E-3;NaN;NaN;4.002770662E-10;6.456574776E-5;4.497306935E-8;7.254274844E-3;5.202433217E-9;8.391662155E-4;NaN;1.224972849E-2
8.458149780E1;2.414815960E-8;3.902034713E-3;NaN;NaN;4.188960489E-10;6.768826077E-5;5.644026244E-8;9.120026821E-3;5.987388770E-9;9.674856886E-4;NaN;1.227134247E-2
8.450704225E1;2.387072592E-8;3.864004798E-3;NaN;NaN;4.240330395E-10;6.863912328E-5;7.240297995E-8;1.172002322E-2;6.639301445E-9;1.074717741E-3;NaN;1.229297551E-2
8.443271768E1;2.219168747E-8;3.598542407E-3;NaN;NaN;4.219123806E-10;6.841613984E-5;9.405648056E-8;1.525193766E-2;7.138375523E-9;1.157539149E-3;NaN;1.231462760E-2
8.435852373E1;1.950465722E-8;3.168386939E-3;NaN;NaN;4.246259718E-10;6.897734054E-5;1.208568346E-7;1.963229664E-2;7.522248570E-9;1.221933503E-3;NaN;1.233629874E-2
8.428446005E1;1.634838562E-8;2.660343338E-3;NaN;NaN;4.414922797E-10;7.184324326E-5;1.497670038E-7;2.437131470E-2;7.888920805E-9;1.283749870E-3;NaN;1.235798893E-2
8.421052632E1;1.327522654E-8;2.164048609E-3;NaN;NaN;4.713488989E-10;7.683649887E-5;1.756164413E-7;2.862794953E-2;8.362715330E-9;1.363240199E-3;NaN;1.237969817E-2
8.413672217E1;1.073459246E-8;1.752960855E-3;NaN;NaN;5.038991039E-10;8.228681312E-5;1.927159639E-7;3.147055112E-2;9.029388062E-9;1.474500673E-3;NaN;1.240142646E-2
8.406304729E1;8.992855237E-9;1.471110104E-3;NaN;NaN;5.283202019E-10;8.642607563E-5;1.970875408E-7;3.224086955E-2;9.869785525E-9;1.614564098E-3;NaN;1.242317381E-2
8.398950131E1;8.098475358E-9;1.327122749E-3;NaN;NaN;5.434658699E-10;8.905946954E-5;1.881703204E-7;3.083606504E-2;1.072961327E-8;1.758295633E-3;NaN;1.244494021E-2
8.391608392E1;7.896014783E-9;1.296210006E-3;NaN;NaN;5.655644677E-10;9.284307872E-5;1.690108235E-7;2.774482148E-2;1.135180796E-8;1.863513110E-3;NaN;1.246672566E-2
8.384279476E1;8.083701741E-9;1.329341683E-3;NaN;NaN;6.324728292E-10;1.040083519E-4;1.447946850E-7;2.381107273E-2;1.147052115E-8;1.886294470E-3;NaN;1.248853016E-2
8.376963351E1;8.311504512E-9;1.369191670E-3;NaN;NaN;7.980288554E-10;1.314628970E-4;1.205758999E-7;1.986301247E-2;1.092682889E-8;1.800025864E-3;NaN;1.251035371E-2
8.369659983E1;8.286165819E-9;1.367400781E-3;NaN;NaN;1.113044347E-9;1.836769555E-4;9.949521073E-8;1.641891218E-2;9.751458229E-9;1.609206465E-3;NaN;1.253219631E-2
8.362369338E1;7.849531854E-9;1.297606165E-3;NaN;NaN;1.596779360E-9;2.639636070E-4;8.233899469E-8;1.361145978E-2;8.172607726E-9;1.351013840E-3;NaN;1.255405797E-2
8.355091384E1;7.004277442E-9;1.159895239E-3;NaN;NaN;2.212988912E-9;3.664668232E-4;6.837016031E-8;1.132197062E-2;6.552928616E-9;1.085152718E-3;NaN;1.257593868E-2
8.347826087E1;5.884480755E-9;9.761559270E-4;NaN;NaN;2.864945900E-9;4.752558530E-4;5.660513915E-8;9.390028513E-3;5.287151595E-9;8.770670822E-4;NaN;1.259783843E-2
8.340573414E1;4.692323957E-9;7.797475222E-4;NaN;NaN;3.416514028E-9;5.677396471E-4;4.665724235E-8;7.753273100E-3;4.709911442E-9;7.826701247E-4;NaN;1.261975724E-2
8.333333333E1;3.633795069E-9;6.048960623E-4;NaN;NaN;3.735491805E-9;6.218249079E-4;3.877744478E-8;6.455048568E-3;5.033291577E-9;8.378618490E-4;NaN;1.264169511E-2
8.326105811E1;2.876363063E-9;4.796425306E-4;NaN;NaN;3.744572004E-9;6.244190851E-4;3.339758884E-8;5.569152320E-3;6.314121866E-9;1.052899555E-3;NaN;1.266365202E-2
8.318890815E1;2.538400431E-9;4.240207584E-4;NaN;NaN;3.457207547E-9;5.775005977E-4;3.075762769E-8;5.137831076E-3;8.446218149E-9;1.410877410E-3;NaN;1.268562798E-2
8.311688312E1;2.708710659E-9;4.532543211E-4;NaN;NaN;2.977769893E-9;4.982765756E-4;3.091535621E-8;5.173132370E-3;1.116711752E-8;1.868617548E-3;NaN;1.270762300E-2
8.304498270E1;3.476904524E-9;5.828057144E-4;NaN;NaN;2.463001795E-9;4.128533041E-4;3.393351702E-8;5.688004225E-3;1.409471000E-8;2.362583578E-3;NaN;1.272963707E-2
8.297320657E1;4.963551018E-9;8.334404528E-4;NaN;NaN;2.078687523E-9;3.490368617E-4;3.982825029E-8;6.687646574E-3;1.679357268E-8;2.819844657E-3;NaN;1.275167019E-2
8.290155440E1;7.318979363E-9;1.231070741E-3;NaN;NaN;1.974950414E-9;3.321916279E-4;4.816554021E-8;8.101565030E-3;1.887051126E-8;3.174067465E-3;NaN;1.277372236E-2
8.283002588E1;1.067421868E-8;1.798532689E-3;NaN;NaN;2.279163584E-9;3.840234432E-4;5.766185225E-8;9.715626905E-3;2.006917160E-8;3.381517866E-3;NaN;1.279579358E-2
8.275862069E1;1.503535284E-8;2.537727411E-3;NaN;NaN;3.078006121E-9;5.195182706E-4;6.624851634E-8;1.118169142E-2;2.032675029E-8;3.430830785E-3;NaN;1.281788385E-2
8.268733850E1;2.015721281E-8;3.408083985E-3;NaN;NaN;4.376741775E-9;7.399983165E-4;7.172947606E-8;1.212767265E-2;1.976974737E-8;3.342573202E-3;NaN;1.283999318E-2
8.261617900E1;2.546887800E-8;4.313575831E-3;NaN;NaN;6.055049469E-9;1.025522799E-3;7.269394149E-8;1.231192160E-2;1.864940288E-8;3.158584902E-3;NaN;1.286212156E-2
8.254514187E1;3.012349919E-8;5.110697972E-3;NaN;NaN;7.856276074E-9;1.332881481E-3;6.916494695E-8;1.173439885E-2;1.724245796E-8;2.925323994E-3;NaN;1.288426899E-2
8.247422680E1;3.319763226E-8;5.641939678E-3;NaN;NaN;9.442742447E-9;1.604794669E-3;6.263163884E-8;1.064425094E-2;1.575614266E-8;2.677757430E-3;NaN;1.290643547E-2
8.240343348E1;3.398322463E-8;5.785378868E-3;NaN;NaN;1.051626318E-8;1.790311762E-3;5.548641390E-8;9.446129080E-3;1.428167559E-8;2.431343848E-3;NaN;1.292862100E-2
8.233276158E1;3.225027349E-8;5.499787008E-3;NaN;NaN;1.095183263E-8;1.867666234E-3;5.016991513E-8;8.555705659E-3;1.281262690E-8;2.184996012E-3;NaN;1.295082558E-2
8.226221080E1;2.835209283E-8;4.843309274E-3;NaN;NaN;1.086029436E-8;1.855233922E-3;4.840375007E-8;8.268678190E-3;1.130570843E-8;1.931322771E-3;NaN;1.297304922E-2
8.219178082E1;2.311701476E-8;3.955786134E-3;NaN;NaN;1.052522595E-8;1.801077834E-3;5.077969698E-8;8.689427390E-3;9.742758874E-9;1.667181981E-3;NaN;1.299529190E-2
8.212147134E1;1.757868621E-8;3.013219741E-3;NaN;NaN;1.024347114E-8;1.755866684E-3;5.683225174E-8;9.741801001E-3;8.167150530E-9;1.399957819E-3;NaN;1.301755364E-2
8.205128205E1;1.267185344E-8;2.175841385E-3;NaN;NaN;1.016545476E-8;1.745476087E-3;6.555450764E-8;1.125614429E-2;6.673494893E-9;1.145883389E-3;NaN;1.303983443E-2
8.198121264E1;9.014976573E-9;1.550578510E-3;NaN;NaN;1.022929111E-8;1.759440952E-3;7.611194139E-8;1.309127536E-2;5.363335591E-9;9.224952324E-4;NaN;1.306213427E-2
8.191126280E1;6.836064674E-9;1.177814114E-3;NaN;NaN;1.021817125E-8;1.760531372E-3;8.830150917E-8;1.521383555E-2;4.297498311E-9;7.404339200E-4;NaN;1.308445316E-2
8.184143223E1;6.022752589E-9;1.039456730E-3;NaN;NaN;9.899588305E-9;1.708553279E-3;1.023564826E-7;1.766553300E-2;3.478612623E-9;6.003678961E-4;NaN;1.310679111E-2
8.177172061E1;6.233891925E-9;1.077732130E-3;NaN;NaN;9.164252045E-9;1.584340729E-3;1.180993412E-7;2.041733416E-2;2.867722089E-9;4.957795665E-4;NaN;1.312914810E-2
8.170212766E1;7.020636588E-9;1.215815272E-3;NaN;NaN;8.089948471E-9;1.400995875E-3;1.339974880E-7;2.320533050E-2;2.410424316E-9;4.174309065E-4;NaN;1.315152415E-2
8.163265306E1;7.927705840E-9;1.375236969E-3;NaN;NaN;6.895732810E-9;1.196218286E-3;1.469152794E-7;2.548572407E-2;2.067396346E-9;3.586358958E-4;NaN;1.317391925E-2
8.156329652E1;8.579472947E-9;1.490832675E-3;NaN;NaN;5.828185427E-9;1.012748607E-3;1.529800731E-7;2.658294898E-2;1.829585288E-9;3.179222718E-4;NaN;1.319633340E-2
8.149405772E1;8.748077642E-9;1.522714831E-3;NaN;NaN;5.048015947E-9;8.786717569E-4;1.492515769E-7;2.597914639E-2;1.715558978E-9;2.986149879E-4;NaN;1.321876660E-2
8.142493639E1;8.392685723E-9;1.463335602E-3;NaN;NaN;4.577258174E-9;7.980836012E-4;1.352735891E-7;2.358609216E-2;1.756294208E-9;3.062247207E-4;NaN;1.324121885E-2
8.135593220E1;7.653719035E-9;1.336755249E-3;NaN;NaN;4.318030027E-9;7.541626857E-4;1.135416410E-7;1.983054040E-2;1.992040986E-9;3.479186043E-4;NaN;1.326369016E-2
8.128704488E1;6.790963919E-9;1.188082465E-3;NaN;NaN;4.118115370E-9;7.204663019E-4;8.853979362E-8;1.549008028E-2;2.482002594E-9;4.342275700E-4;NaN;1.328618052E-2
8.121827411E1;6.082310199E-9;1.065905950E-3;NaN;NaN;3.847332582E-9;6.742330721E-4;6.491246200E-8;1.137570713E-2;3.298490757E-9;5.780502490E-4;NaN;1.330868992E-2
8.114961961E1;5.717137500E-9;1.003606567E-3;NaN;NaN;3.451469636E-9;6.058832053E-4;4.584065237E-8;8.047030489E-3;4.489587881E-9;7.881181591E-4;NaN;1.333121838E-2
8.108108108E1;5.728796869E-9;1.007354188E-3;NaN;NaN;2.966927809E-9;5.217059045E-4;3.241186431E-8;5.699316626E-3;6.022197404E-9;1.058945868E-3;NaN;1.335376590E-2
8.101265823E1;5.996457365E-9;1.056201595E-3;NaN;NaN;2.493878227E-9;4.392657198E-4;2.401867519E-8;4.230591747E-3;7.741280441E-9;1.363530540E-3;NaN;1.337633246E-2
8.094435076E1;6.315092136E-9;1.114203292E-3;NaN;NaN;2.145157887E-9;3.784809355E-4;1.925064390E-8;3.396487390E-3;9.380759577E-9;1.655094332E-3;NaN;1.339891807E-2
8.087615838E1;6.506955541E-9;1.149991540E-3;NaN;NaN;1.999099208E-9;3.533061140E-4;1.672071897E-8;2.955097085E-3;1.064506904E-8;1.881331332E-3;NaN;1.342152274E-2
8.080808081E1;6.530659671E-9;1.156126355E-3;NaN;NaN;2.077978268E-9;3.678656616E-4;1.556191763E-8;2.754935032E-3;1.135047962E-8;2.009381792E-3;NaN;1.344414646E-2
8.074011775E1;6.550603817E-9;1.161610185E-3;NaN;NaN;2.361411824E-9;4.187461342E-4;1.555483732E-8;2.758319380E-3;1.156240506E-8;2.050346480E-3;NaN;1.346678922E-2
8.067226891E1;6.927255132E-9;1.230468425E-3;NaN;NaN;2.819619813E-9;5.008409659E-4;1.693777130E-8;3.008607650E-3;1.163518515E-8;2.066724508E-3;NaN;1.348945105E-2
8.060453401E1;8.115147176E-9;1.443893933E-3;NaN;NaN;3.439875063E-9;6.120424715E-4;2.001212663E-8;3.560673342E-3;1.208716480E-8;2.150618287E-3;NaN;1.351213192E-2
8.053691275E1;1.047949271E-8;1.867704387E-3;NaN;NaN;4.225055726E-9;7.530092658E-4;2.472626829E-8;4.406831611E-3;1.334665876E-8;2.378704180E-3;NaN;1.353483184E-2
8.046940486E1;1.409152247E-8;2.515672909E-3;NaN;NaN;5.158214046E-9;9.208642543E-4;3.043973595E-8;5.434218995E-3;1.550149813E-8;2.767387199E-3;NaN;1.355755082E-2
8.040201005E1;1.859013667E-8;3.324348947E-3;NaN;NaN;6.156060273E-9;1.100846801E-3;3.601206763E-8;6.439795535E-3;1.819331476E-8;3.253387957E-3;NaN;1.358028884E-2
8.033472803E1;2.320098162E-8;4.155827749E-3;NaN;NaN;7.051349520E-9;1.263058369E-3;4.024004546E-8;7.207914746E-3;2.073157061E-8;3.713499620E-3;NaN;1.360304592E-2
8.026755853E1;2.695469870E-8;4.836288600E-3;NaN;NaN;7.631795061E-9;1.369318346E-3;4.245820393E-8;7.617971543E-3;2.239795991E-8;4.018705583E-3;NaN;1.362582205E-2
8.020050125E1;2.904687065E-8;5.220390848E-3;NaN;NaN;7.726354199E-9;1.388603586E-3;4.291706234E-8;7.713183363E-3;2.279790708E-8;4.097308342E-3;NaN;1.364861723E-2
8.013355593E1;2.918361538E-8;5.253734202E-3;NaN;NaN;7.291370033E-9;1.312617358E-3;4.268861592E-8;7.684950565E-3;2.206500585E-8;3.972217780E-3;NaN;1.367143147E-2
8.006672227E1;2.772829559E-8;5.000079496E-3;NaN;NaN;6.444093053E-9;1.162025175E-3;4.324402218E-8;7.797938678E-3;2.079233330E-8;3.749358451E-3;NaN;1.369426475E-2
8.000000000E1;2.555051178E-8;4.615061190E-3;NaN;NaN;5.423224647E-9;9.795699519E-4;4.606511811E-8;8.320511959E-3;1.973859748E-8;3.565284171E-3;NaN;1.371711709E-2
7.993338884E1;2.364285165E-8;4.277610529E-3;NaN;NaN;4.495602480E-9;8.133721255E-4;5.247390219E-8;9.493901995E-3;1.947439992E-8;3.523428534E-3;NaN;1.373998847E-2
7.986688852E1;2.269505751E-8;4.112970465E-3;NaN;NaN;3.855734310E-9;6.987654176E-4;6.358093829E-8;1.152261990E-2;2.014401492E-8;3.650651178E-3;NaN;1.376287891E-2
7.980049875E1;2.283647910E-8;4.145489013E-3;NaN;NaN;3.564672947E-9;6.470924204E-4;8.013872357E-8;1.454752270E-2;2.143571513E-8;3.891209375E-3;NaN;1.378578840E-2
7.973421927E1;2.365973147E-8;4.302076740E-3;NaN;NaN;3.550778439E-9;6.456422109E-4;1.022299275E-7;1.858858770E-2;2.274870603E-8;4.136423916E-3;NaN;1.380871695E-2
7.966804979E1;2.448427222E-8;4.459402380E-3;NaN;NaN;3.662774839E-9;6.671134304E-4;1.289133200E-7;2.347941407E-2;2.345603860E-8;4.272126751E-3;NaN;1.383166454E-2
7.960199005E1;2.469665053E-8;4.505552348E-3;NaN;NaN;3.741926271E-9;6.826611841E-4;1.580809776E-7;2.883962418E-2;2.313340061E-8;4.220359652E-3;NaN;1.385463118E-2
7.953603977E1;2.399497145E-8;4.384803602E-3;NaN;NaN;3.683361142E-9;6.730916615E-4;1.867099054E-7;3.411907646E-2;2.166617840E-8;3.959243597E-3;NaN;1.387761688E-2
7.947019868E1;2.244667406E-8;4.108669773E-3;NaN;NaN;3.465295439E-9;6.342923938E-4;2.114425233E-7;3.870272726E-2;1.923597471E-8;3.520978993E-3;NaN;1.390062163E-2
7.940446650E1;2.039122481E-8;3.738619634E-3;NaN;NaN;3.142809330E-9;5.762169156E-4;2.292120714E-7;4.202478068E-2;1.623019210E-8;2.975717026E-3;NaN;1.392364543E-2
7.933884298E1;1.827459917E-8;3.356092858E-3;NaN;NaN;2.811104699E-9;5.162536436E-4;2.376834021E-7;4.365007194E-2;1.313245517E-8;2.411748603E-3;NaN;1.394668828E-2
7.927332783E1;1.651200367E-8;3.037410087E-3;NaN;NaN;2.553435760E-9;4.697086851E-4;2.355068288E-7;4.332186642E-2;1.041487709E-8;1.915833678E-3;NaN;1.396975018E-2
7.920792079E1;1.541407026E-8;2.840128187E-3;NaN;NaN;2.402677162E-9;4.427066320E-4;2.225063630E-7;4.099803508E-2;8.442095590E-9;1.555503072E-3;NaN;1.399283114E-2
7.914262160E1;1.515505015E-8;2.797012116E-3;NaN;NaN;2.333836747E-9;4.307323032E-4;1.998469653E-7;3.688370395E-2;7.396330862E-9;1.365064901E-3;NaN;1.401593115E-2
7.907742998E1;1.574259843E-8;2.910242368E-3;NaN;NaN;2.287325887E-9;4.228445980E-4;1.700789571E-7;3.144150496E-2;7.238761989E-9;1.338187715E-3;NaN;1.403905020E-2
7.901234568E1;1.698184662E-8;3.144508970E-3;NaN;NaN;2.205825271E-9;4.084501236E-4;1.368678572E-7;2.534366339E-2;7.725496564E-9;1.430521296E-3;NaN;1.406218831E-2
7.894736842E1;1.847427797E-8;3.426494127E-3;NaN;NaN;2.063187082E-9;3.826671023E-4;1.042963329E-7;1.934423487E-2;8.491683967E-9;1.574984705E-3;NaN;1.408534547E-2
7.888249795E1;1.969437321E-8;3.658800148E-3;NaN;NaN;1.870006940E-9;3.474079423E-4;7.589939127E-8;1.410050988E-2;9.179293804E-9;1.705319645E-3;NaN;1.410852169E-2
7.881773399E1;2.014220386E-8;3.748149732E-3;NaN;NaN;1.657382110E-9;3.084129400E-4;5.391377231E-8;1.003251147E-2;9.563252391E-9;1.779571994E-3;NaN;1.413171695E-2
7.875307629E1;1.952213560E-8;3.638732287E-3;NaN;NaN;1.453752366E-9;2.709650101E-4;3.916121559E-8;7.299261845E-3;9.608329345E-9;1.790897211E-3;NaN;1.415493126E-2
7.868852459E1;1.786189851E-8;3.334745128E-3;NaN;NaN;1.275025671E-9;2.380422016E-4;3.152089925E-8;5.884826026E-3;9.436897001E-9;1.761830988E-3;NaN;1.417816463E-2
7.862407862E1;1.550618176E-8;2.899689970E-3;NaN;NaN;1.129551137E-9;2.112285380E-4;3.048229380E-8;5.700255739E-3;9.229530595E-9;1.725942447E-3;NaN;1.420141705E-2
7.855973813E1;1.297896445E-8;2.431072008E-3;NaN;NaN;1.025814707E-9;1.921439440E-4;3.536122228E-8;6.623461984E-3;9.121268262E-9;1.708492232E-3;NaN;1.422468852E-2
7.849550286E1;1.079682316E-8;2.025649355E-3;NaN;NaN;9.725819782E-10;1.824712722E-4;4.513003570E-8;8.467085770E-3;9.164622380E-9;1.719423496E-3;NaN;1.424797904E-2
7.843137255E1;9.347097177E-9;1.756527533E-3;NaN;NaN;9.728341663E-10;1.828171854E-4;5.810714578E-8;1.091962558E-2;9.389358250E-9;1.764469328E-3;NaN;1.427128862E-2
7.836734694E1;8.878286336E-9;1.671154847E-3;NaN;NaN;1.018394739E-9;1.916918693E-4;7.187905278E-8;1.352975370E-2;9.915849119E-9;1.866454706E-3;NaN;1.429461724E-2
7.830342577E1;9.544162558E-9;1.799426600E-3;NaN;NaN;1.088784420E-9;2.052760140E-4;8.380167929E-8;1.579970688E-2;1.100643631E-8;2.075119125E-3;NaN;1.431796492E-2
7.823960880E1;1.140365244E-8;2.153517800E-3;NaN;NaN;1.157296925E-9;2.185492360E-4;9.206876291E-8;1.738668561E-2;1.297955418E-8;2.451118282E-3;NaN;1.434133164E-2
7.817589577E1;1.434680463E-8;2.713734062E-3;NaN;NaN;1.201850165E-9;2.273329716E-4;9.667231091E-8;1.828580996E-2;1.600405114E-8;3.027206394E-3;NaN;1.436471742E-2
7.811228641E1;1.800195428E-8;3.410662830E-3;NaN;NaN;1.214682873E-9;2.301346654E-4;9.947148340E-8;1.884593671E-2;1.988852318E-8;3.768093491E-3;NaN;1.438812226E-2
7.804878049E1;2.171691462E-8;4.121200224E-3;NaN;NaN;1.201908548E-9;2.280851523E-4;1.031888900E-7;1.958206698E-2;2.400518931E-8;4.555444146E-3;NaN;1.441154614E-2
7.798537774E1;2.468873318E-8;4.692780921E-3;NaN;NaN;1.173989374E-9;2.231493570E-4;1.099133364E-7;2.089208888E-2;2.742963496E-8;5.213765594E-3;NaN;1.443498907E-2
7.792207792E1;2.623632143E-8;4.995048698E-3;NaN;NaN;1.137545910E-9;2.165737003E-4;1.199223737E-7;2.283163431E-2;2.926486722E-8;5.571643771E-3;NaN;1.445845106E-2
7.785888078E1;2.609158893E-8;4.975560930E-3;NaN;NaN;1.094468782E-9;2.087107888E-4;1.314629129E-7;2.506944804E-2;2.900138072E-8;5.530446504E-3;NaN;1.448193210E-2
7.779578606E1;2.453112454E-8;4.685577707E-3;NaN;NaN;1.044201112E-9;1.994480703E-4;1.417156182E-7;2.706845095E-2;2.672289083E-8;5.104216943E-3;NaN;1.450543218E-2
7.773279352E1;2.224436483E-8;4.255683216E-3;NaN;NaN;9.847449535E-10;1.883965940E-4;1.484026515E-7;2.839167035E-2;2.304708583E-8;4.409255877E-3;NaN;1.452895132E-2
7.766990291E1;2.000737023E-8;3.833913570E-3;NaN;NaN;9.165065139E-10;1.756256180E-4;1.509451197E-7;2.892486800E-2;1.884887243E-8;3.611916357E-3;NaN;1.455248952E-2
7.760711399E1;1.834258786E-8;3.520589385E-3;NaN;NaN;8.489492307E-10;1.629432920E-4;1.503388023E-7;2.885531723E-2;1.491796463E-8;2.863283433E-3;NaN;1.457604676E-2
7.754442649E1;1.733223374E-8;3.332047583E-3;NaN;NaN;8.046868317E-10;1.546975913E-4;1.480246396E-7;2.845710196E-2;1.171993028E-8;2.253106319E-3;NaN;1.459962305E-2
7.748184019E1;1.666297629E-8;3.208562898E-3;NaN;NaN;8.132602354E-10;1.565984715E-4;1.447411803E-7;2.787084209E-2;9.344858962E-9;1.799412495E-3;NaN;1.462321840E-2
7.741935484E1;1.586528517E-8;3.059895685E-3;NaN;NaN;8.989315124E-10;1.733745486E-4;1.401699182E-7;2.703420222E-2;7.628804266E-9;1.471347347E-3;NaN;1.464683280E-2
7.735697019E1;1.460947664E-8;2.822237703E-3;NaN;NaN;1.067858103E-9;2.062872938E-4;1.334247930E-7;2.577480978E-2;6.346737079E-9;1.226053548E-3;NaN;1.467046625E-2
7.729468599E1;1.290128689E-8;2.496270202E-3;NaN;NaN;1.299602750E-9;2.514601564E-4;1.239193232E-7;2.397715178E-2;5.366448953E-9;1.038354292E-3;NaN;1.469411875E-2
7.723250201E1;1.109841272E-8;2.150891465E-3;NaN;NaN;1.548627405E-9;3.001266536E-4;1.119891301E-7;2.170368594E-2;4.709999943E-9;9.128060863E-4;NaN;1.471779030E-2
7.717041801E1;9.776208174E-9;1.897695683E-3;NaN;NaN;1.763629657E-9;3.423446315E-4;9.881423165E-8;1.918119351E-2;4.527601251E-9;8.788693115E-4;NaN;1.474148091E-2
7.710843373E1;9.517731337E-9;1.850493280E-3;NaN;NaN;1.916338092E-9;3.725857177E-4;8.572588691E-8;1.666733091E-2;5.021044052E-9;9.762209029E-4;NaN;1.476519056E-2
7.704654896E1;1.069638923E-8;2.082997029E-3;NaN;NaN;2.018721214E-9;3.931224082E-4;7.353193492E-8;1.431948658E-2;6.326783373E-9;1.232067260E-3;NaN;1.478891927E-2
7.698476343E1;1.330710354E-8;2.595564414E-3;NaN;NaN;2.120803486E-9;4.136649300E-4;6.247656115E-8;1.218611836E-2;8.398826130E-9;1.638199789E-3;NaN;1.481266703E-2
7.692307692E1;1.690613982E-8;3.302851101E-3;NaN;NaN;2.300088677E-9;4.493545243E-4;5.276033126E-8;1.030746936E-2;1.093918697E-8;2.137123324E-3;NaN;1.483643384E-2
7.686148919E1;2.070071886E-8;4.050658886E-3;NaN;NaN;2.655270260E-9;5.195758729E-4;4.513849069E-8;8.832573866E-3;1.343134181E-8;2.628207475E-3;NaN;1.486021970E-2
7.680000000E1;2.378250645E-8;4.661149336E-3;NaN;NaN;3.296711148E-9;6.461246215E-4;4.123883107E-8;8.082426065E-3;1.529123138E-8;2.996938658E-3;NaN;1.488402462E-2
7.673860911E1;2.544480389E-8;4.994926424E-3;NaN;NaN;4.314692153E-9;8.469929633E-4;4.355511423E-8;8.550059647E-3;1.609497351E-8;3.159513779E-3;NaN;1.490784858E-2
7.667731629E1;2.546789419E-8;5.007455085E-3;NaN;NaN;5.723636004E-9;1.125371811E-3;5.518757986E-8;1.085089036E-2;1.579091552E-8;3.104783602E-3;NaN;1.493169160E-2
7.661612131E1;2.423485303E-8;4.772631467E-3;NaN;NaN;7.406297571E-9;1.458541085E-3;7.941691957E-8;1.563977668E-2;1.478680724E-8;2.912003694E-3;NaN;1.495555367E-2
7.655502392E1;2.259707836E-8;4.457206269E-3;NaN;NaN;9.099338885E-9;1.794817439E-3;1.191417202E-7;2.350034874E-2;1.384140766E-8;2.730176353E-3;NaN;1.497943479E-2
7.649402390E1;2.151501304E-8;4.250543189E-3;NaN;NaN;1.045215807E-8;2.064946427E-3;1.759112919E-7;3.475333908E-2;1.379388143E-8;2.725143074E-3;NaN;1.500333496E-2
7.643312102E1;2.164057160E-8;4.282164774E-3;NaN;NaN;1.115109256E-8;2.206541335E-3;2.484061309E-7;4.915378406E-2;1.524344443E-8;3.016322395E-3;NaN;1.502725418E-2
7.637231504E1;2.303431503E-8;4.565214895E-3;NaN;NaN;1.105393596E-8;2.190800683E-3;3.308525530E-7;6.557229945E-2;1.831054502E-8;3.629001893E-3;NaN;1.505119245E-2
7.631160572E1;2.514039985E-8;4.990554824E-3;NaN;NaN;1.025366421E-8;2.035427985E-3;4.127722704E-7;8.193834059E-2;2.256775388E-8;4.479865622E-3;NaN;1.507514978E-2
7.625099285E1;2.702174114E-8;5.372546183E-3;NaN;NaN;9.027480553E-9;1.794871616E-3;4.813745145E-7;9.570837044E-2;2.716350859E-8;5.400732828E-3;NaN;1.509912616E-2
7.619047619E1;2.774663725E-8;5.525439329E-3;NaN;NaN;7.701754640E-9;1.533720199E-3;5.263314964E-7;1.048131608E-1;3.109150388E-8;6.191532935E-3;NaN;1.512312159E-2
7.613005551E1;2.675071861E-8;5.335572117E-3;NaN;NaN;6.515545404E-9;1.299559944E-3;5.445134927E-7;1.086060921E-1;3.349379073E-8;6.680513464E-3;NaN;1.514713607E-2
7.606973059E1;2.401745455E-8;4.798008967E-3;NaN;NaN;5.557771177E-9;1.110285684E-3;5.415594780E-7;1.081882856E-1;3.388258977E-8;6.768784311E-3;NaN;1.517116960E-2
7.600950119E1;2.002298626E-8;4.006368739E-3;NaN;NaN;4.793476842E-9;9.591194600E-4;5.287038293E-7;1.057875417E-1;3.221991942E-8;6.446834467E-3;NaN;1.519522218E-2
7.594936709E1;1.551369987E-8;3.109029918E-3;NaN;NaN;4.143286118E-9;8.303370959E-4;5.163121966E-7;1.034717752E-1;2.886143091E-8;5.783987888E-3;NaN;1.521929382E-2
7.588932806E1;1.123982574E-8;2.256087799E-3;NaN;NaN;3.556635426E-9;7.138973487E-4;5.078975463E-7;1.019465501E-1;2.441446936E-8;4.900537405E-3;NaN;1.524338451E-2
7.582938389E1;7.754517609E-9;1.558969311E-3;NaN;NaN;3.037260864E-9;6.106113512E-4;4.983244705E-7;1.001832216E-1;1.956761928E-8;3.933876932E-3;NaN;1.526749424E-2
7.576953433E1;5.341662556E-9;1.075585768E-3;NaN;NaN;2.621613289E-9;5.278824548E-4;4.774621301E-7;9.614075514E-2;1.495195352E-8;3.010693438E-3;NaN;1.529162303E-2
7.570977918E1;4.080341466E-9;8.229062939E-4;NaN;NaN;2.343038002E-9;4.725341579E-4;4.371230421E-7;8.815715682E-2;1.106565316E-8;2.231674900E-3;NaN;1.531577088E-2
7.565011820E1;3.979359313E-9;8.038069693E-4;NaN;NaN;2.208771186E-9;4.461586737E-4;3.768998282E-7;7.613152893E-2;8.258100218E-9;1.668087244E-3;NaN;1.533993777E-2
7.559055118E1;5.096786318E-9;1.031143803E-3;NaN;NaN;2.197548889E-9;4.445917050E-4;3.051492121E-7;6.173551322E-2;6.750699068E-9;1.365751098E-3;NaN;1.536412371E-2
7.553107789E1;7.580153248E-9;1.535976089E-3;NaN;NaN;2.267566888E-9;4.594799613E-4;2.348501867E-7;4.758799189E-2;6.677444945E-9;1.353059158E-3;NaN;1.538832871E-2
7.547169811E1;1.160261003E-8;2.354752607E-3;NaN;NaN;2.369805208E-9;4.809525594E-4;1.775051985E-7;3.602472440E-2;8.120727611E-9;1.648103699E-3;NaN;1.541255276E-2
7.541241163E1;1.721663910E-8;3.499617270E-3;NaN;NaN;2.464381763E-9;5.009335985E-4;1.388900256E-7;2.823210323E-2;1.111381051E-8;2.259098480E-3;NaN;1.543679586E-2
7.535321821E1;2.416871514E-8;4.920483581E-3;NaN;NaN;2.533438791E-9;5.157801688E-4;1.183484717E-7;2.409444227E-2;1.557654378E-8;3.171212349E-3;NaN;1.546105801E-2
7.529411765E1;3.176389394E-8;6.476934048E-3;NaN;NaN;2.584209307E-9;5.269427382E-4;1.109054803E-7;2.261459135E-2;2.119685570E-8;4.322223109E-3;NaN;1.548533921E-2
7.523510972E1;3.888454117E-8;7.941338267E-3;NaN;NaN;2.635257466E-9;5.381951369E-4;1.104141040E-7;2.254972601E-2;2.733420674E-8;5.582428786E-3;NaN;1.550963946E-2
7.517619421E1;4.421612496E-8;9.044360018E-3;NaN;NaN;2.694667941E-9;5.511913812E-4;1.119633515E-7;2.290198113E-2;3.303877993E-8;6.758046312E-3;NaN;1.553395877E-2
7.511737089E1;4.662540820E-8;9.552118966E-3;NaN;NaN;2.741805865E-9;5.617120969E-4;1.125974170E-7;2.306776420E-2;3.723506878E-8;7.628325851E-3;NaN;1.555829713E-2
7.505863956E1;4.554162044E-8;9.344690811E-3;NaN;NaN;2.727743612E-9;5.597060538E-4;1.107608197E-7;2.272702649E-2;3.902858259E-8;8.008279757E-3;NaN;1.558265453E-2
7.500000000E1;4.117277426E-8;8.461462586E-3;NaN;NaN;2.600246642E-9;5.343795766E-4;1.056930577E-7;2.172109772E-2;3.801400008E-8;7.812299394E-3;NaN;1.560703100E-2
7.494145199E1;3.445465994E-8;7.091883543E-3;NaN;NaN;2.340909320E-9;4.818348609E-4;9.731289542E-8;2.003014172E-2;3.443632362E-8;7.088109335E-3;NaN;1.563142651E-2
7.488299532E1;2.674926891E-8;5.514464370E-3;NaN;NaN;1.988303364E-9;4.098963637E-4;8.623064113E-8;1.777677737E-2;2.911711594E-8;6.002605118E-3;NaN;1.565584107E-2
7.482462977E1;1.941974608E-8;4.009703206E-3;NaN;NaN;1.629845895E-9;3.365233657E-4;7.356140715E-8;1.518863372E-2;2.317058573E-8;4.784159974E-3;NaN;1.568027468E-2
7.476635514E1;1.346568862E-8;2.784671584E-3;NaN;NaN;1.374062555E-9;2.841527872E-4;6.078090446E-8;1.256934289E-2;1.763644171E-8;3.647173156E-3;NaN;1.570472735E-2
7.470817121E1;9.358673291E-9;1.938366564E-3;NaN;NaN;1.327994462E-9;2.750539507E-4;4.976583817E-8;1.030749057E-2;1.319056132E-8;2.732026455E-3;NaN;1.572919907E-2
7.465007776E1;7.112642070E-9;1.475462783E-3;NaN;NaN;1.585382208E-9;3.288753211E-4;4.274425624E-8;8.866966544E-3;1.003798558E-8;2.082302750E-3;NaN;1.575368984E-2
7.459207459E1;6.483522327E-9;1.347049244E-3;NaN;NaN;2.211841224E-9;4.595432698E-4;4.222529582E-8;8.772940071E-3;7.996250493E-9;1.661341265E-3;NaN;1.577819966E-2
7.453416149E1;7.168463844E-9;1.491671503E-3;NaN;NaN;3.215441010E-9;6.690947782E-4;5.131975942E-8;1.067902752E-2;6.692387686E-9;1.392605755E-3;NaN;1.580272853E-2
7.447633825E1;8.894826334E-9;1.853782064E-3;NaN;NaN;4.512767492E-9;9.405116100E-4;7.403612580E-8;1.542996310E-2;5.769551676E-9;1.202439599E-3;NaN;1.582727646E-2
7.441860465E1;1.138453353E-8;2.376347937E-3;NaN;NaN;5.916792444E-9;1.235040284E-3;1.142609239E-7;2.385022717E-2;5.016816934E-9;1.047184107E-3;NaN;1.585184343E-2
7.436096050E1;1.426374552E-8;2.981957397E-3;NaN;NaN;7.169366567E-9;1.498817098E-3;1.732433260E-7;3.621799175E-2;4.396579690E-9;9.191424029E-4;NaN;1.587642946E-2
7.430340557E1;1.701664115E-8;3.562986983E-3;NaN;NaN;8.021114004E-9;1.679480959E-3;2.476125838E-7;5.184574355E-2;3.994332009E-9;8.363432496E-4;NaN;1.590103454E-2
7.424593968E1;1.907020496E-8;3.999150778E-3;NaN;NaN;8.325773066E-9;1.745970844E-3;3.302028230E-7;6.924576214E-2;3.950118526E-9;8.283665337E-4;NaN;1.592565867E-2
7.418856260E1;1.998184154E-8;4.196811190E-3;NaN;NaN;8.093932259E-9;1.699978724E-3;4.134145266E-7;8.682997051E-2;4.411157905E-9;9.264810163E-4;NaN;1.595030185E-2
7.413127413E1;1.962676609E-8;4.128608015E-3;NaN;NaN;7.467798410E-9;1.570896206E-3;4.925682218E-7;1.036146811E-1;5.495664684E-9;1.156046043E-3;NaN;1.597496408E-2
