"Distance (cm)";"Crosscorrelation (a.u.)";"Normalized CC (a.u.)";"Crosscorrelation history 1 (a.u.)";"Normalized CC history 1 (a.u.)";"Crosscorrelation history 2 (a.u.)";"Normalized CC history 2 (a.u.)";"Crosscorrelation history 3 (a.u.)";"Normalized CC history 3 (a.u.)";"Crosscorrelation history 4 (a.u.)";"Normalized CC history 4 (a.u.)";"Crosscorrelation history 5 (a.u.)";"Normalized CC history 5 (a.u.)"
3.400000000E1;1.940549262E-6;2.243274947E-3;3.358645690E-6;3.882594417E-3;2.595874126E-5;3.000830489E-2;5.911908246E-7;6.834165933E-4;6.043982663E-6;6.986843958E-3;2.066226410E-7;2.388557730E-4
3.435416667E1;2.112615659E-6;2.493327522E-3;3.173654340E-6;3.745574676E-3;2.645557166E-5;3.122309762E-2;7.362997925E-7;8.689874705E-4;5.797802552E-6;6.842617404E-3;1.549320668E-7;1.828521836E-4
3.470833333E1;2.355700712E-6;2.837838214E-3;2.844877422E-6;3.427133940E-3;2.472308861E-5;2.978312367E-2;9.066037646E-7;1.092156909E-3;5.684402318E-6;6.847819862E-3;1.479416102E-7;1.782205833E-4
3.506250000E1;2.672909268E-6;3.286018273E-3;2.464727260E-6;3.030083704E-3;2.116356699E-5;2.601804284E-2;1.107607726E-6;1.361669574E-3;5.717615655E-6;7.029116080E-3;1.872944552E-7;2.302558525E-4
3.541666667E1;3.091160285E-6;3.877366850E-3;2.108517575E-6;2.644798520E-3;1.660905795E-5;2.083341036E-2;1.336525685E-6;1.676457999E-3;5.846019562E-6;7.332897802E-3;2.796465259E-7;3.507719010E-4
3.577083333E1;3.653560914E-6;4.674923065E-3;1.813136320E-6;2.320003143E-3;1.199479475E-5;1.534796982E-2;1.576411014E-6;2.017100682E-3;5.981558306E-6;7.653717988E-3;4.337664006E-7;5.550268899E-4
3.612500000E1;4.380966875E-6;5.717230225E-3;1.579792363E-6;2.061653718E-3;8.050312387E-6;1.050578345E-2;1.795360964E-6;2.342974111E-3;6.033893154E-6;7.874324846E-3;6.542243576E-7;8.537730090E-4
3.647916667E1;5.226042614E-6;6.954449601E-3;1.390915641E-6;1.850932615E-3;5.148510768E-6;6.851275679E-3;1.952891261E-6;2.598770208E-3;5.939184561E-6;7.903448699E-3;9.340527311E-7;1.242971618E-3
3.683333333E1;6.060067633E-6;8.221660090E-3;1.227955855E-6;1.665960887E-3;3.339690697E-6;4.530939814E-3;2.012038183E-6;2.729721025E-3;5.678285006E-6;7.703697721E-3;1.249744801E-6;1.695521828E-3
3.718750000E1;6.716287572E-6;9.288022296E-3;1.081697225E-6;1.495890078E-3;2.489003021E-6;3.442067556E-3;1.952342815E-6;2.699914707E-3;5.282720036E-6;7.305527191E-3;1.561818475E-6;2.159854631E-3
3.754166667E1;7.072287332E-6;9.967517237E-3;9.521563494E-7;1.341947008E-3;2.404843673E-6;3.389330727E-3;1.777794327E-6;2.505581966E-3;4.828431793E-6;6.805079441E-3;1.822096590E-6;2.568020545E-3
3.789583333E1;7.119263407E-6;1.022393277E-2;8.424127873E-7;1.209784104E-3;2.890524046E-6;4.151064772E-3;1.516054186E-6;2.177196599E-3;4.419275372E-6;6.346495660E-3;1.985883496E-6;2.851915739E-3
3.825000000E1;6.967555762E-6;1.019396955E-2;7.547591372E-7;1.104259790E-3;3.732467789E-6;5.460833655E-3;1.209565941E-6;1.769670569E-3;4.164250413E-6;6.092558620E-3;2.024665436E-6;2.962212074E-3
3.860416667E1;6.778417169E-6;1.010175095E-2;6.913073971E-7;1.030242752E-3;4.686886102E-6;6.984780512E-3;9.028266914E-7;1.345466082E-3;4.153074921E-6;6.189251487E-3;1.934420141E-6;2.882830905E-3
3.895833333E1;6.663858364E-6;1.011408260E-2;6.532446927E-7;9.914632665E-4;5.511730989E-6;8.365439278E-3;6.312043874E-7;9.580115548E-4;4.434528034E-6;6.730512622E-3;1.736465531E-6;2.635523574E-3
3.931250000E1;6.620455769E-6;1.023173336E-2;6.379723647E-7;9.859688451E-4;6.037053382E-6;9.330100925E-3;4.150430653E-7;6.414377086E-4;5.001506974E-6;7.729692269E-3;1.470928265E-6;2.273279413E-3
3.966666667E1;6.540322144E-6;1.029083354E-2;6.385807327E-7;1.004771306E-3;6.226585267E-6;9.797185996E-3;2.598171564E-7;4.088078613E-4;5.786733350E-6;9.105103441E-3;1.185841645E-6;1.865855948E-3
4.002083333E1;6.289615291E-6;1.007386989E-2;6.488090741E-7;1.039176149E-3;6.191302340E-6;9.916405268E-3;1.605938672E-7;2.572179137E-4;6.672425549E-6;1.068700448E-2;9.260352118E-7;1.483200133E-3
4.037500000E1;5.800155320E-6;9.455068819E-3;6.716931510E-7;1.094954293E-3;6.143507974E-6;1.001478193E-2;1.078801362E-7;1.758597926E-4;7.513887089E-6;1.224869260E-2;7.250220008E-7;1.181887818E-3
4.072916667E1;5.114186202E-6;8.483744583E-3;7.254079285E-7;1.203353836E-3;6.318436565E-6;1.048143338E-2;9.234503961E-8;1.531879557E-4;8.172508605E-6;1.355708863E-2;6.009409930E-7;9.968799908E-4
4.108333333E1;4.357910011E-6;7.355456043E-3;8.386900096E-7;1.415574779E-3;6.902100516E-6;1.164964325E-2;1.070289052E-7;1.806476970E-4;8.548811690E-6;1.442902870E-2;5.557462891E-7;9.380109710E-4
4.143750000E1;3.669030898E-6;6.299969699E-3;1.035154898E-6;1.777429700E-3;7.996239444E-6;1.373007413E-2;1.469502847E-7;2.523233972E-4;8.604591461E-6;1.477465494E-2;5.764790991E-7;9.898528949E-4
4.179166667E1;3.130915132E-6;5.468279168E-3;1.313962637E-6;2.294892775E-3;9.606428157E-6;1.677804372E-2;2.069937902E-7;3.615236386E-4;8.365802834E-6;1.461123775E-2;6.382772269E-7;1.114778880E-3
4.214583333E1;2.752602768E-6;4.889369208E-3;1.639951420E-6;2.912998587E-3;1.162622654E-5;2.065133215E-2;2.795249797E-7;4.965121900E-4;7.904850145E-6;1.404115819E-2;7.095992235E-7;1.260440712E-3
4.250000000E1;2.494714035E-6;4.506077225E-3;1.951755868E-6;3.525359036E-3;1.381813357E-5;2.495900376E-2;3.533616299E-7;6.382594440E-4;7.309797974E-6;1.320332259E-2;7.596756405E-7;1.372164126E-3
4.285416667E1;2.310576610E-6;4.243326811E-3;2.186440619E-6;4.015353595E-3;1.581898940E-5;2.905125133E-2;4.151274619E-7;7.623731154E-4;6.654078812E-6;1.222008000E-2;7.666635368E-7;1.407961946E-3
4.320833333E1;2.171306655E-6;4.053742824E-3;2.308321996E-6;4.309544993E-3;1.720202858E-5;3.211550047E-2;4.527519567E-7;8.452698245E-4;5.979503361E-6;1.116349401E-2;7.236301282E-7;1.350988554E-3
4.356250000E1;2.064998472E-6;3.918729854E-3;2.326007538E-6;4.414044516E-3;1.760059610E-5;3.340049997E-2;4.594064289E-7;8.718116320E-4;5.298214085E-6;1.005437534E-2;6.397420537E-7;1.214032997E-3
4.391666667E1;1.981390595E-6;3.821455754E-3;2.286104736E-6;4.409149876E-3;1.685257159E-5;3.250311010E-2;4.357139539E-7;8.403500049E-4;4.609814904E-6;8.890828358E-3;5.358523421E-7;1.033484272E-3
4.427083333E1;1.900443866E-6;3.724692635E-3;2.247578667E-6;4.405044453E-3;1.508553442E-5;2.956623975E-2;3.890197018E-7;7.624423137E-4;3.923177704E-6;7.689062204E-3;4.365204142E-7;8.555392775E-4
4.462500000E1;1.795801623E-6;3.576142516E-3;2.254217805E-6;4.489028204E-3;1.267972274E-5;2.525028100E-2;3.302222953E-7;6.576015829E-4;3.271393837E-6;6.514623017E-3;3.623084691E-7;7.214976887E-4
4.497916667E1;1.649427434E-6;3.336998593E-3;2.323183876E-6;4.700092388E-3;1.011784255E-5;2.046966460E-2;2.699233209E-7;5.460887358E-4;2.712522704E-6;5.487773672E-3;3.258783354E-7;6.592927488E-4
4.533333333E1;1.463295829E-6;3.007235516E-3;2.451844577E-6;5.038813033E-3;7.805122309E-6;1.604039358E-2;2.157098372E-7;4.433076833E-4;2.316004295E-6;4.759646161E-3;3.325175458E-7;6.833605029E-4
4.568750000E1;1.257379114E-6;2.624587347E-3;2.629957700E-6;5.489636041E-3;5.956833810E-6;1.243398309E-2;1.714956486E-7;3.579710402E-4;2.140710803E-6;4.468407677E-3;3.825556991E-7;7.985267418E-4
4.604166667E1;1.057259211E-6;2.241215154E-3;2.845070950E-6;6.031081176E-3;4.596848514E-6;9.744560688E-3;1.386740543E-7;2.939661235E-4;2.213693631E-6;4.692665392E-3;4.723620365E-7;1.001329611E-3
4.639583333E1;8.837146675E-7;1.902260643E-3;3.077883195E-6;6.625369341E-3;3.640833359E-6;7.837160864E-3;1.179152117E-7;2.538211423E-4;2.517687364E-6;5.419506725E-3;5.927382469E-7;1.275912554E-3
4.675000000E1;7.512358680E-7;1.641872942E-3;3.296135795E-6;7.203910789E-3;3.001956181E-6;6.560962855E-3;1.101925521E-7;2.408327097E-4;2.992083281E-6;6.539385016E-3;7.265739293E-7;1.587972733E-3
4.710416667E1;6.714507914E-7;1.489816706E-3;3.460746797E-6;7.678713704E-3;2.665233909E-6;5.913627706E-3;1.163020551E-7;2.580512927E-4;3.547786123E-6;7.871836781E-3;8.489495189E-7;1.883651330E-3
4.745833333E1;6.538995320E-7;1.472773602E-3;3.547990692E-6;7.991116030E-3;2.703401985E-6;6.088854455E-3;1.354457271E-7;3.050635176E-4;4.091257041E-6;9.214711242E-3;9.318628118E-7;2.098828463E-3
4.781250000E1;7.015840124E-7;1.603845717E-3;3.573506871E-6;8.169162339E-3;3.241525180E-6;7.410240522E-3;1.641254103E-7;3.751964579E-4;4.548934099E-6;1.039902327E-2;9.528753107E-7;2.178306460E-3
4.816666667E1;8.047411704E-7;1.867021869E-3;3.593094212E-6;8.336078380E-3;4.387527727E-6;1.017918620E-2;1.962563366E-7;4.553201525E-4;4.882939801E-6;1.132855598E-2;9.036894706E-7;2.096584674E-3
4.852083333E1;9.387589957E-7;2.210093331E-3;3.671691647E-6;8.644158147E-3;6.155614846E-6;1.449198717E-2;2.249179904E-7;5.295179624E-4;5.092554237E-6;1.198925412E-2;7.937633307E-7;1.868734203E-3
4.887500000E1;1.070863060E-6;2.558040867E-3;3.842405670E-6;9.178606581E-3;8.403168233E-6;2.007319942E-2;2.454292120E-7;5.862728651E-4;5.202749020E-6;1.242814801E-2;6.467020497E-7;1.544819626E-3
4.922916667E1;1.174089494E-6;2.845418629E-3;4.089653663E-6;9.911320029E-3;1.080700751E-5;2.619089995E-2;2.584793985E-7;6.264276269E-4;5.246493904E-6;1.271493490E-2;4.915164639E-7;1.191195484E-3
4.958333333E1;1.239534097E-6;3.047403185E-3;4.367728081E-6;1.073808982E-2;1.291152853E-5;3.174308256E-2;2.715625732E-7;6.676384722E-4;5.249327764E-6;1.290550876E-2;3.533880235E-7;8.688069098E-4
4.993750000E1;1.276949989E-6;3.184399023E-3;4.634413274E-6;1.155708620E-2;1.425155265E-5;3.553986508E-2;2.976130224E-7;7.421736371E-4;5.221727725E-6;1.302170391E-2;2.478869720E-7;6.181691047E-4
5.029166667E1;1.303150562E-6;3.295995821E-3;4.870371081E-6;1.231839451E-2;1.450881649E-5;3.669644930E-2;3.512409702E-7;8.883768336E-4;5.159062012E-6;1.304856655E-2;1.799410836E-7;4.551162981E-4
5.064583333E1;1.328062022E-6;3.406479663E-3;5.071971912E-6;1.300961016E-2;1.363307072E-5;3.496883231E-2;4.442422113E-7;1.139481465E-3;5.045763285E-6;1.294238502E-2;1.464183334E-7;3.755630888E-4
5.100000000E1;1.349003017E-6;3.508756848E-3;5.224159314E-6;1.358803838E-2;1.186850454E-5;3.086998031E-2;5.823363814E-7;1.514656928E-3;4.860558103E-6;1.264231163E-2;1.399439661E-7;3.639942557E-4
5.135416667E1;1.356406064E-6;3.577182480E-3;5.279930900E-6;1.392450006E-2;9.670513306E-6;2.550356541E-2;7.644849215E-7;2.016138191E-3;4.582394090E-6;1.208492080E-2;1.519577372E-7;4.007506083E-4
5.170833333E1;1.346937681E-6;3.601376963E-3;5.172338822E-6;1.382954990E-2;7.553336436E-6;2.019574641E-2;9.846618007E-7;2.632741199E-3;4.197987815E-6;1.122437721E-2;1.744980376E-7;4.665644309E-4
5.206250000E1;1.335839180E-6;3.620797316E-3;4.858642132E-6;1.316936848E-2;5.933637592E-6;1.608314787E-2;1.234130285E-6;3.345114959E-3;3.710648043E-6;1.005772601E-2;2.015345301E-7;5.462601311E-4
5.241666667E1;1.358546352E-6;3.732615536E-3;4.364434758E-6;1.199131481E-2;5.029173608E-6;1.381768941E-2;1.501743268E-6;4.126050058E-3;3.147289729E-6;8.647200387E-3;2.305247463E-7;6.333683412E-4
5.277083333E1;1.455584598E-6;4.053455004E-3;3.792473547E-6;1.056113186E-2;4.836103673E-6;1.346739218E-2;1.771234879E-6;4.932465549E-3;2.559191772E-6;7.126737055E-3;2.634357212E-7;7.336054831E-4
5.312500000E1;1.646540658E-6;4.646975099E-3;3.287723119E-6;9.278827943E-3;5.175519780E-6;1.460669157E-2;2.017533295E-6;5.694014866E-3;2.014002244E-6;5.684049302E-3;3.058235467E-7;8.631152831E-4
5.347916667E1;1.909913090E-6;5.462392057E-3;2.980235267E-6;8.523536246E-3;5.783563481E-6;1.654111456E-2;2.206269364E-6;6.309977303E-3;1.580233589E-6;4.519501672E-3;3.636162321E-7;1.039950157E-3
5.383333333E1;2.184045946E-6;6.329425818E-3;2.937015951E-6;8.511553811E-3;6.413966825E-6;1.858785402E-2;2.299745243E-6;6.664725596E-3;1.309719391E-6;3.795603176E-3;4.390075011E-7;1.272255933E-3
5.418750000E1;2.390765268E-6;7.019968569E-3;3.145702964E-6;9.236680920E-3;6.925990767E-6;2.033668388E-2;2.268659098E-6;6.661430033E-3;1.224313437E-6;3.594933373E-3;5.275261472E-7;1.548967196E-3
5.454166667E1;2.469119722E-6;7.345121058E-3;3.538383713E-6;1.052596053E-2;7.338254780E-6;2.182979191E-2;2.104773079E-6;6.261265071E-3;1.311714459E-6;3.902079518E-3;6.178244833E-7;1.837900197E-3
5.489583333E1;2.400741441E-6;7.234760413E-3;4.046573220E-6;1.219456091E-2;7.841052939E-6;2.362942482E-2;1.828023008E-6;5.508843337E-3;1.531200135E-6;4.614352023E-3;6.945356745E-7;2.093019730E-3
5.525000000E1;2.213081420E-6;6.755569353E-3;4.656875621E-6;1.421540389E-2;8.753035096E-6;2.671918670E-2;1.483607267E-6;4.528803908E-3;1.827313962E-6;5.577990075E-3;7.430282554E-7;2.268140189E-3
5.560416667E1;1.959702262E-6;6.059053213E-3;5.428334134E-6;1.678345023E-2;1.041056525E-5;3.218762875E-2;1.129713166E-6;3.492873547E-3;2.147000403E-6;6.638145980E-3;7.538611390E-7;2.330805473E-3
5.595833333E1;1.691257006E-6;5.295892373E-3;6.448715341E-6;2.019308850E-2;1.300653511E-5;4.072781953E-2;8.214401282E-7;2.572204281E-3;2.454266958E-6;7.685132196E-3;7.251662580E-7;2.270738535E-3
5.631250000E1;1.435765339E-6;4.552952100E-3;7.748183946E-6;2.457024795E-2;1.643541877E-5;5.211831793E-2;5.976746243E-7;1.895284600E-3;2.736046873E-6;8.676271826E-3;6.626016073E-7;2.101174404E-3
5.666666667E1;1.197955446E-6;3.846768042E-3;9.219315067E-6;2.960424505E-2;2.022551340E-5;6.494637080E-2;4.748954902E-7;1.524942185E-3;2.995542393E-6;9.619019462E-3;5.775271604E-7;1.854503882E-3
5.702083333E1;9.726974111E-7;3.162604467E-3;1.059664369E-5;3.445366698E-2;2.361814825E-5;7.679146703E-2;4.476776045E-7;1.455567966E-3;3.235956256E-6;1.052130868E-2;4.841157056E-7;1.574041912E-3
5.737500000E1;7.595697358E-7;2.500420492E-3;1.152349890E-5;3.793409800E-2;2.579383537E-5;8.491048482E-2;4.933711909E-7;1.624123998E-3;3.443393752E-6;1.133527561E-2;3.959587488E-7;1.303452893E-3
5.772916667E1;5.684679263E-7;1.894508434E-3;1.168911957E-5;3.895582248E-2;2.617007804E-5;8.721588550E-2;5.785971666E-7;1.928265715E-3;3.580089854E-6;1.193121038E-2;3.228947765E-7;1.076097435E-3
5.808333333E1;4.146805124E-7;1.398996702E-3;1.096680055E-5;3.699840562E-2;2.463886986E-5;8.312350505E-2;6.665327772E-7;2.248664041E-3;3.594115016E-6;1.212537098E-2;2.689661100E-7;9.074038676E-4
5.843750000E1;3.091215796E-7;1.055632082E-3;9.473669868E-6;3.235202750E-2;2.162388350E-5;7.384429512E-2;7.246596540E-7;2.474670258E-3;3.442265434E-6;1.175513476E-2;2.322408009E-7;7.930887272E-4
5.879166667E1;2.515314053E-7;8.694082585E-4;7.520316329E-6;2.599367310E-2;1.792073038E-5;6.194228896E-2;7.320621833E-7;2.530343705E-3;3.114341421E-6;1.076459676E-2;2.067193678E-7;7.145172404E-4
5.914583333E1;2.308422230E-7;8.075390975E-4;5.485248389E-6;1.918865828E-2;1.439278491E-5;5.034926622E-2;6.841603517E-7;2.393349994E-3;2.645424531E-6;9.254302400E-3;1.855999312E-7;6.492711731E-4
5.950000000E1;2.309152356E-7;8.174976629E-4;3.684207688E-6;1.304301627E-2;1.167330129E-5;4.132640490E-2;5.928189437E-7;2.098727265E-3;2.109116363E-6;7.466799205E-3;1.644584424E-7;5.822240007E-4
5.985416667E1;2.367762819E-7;8.482560656E-4;2.293796931E-6;8.217576288E-3;1.000963691E-5;3.585973710E-2;4.815726064E-7;1.725244104E-3;1.595183195E-6;5.714777722E-3;1.428612730E-7;5.118035487E-4
6.020833333E1;2.382892999E-7;8.638090546E-4;1.346784707E-6;4.882153016E-3;9.302719266E-6;3.372276110E-2;3.780503674E-7;1.370448990E-3;1.182885207E-6;4.288010215E-3;1.239558404E-7;4.493453015E-4
6.056250000E1;2.312662899E-7;8.482422924E-4;7.779565646E-7;2.853401851E-3;9.296380797E-6;3.409741801E-2;3.067769139E-7;1.125201398E-3;9.209850796E-7;3.378004185E-3;1.127900085E-7;4.136930438E-4
6.091666667E1;2.168726907E-7;8.047799159E-4;4.837731416E-7;1.795204859E-3;9.788402810E-6;3.632319940E-2;2.844404824E-7;1.055513199E-3;8.201553669E-7;3.043465569E-3;1.145098892E-7;4.249279089E-4
6.127083333E1;1.995932997E-7;7.492962037E-4;3.670627039E-7;1.377995609E-3;1.073880774E-5;4.031471941E-2;3.176871116E-7;1.192633956E-3;8.565056647E-7;3.215420778E-3;1.329346217E-7;4.990518597E-4
6.162500000E1;1.843856934E-7;7.002305998E-4;3.576449071E-7;1.358206829E-3;1.221637799E-5;4.639341335E-2;4.023172100E-7;1.527856181E-3;9.822625364E-7;3.730280113E-3;1.693400341E-7;6.430925928E-4
6.197916667E1;1.745586245E-7;6.705524854E-4;4.148209983E-7;1.593500476E-3;1.423216254E-5;5.467167255E-2;5.233071778E-7;2.010241142E-3;1.139676613E-6;4.377973229E-3;2.212766437E-7;8.500158830E-4
6.233333333E1;1.715307556E-7;6.664732214E-4;5.190340191E-7;2.016677846E-3;1.658019255E-5;6.442141705E-2;6.564172120E-7;2.550472610E-3;1.275352527E-6;4.955311392E-3;2.818771284E-7;1.095217923E-3
6.268750000E1;1.759822460E-7;6.915614194E-4;6.597319415E-7;2.592563557E-3;1.879871190E-5;7.387372405E-2;7.725435600E-7;3.035881931E-3;1.352381746E-6;5.314485187E-3;3.404794228E-7;1.337989702E-3
6.304166667E1;1.888366566E-7;7.504844103E-4;8.228376438E-7;3.270163934E-3;2.029301925E-5;8.064956697E-2;8.448367869E-7;3.357594067E-3;1.357601196E-6;5.395448912E-3;3.851064929E-7;1.530510148E-3
6.339583333E1;2.112979884E-7;8.492133100E-4;9.828315519E-7;3.950031147E-3;2.056176316E-5;8.263837764E-2;8.566344348E-7;3.442840935E-3;1.301564241E-6;5.231027923E-3;4.063276517E-7;1.633043706E-3
6.375000000E1;2.447532929E-7;9.946926795E-4;1.104142670E-6;4.487304820E-3;1.940569365E-5;7.886595184E-2;8.070177748E-7;3.279770676E-3;1.210343519E-6;4.918911709E-3;4.009424685E-7;1.629455251E-3
6.410416667E1;2.918201033E-7;1.199189244E-3;1.152553911E-6;4.736240711E-3;1.700981601E-5;6.989918850E-2;7.112606539E-7;2.922814832E-3;1.112520586E-6;4.571730001E-3;3.734789857E-7;1.534753698E-3
6.445833333E1;3.582515226E-7;1.488490917E-3;1.109670164E-6;4.610542748E-3;1.386681323E-5;5.761489969E-2;5.958402598E-7;2.475642834E-3;1.027946942E-6;4.270992837E-3;3.344115845E-7;1.389438913E-3
6.481250000E1;4.533605387E-7;1.904413551E-3;9.815559427E-7;4.123182939E-3;1.059263652E-5;4.449606616E-2;4.901031251E-7;2.058756670E-3;9.643078799E-7;4.050729689E-3;2.957554479E-7;1.242368126E-3
6.516666667E1;5.863307650E-7;2.489967602E-3;7.965783549E-7;3.382824874E-3;7.727020507E-6;3.281429506E-2;4.181278222E-7;1.775661100E-3;9.224148939E-7;3.917214205E-3;2.662251401E-7;1.130576823E-3
6.552083333E1;7.585608586E-7;3.256486292E-3;5.938174645E-7;2.549246262E-3;5.606216853E-6;2.406737459E-2;3.935773080E-7;1.689619354E-3;9.055057310E-7;3.887317631E-3;2.483114580E-7;1.065996024E-3
6.587500000E1;9.564086636E-7;4.150350340E-3;4.086601776E-7;1.773387226E-3;4.346063248E-6;1.885980937E-2;4.185352657E-7;1.816240325E-3;9.253909989E-7;4.015748699E-3;2.384546301E-7;1.034777593E-3
6.622916667E1;1.150719212E-6;5.047402575E-3;2.631272941E-7;1.154155912E-3;3.914093658E-6;1.716839887E-2;4.856191555E-7;2.130072524E-3;1.000857838E-6;4.390065256E-3;2.298106597E-7;1.008019075E-3
6.658333333E1;1.306577344E-6;5.792501963E-3;1.641177760E-7;7.275899465E-4;4.224968864E-6;1.873072464E-2;5.816756124E-7;2.578765921E-3;1.148630831E-6;5.092271329E-3;2.160542395E-7;9.578419623E-4
6.693750000E1;1.399580946E-6;6.271002844E-3;1.081789894E-7;4.847099071E-4;5.192546217E-6;2.326587268E-2;6.913968695E-7;3.097892799E-3;1.372235393E-6;6.148477567E-3;1.944577911E-7;8.712931998E-4
6.729166667E1;1.428908256E-6;6.470337213E-3;8.903702859E-8;4.031746596E-4;6.708828669E-6;3.037870600E-2;7.997246321E-7;3.621287810E-3;1.655590222E-6;7.496791329E-3;1.670554119E-7;7.564550376E-4
6.764583333E1;1.417859685E-6;6.488067457E-3;1.035555397E-7;4.738658800E-4;8.583664325E-6;3.927849403E-2;8.929386984E-7;4.086050666E-3;1.964961736E-6;8.991583884E-3;1.398204225E-7;6.398124882E-4
6.800000000E1;1.399889974E-6;6.473091240E-3;1.538371277E-7;7.113428784E-4;1.050222804E-5;4.856230247E-2;9.589829353E-7;4.434337093E-3;2.257828752E-6;1.044020015E-2;1.209652595E-7;5.593433601E-4
6.835416667E1;1.397934514E-6;6.531558389E-3;2.469079544E-7;1.153626085E-3;1.205615888E-5;5.632989591E-2;9.879984032E-7;4.616217135E-3;2.493356677E-6;1.164969071E-2;1.198075688E-7;5.597759573E-4
6.870833333E1;1.409925938E-6;6.656027814E-3;3.934564444E-7;1.857442981E-3;1.286047677E-5;6.071218976E-2;9.736984283E-7;4.596669687E-3;2.639897001E-6;1.246251834E-2;1.467187620E-7;6.926350771E-4
6.906250000E1;1.409907585E-6;6.724735974E-3;6.037995025E-7;2.879899561E-3;1.270303177E-5;6.058874753E-2;9.154317875E-7;4.366269916E-3;2.678193284E-6;1.277398811E-2;2.130629289E-7;1.016231105E-3
6.941666667E1;1.364049709E-6;6.572910336E-3;8.791204764E-7;4.236194641E-3;1.163601902E-5;5.607017781E-2;8.200843485E-7;3.951718809E-3;2.601921725E-6;1.253781156E-2;3.291456087E-7;1.586045259E-3
6.977083333E1;1.251343204E-6;6.091500157E-3;1.203535862E-6;5.858775488E-3;9.948903036E-6;4.843095339E-2;7.026132874E-7;3.420299832E-3;2.417802146E-6;1.176978634E-2;4.992038848E-7;2.430109128E-3
7.012500000E1;1.076401417E-6;5.293220786E-3;1.545580068E-6;7.600414136E-3;8.039581566E-6;3.953476797E-2;5.843559019E-7;2.873579278E-3;2.146092500E-6;1.055344340E-2;7.149185224E-7;3.515623004E-3
7.047916667E1;8.678115091E-7;4.310691333E-3;1.871082139E-6;9.294250507E-3;6.260522255E-6;3.109797317E-2;4.890937513E-7;2.429481717E-3;1.819960130E-6;9.040311495E-3;9.511347653E-7;4.724584022E-3
7.083333333E1;6.648214984E-7;3.335649532E-3;2.161110323E-6;1.084307089E-2;4.819475508E-6;2.418104899E-2;4.378081422E-7;2.196641547E-3;1.481346261E-6;7.432449120E-3;1.167861817E-6;5.859584465E-3
7.118750000E1;5.011947920E-7;2.539884878E-3;2.423227866E-6;1.228009531E-2;3.767242361E-6;1.909110401E-2;4.435509862E-7;2.247765660E-3;1.173143596E-6;5.945093060E-3;1.320122400E-6;6.689931685E-3
7.154166667E1;3.945178811E-7;2.019225392E-3;2.684578797E-6;1.374023823E-2;3.052371051E-6;1.562267625E-2;5.078775091E-7;2.599423781E-3;9.304956412E-7;4.762472160E-3;1.372781450E-6;7.026183838E-3
7.189583333E1;3.441750947E-7;1.779044799E-3;2.967219181E-6;1.533758814E-2;2.591330457E-6;1.339461525E-2;6.197755801E-7;3.203626698E-3;7.752284571E-7;4.007164307E-3;1.313760606E-6;6.790842829E-3
7.225000000E1;3.360143814E-7;1.754016072E-3;3.261089437E-6;1.702309068E-2;2.312592208E-6;1.207187586E-2;7.576966388E-7;3.955223811E-3;7.154967519E-7;3.734937764E-3;1.159148902E-6;6.050829717E-3
7.260416667E1;3.496263204E-7;1.843007955E-3;3.516783317E-6;1.853824855E-2;2.166061367E-6;1.141810012E-2;8.945097648E-7;4.715287482E-3;7.499155604E-7;3.953078651E-3;9.477788161E-7;4.996088095E-3
7.295833333E1;3.650136152E-7;1.942937690E-3;3.669392690E-6;1.953187788E-2;2.114158361E-6;1.125349245E-2;1.004084298E-6;5.344658787E-3;8.731475903E-7;4.647693377E-3;7.282297417E-7;3.876307494E-3
7.331250000E1;3.672792192E-7;1.974023940E-3;3.682947893E-6;1.979482348E-2;2.126229634E-6;1.142789459E-2;1.067417274E-6;5.737071807E-3;1.079649388E-6;5.802816027E-3;5.443614387E-7;2.925791758E-3
7.366666667E1;3.492043547E-7;1.895054432E-3;3.588016008E-6;1.947136554E-2;2.184006329E-6;1.185211701E-2;1.076216782E-6;5.840389317E-3;1.363452430E-6;7.399153349E-3;4.249548860E-7;2.306135732E-3
7.402083333E1;3.116439560E-7;1.707523341E-3;3.485546411E-6;1.909760076E-2;2.290853937E-6;1.255178062E-2;1.032955167E-6;5.659647890E-3;1.714260937E-6;9.392579272E-3;3.799167987E-7;2.081595965E-3
7.437500000E1;2.615590292E-7;1.446850551E-3;3.509036729E-6;1.941073012E-2;2.472274950E-6;1.367573655E-2;9.479236011E-7;5.243572701E-3;2.112235632E-6;1.168412843E-2;4.020346696E-7;2.223911311E-3
7.472916667E1;2.082931709E-7;1.163202455E-3;3.760584410E-6;2.100078940E-2;2.765443169E-6;1.544347454E-2;8.350564249E-7;4.663329475E-3;2.524647709E-6;1.409876474E-2;4.716853727E-7;2.634102602E-3
7.508333333E1;1.596733973E-7;9.001598859E-4;4.253465256E-6;2.397893992E-2;3.200260222E-6;1.804148922E-2;7.083419490E-7;3.993282656E-3;2.907401191E-6;1.639049441E-2;5.623394096E-7;3.170192327E-3
7.543750000E1;1.197831400E-7;6.816638585E-4;4.892320181E-6;2.784129595E-2;3.773757292E-6;2.147575991E-2;5.798149111E-7;3.299620209E-3;3.212155287E-6;1.827978600E-2;6.461392409E-7;3.677059793E-3
7.579166667E1;8.910720666E-8;5.118653650E-4;5.502838043E-6;3.161037483E-2;4.428012007E-6;2.543616916E-2;4.589617026E-7;2.636448927E-3;3.397488590E-6;1.951645442E-2;6.994426530E-7;4.017862104E-3
7.614583333E1;6.618901967E-8;3.837763752E-4;5.897495284E-6;3.419478600E-2;5.049054310E-6;2.927536578E-2;3.526786866E-7;2.044897305E-3;3.440525325E-6;1.994881242E-2;7.077843998E-7;4.103866967E-3
7.650000000E1;4.932686041E-8;2.886731189E-4;5.946934163E-6;3.480294546E-2;5.496267924E-6;3.216553396E-2;2.651118427E-7;1.551500781E-3;3.344513114E-6;1.957292687E-2;6.688487150E-7;3.914269892E-3
7.685416667E1;3.740278207E-8;2.209218862E-4;5.625271801E-6;3.322602191E-2;5.652635614E-6;3.338764800E-2;1.973880305E-7;1.165884825E-3;3.138596018E-6;1.853831491E-2;5.921215758E-7;3.497403352E-3
7.720833333E1;2.984342408E-8;1.779004332E-4;5.011280683E-6;2.987287926E-2;5.474609181E-6;3.263483916E-2;1.477964159E-7;8.810331665E-4;2.869155665E-6;1.710340054E-2;4.951391495E-7;2.951587222E-3
7.756250000E1;2.617391306E-8;1.574607273E-4;4.247728921E-6;2.555408830E-2;5.011963551E-6;3.015167905E-2;1.127585358E-7;6.783487444E-4;2.586388242E-6;1.555956012E-2;3.976488421E-7;2.392232134E-3
7.791666667E1;2.565781058E-8;1.557687462E-4;3.481585354E-6;2.113672886E-2;4.385252772E-6;2.662290003E-2;8.829757456E-8;5.360551884E-4;2.331753733E-6;1.415609310E-2;3.157323278E-7;1.916813155E-3
7.827083333E1;2.726324949E-8;1.670234820E-4;2.814541677E-6;1.724279240E-2;3.733463412E-6;2.287240408E-2;7.139911470E-8;4.374140636E-4;2.131094908E-6;1.305577650E-2;2.577977495E-7;1.579352372E-3
7.862500000E1;2.992064277E-8;1.849661410E-4;2.282384334E-6;1.410945032E-2;3.160599718E-6;1.953848177E-2;6.089725420E-8;3.764601648E-4;1.995772547E-6;1.233764760E-2;2.235748094E-7;1.382115018E-3
7.897916667E1;3.276975041E-8;2.044081594E-4;1.866820694E-6;1.164468381E-2;2.705575025E-6;1.687658905E-2;5.783661435E-8;3.607679564E-4;1.930968869E-6;1.204482145E-2;2.061529501E-7;1.285922064E-3
7.933333333E1;3.516673945E-8;2.213316433E-4;1.528406399E-6;9.619450229E-3;2.346746934E-6;1.476990371E-2;6.533550750E-8;4.112071652E-4;1.944646183E-6;1.223917093E-2;1.960349168E-7;1.233800203E-3
7.968750000E1;3.656983860E-8;2.322220464E-4;1.238695809E-6;7.865839350E-3;2.033700520E-6;1.291419691E-2;8.803802825E-8;5.590500768E-4;2.047584234E-6;1.300235984E-2;1.854229747E-7;1.177453997E-3
8.004166667E1;3.659407646E-8;2.344461134E-4;9.941588411E-7;6.369246035E-3;1.726181784E-6;1.105907429E-2;1.310787827E-7;8.397782955E-4;2.241175115E-6;1.435846580E-2;1.709568832E-7;1.095264062E-3
8.039583333E1;3.523880482E-8;2.277656632E-4;8.099240596E-7;5.234936074E-3;1.418371045E-6;9.167627090E-3;1.986344151E-7;1.283871559E-3;2.501411571E-6;1.616784872E-2;1.539334322E-7;9.949472021E-4
8.075000000E1;3.302658613E-8;2.153519190E-4;7.058131668E-7;4.602298868E-3;1.140185800E-6;7.434652769E-3;2.923527728E-7;1.906304527E-3;2.773095548E-6;1.808214284E-2;1.382800841E-7;9.016639311E-4
8.110416667E1;3.090091728E-8;2.032627066E-4;6.965857681E-7;4.582061668E-3;9.390214137E-7;6.176775671E-3;4.103773796E-7;2.699415558E-3;2.982211430E-6;1.961664637E-2;1.276663461E-7;8.397746515E-4
8.145833333E1;3.005181229E-8;1.994076005E-4;7.903065173E-7;5.244047338E-3;8.560076334E-7;5.680004470E-3;5.476178453E-7;3.633696346E-3;3.062817394E-6;2.032320252E-2;1.233418559E-7;8.184299599E-4
8.181250000E1;3.190631033E-8;2.135580333E-4;9.912193098E-7;6.634513493E-3;9.109906366E-7;6.097520105E-3;6.970852116E-7;4.665790100E-3;2.984843502E-6;1.997840871E-2;1.236634276E-7;8.277145842E-4
8.216666667E1;3.825645532E-8;2.582831447E-4;1.299376979E-6;8.772563203E-3;1.101034113E-6;7.433478894E-3;8.512449876E-7;5.747062305E-3;2.766222448E-6;1.867576666E-2;1.252037156E-7;8.452954964E-4
8.252083333E1;5.125711160E-8;3.490449344E-4;1.703962358E-6;1.160345191E-2;1.408778237E-6;9.593340165E-3;1.002092518E-6;6.823937332E-3;2.460590184E-6;1.675585128E-2;1.245958632E-7;8.484589461E-4
8.287500000E1;7.296384025E-8;5.011350358E-4;2.173119592E-6;1.492556259E-2;1.821191030E-6;1.250842375E-2;1.139791483E-6;7.828390662E-3;2.128130305E-6;1.461656422E-2;1.200884908E-7;8.247996532E-4
8.322916667E1;1.042423923E-7;7.220968694E-4;2.648027334E-6;1.834313474E-2;2.351202663E-6;1.628700229E-2;1.251177719E-6;8.667025898E-3;1.809159350E-6;1.253221721E-2;1.122246726E-7;7.773908772E-4
8.358333333E1;1.434707212E-7;1.002311366E-3;3.050532621E-6;2.131155050E-2;3.041374295E-6;2.124756884E-2;1.320224006E-6;9.223314110E-3;1.516420385E-6;1.059397608E-2;1.036303809E-7;7.239798322E-4
8.393750000E1;1.860426118E-7;1.310763948E-3;3.305013171E-6;2.328548320E-2;3.930790346E-6;2.769439874E-2;1.331783387E-6;9.383085056E-3;1.246303474E-6;8.780835992E-3;9.825943278E-8;6.922872175E-4
8.429166667E1;2.255730590E-7;1.602715774E-3;3.364291958E-6;2.390358056E-2;5.003811337E-6;3.555250522E-2;1.277832808E-6;9.079110805E-3;9.964053762E-7;7.079544961E-3;1.003987195E-7;7.133414428E-4
8.464583333E1;2.566101227E-7;1.838590257E-3;3.226636435E-6;2.311858257E-2;6.157299384E-6;4.411653965E-2;1.163213162E-6;8.334325877E-3;7.766969064E-7;5.564968947E-3;1.136646429E-7;8.143977438E-4
8.500000000E1;2.772848107E-7;2.003382757E-3;2.937181189E-6;2.122113409E-2;7.212792706E-6;5.211242730E-2;1.007202357E-6;7.277037030E-3;6.094636956E-7;4.403375201E-3;1.401435585E-7;1.012537210E-3
8.535416667E1;2.900020060E-7;2.112761407E-3;2.575903586E-6;1.876631737E-2;7.976620307E-6;5.811234127E-2;8.388574170E-7;6.111356266E-3;5.205650010E-7;3.792489780E-3;1.798941983E-7;1.310589278E-3
8.570833333E1;2.993974380E-7;2.199349149E-3;2.235468116E-6;1.642156637E-2;8.319090908E-6;6.111136299E-2;6.875170713E-7;5.050444306E-3;5.272650066E-7;3.873245715E-3;2.310036678E-7;1.696934094E-3
8.606250000E1;3.087131998E-7;2.286562699E-3;1.992817096E-6;1.476030581E-2;8.226254646E-6;6.092984373E-2;5.728141844E-7;4.242693698E-3;6.285761107E-7;4.655708564E-3;2.901297011E-7;2.148919297E-3
8.641666667E1;3.169799611E-7;2.367155721E-3;1.885104133E-6;1.407765657E-2;7.789801346E-6;5.817299225E-2;4.989302119E-7;3.725931133E-3;8.018704668E-7;5.988240570E-3;3.532728544E-7;2.638185251E-3
8.677083333E1;3.189961123E-7;2.401778357E-3;1.900758522E-6;1.431114833E-2;7.141934696E-6;5.377289414E-2;4.556392036E-7;3.430588448E-3;1.005709681E-6;7.572166718E-3;4.163135375E-7;3.134498527E-3
8.712500000E1;3.082769346E-7;2.340057958E-3;1.990502395E-6;1.510943716E-2;6.383782007E-6;4.845779301E-2;4.251626134E-7;3.227309751E-3;1.187570978E-6;9.014572955E-3;4.750338744E-7;3.605870804E-3
8.747916667E1;2.811117786E-7;2.151237290E-3;2.092492804E-6;1.601302006E-2;5.558033927E-6;4.253343600E-2;3.911113701E-7;2.993020670E-3;1.296545778E-6;9.921952184E-3;5.247659424E-7;4.015826265E-3
8.783333333E1;2.391052775E-7;1.844624156E-3;2.159982143E-6;1.666360224E-2;4.676313350E-6;3.607632862E-2;3.450662189E-7;2.662080442E-3;1.299423583E-6;1.002465590E-2;5.601781357E-7;4.321603152E-3
8.818750000E1;1.887304299E-7;1.467763189E-3;2.178327690E-6;1.694093103E-2;3.764769526E-6;2.927874496E-2;2.881053317E-7;2.240605293E-3;1.193000643E-6;9.278007946E-3;5.757689245E-7;4.477775168E-3
8.854166667E1;1.384981219E-7;1.085773580E-3;2.161556337E-6;1.694579485E-2;2.886906397E-6;2.263226857E-2;2.276389262E-7;1.784604212E-3;1.004194594E-6;7.872510785E-3;5.672365757E-7;4.446923024E-3
8.889583333E1;9.570016096E-8;7.562675729E-4;2.131207902E-6;1.684180477E-2;2.133387580E-6;1.685902960E-2;1.722393470E-7;1.361116132E-3;7.773225499E-7;6.142767497E-3;5.332527970E-7;4.214013795E-3
8.925000000E1;6.442994829E-8;5.132207800E-4;2.094311389E-6;1.668236827E-2;1.593222352E-6;1.269091222E-2;1.275577533E-7;1.016069256E-3;5.565378896E-7;4.433137343E-3;4.767536953E-7;3.797611357E-3
8.960416667E1;4.535870967E-8;3.641808473E-4;2.040480925E-6;1.638283094E-2;1.327178716E-6;1.065579406E-2;9.487011174E-8;7.617032743E-4;3.726607593E-7;2.992058461E-3;4.049418240E-7;3.251240118E-3
8.995833333E1;3.671450191E-8;2.971121705E-4;1.959191998E-6;1.585476464E-2;1.359689498E-6;1.100328962E-2;7.210723046E-8;5.835278877E-4;2.386962894E-7;1.931650136E-3;3.277565912E-7;2.652370783E-3
9.031250000E1;3.553505166E-8;2.898362353E-4;1.858107675E-6;1.515537218E-2;1.689900513E-6;1.378341609E-2;5.612353275E-8;4.577630448E-4;1.531175872E-7;1.248880274E-3;2.553511088E-7;2.082732418E-3
9.066666667E1;3.863079351E-8;3.175622919E-4;1.768105438E-6;1.453461253E-2;2.300644745E-6;1.891232231E-2;4.480056477E-8;3.682805538E-4;1.072329427E-7;8.815024482E-4;1.955302411E-7;1.607345485E-3
9.102083333E1;4.320186278E-8;3.579184515E-4;1.736174815E-6;1.438384739E-2;3.144467791E-6;2.605126192E-2;3.818017338E-8;3.163147989E-4;9.224209283E-8;7.642065621E-4;1.521012247E-7;1.260127025E-3
9.137500000E1;4.726415123E-8;3.946268612E-4;1.813882987E-6;1.514481761E-2;4.118615729E-6;3.438793156E-2;3.885912759E-8;3.244500356E-4;1.027450204E-7;8.578583099E-4;1.245723684E-7;1.040103365E-3
9.172916667E1;4.995067040E-8;4.202969297E-4;2.046868617E-6;1.722284383E-2;5.060197428E-6;4.257771570E-2;5.236507219E-8;4.406122859E-4;1.360158697E-7;1.144470174E-3;1.091291526E-7;9.182388826E-4
9.208333333E1;5.156522209E-8;4.372390646E-4;2.463914144E-6;2.089236645E-2;5.777526274E-6;4.898961124E-2;8.784525120E-8;7.448697768E-4;1.888667964E-7;1.601465834E-3;1.003882489E-7;8.512261219E-4
9.243750000E1;5.331069455E-8;4.555234336E-4;3.062099505E-6;2.616469533E-2;6.108987342E-6;5.219941164E-2;1.583572222E-7;1.353113595E-3;2.550594497E-7;2.179404288E-3;9.327425656E-8;7.969997384E-4
9.279166667E1;5.675336083E-8;4.886630884E-4;3.789275352E-6;3.262677256E-2;5.982241069E-6;5.150885081E-2;2.794375409E-7;2.406039215E-3;3.246940798E-7;2.795711293E-3;8.445787094E-8;7.272070490E-4
9.314583333E1;6.319466542E-8;5.482861605E-4;4.532791504E-6;3.932716209E-2;5.446552215E-6;4.725508367E-2;4.649778830E-7;4.034216124E-3;3.856918883E-7;3.346319237E-3;7.293976907E-8;6.328361051E-4
9.350000000E1;7.306446583E-8;6.387478264E-4;5.132668829E-6;4.487107407E-2;4.660710013E-6;4.074509211E-2;7.209309632E-7;6.302558713E-3;4.269093507E-7;3.732148272E-3;5.976491882E-8;5.224798615E-4
9.385416667E1;8.545532982E-8;7.527422114E-4;5.428767321E-6;4.781986480E-2;3.837226267E-6;3.380060895E-2;1.038957587E-6;9.151766578E-3;4.421134313E-7;3.894402405E-3;4.714996029E-8;4.153253571E-4
9.420833333E1;9.806231298E-8;8.703236276E-4;5.326615989E-6;4.727483586E-2;3.167513465E-6;2.811234740E-2;1.393281973E-6;1.236567020E-2;4.326446396E-7;3.839812062E-3;3.751018716E-8;3.329107908E-4
9.456250000E1;1.078240491E-7;9.641698069E-4;4.845598759E-6;4.332966588E-2;2.758106019E-6;2.466316718E-2;1.743266380E-6;1.558840374E-2;4.064877292E-7;3.634840268E-3;3.278711317E-8;2.931845432E-4
9.491666667E1;1.121733729E-7;1.010589391E-3;4.120567120E-6;3.712290456E-2;2.605219860E-6;2.347087801E-2;2.041894680E-6;1.839578367E-2;3.742657579E-7;3.371825190E-3;3.413624582E-8;3.075393650E-4
9.527083333E1;1.102909267E-7;1.001059091E-3;3.355611929E-6;3.045731800E-2;2.618610200E-6;2.376789845E-2;2.247266569E-6;2.039738622E-2;3.450878003E-7;3.132200353E-3;4.175113386E-8;3.789554893E-4
9.562500000E1;1.036061782E-7;9.473894626E-4;2.752776293E-6;2.517177353E-2;2.679163979E-6;2.449865218E-2;2.332613815E-6;2.132974875E-2;3.243698664E-7;2.966083673E-3;5.465028409E-8;4.997298829E-4
9.597916667E1;9.523020760E-8;8.772607138E-4;2.444539873E-6;2.251910238E-2;2.702484271E-6;2.489528627E-2;2.291374044E-6;2.110813868E-2;3.134719902E-7;2.887704110E-3;7.052202571E-8;6.496489315E-4
9.633333333E1;8.863824976E-8;8.225728064E-4;2.455196686E-6;2.278449805E-2;2.685900104E-6;2.492545140E-2;2.136584005E-6;1.982773696E-2;3.104255520E-7;2.880783614E-3;8.594567084E-8;7.975853749E-4
9.668750000E1;8.627080438E-8;8.065002558E-4;2.708561235E-6;2.532091064E-2;2.728587259E-6;2.550812338E-2;1.896231871E-6;1.772687180E-2;3.117413179E-7;2.914305187E-3;9.718507123E-8;9.085319810E-4
9.704166667E1;8.868942446E-8;8.351958549E-4;3.076627407E-6;2.897286202E-2;3.025627899E-6;2.849259532E-2;1.607131092E-6;1.513449021E-2;3.150608704E-7;2.966955018E-3;1.013964270E-7;9.548587792E-4
9.739583333E1;9.459411182E-8;8.973148590E-4;3.438524559E-6;3.261766637E-2;3.841388303E-6;3.643921104E-2;1.309536458E-6;1.242219521E-2;3.212395208E-7;3.047261503E-3;9.776659289E-8;9.274088506E-4
9.775000000E1;1.016890687E-7;9.716454069E-4;3.720177733E-6;3.554653075E-2;5.458267803E-6;5.215409000E-2;1.043518346E-6;9.970883017E-3;3.345714930E-7;3.196851526E-3;8.803250216E-8;8.411560602E-4
9.810416667E1;1.079766245E-7;1.039213196E-3;3.902522216E-6;3.755954220E-2;8.084839038E-6;7.781194731E-2;8.465906614E-7;8.147950457E-3;3.617867296E-7;3.481990156E-3;7.600649977E-8;7.315190479E-4
9.845833333E1;1.127598896E-7;1.093099264E-3;3.999345564E-6;3.876982948E-2;1.173035136E-5;1.137145352E-1;7.511742288E-7;7.281915577E-3;4.119041957E-7;3.993017151E-3;6.619409510E-8;6.416884309E-4
9.881250000E1;1.167854669E-7;1.140282807E-3;4.020518156E-6;3.925597806E-2;1.609651055E-5;1.571648828E-1;7.807780253E-7;7.623446491E-3;4.977361061E-7;4.859850621E-3;6.204024156E-8;6.057553447E-4
9.916666667E1;1.215196693E-7;1.195027803E-3;3.948771030E-6;3.883232400E-2;2.056021735E-5;2.021897485E-1;9.451391313E-7;9.294524471E-3;6.371756517E-7;6.266003059E-3;6.461072528E-8;6.353836671E-4
9.952083333E1;1.279680650E-7;1.267446425E-3;3.749975989E-6;3.714124819E-2;2.430869913E-5;2.407629889E-1;1.235894052E-6;1.224078443E-2;8.505966396E-7;8.424646182E-3;7.228772484E-8;7.159662721E-4
9.987500000E1;1.355708762E-7;1.352321609E-3;3.409444047E-6;3.400925764E-2;2.661636931E-5;2.654986997E-1;1.625258275E-6;1.621197669E-2;1.151384788E-6;1.148508125E-2;8.155267719E-8;8.134892292E-4
1.002291667E2;1.418252806E-7;1.424760579E-3;2.964620181E-6;2.978223593E-2;2.715271033E-5;2.727730285E-1;2.070057616E-6;2.079556252E-2;1.531161114E-6;1.538186977E-2;8.844995349E-8;8.885581363E-4
1.005833333E2;1.431841119E-7;1.448594654E-3;2.508841749E-6;2.538196940E-2;2.615708648E-5;2.646314255E-1;2.521480984E-6;2.550984062E-2;1.947610053E-6;1.970398443E-2;9.012406171E-8;9.117857582E-4
1.009375000E2;1.370172210E-7;1.395983364E-3;2.162514562E-6;2.203251775E-2;2.435995261E-5;2.481884273E-1;2.937696664E-6;2.993036673E-2;2.325971724E-6;2.369788125E-2;8.578250775E-8;8.739846925E-4
1.012916667E2;1.233993275E-7;1.266077314E-3;2.026469279E-6;2.079157832E-2;2.266703231E-5;2.325637909E-1;3.293453971E-6;3.379084346E-2;2.579706842E-6;2.646779667E-2;7.669651555E-8;7.869063827E-4
1.016458333E2;1.054578326E-7;1.089577190E-3;2.138329774E-6;2.209295686E-2;2.175659964E-5;2.247864774E-1;3.581485897E-6;3.700346615E-2;2.643370888E-6;2.731097874E-2;6.533604368E-8;6.750438646E-4
1.020000000E2;8.817012893E-8;9.173220214E-4;2.453162662E-6;2.552270433E-2;2.179427870E-5;2.267476756E-1;3.804756198E-6;3.958468348E-2;2.500874565E-6;2.601909898E-2;5.420145980E-8;5.639119878E-4
1.023541667E2;7.665119933E-8;8.030267417E-4;2.857948308E-6;2.994093944E-2;2.241081904E-5;2.347841540E-1;3.964393448E-6;4.153247413E-2;2.193088341E-6;2.297561682E-2;4.497370566E-8;4.711614252E-4
1.027083333E2;7.491700559E-8;7.902996221E-4;3.211327669E-6;3.387630115E-2;2.294635096E-5;2.420610962E-1;4.051299519E-6;4.273716566E-2;1.800363890E-6;1.899204180E-2;3.827425048E-8;4.037551348E-4
1.030625000E2;8.533468157E-8;9.064146542E-4;3.391826712E-6;3.602757261E-2;2.282383256E-5;2.424319856E-1;4.047473083E-6;4.299176896E-2;1.409754273E-6;1.497423917E-2;3.392220291E-8;3.603175315E-4
1.034166667E2;1.083560225E-7;1.158868414E-3;3.336803990E-6;3.568714184E-2;2.185889787E-5;2.337810645E-1;3.937575349E-6;4.211239570E-2;1.084447438E-6;1.159817288E-2;3.137994237E-8;3.356087015E-4
1.037708333E2;1.421584008E-7;1.530816512E-3;3.059948903E-6;3.295071047E-2;2.036651825E-5;2.193145270E-1;3.724961171E-6;4.011181917E-2;8.497101605E-7;9.150006870E-3;3.010712127E-8;3.242050987E-4
1.041250000E2;1.822414939E-7;1.975865125E-3;2.641466296E-6;2.863881885E-2;1.902661567E-5;2.062868643E-1;3.443368379E-6;3.733305377E-2;6.987503165E-7;7.575861849E-3;2.967960688E-8;3.217867615E-4
1.044791667E2;2.215791690E-7;2.418735224E-3;2.193821602E-6;2.394752904E-2;1.858034601E-5;2.028211296E-1;3.156945950E-6;3.446089451E-2;6.108428194E-7;6.667896852E-3;2.969414834E-8;3.241382430E-4
1.048333333E2;2.521716534E-7;2.771373475E-3;1.819756757E-6;1.999917731E-2;1.949686938E-5;2.142711361E-1;2.947384940E-6;3.239184236E-2;5.688278769E-7;6.251434168E-3;2.967177991E-8;3.260936854E-4
1.051875000E2;2.680701371E-7;2.966037948E-3;1.585650047E-6;1.754428248E-2;2.174735103E-5;2.406216116E-1;2.892594824E-6;3.200485554E-2;5.658866777E-7;6.261202304E-3;2.912010974E-8;3.221968379E-4
1.055416667E2;2.684256168E-7;2.990004596E-3;1.517575356E-6;1.690433776E-2;2.477051971E-5;2.759198942E-1;3.044621189E-6;3.391416757E-2;6.004697030E-7;6.688658084E-3;2.776737873E-8;3.093020368E-4
1.058958333E2;2.584546657E-7;2.898291888E-3;1.611095924E-6;1.806671291E-2;2.764710161E-5;3.100325935E-1;3.413799810E-6;3.828210363E-2;6.662187238E-7;7.470928479E-3;2.578559117E-8;2.891577504E-4
1.062500000E2;2.473228246E-7;2.792042825E-3;1.843547583E-6;2.081192389E-2;2.941589561E-5;3.320778841E-1;3.963697465E-6;4.474642842E-2;7.456835651E-7;8.418068371E-3;2.384821566E-8;2.692239971E-4
1.066041667E2;2.440067724E-7;2.773002362E-3;2.189051898E-6;2.487736723E-2;2.940475418E-5;3.341688101E-1;4.618256016E-6;5.248393196E-2;8.123947107E-7;9.232417730E-3;2.296251987E-8;2.609563710E-4
1.069583333E2;2.533255602E-7;2.898065959E-3;2.636803104E-6;3.016525183E-2;2.744760895E-5;3.140029814E-1;5.279249766E-6;6.039506643E-2;8.399045235E-7;9.608579199E-3;2.408879790E-8;2.755778972E-4
1.073125000E2;2.741552804E-7;3.157164713E-3;3.208903974E-6;3.695365042E-2;2.390942914E-5;2.753403322E-1;5.849863778E-6;6.736687131E-2;8.126789233E-7;9.358788259E-3;2.763300243E-8;3.182209004E-4
1.076666667E2;3.007589913E-7;3.486431645E-3;3.959710304E-6;4.590140182E-2;1.952638473E-5;2.263520214E-1;6.257994811E-6;7.254337118E-2;7.328622371E-7;8.495420482E-3;3.306110469E-8;3.832479990E-4
1.080208333E2;3.267440177E-7;3.812612712E-3;4.938798919E-6;5.762837733E-2;1.513982156E-5;1.766590145E-1;6.473149236E-6;7.553194467E-2;6.189615614E-7;7.222353248E-3;3.892468509E-8;4.541927048E-4
1.083750000E2;3.497177094E-7;4.107483676E-3;6.127357208E-6;7.196667207E-2;1.143336814E-5;1.342865166E-1;6.511789827E-6;7.648188724E-2;4.971048826E-7;5.838566751E-3;4.338066368E-8;5.095119954E-4
1.087291667E2;3.740535914E-7;4.422073409E-3;7.390443837E-6;8.737006120E-2;8.766423843E-6;1.036369404E-1;6.429095682E-6;7.600497286E-2;3.901912520E-7;4.612853344E-3;4.496445001E-8;5.315711526E-4
1.090833333E2;4.097481252E-7;4.875664078E-3;8.486899058E-6;1.009870853E-1;7.148831516E-6;8.506518732E-2;6.298561150E-6;7.494767263E-2;3.107946246E-7;3.698199195E-3;4.321388918E-8;5.142095697E-4
1.094375000E2;4.672516650E-7;5.596070595E-3;9.146935647E-6;1.095488822E-1;6.341365942E-6;7.594779031E-2;6.185111556E-6;7.407639929E-2;2.600706032E-7;3.114752849E-3;3.886996510E-8;4.655287182E-4
1.097916667E2;5.504425984E-7;6.635150712E-3;9.184364528E-6;1.107102594E-1;6.016007588E-6;7.251821925E-2;6.120842681E-6;7.378192348E-2;2.312616778E-7;2.787676845E-3;3.364622485E-8;4.055786623E-4
1.101458333E2;6.517599550E-7;7.907219948E-3;8.583554999E-6;1.041365871E-1;5.898153168E-6;7.155701119E-2;6.092613795E-6;7.391622785E-2;2.148953915E-7;2.607133368E-3;2.977865187E-8;3.612777194E-4
1.105000000E2;7.533572399E-7;9.198680239E-3;7.509433204E-6;9.169205678E-2;5.841862471E-6;7.133060123E-2;6.047137058E-6;7.383705526E-2;2.032200673E-7;2.481367827E-3;2.962348131E-8;3.617101127E-4
1.108541667E2;8.349781565E-7;1.026075121E-2;6.235299517E-6;7.662339014E-2;5.826168261E-6;7.159572085E-2;5.912532664E-6;7.265702245E-2;1.923162037E-7;2.363305799E-3;3.539582229E-8;4.349667395E-4
1.112083333E2;8.847982991E-7;1.094256017E-2;5.030693865E-6;6.221606705E-2;5.893150006E-6;7.288231519E-2;5.628620031E-6;6.961079537E-2;1.817256522E-7;2.247454460E-3;4.894760667E-8;6.053494130E-4
1.115625000E2;9.064904264E-7;1.128235335E-2;4.072683723E-6;5.068940115E-2;6.078014993E-6;7.564813797E-2;5.173369235E-6;6.438874371E-2;1.730126013E-7;2.153347951E-3;7.137244171E-8;8.883150707E-4
1.119166667E2;9.172837351E-7;1.148929091E-2;3.418893253E-6;4.282280136E-2;6.381038875E-6;7.992468324E-2;4.574330491E-6;5.729504594E-2;1.687136991E-7;2.113196491E-3;1.022982130E-7;1.281319927E-3
1.122708333E2;9.371811977E-7;1.181292535E-2;3.038800037E-6;3.830328443E-2;6.789167501E-6;8.557569128E-2;3.900210346E-6;4.916113742E-2;1.717819982E-7;2.165267428E-3;1.391129222E-7;1.753482217E-3
1.126250000E2;9.754965168E-7;1.237357887E-2;2.867824351E-6;3.637660431E-2;7.305463705E-6;9.266535533E-2;3.237282547E-6;4.106295639E-2;1.847284250E-7;2.343167503E-3;1.767242969E-7;2.241640014E-3
1.129791667E2;1.023306326E-6;1.306178086E-2;2.848030764E-6;3.635309658E-2;7.943789236E-6;1.013968462E-1;2.661917358E-6;3.397749070E-2;2.082666618E-7;2.658376506E-3;2.083926602E-7;2.659984787E-3
1.133333333E2;1.057053197E-6;1.357726106E-2;2.940694101E-6;3.777158201E-2;8.684996067E-6;1.115539495E-1;2.220799970E-6;2.852494184E-2;2.404464057E-7;3.088400499E-3;2.276103889E-7;2.923528996E-3
1.136875000E2;1.051511868E-6;1.359063070E-2;3.122535730E-6;4.035829861E-2;9.426944779E-6;1.218418251E-1;1.925348955E-6;2.488484193E-2;2.774785254E-7;3.586367668E-3;2.303537109E-7;2.977286620E-3
1.140416667E2;9.943560925E-7;1.293209989E-2;3.380620261E-6;4.396666267E-2;9.974670498E-6;1.297255945E-1;1.759375930E-6;2.288156671E-2;3.164420332E-7;4.115487412E-3;2.167426219E-7;2.818846546E-3
1.143958333E2;8.936375047E-7;1.169450381E-2;3.712467790E-6;4.858286330E-2;1.009730213E-5;1.321374021E-1;1.693647486E-6;2.216375978E-2;3.596690463E-7;4.706775412E-3;1.913482595E-7;2.504061142E-3
1.147500000E2;7.740523270E-7;1.019238239E-2;4.124892535E-6;5.431478026E-2;9.631854223E-6;1.268280425E-1;1.699317558E-6;2.237587016E-2;4.205356115E-7;5.537428947E-3;1.619238858E-7;2.132142886E-3
1.151041667E2;6.645773230E-7;8.804964472E-3;4.619179402E-6;6.119936556E-2;8.575126707E-6;1.136115895E-1;1.754919116E-6;2.325086929E-2;5.288517427E-7;7.006740441E-3;1.370078474E-7;1.815212748E-3
1.154583333E2;5.848522895E-7;7.796447567E-3;5.162573140E-6;6.882033553E-2;7.104417347E-6;9.470633583E-2;1.846293232E-6;2.461224593E-2;7.316672348E-7;9.753582802E-3;1.232976697E-7;1.643635213E-3
1.158125000E2;5.377942855E-7;7.213184761E-3;5.668179237E-6;7.602465328E-2;5.509258564E-6;7.389312418E-2;1.962796746E-6;2.632608037E-2;1.084455369E-6;1.454529576E-2;1.237339418E-7;1.659585845E-3
1.161666667E2;5.115803706E-7;6.903620785E-3;6.005283050E-6;8.103945981E-2;4.073414012E-6;5.496947744E-2;2.094072707E-6;2.825887132E-2;1.631239805E-6;2.201308274E-2;1.368726116E-7;1.847054072E-3
1.165208333E2;4.884842988E-7;6.632202420E-3;6.044621831E-6;8.206846287E-2;2.978249019E-6;4.043599845E-2;2.230010856E-6;3.027709066E-2;2.377986466E-6;3.228617099E-2;1.576791549E-7;2.140826379E-3
1.168750000E2;4.546588121E-7;6.210532812E-3;5.719599274E-6;7.812838555E-2;2.271749894E-6;3.103157111E-2;2.363746094E-6;3.228821764E-2;3.270286075E-6;4.467134131E-2;1.794399678E-7;2.451107904E-3
1.172291667E2;4.056625344E-7;5.574889391E-3;5.070797056E-6;6.968632870E-2;1.894205665E-6;2.603145760E-2;2.495124983E-6;3.428969801E-2;4.188733425E-6;5.756441266E-2;1.961042127E-7;2.694996955E-3
1.175833333E2;3.461299333E-7;4.785537173E-3;4.243663945E-6;5.867221989E-2;1.736005379E-6;2.400173309E-2;2.630926431E-6;3.637476862E-2;4.971051870E-6;6.872896916E-2;2.042379893E-7;2.823761818E-3
1.179375000E2;2.852612403E-7;3.967771020E-3;3.435006652E-6;4.777837969E-2;1.694172375E-6;2.356467373E-2;2.779742286E-6;3.866414125E-2;5.457914859E-6;7.591552358E-2;2.038654708E-7;2.835616597E-3
1.182916667E2;2.314663200E-7;3.238889329E-3;2.814851019E-6;3.938798063E-2;1.701214573E-6;2.380495670E-2;2.943032256E-6;4.118161022E-2;5.545269019E-6;7.759449691E-2;1.979663015E-7;2.770126303E-3
1.186458333E2;1.890355770E-7;2.661022393E-3;2.464168555E-6;3.468769112E-2;1.720636248E-6;2.422111044E-2;3.107108164E-6;4.373824512E-2;5.219552702E-6;7.347477573E-2;1.910071715E-7;2.688776201E-3
1.190000000E2;1.579595526E-7;2.236865224E-3;2.355642605E-6;3.335825493E-2;1.729020865E-6;2.448466447E-2;3.241330967E-6;4.590048783E-2;4.559349083E-6;6.456494237E-2;1.871849160E-7;2.650725595E-3
1.193541667E2;1.357648889E-7;1.934027470E-3;2.381281885E-6;3.392235369E-2;1.704985082E-6;2.428822364E-2;3.304943562E-6;4.708029953E-2;3.704535852E-6;5.277265837E-2;1.890219507E-7;2.692696528E-3
1.197083333E2;1.193465233E-7;1.710245832E-3;2.409009467E-6;3.452131060E-2;1.628778666E-6;2.334053685E-2;3.260444549E-6;4.672244775E-2;2.809475293E-6;4.026001995E-2;1.967025444E-7;2.818764194E-3
1.200625000E2;1.059355058E-7;1.527060730E-3;2.338220222E-6;3.370545363E-2;1.488151232E-6;2.145170582E-2;3.087734458E-6;4.450970427E-2;2.001475088E-6;2.885127121E-2;2.081881571E-7;3.001033097E-3
1.204166667E2;9.373574944E-8;1.359184640E-3;2.130265287E-6;3.088921650E-2;1.286411204E-6;1.865318579E-2;2.792485392E-6;4.049152300E-2;1.359424960E-6;1.971189793E-2;2.199059965E-7;3.188675127E-3
1.207708333E2;8.256825117E-8;1.204307004E-3;1.808224806E-6;2.637403321E-2;1.046381937E-6;1.526210230E-2;2.405224175E-6;3.508162374E-2;9.159327947E-7;1.335942404E-2;2.277232859E-7;3.321479434E-3
1.211250000E2;7.413716234E-8;1.087686001E-3;1.436605670E-6;2.107682338E-2;8.049269777E-7;1.180929750E-2;1.972396498E-6;2.893755294E-2;6.755557079E-7;9.911257236E-3;2.280019119E-7;3.345076613E-3
1.214791667E2;7.175501653E-8;1.058902264E-3;1.094239403E-6;1.614789651E-2;6.029889201E-7;8.898420817E-3;1.543948668E-6;2.278434065E-2;6.356281234E-7;9.380083673E-3;2.185735671E-7;3.225531207E-3
1.218333333E2;8.014062431E-8;1.189556226E-3;8.505282990E-7;1.262469868E-2;4.766544791E-7;7.075154558E-3;1.162194852E-6;1.725087787E-2;7.980825098E-7;1.184622689E-2;1.993797078E-7;2.959465001E-3
1.221875000E2;1.054842214E-7;1.574856764E-3;7.535257852E-7;1.124997808E-2;4.484117714E-7;6.694691409E-3;8.547234776E-7;1.276083789E-2;1.166826105E-6;1.742046306E-2;1.725198712E-7;2.575684613E-3
1.225416667E2;1.549018498E-7;2.326077442E-3;8.346058427E-7;1.253282531E-2;5.229017889E-7;7.852133833E-3;6.318604247E-7;9.488306837E-3;1.733215417E-6;2.602676010E-2;1.416495143E-7;2.127074276E-3
1.228958333E2;2.342320698E-7;3.537697328E-3;1.122683480E-6;1.695632179E-2;6.946882969E-7;1.049214539E-2;4.879156673E-7;7.369178585E-3;2.457956543E-6;3.712346608E-2;1.110065234E-7;1.676574354E-3
1.232500000E2;3.442219550E-7;5.228925122E-3;1.647542313E-6;2.502709447E-2;9.623770099E-7;1.461904812E-2;4.052007357E-7;6.155227101E-3;3.260850775E-6;4.953415750E-2;8.449653131E-8;1.283549840E-3
1.236041667E2;4.767243429E-7;7.283389752E-3;2.420473694E-6;3.697997293E-2;1.329304909E-6;2.030910713E-2;3.600034896E-7;5.500129720E-3;4.028246650E-6;6.154351211E-2;6.521626600E-8;9.963734609E-4
1.239583333E2;6.135969390E-7;9.428327098E-3;3.400268758E-6;5.224740221E-2;1.788617639E-6;2.748330555E-2;3.295434452E-7;5.063655304E-3;4.639882717E-6;7.129489926E-2;5.549527781E-8;8.527220367E-4
1.243125000E2;7.307103588E-7;1.129210389E-2;4.469856817E-6;6.907536882E-2;2.311473563E-6;3.572058243E-2;2.983905812E-7;4.611207987E-3;5.005436907E-6;7.735200806E-2;5.725286420E-8;8.847627279E-4
1.246666667E2;8.069276009E-7;1.254108946E-2;5.444659203E-6;8.461968342E-2;2.845204381E-6;4.421953423E-2;2.623155472E-7;4.076849942E-3;5.093484332E-6;7.916180160E-2;7.229235369E-8;1.123551696E-3
1.250208333E2;8.339960745E-7;1.303553276E-2;6.115923917E-6;9.559316763E-2;3.315079491E-6;5.181538453E-2;2.284238084E-7;3.570311812E-3;4.938696786E-6;7.719286181E-2;1.021100304E-7;1.596001092E-3
1.253750000E2;8.210326950E-7;1.290572313E-2;6.319386926E-6;9.933375191E-2;3.640971716E-6;5.723203617E-2;2.120236110E-7;3.332775952E-3;4.624888965E-6;7.269812379E-2;1.470987444E-7;2.312229074E-3
1.257291667E2;7.898125882E-7;1.248521787E-2;6.002101632E-6;9.488016234E-2;3.772437466E-6;5.963402507E-2;2.320587143E-7;3.668343162E-3;4.253345700E-6;6.723613747E-2;2.054263206E-7;3.247342988E-3
1.260833333E2;7.631593524E-7;1.213194953E-2;5.250278575E-6;8.346371497E-2;3.715692642E-6;5.906839173E-2;3.066727856E-7;4.875179403E-3;3.911851526E-6;6.218673088E-2;2.722614742E-7;4.328142546E-3
1.264375000E2;7.533189122E-7;1.204288865E-2;4.261079100E-6;6.811949136E-2;3.528575618E-6;5.640936737E-2;4.492759759E-7;7.182324065E-3;3.656780762E-6;5.845891139E-2;3.400665905E-7;5.436454623E-3
1.267916667E2;7.568566640E-7;1.216732365E-2;3.276958474E-6;5.268079973E-2;3.291596557E-6;5.291612342E-2;6.644205037E-7;1.068130822E-2;3.511911345E-6;5.645793186E-2;4.002809357E-7;6.434967053E-3
1.271458333E2;7.584301816E-7;1.226083005E-2;2.518697616E-6;4.071742417E-2;3.079177988E-6;4.977818515E-2;9.434418676E-7;1.525174061E-2;3.478868367E-6;5.623960497E-2;4.460304303E-7;7.210556007E-3
1.275000000E2;7.408441577E-7;1.204334784E-2;2.141685170E-6;3.481576955E-2;2.946346389E-6;4.789654348E-2;1.261293119E-6;2.050389626E-2;3.549704773E-6;5.770488821E-2;4.748915526E-7;7.719955802E-3
1.278541667E2;6.955075045E-7;1.136924413E-2;2.216163458E-6;3.622693246E-2;2.930137388E-6;4.789804148E-2;1.577237233E-6;2.578260485E-2;3.713338111E-6;6.070077929E-2;4.904628909E-7;8.017443820E-3
1.282083333E2;6.272400918E-7;1.031018169E-2;2.719835205E-6;4.470695592E-2;3.057221889E-6;5.025270796E-2;1.841463566E-6;3.026883038E-2;3.953247481E-6;6.498101818E-2;5.016883506E-7;8.246440423E-3
1.285625000E2;5.510694658E-7;9.108250493E-3;3.539529552E-6;5.850246437E-2;3.347791322E-6;5.533335423E-2;2.007196160E-6;3.317557322E-2;4.239145556E-6;7.006593904E-2;5.197172446E-7;8.590051061E-3
1.289166667E2;4.837408835E-7;8.039534973E-3;4.489727481E-6;7.461705706E-2;3.811469357E-6;6.334474145E-2;2.044474035E-6;3.397815043E-2;4.519921579E-6;7.511886807E-2;5.532776072E-7;9.195201035E-3
1.292708333E2;4.354122099E-7;7.276150952E-3;5.356555921E-6;8.951312933E-2;4.431411347E-6;7.405308614E-2;1.949931609E-6;3.258520640E-2;4.725553511E-6;7.896848065E-2;6.044140479E-7;1.010033194E-2
1.296250000E2;4.058485296E-7;6.819326992E-3;5.961716254E-6;1.001725757E-1;5.147724473E-6;8.649536436E-2;1.748110139E-6;2.937286644E-2;4.781755714E-6;8.034612283E-2;6.665211980E-7;1.119931616E-2
1.299791667E2;3.862743810E-7;6.525944888E-3;6.222613722E-6;1.051284688E-1;5.870974516E-6;9.918767075E-2;1.483488712E-6;2.506292432E-2;4.634187773E-6;7.829267352E-2;7.257987152E-7;1.226206719E-2
1.303333333E2;3.651138110E-7;6.202107171E-3;6.171948410E-6;1.048415161E-1;6.542966308E-6;1.111439147E-1;1.206693438E-6;2.049783327E-2;4.272084124E-6;7.256894367E-2;7.657721648E-7;1.300800159E-2
1.306875000E2;3.342174622E-7;5.708174452E-3;5.918954436E-6;1.010911407E-1;7.208802661E-6;1.231207457E-1;9.605913374E-7;1.640615333E-2;3.740109705E-6;6.387816641E-2;7.731355038E-7;1.320455341E-2
1.310416667E2;2.922425545E-7;5.018365299E-3;5.575465179E-6;9.574143312E-2;8.038930155E-6;1.380438527E-1;7.714957086E-7;1.324806136E-2;3.131122233E-6;5.376737549E-2;7.423913005E-7;1.274828284E-2
1.313958333E2;2.438378737E-7;4.209827975E-3;5.200109602E-6;8.977919036E-2;9.274996504E-6;1.601315627E-1;6.477567765E-7;1.118343331E-2;2.561253682E-6;4.421969910E-2;6.772969738E-7;1.169344083E-2
1.317500000E2;1.959312741E-7;3.400987302E-3;4.794347313E-6;8.322058030E-2;1.110961298E-5;1.928413565E-1;5.845818047E-7;1.014720750E-2;2.135911603E-6;3.707528711E-2;5.887468263E-7;1.021950421E-2
1.321041667E2;1.539422971E-7;2.686525668E-3;4.340298377E-6;7.574476422E-2;1.353997216E-5;2.362929711E-1;5.717963460E-7;9.978710136E-3;1.919104337E-6;3.349127016E-2;4.904001803E-7;8.558224068E-3
1.324583333E2;1.200977321E-7;2.107139939E-3;3.841837783E-6;6.740585095E-2;1.629621731E-5;2.859205560E-1;6.007644777E-7;1.054053896E-2;1.916461769E-6;3.362472433E-2;3.942658668E-7;6.917477456E-3
1.328125000E2;9.408048857E-8;1.659500805E-3;3.337321428E-6;5.886754716E-2;1.893950524E-5;3.340769663E-1;6.678512319E-7;1.178033484E-2;2.076371705E-6;3.662545304E-2;3.080464106E-7;5.433679972E-3
1.331666667E2;7.471633383E-8;1.324971729E-3;2.878816827E-6;5.105109836E-2;2.110576261E-5;3.742761098E-1;7.732230857E-7;1.371184420E-2;2.308123240E-6;4.093078290E-2;2.348451793E-7;4.164594370E-3
1.335208333E2;6.116376792E-8;1.090416213E-3;2.499750765E-6;4.456508901E-2;2.274780885E-5;4.055436808E-1;9.158348775E-7;1.632733288E-2;2.510819826E-6;4.476242617E-2;1.746131542E-7;3.112970649E-3
1.338750000E2;5.295929988E-8;9.491638796E-4;2.199327521E-6;3.941748185E-2;2.420025912E-5;4.337295222E-1;1.086921563E-6;1.948036870E-2;2.603358430E-6;4.665873213E-2;1.260703909E-7;2.259498551E-3
1.342291667E2;4.934478508E-8;8.890681446E-4;1.954765020E-6;3.521991850E-2;2.597785499E-5;4.680552017E-1;1.265637632E-6;2.280358703E-2;2.545381757E-6;4.586133736E-2;8.802735693E-8;1.586030191E-3
1.345833333E2;4.875127909E-8;8.830160063E-4;1.747159266E-6;3.164572553E-2;2.839832504E-5;5.143695926E-1;1.420096999E-6;2.572175344E-2;2.343004865E-6;4.243808238E-2;5.975930341E-8;1.082400758E-3
1.349375000E2;4.904764851E-8;8.930659066E-4;1.577753200E-6;2.872793365E-2;3.125982809E-5;5.691829795E-1;1.514832402E-6;2.758226365E-2;2.039511235E-6;3.713568347E-2;4.078632079E-8;7.426425865E-4
1.352916667E2;4.835582463E-8;8.850970386E-4;1.465015317E-6;2.681539873E-2;3.380050797E-5;6.186789231E-1;1.522304724E-6;2.786401459E-2;1.697367433E-6;3.106833355E-2;3.056985210E-8;5.595455310E-4
1.356458333E2;4.580495936E-8;8.428017294E-4;1.432144022E-6;2.635115227E-2;3.499834728E-5;6.439623137E-1;1.433527396E-6;2.637660606E-2;1.380530294E-6;2.540147039E-2;2.837333673E-8;5.220634971E-4
1.360000000E2;4.178555662E-8;7.728656553E-4;1.496547122E-6;2.768013556E-2;3.405815462E-5;6.299396279E-1;1.262664935E-6;2.335425063E-2;1.144265799E-6;2.116434022E-2;3.325234688E-8;6.150354080E-4
1.363541667E2;3.774852755E-8;7.018379421E-4;1.662834342E-6;3.091617895E-2;3.081295082E-5;5.728885176E-1;1.043015740E-6;1.939222714E-2;1.034294027E-6;1.923006906E-2;4.400032004E-8;8.180741361E-4
1.367083333E2;3.579760288E-8;6.690274287E-4;1.915745316E-6;3.580368683E-2;2.581748075E-5;4.825072455E-1;8.160836272E-7;1.525192434E-2;1.090983896E-6;2.038958176E-2;5.896780995E-8;1.102059331E-3
1.370625000E2;3.813904307E-8;7.164849795E-4;2.215211462E-6;4.161524809E-2;2.010655535E-5;3.777243406E-1;6.185777133E-7;1.162068066E-2;1.350717770E-6;2.537475814E-2;7.595241277E-8;1.426851817E-3
1.374166667E2;4.635543907E-8;8.753455297E-4;2.500530294E-6;4.721836441E-2;1.478504657E-5;2.791910654E-1;4.727798138E-7;8.927662100E-3;1.838273873E-6;3.471275106E-2;9.248224346E-8;1.746373673E-3
1.377708333E2;6.062437017E-8;1.150699198E-3;2.706735562E-6;5.137601316E-2;1.066674103E-5;2.024633049E-1;3.833404432E-7;7.276109250E-3;2.550314293E-6;4.840701194E-2;1.065995007E-7;2.023344072E-3
1.381250000E2;7.920662522E-8;1.511144837E-3;2.788458014E-6;5.319963979E-2;8.098236816E-6;1.545023376E-1;3.403979571E-7;6.494287743E-3;3.437402171E-6;6.558053103E-2;1.177676083E-7;2.246831154E-3
1.384791667E2;9.857391459E-8;1.890300662E-3;2.738368003E-6;5.251225815E-2;6.980044804E-6;1.338526868E-1;3.265294258E-7;6.261684873E-3;4.396168190E-6;8.430302963E-2;1.271947230E-7;2.439147011E-3
1.388333333E2;1.143147863E-7;2.203382576E-3;2.585167274E-6;4.982830929E-2;6.919587786E-6;1.333729403E-1;3.241376800E-7;6.247654741E-3;5.280832471E-6;1.017864323E-1;1.370616897E-7;2.641822189E-3
1.391875000E2;1.225899866E-7;2.374955445E-3;2.371614950E-6;4.594567626E-2;7.423768552E-6;1.438218571E-1;3.205623060E-7;6.210304894E-3;5.935586603E-6;1.149910699E-1;1.488916920E-7;2.884502595E-3
1.395416667E2;1.215445859E-7;2.366701195E-3;2.129484546E-6;4.146506059E-2;8.065240070E-6;1.570453605E-1;3.096540892E-7;6.029546255E-3;6.238458079E-6;1.214744867E-1;1.619838718E-7;3.154129985E-3
1.398958333E2;1.119576290E-7;2.191105312E-3;1.869046181E-6;3.657881158E-2;8.589555016E-6;1.681048428E-1;2.905180734E-7;5.685683947E-3;6.139492549E-6;1.201550520E-1;1.730015117E-7;3.385785628E-3
1.402500000E2;9.675749899E-8;1.903226052E-3;1.587377891E-6;3.122382234E-2;8.940394388E-6;1.758581164E-1;2.650524769E-7;5.213598786E-3;5.676240817E-6;1.116520116E-1;1.772355769E-7;3.486234875E-3
1.406041667E2;7.964784031E-8;1.574600503E-3;1.286309497E-6;2.542973635E-2;9.197461791E-6;1.818295123E-1;2.359173879E-7;4.663976276E-3;4.958968002E-6;9.803647503E-2;1.709962742E-7;3.380516261E-3
1.409583333E2;6.363643369E-8;1.264408320E-3;9.845361555E-7;1.956199672E-2;9.461111595E-6;1.879852080E-1;2.056058975E-7;4.085235335E-3;4.132204451E-6;8.210381046E-2;1.537529597E-7;3.054956262E-3
1.413125000E2;5.025027168E-8;1.003458864E-3;7.148556223E-7;1.427511109E-2;9.747280454E-6;1.946456137E-1;1.765380472E-7;3.525327573E-3;3.329708103E-6;6.649168250E-2;1.287721783E-7;2.571480300E-3
1.416666667E2;3.968221152E-8;7.963999395E-4;5.098439232E-7;1.023228429E-2;9.957855869E-6;1.998486351E-1;1.517278659E-7;3.045093975E-3;2.641259155E-6;5.300860387E-2;1.020005458E-7;2.047094287E-3
1.420208333E2;3.148326665E-8;6.350148783E-4;3.881281751E-7;7.828513116E-3;9.942929696E-6;2.005480677E-1;1.354160572E-7;2.731330647E-3;2.101868717E-6;4.239451778E-2;8.000949134E-8;1.613784808E-3
1.423750000E2;2.523481780E-8;5.115259228E-4;3.520287402E-7;7.135848083E-3;9.612226491E-6;1.948459888E-1;1.330557600E-7;2.697125495E-3;1.702380952E-6;3.450835248E-2;6.807610922E-8;1.379946345E-3
1.427291667E2;2.088612545E-8;4.254841068E-4;3.955203675E-7;8.057388658E-3;9.025282094E-6;1.838595722E-1;1.501703435E-7;3.059212425E-3;1.411723183E-6;2.875908120E-2;6.901362879E-8;1.405919077E-3
1.430833333E2;1.874202309E-8;3.837024452E-4;5.116031295E-7;1.047396916E-2;8.415229170E-6;1.722836427E-1;1.901903408E-7;3.893736471E-3;1.198569302E-6;2.453811787E-2;8.271651791E-8;1.693442059E-3
1.434375000E2;1.919504993E-8;3.949250306E-4;6.906607651E-7;1.420987311E-2;8.141186776E-6;1.674993526E-1;2.517723529E-7;5.180044051E-3;1.043582858E-6;2.147100392E-2;1.061628941E-7;2.184228974E-3
1.437916667E2;2.237402506E-8;4.626063132E-4;9.147813766E-7;1.891405945E-2;8.584458153E-6;1.774926294E-1;3.268678889E-7;6.758334657E-3;9.400313951E-7;1.943612992E-2;1.338420266E-7;2.767323551E-3
1.441458333E2;2.789258175E-8;5.795526567E-4;1.156074836E-6;2.402094753E-2;1.001473703E-5;2.080864191E-1;4.009717228E-7;8.331398983E-3;8.862900248E-7;1.841535298E-2;1.588191265E-7;3.299947188E-3
1.445000000E2;3.481969076E-8;7.270438480E-4;1.382679158E-6;2.887068650E-2;1.245752076E-5;2.601161479E-1;4.565001082E-7;9.531836385E-3;8.768161205E-7;1.830813980E-2;1.745327132E-7;3.644286684E-3
1.448541667E2;4.187646385E-8;8.786825175E-4;1.567720486E-6;3.289505504E-2;1.560808421E-5;3.275002106E-1;4.787044179E-7;1.004452536E-2;8.974789202E-7;1.883155751E-2;1.768803938E-7;3.711433475E-3
1.452083333E2;4.780175931E-8;1.007922087E-3;1.696516952E-6;3.577184044E-2;1.885013218E-5;3.974637095E-1;4.616896413E-7;9.734938496E-3;9.283555561E-7;1.957480401E-2;1.657217483E-7;3.494319307E-3
1.455625000E2;5.178591332E-8;1.097262790E-3;1.767317044E-6;3.744669364E-2;2.141742770E-5;4.538019119E-1;4.113927469E-7;8.716771114E-3;9.528765420E-7;2.018996878E-2;1.450376413E-7;3.073121564E-3
1.459166667E2;5.380297737E-8;1.145555433E-3;1.784664871E-6;3.799850194E-2;2.266486946E-5;4.825730031E-1;3.437906192E-7;7.319877654E-3;9.681317133E-7;2.061314445E-2;1.215676753E-7;2.588379264E-3
1.462708333E2;5.466046303E-8;1.169469171E-3;1.751192245E-6;3.746703246E-2;2.232267282E-5;4.775970826E-1;2.791926191E-7;5.973369831E-3;9.894725372E-7;2.116991997E-2;1.024921529E-7;2.192835670E-3
1.466250000E2;5.575364234E-8;1.198641459E-3;1.666204389E-6;3.582154592E-2;2.058954354E-5;4.426523447E-1;2.353204500E-7;5.059128617E-3;1.044863336E-6;2.246340257E-2;9.309724784E-8;2.001487549E-3
1.469791667E2;5.862629319E-8;1.266496509E-3;1.531994072E-6;3.309547709E-2;1.801237183E-5;3.891190250E-1;2.221311608E-7;4.798671797E-3;1.160480749E-6;2.506972107E-2;9.522810583E-8;2.057200908E-3
1.473333333E2;6.447360097E-8;1.399535620E-3;1.359803660E-6;2.951740914E-2;1.523530357E-5;3.307144274E-1;2.400224931E-7;5.210194926E-3;1.344850065E-6;2.919280979E-2;1.069514906E-7;2.321607891E-3
1.476875000E2;7.369992274E-8;1.607513062E-3;1.169230176E-6;2.550277818E-2;1.275962077E-5;2.783077145E-1;2.814828256E-7;6.139590140E-3;1.580401376E-6;3.447107894E-2;1.234861058E-7;2.693429256E-3
1.480416667E2;8.570710351E-8;1.878385598E-3;9.830067464E-7;2.154390523E-2;1.081807642E-5;2.370925877E-1;3.350302371E-7;7.342634934E-3;1.827955090E-6;4.006207624E-2;1.391502258E-7;3.049662974E-3
1.483958333E2;9.915835161E-8;2.183598124E-3;8.207792449E-7;1.807464515E-2;9.405852140E-6;2.071293114E-1;3.897961195E-7;8.583826389E-3;2.042736004E-6;4.498375006E-2;1.497315738E-7;3.297287403E-3
1.487500000E2;1.127707179E-7;2.495228337E-3;6.955882487E-7;1.539097686E-2;8.425341123E-6;1.864238369E-1;4.394489198E-7;9.723493989E-3;2.194227771E-6;4.855071792E-2;1.542938599E-7;3.413992734E-3
1.491041667E2;1.262182315E-7;2.806090352E-3;6.163454302E-7;1.370262397E-2;7.829395171E-6;1.740635246E-1;4.846499245E-7;1.077476257E-2;2.279633428E-6;5.068093010E-2;1.555630179E-7;3.458485184E-3
1.494583333E2;1.404253499E-7;3.136792455E-3;5.964995248E-7;1.332448315E-2;7.662452706E-6;1.711622855E-1;5.336104030E-7;1.191967894E-2;2.323942586E-6;5.191174937E-2;1.585881441E-7;3.542509200E-3
1.498125000E2;1.567549912E-7;3.518175346E-3;6.567229261E-7;1.473934826E-2;7.992025091E-6;1.793712941E-1;6.002023938E-7;1.347081358E-2;2.366295608E-6;5.310863024E-2;1.682637532E-7;3.776475525E-3
1.501666667E2;1.754351671E-7;3.956067892E-3;8.142577411E-7;1.836153468E-2;8.806849189E-6;1.985946938E-1;6.995540155E-7;1.577496248E-2;2.438867669E-6;5.499653369E-2;1.868536160E-7;4.213554232E-3
1.505208333E2;1.942624543E-7;4.401311428E-3;1.065811684E-6;2.414758510E-2;9.955390560E-6;2.255545179E-1;8.419561447E-7;1.907579730E-2;2.548022927E-6;5.772933564E-2;2.126567997E-7;4.818063306E-3
1.508750000E2;2.086707966E-7;4.750028772E-3;1.379290195E-6;3.139714909E-2;1.115690943E-5;2.539676928E-1;1.026998313E-6;2.337783539E-2;2.666836957E-6;6.070591804E-2;2.404337221E-7;5.473056682E-3
1.512291667E2;2.134772526E-7;4.882280452E-3;1.700438828E-6;3.888947955E-2;1.208975631E-5;2.764958804E-1;1.240174440E-6;2.836311295E-2;2.743427843E-6;6.274291039E-2;2.633141552E-7;6.022063415E-3
1.515833333E2;2.054754897E-7;4.721314492E-3;1.971787176E-6;4.530675353E-2;1.252047975E-5;2.876894105E-1;1.453632077E-6;3.340084115E-2;2.722163664E-6;6.254853450E-2;2.752670446E-7;6.324950428E-3
1.519375000E2;1.853335190E-7;4.278425010E-3;2.154386769E-6;4.973402697E-2;1.240012707E-5;2.862569818E-1;1.631569661E-6;3.766479199E-2;2.568270908E-6;5.928854394E-2;2.731447516E-7;6.305547657E-3
1.522916667E2;1.575801822E-7;3.654718044E-3;2.240934138E-6;5.197342912E-2;1.186248686E-5;2.751237126E-1;1.739197487E-6;4.033677553E-2;2.284453759E-6;5.298276888E-2;2.576775669E-7;5.976251837E-3
1.526458333E2;1.286551349E-7;2.997761189E-3;2.251020287E-6;5.245046192E-2;1.112477792E-5;2.592156739E-1;1.752450778E-6;4.083341823E-2;1.912247947E-6;4.455681218E-2;2.331792377E-7;5.433251224E-3
1.530000000E2;1.041985814E-7;2.439184592E-3;2.214550678E-6;5.184041683E-2;1.036174188E-5;2.425580156E-1;1.664940956E-6;3.897460285E-2;1.518759692E-6;3.555264562E-2;2.060421842E-7;4.823241491E-3
1.533541667E2;8.706966318E-8;2.047660842E-3;2.160146267E-6;5.080124076E-2;9.633309701E-6;2.265513651E-1;1.489583751E-6;3.503128651E-2;1.176467208E-6;2.766756807E-2;1.825034558E-7;4.292025101E-3
1.537083333E2;7.697489775E-8;1.818628312E-3;2.114457263E-6;4.995669958E-2;8.898127636E-6;2.102294035E-1;1.254501327E-6;2.963916414E-2;9.455628750E-7;2.234010652E-2;1.665110406E-7;3.934031763E-3
1.540625000E2;7.156093233E-8;1.698516899E-3;2.103789718E-6;4.993398312E-2;8.082655604E-6;1.918438830E-1;9.951557449E-7;2.362027428E-2;8.644095920E-7;2.051698114E-2;1.585532654E-7;3.763302013E-3
1.544166667E2;6.810470261E-8;1.623923054E-3;2.148300076E-6;5.122515609E-2;7.158480581E-6;1.706904399E-1;7.457765930E-7;1.778267515E-2;9.473578274E-7;2.258928029E-2;1.559951764E-7;3.719628067E-3
1.547708333E2;6.491627225E-8;1.555005090E-3;2.252931944E-6;5.396675623E-2;6.196222034E-6;1.484243698E-1;5.328605644E-7;1.276414774E-2;1.185328586E-6;2.839337380E-2;1.547977096E-7;3.708026015E-3
1.551250000E2;6.198671956E-8;1.491633891E-3;2.406348062E-6;5.790579577E-2;5.366632961E-6;1.291413978E-1;3.722863056E-7;8.958610404E-3;1.546190307E-6;3.720716116E-2;1.517822198E-7;3.652451762E-3
1.554791667E2;6.082904262E-8;1.470467363E-3;2.586416822E-6;6.252344867E-2;4.887332992E-6;1.181452699E-1;2.699337113E-7;6.525315795E-3;1.976192570E-6;4.777202717E-2;1.462894887E-7;3.536368639E-3
1.558333333E2;6.361992452E-8;1.544948014E-3;2.766432238E-6;6.718011731E-2;4.944324029E-6;1.200681021E-1;2.245414688E-7;5.452771266E-3;2.406402502E-6;5.843714521E-2;1.403349209E-7;3.407897118E-3
1.561875000E2;7.193748470E-8;1.754881500E-3;2.922241946E-6;7.128673389E-2;5.620137335E-6;1.371006378E-1;2.311830130E-7;5.639602139E-3;2.765572290E-6;6.746485046E-2;1.372667515E-7;3.348558594E-3
1.565416667E2;8.578918122E-8;2.102289057E-3;3.040556095E-6;7.450971922E-2;6.838102969E-6;1.675697196E-1;2.841305262E-7;6.962701910E-3;2.996179815E-6;7.342226545E-2;1.396992375E-7;3.423370803E-3
1.568958333E2;1.036409101E-7;2.551255995E-3;3.117169472E-6;7.673318673E-2;8.338797211E-6;2.052703548E-1;3.783325790E-7;9.313149216E-3;3.067374067E-6;7.550740797E-2;1.478786331E-7;3.640225168E-3
1.572500000E2;1.234960531E-7;3.053756373E-3;3.144933105E-6;7.776652992E-2;9.729619085E-6;2.405897640E-1;5.091482298E-7;1.258999467E-2;2.979623249E-6;7.367882012E-2;1.592960800E-7;3.939003774E-3
1.576041667E2;1.442257144E-7;3.582433099E-3;3.109853769E-6;7.724588588E-2;1.062070292E-5;2.638084188E-1;6.705076681E-7;1.665478915E-2;2.760479772E-6;6.856775954E-2;1.696422568E-7;4.213756459E-3
1.579583333E2;1.660570197E-7;4.143261311E-3;3.004158934E-6;7.495627409E-2;1.079249604E-5;2.692817886E-1;8.524340630E-7;2.126894171E-2;2.455419229E-6;6.126476021E-2;1.745731273E-7;4.355745307E-3
1.583125000E2;1.896921122E-7;4.754224508E-3;2.838580149E-6;7.114290183E-2;1.030354600E-5;2.582362037E-1;1.039463132E-6;2.605190611E-2;2.119052794E-6;5.310949735E-2;1.713933091E-7;4.295604395E-3
1.586666667E2;2.144926909E-7;5.399877327E-3;2.639184555E-6;6.644176441E-2;9.478571662E-6;2.386240948E-1;1.211357600E-6;3.049606218E-2;1.809628866E-6;4.555760777E-2;1.599184256E-7;4.025964133E-3
1.590208333E2;2.370122916E-7;5.993478053E-3;2.434191230E-6;6.155491607E-2;8.782769702E-6;2.220953905E-1;1.346699665E-6;3.405483670E-2;1.586280734E-6;4.011327303E-2;1.423277344E-7;3.599130436E-3
1.593750000E2;2.512745472E-7;6.382471652E-3;2.243940600E-6;5.699696777E-2;8.638549669E-6;2.194225360E-1;1.428453219E-6;3.628326975E-2;1.506566604E-6;3.826738023E-2;1.223109226E-7;3.106745213E-3
1.597291667E2;2.511629733E-7;6.408023082E-3;2.076622090E-6;5.298170392E-2;9.261557511E-6;2.362938833E-1;1.449301758E-6;3.697662515E-2;1.621470870E-6;4.136924574E-2;1.039307377E-7;2.651627179E-3
1.600833333E2;2.336446222E-7;5.987534474E-3;1.928006517E-6;4.940839373E-2;1.057808797E-5;2.710812078E-1;1.414192585E-6;3.624105181E-2;1.966082578E-6;5.038415651E-2;9.047251662E-8;2.318509654E-3
1.604375000E2;2.007443519E-7;5.167198041E-3;1.787895143E-6;4.602076318E-2;1.225372834E-5;3.154133128E-1;1.338440759E-6;3.445172132E-2;2.545917000E-6;6.553239087E-2;8.360455056E-8;2.151997134E-3
1.607916667E2;1.590329536E-7;4.111631632E-3;1.651318736E-6;4.269312866E-2;1.382840672E-5;3.575190752E-1;1.241822275E-6;3.210602351E-2;3.322951607E-6;8.591145816E-2;8.323667675E-8;2.151997717E-3
1.611458333E2;1.171199189E-7;3.041367666E-3;1.524685564E-6;3.959300364E-2;1.490868342E-5;3.871483870E-1;1.141184661E-6;2.963426000E-2;4.209722087E-6;1.093179773E-1;8.816638842E-8;2.289502976E-3
1.615000000E2;8.270939266E-8;2.157247057E-3;1.418818527E-6;3.700597954E-2;1.532854988E-5;3.998030700E-1;1.045005519E-6;2.725609519E-2;5.079970400E-6;1.324970580E-1;9.714591647E-8;2.533784080E-3
1.618541667E2;6.063838930E-8;1.588530015E-3;1.336106553E-6;3.500167775E-2;1.520010510E-5;3.981936765E-1;9.523108990E-7;2.494747080E-2;5.798756190E-6;1.519086896E-1;1.096850284E-7;2.873393599E-3
1.622083333E2;5.243893310E-8;1.379749264E-3;1.266383527E-6;3.332050514E-2;1.482683556E-5;3.901169273E-1;8.562028291E-7;2.252801790E-2;6.265608243E-6;1.648578232E-1;1.260043241E-7;3.315368243E-3
1.625625000E2;5.699960516E-8;1.506303851E-3;1.192393122E-6;3.151085601E-2;1.452089710E-5;3.837374514E-1;7.499780174E-7;1.981934388E-2;6.455478145E-6;1.705961219E-1;1.460539848E-7;3.859705328E-3
1.629166667E2;7.150273655E-8;1.897814213E-3;1.096291673E-6;2.909759847E-2;1.441859492E-5;3.826960434E-1;6.326080085E-7;1.679058072E-2;6.438545802E-6;1.708908543E-1;1.681961322E-7;4.464234876E-3
1.632708333E2;9.205336478E-8;2.453900146E-3;9.659942884E-7;2.575086235E-2;1.440658727E-5;3.840416555E-1;5.110832280E-7;1.362413216E-2;6.364954935E-6;1.696729270E-1;1.886423676E-7;5.028708451E-3
1.636250000E2;1.141143520E-7;3.055199593E-3;8.035378796E-7;2.151323265E-2;1.421080794E-5;3.804679593E-1;3.990767523E-7;1.068453801E-2;6.415027509E-6;1.717504336E-1;2.023036063E-7;5.416302901E-3
1.639791667E2;1.332142123E-7;3.582019216E-3;6.287797655E-7;1.690736418E-2;1.359695860E-5;3.656108919E-1;3.132644883E-7;8.423421171E-3;6.732008019E-6;1.810180885E-1;2.047312934E-7;5.505053958E-3
1.643333333E2;1.459466415E-7;3.941353920E-3;4.710554465E-7;1.272106169E-2;1.255815608E-5;3.391385862E-1;2.690921610E-7;7.266953403E-3;7.364014666E-6;1.988684889E-1;1.940868788E-7;5.241402423E-3
1.646875000E2;1.507481360E-7;4.088586823E-3;3.569103246E-7;9.680112065E-3;1.137697113E-5;3.085659000E-1;2.769941208E-7;7.512626971E-3;8.239185090E-6;2.234629527E-1;1.721165429E-7;4.668140170E-3
1.650416667E2;1.479829825E-7;4.030871721E-3;3.068779453E-7;8.358972167E-3;1.053157933E-5;2.868670747E-1;3.393492206E-7;9.243449172E-3;9.185249471E-6;2.501947300E-1;1.436758033E-7;3.913549538E-3
1.653958333E2;1.394674374E-7;3.815240769E-3;3.394891722E-7;9.286991680E-3;1.049926004E-5;2.872154654E-1;4.484476921E-7;1.226763716E-2;9.986270587E-6;2.731822380E-1;1.150643059E-7;3.147674033E-3
1.657500000E2;1.278725663E-7;3.513051005E-3;4.748787388E-7;1.304637327E-2;1.154775796E-5;3.172522763E-1;5.861610724E-7;1.610363978E-2;1.045345778E-5;2.871884989E-1;9.206069213E-8;2.529189149E-3
1.661041667E2;1.162212874E-7;3.206614376E-3;7.327458281E-7;2.021689278E-2;1.360256728E-5;3.753029137E-1;7.265017664E-7;2.004461541E-2;1.048161774E-5;2.891940614E-1;7.876842503E-8;2.173267650E-3
1.664583333E2;1.073990370E-7;2.975852978E-3;1.124908724E-6;3.116939471E-2;1.623482042E-5;4.498405204E-1;8.415121775E-7;2.331693644E-2;1.007073010E-5;2.790435836E-1;7.770824559E-8;2.153169344E-3
1.668125000E2;1.035634541E-7;2.881799151E-3;1.644699910E-6;4.576609429E-2;1.877617394E-5;5.224735172E-1;9.091944752E-7;2.529961838E-2;9.309417308E-6;2.590476643E-1;9.058153895E-8;2.520559055E-3
1.671666667E2;1.054906265E-7;2.947903323E-3;2.258772753E-6;6.312071441E-2;2.053063755E-5;5.737223930E-1;9.203595471E-7;2.571916632E-2;8.333974566E-6;2.328903728E-1;1.185490719E-7;3.312817591E-3
1.675208333E2;1.120933883E-7;3.145702492E-3;2.907561294E-6;8.159556017E-2;2.100843018E-5;5.895643998E-1;8.810650342E-7;2.472553035E-2;7.283716258E-6;2.044046017E-1;1.612793894E-7;4.526020535E-3
1.678750000E2;1.205412983E-7;3.397096751E-3;3.517611278E-6;9.913337601E-2;2.008277164E-5;5.659729842E-1;8.094751198E-7;2.281264047E-2;6.269893083E-6;1.766982248E-1;2.152041293E-7;6.064886134E-3
1.682291667E2;1.272455662E-7;3.601183452E-3;4.022764159E-6;1.138484597E-1;1.800796421E-5;5.096443410E-1;7.289020127E-7;2.062869414E-2;5.365207097E-6;1.518410078E-1;2.723992956E-7;7.709186770E-3
1.685833333E2;1.293297234E-7;3.675594748E-3;4.382312191E-6;1.245468037E-1;1.530048551E-5;4.348450045E-1;6.607888578E-7;1.877984419E-2;4.609903521E-6;1.310150267E-1;3.215590480E-7;9.138817563E-3
1.689375000E2;1.257577246E-7;3.589110232E-3;4.586021704E-6;1.308845041E-1;1.253774375E-5;3.578256884E-1;6.209180978E-7;1.772092732E-2;4.023818772E-6;1.148393005E-1;3.513923495E-7;1.002869510E-2
1.692916667E2;1.176740342E-7;3.372498800E-3;4.647316497E-6;1.331905498E-1;1.016346929E-5;2.912816596E-1;6.200045949E-7;1.776912610E-2;3.614263061E-6;1.035835808E-1;3.551077141E-7;1.017726933E-2
1.696458333E2;1.080627558E-7;3.110014640E-3;4.595462822E-6;1.322560817E-1;8.385626810E-6;2.413358974E-1;6.671570948E-7;1.920058689E-2;3.376088601E-6;9.716284670E-2;3.335996459E-7;9.600900655E-3
1.700000000E2;1.009157702E-7;2.916465759E-3;4.474689630E-6;1.293185303E-1;7.193482728E-6;2.078916508E-1;7.729295402E-7;2.233766371E-2;3.287024711E-6;9.499501416E-2;2.955106180E-7;8.540256860E-3
1.703541667E2;9.993365709E-8;2.900128903E-3;4.349099343E-6;1.262132206E-1;6.444786556E-6;1.870311996E-1;9.488814469E-7;2.753705398E-2;3.304307402E-6;9.589279208E-2;2.542702903E-7;7.379061663E-3
1.707083333E2;1.070636564E-7;3.119977884E-3;4.299750737E-6;1.253004770E-1;5.954666625E-6;1.735269354E-1;1.202600308E-6;3.504537854E-2;3.367789849E-6;9.814189244E-2;2.238157602E-7;6.522290063E-3
1.710625000E2;1.215199489E-7;3.555962790E-3;4.403603212E-6;1.288599057E-1;5.558977535E-6;1.626689069E-1;1.529980639E-6;4.477087319E-2;3.411178780E-6;9.981920597E-2;2.148447377E-7;6.286868121E-3
1.714166667E2;1.397748236E-7;4.107097796E-3;4.694555332E-6;1.379432816E-1;5.160822378E-6;1.516439203E-1;1.908385044E-6;5.607536327E-2;3.378989787E-6;9.928713305E-2;2.324275424E-7;6.829575044E-3
1.717708333E2;1.565615236E-7;4.619382069E-3;5.126196589E-6;1.512495540E-1;4.759409670E-6;1.404274255E-1;2.294737294E-6;6.770672684E-2;3.242615456E-6;9.567407976E-2;2.748697581E-7;8.110092460E-3
1.721250000E2;1.666553506E-7;4.937500677E-3;5.565660321E-6;1.648939053E-1;4.445974786E-6;1.317209644E-1;2.631123141E-6;7.795232641E-2;3.007698695E-6;8.910913622E-2;3.336495516E-7;9.885040479E-3
1.724791667E2;1.668653588E-7;4.964088062E-3;5.834123957E-6;1.735597207E-1;4.356105435E-6;1.295900547E-1;2.857634739E-6;8.501195569E-2;2.708143437E-6;8.056472955E-2;3.947246133E-7;1.174268736E-2
1.728333333E2;1.572091611E-7;4.696051621E-3;5.781183292E-6;1.726918138E-1;4.591072893E-6;1.371415963E-1;2.928579022E-6;8.748064150E-2;2.389122953E-6;7.136635447E-2;4.416886767E-7;1.319384196E-2
1.731875000E2;1.404415923E-7;4.212392501E-3;5.353549643E-6;1.605738870E-1;5.144123331E-6;1.542923730E-1;2.826013303E-6;8.476318912E-2;2.088061357E-6;6.262912473E-2;4.605843474E-7;1.381472554E-2
1.735416667E2;1.203469849E-7;3.624455252E-3;4.618125056E-6;1.390827334E-1;5.871408148E-6;1.768274969E-1;2.565248631E-6;7.725684928E-2;1.822989892E-6;5.490245805E-2;4.447845626E-7;1.339544772E-2
1.738958333E2;1.002156690E-7;3.030497864E-3;3.728620081E-6;1.127525796E-1;6.534875628E-6;1.976130762E-1;2.190343435E-6;6.623546165E-2;1.592879377E-6;4.816829144E-2;3.976059016E-7;1.202350738E-2
1.742500000E2;8.243160743E-8;2.502876048E-3;2.859491650E-6;8.682292368E-2;6.908376731E-6;2.097594745E-1;1.761509299E-6;5.348481695E-2;1.388235609E-6;4.215108457E-2;3.311491781E-7;1.005470319E-2
1.746041667E2;6.879374219E-8;2.097288334E-3;2.144509360E-6;6.537883127E-2;6.889934657E-6;2.100507854E-1;1.339160438E-6;4.082646872E-2;1.205690047E-6;3.675740831E-2;2.618293717E-7;7.982291255E-3
1.749583333E2;6.077564553E-8;1.860367938E-3;1.646151245E-6;5.038937836E-2;6.541033778E-6;2.002237807E-1;9.704745532E-7;2.970663212E-2;1.058164826E-6;3.239086806E-2;2.047709565E-7;6.268124656E-3
1.753125000E2;5.956451001E-8;1.830683804E-3;1.362828464E-6;4.188581417E-2;6.026940963E-6;1.852348522E-1;6.828285459E-7;2.098637527E-2;9.741008762E-7;2.993847674E-2;1.695840564E-7;5.212076544E-3
1.756666667E2;6.614102053E-8;2.041031055E-3;1.257214499E-6;3.879610284E-2;5.513140355E-6;1.701287731E-1;4.849509042E-7;1.496499218E-2;9.846981858E-7;3.038658249E-2;1.588910082E-7;4.903182314E-3
1.760208333E2;8.134128553E-8;2.520224199E-3;1.282065209E-6;3.972265427E-2;5.100288724E-6;1.580239479E-1;3.727338452E-7;1.154853713E-2;1.105027343E-6;3.423743098E-2;1.693852608E-7;5.248120070E-3
1.763750000E2;1.056630704E-7;3.286981653E-3;1.390303965E-6;4.324977126E-2;4.792176972E-6;1.490757151E-1;3.351752750E-7;1.042667959E-2;1.318619330E-6;4.101979556E-2;1.943083587E-7;6.044571747E-3
1.767291667E2;1.387517557E-7;4.333661106E-3;1.534537341E-6;4.792850915E-2;4.536990051E-6;1.417047102E-1;3.574671009E-7;1.116484087E-2;1.574268356E-6;4.916943583E-2;2.262185495E-7;7.065528827E-3
1.770833333E2;1.785903355E-7;5.600326276E-3;1.666966327E-6;5.227357513E-2;4.283998160E-6;1.343397861E-1;4.212289485E-7;1.320911091E-2;1.798799943E-6;5.640768051E-2;2.592828371E-7;8.130722646E-3
1.774375000E2;2.206282900E-7;6.946275732E-3;1.746405349E-6;5.498394198E-2;4.022862142E-6;1.266560588E-1;5.042062662E-7;1.587446357E-2;1.922247468E-6;6.052016692E-2;2.904635459E-7;9.144973568E-3
1.777916667E2;2.576796287E-7;8.145221300E-3;1.746753181E-6;5.521465273E-2;3.780882636E-6;1.195132341E-1;5.822370103E-7;1.840444013E-2;1.904756427E-6;6.020911586E-2;3.191554687E-7;1.008846503E-2
1.781458333E2;2.816151382E-7;8.937320548E-3;1.661514102E-6;5.272970842E-2;3.592631986E-6;1.140155457E-1;6.347966992E-7;2.014586865E-2;1.751774058E-6;5.559419277E-2;3.455154484E-7;1.096525683E-2
1.785000000E2;2.866829865E-7;9.134364986E-3;1.503213182E-6;4.789575422E-2;3.475131786E-6;1.107255177E-1;6.523823608E-7;2.078636988E-2;1.509830809E-6;4.810660671E-2;3.684499495E-7;1.173964440E-2
1.788541667E2;2.725300579E-7;8.717913040E-3;1.298290098E-6;4.153075906E-2;3.423012860E-6;1.094981180E-1;6.414996055E-7;2.052081088E-2;1.246685586E-6;3.987999201E-2;3.845244738E-7;1.230048146E-2
1.792083333E2;2.447580693E-7;7.860558795E-3;1.078251216E-6;3.462871359E-2;NaN;1.099322033E-1;6.232407657E-7;2.001576780E-2;1.028503021E-6;3.303101911E-2;3.886474178E-7;1.248165540E-2
1.795625000E2;2.124257674E-7;6.849178464E-3;8.704719296E-7;2.806635780E-2;NaN;1.103671473E-1;6.245819251E-7;2.013820227E-2;9.062831085E-7;2.922100659E-2;3.763778175E-7;1.213543382E-2
1.799166667E2;1.839475852E-7;5.954384611E-3;6.935462378E-7;2.245009653E-2;NaN;1.108029500E-1;6.657778715E-7;2.155123432E-2;9.150878952E-7;2.962140152E-2;3.466076516E-7;1.121969209E-2
1.802708333E2;1.637381932E-7;5.321093944E-3;5.572277035E-7;1.810854817E-2;NaN;1.112396115E-1;7.496082174E-7;2.436044803E-2;1.079517743E-6;3.508170705E-2;3.029466644E-7;9.845031447E-3
1.806250000E2;1.513293443E-7;4.937178972E-3;4.630872560E-7;1.510840262E-2;NaN;1.116771317E-1;8.577397006E-7;2.798409279E-2;1.414595937E-6;4.615174503E-2;2.528006602E-7;8.247720290E-3
1.809791667E2;1.430376340E-7;4.684977248E-3;4.055458175E-7;1.328302821E-2;NaN;1.121155106E-1;9.564316959E-7;3.132644612E-2;1.915543626E-6;6.274067918E-2;2.045618962E-7;6.700109632E-3
1.813333333E2;1.348425707E-7;4.433863446E-3;3.757723971E-7;1.235606446E-2;NaN;1.125547482E-1;1.009501821E-6;3.319421454E-2;2.540977558E-6;8.355185941E-2;1.644709749E-7;5.408098048E-3
1.816875000E2;1.249565388E-7;4.124858788E-3;3.663238648E-7;1.209247813E-2;NaN;1.129948445E-1;9.926988851E-7;3.276933532E-2;3.203453695E-6;1.057471202E-1;1.347749551E-7;4.448968125E-3
1.820416667E2;1.152360896E-7;3.818828180E-3;3.731716460E-7;1.236659802E-2;NaN;1.134357996E-1;9.028145932E-7;2.991852484E-2;3.780313338E-6;1.252764403E-1;1.138711891E-7;3.773596513E-3
1.823958333E2;1.110053109E-7;3.692951326E-3;3.954827564E-7;1.315701526E-2;NaN;1.138776134E-1;7.577824917E-7;2.521008982E-2;4.146261279E-6;1.379388154E-1;9.803392578E-8;3.261416173E-3
1.827500000E2;1.192513324E-7;3.982703827E-3;4.346062235E-7;1.451478851E-2;NaN;1.143202859E-1;5.886937913E-7;1.966093769E-2;4.214610754E-6;1.407577261E-1;8.365988859E-8;2.794036358E-3
1.831041667E2;1.460614333E-7;4.897021515E-3;4.941333437E-7;1.656687574E-2;NaN;1.147638172E-1;4.282421465E-7;1.435773262E-2;3.967781110E-6;1.330283363E-1;6.888554897E-8;2.309535158E-3
1.834583333E2;1.951965057E-7;6.569720997E-3;5.809507435E-7;1.955303598E-2;NaN;1.152082071E-1;3.008199962E-7;1.012468660E-2;3.462790434E-6;1.165469994E-1;5.390650635E-8;1.814329132E-3
1.838125000E2;2.690680367E-7;9.091011216E-3;7.060755145E-7;2.385619823E-2;NaN;1.156534558E-1;2.177720956E-7;7.357873450E-3;2.810239542E-6;9.494966219E-2;4.015884229E-8;1.356848216E-3
1.841666667E2;3.709641057E-7;1.258212353E-2;8.840578334E-7;2.998490878E-2;NaN;1.160995633E-1;1.784772174E-7;6.053476231E-3;2.137797913E-6;7.250846379E-2;2.919750424E-8;9.903022949E-4
1.845208333E2;5.053771865E-7;1.720705108E-2;1.129999923E-6;3.847416723E-2;NaN;1.165465294E-1;1.755366538E-7;5.976661095E-3;1.554367942E-6;5.292302323E-2;2.199757598E-8;7.489721016E-4
1.848750000E2;6.741232491E-7;2.304070053E-2;1.456828789E-6;4.979260973E-2;NaN;1.169943543E-1;2.013378668E-7;6.881479759E-3;1.127747703E-6;3.854502442E-2;1.880251283E-8;6.426466792E-4
1.852291667E2;8.695812758E-7;2.983519808E-2;1.877197261E-6;6.440634554E-2;NaN;1.174430379E-1;2.533257610E-7;8.691567388E-3;8.797588044E-7;3.018438750E-2;1.930672061E-8;6.624105758E-4
1.855833333E2;1.070011930E-6;3.685246666E-2;2.417979181E-6;8.327804077E-2;NaN;1.178925802E-1;3.359392894E-7;1.157014339E-2;7.945127339E-7;2.736395101E-2;2.289532835E-8;7.885419787E-4
1.859375000E2;1.242355584E-6;4.295165386E-2;3.142689189E-6;1.086514200E-1;NaN;1.183429812E-1;4.577315626E-7;1.582504067E-2;8.323189298E-7;2.877555753E-2;2.877701408E-8;9.949006260E-4
1.862916667E2;1.353752477E-6;4.698141801E-2;4.155374296E-6;1.442105407E-1;NaN;1.187942410E-1;6.242143327E-7;2.166309941E-2;9.442061545E-7;3.276828281E-2;3.600811474E-8;1.249646681E-3
1.866458333E2;1.386237985E-6;4.829191119E-2;5.556276443E-6;1.935621528E-1;NaN;1.192463595E-1;8.292768423E-7;2.888924129E-2;1.086305346E-6;3.784325769E-2;4.357805549E-8;1.518114212E-3
1.870000000E2;1.345017777E-6;4.703392665E-2;7.355505299E-6;2.572146648E-1;NaN;1.196993367E-1;1.049933875E-6;3.671513767E-2;1.234420185E-6;4.316643944E-2;5.067436762E-8;1.772031961E-3
1.873541667E2;1.254091564E-6;4.402060007E-2;9.402757171E-6;3.300516685E-1;NaN;1.201531726E-1;1.248700448E-6;4.383136339E-2;1.395387738E-6;4.898031956E-2;5.699922118E-8;2.000762937E-3
1.877083333E2;1.141981926E-6;4.023706898E-2;1.139960996E-5;4.016586269E-1;NaN;1.206078673E-1;1.384334329E-6;4.877621495E-2;1.608276014E-6;5.666666998E-2;6.279563002E-8;2.212567502E-3
1.880625000E2;1.027406244E-6;3.633679434E-2;1.300628365E-5;4.599997877E-1;NaN;1.210634207E-1;1.426692640E-6;5.045855750E-2;1.929439589E-6;6.823946220E-2;6.843346700E-8;2.420320911E-3
1.884166667E2;9.139875010E-7;3.244732429E-2;1.398669276E-5;4.965393457E-1;NaN;1.215198328E-1;1.368226529E-6;4.857319145E-2;2.402847211E-6;8.530309504E-2;7.381042736E-8;2.620332193E-3
1.887708333E2;7.957999159E-7;2.835787442E-2;1.430553188E-5;5.097694388E-1;NaN;1.219771036E-1;1.226134714E-6;4.369260859E-2;3.027002110E-6;1.078654873E-1;7.805210307E-8;2.781342009E-3
1.891250000E2;6.679932548E-7;2.389296017E-2;1.411089584E-5;5.047222706E-1;NaN;1.224352332E-1;1.034664502E-6;3.700815473E-2;3.735923024E-6;1.336274871E-1;7.983704032E-8;2.855632465E-3
1.894791667E2;5.342196810E-7;1.917974442E-2;1.360955399E-5;4.886150335E-1;NaN;1.228942215E-1;8.325116969E-7;2.988913015E-2;4.408181954E-6;1.582641117E-1;7.820302007E-8;2.807672557E-3
1.898333333E2;4.061352292E-7;1.463577116E-2;1.292308462E-5;4.657052516E-1;NaN;1.233540685E-1;6.518850163E-7;2.349178115E-2;4.904620804E-6;1.767463213E-1;7.337212353E-8;2.644088796E-3
1.901875000E2;2.966924366E-7;1.073174673E-2;1.203194747E-5;4.352110028E-1;NaN;1.238147742E-1;5.132258989E-7;1.856404034E-2;5.119481237E-6;1.851782157E-1;6.715906111E-8;2.429229550E-3
1.905416667E2;2.132587415E-7;7.742598895E-3;1.084173342E-5;3.936213474E-1;NaN;1.242763387E-1;4.254339622E-7;1.544585935E-2;5.021251933E-6;1.823022090E-1;6.281376988E-8;2.280524690E-3
1.908958333E2;1.555487943E-7;5.668387708E-3;9.308358135E-6;3.392079191E-1;NaN;1.247387619E-1;3.886167994E-7;1.416166996E-2;4.664701249E-6;1.699874007E-1;6.456393666E-8;2.352788567E-3
1.912500000E2;1.185602423E-7;4.336526113E-3;7.522685843E-6;2.751539889E-1;NaN;1.252020438E-1;3.963912418E-7;1.449862903E-2;4.170124592E-6;1.525288228E-1;7.726443353E-8;2.826067382E-3
1.916041667E2;9.686931194E-8;3.556281358E-3;5.696260357E-6;2.091220027E-1;NaN;1.256661844E-1;4.368840191E-7;1.603895456E-2;3.680894228E-6;1.351335656E-1;1.063920622E-7;3.905882056E-3
1.919583333E2;8.679005751E-8;3.198040190E-3;4.068334589E-6;1.499100000E-1;NaN;1.261311838E-1;4.939426352E-7;1.820079908E-2;3.318159980E-6;1.222675647E-1;1.581090456E-7;5.826002385E-3
1.923125000E2;8.589870282E-8;3.176886013E-3;2.803709149E-6;1.036926530E-1;NaN;1.265970419E-1;5.503031047E-7;2.035246377E-2;3.149173343E-6;1.164693345E-1;2.387173075E-7;8.828744215E-3
1.926666667E2;9.170566912E-8;3.404155196E-3;1.944951807E-6;7.219747549E-2;NaN;1.270637587E-1;5.924394481E-7;2.199161562E-2;3.177283960E-6;1.179421927E-1;3.528773317E-7;1.309896339E-2
1.930208333E2;1.012150114E-7;3.770971939E-3;1.434769459E-6;5.345526612E-2;NaN;1.275313342E-1;6.144263740E-7;2.289170928E-2;3.351758992E-6;1.248766259E-1;5.007180691E-7;1.865527418E-2
1.933750000E2;1.117254132E-7;4.177847882E-3;1.175957316E-6;4.397361924E-2;NaN;1.279997685E-1;6.182943394E-7;2.312043090E-2;3.590111489E-6;1.342482363E-1;6.748403944E-7;2.523490790E-2
1.937291667E2;1.221053445E-7;4.582734467E-3;1.082018843E-6;4.060923839E-2;NaN;1.284690615E-1;6.107094749E-7;2.292053121E-2;3.804186183E-6;1.427748737E-1;8.587111231E-7;3.222827859E-2
1.940833333E2;1.334525927E-7;5.026937673E-3;1.092146213E-6;4.113933518E-2;NaN;1.289392132E-1;5.980358812E-7;2.252701907E-2;3.922548221E-6;1.477558811E-1;1.027828423E-6;3.871659078E-2
1.944375000E2;1.484272113E-7;5.611430454E-3;1.159898442E-6;4.385105255E-2;NaN;1.294102236E-1;5.826487121E-7;2.202758307E-2;3.904107435E-6;1.475984569E-1;1.154247367E-6;4.363740832E-2
1.947916667E2;1.692980052E-7;6.423808532E-3;1.243136369E-6;4.716930955E-2;NaN;1.298820928E-1;5.623978100E-7;2.133950631E-2;3.740823698E-6;1.419410416E-1;1.213740576E-6;4.605392164E-2
1.951458333E2;1.956961230E-7;7.452479457E-3;1.307191826E-6;4.978034352E-2;NaN;1.303548206E-1;5.332091654E-7;2.030561613E-2;3.451256574E-6;1.314303949E-1;1.193290817E-6;4.544277712E-2
1.955000000E2;2.235506425E-7;8.544161443E-3;1.330391792E-6;5.084790691E-2;NaN;1.308284073E-1;4.928424839E-7;1.883656294E-2;3.069597272E-6;1.173207751E-1;1.095799480E-6;4.188173009E-2
1.958541667E2;2.461956439E-7;9.443782908E-3;1.305503835E-6;5.007763180E-2;NaN;1.313028526E-1;4.432401787E-7;1.700218557E-2;2.635301460E-6;1.010871455E-1;9.397563048E-7;3.604797545E-2
1.962083333E2;2.572941691E-7;9.905236325E-3;1.236948838E-6;4.761969772E-2;NaN;1.317781566E-1;3.901646824E-7;1.502044682E-2;2.186275812E-6;8.416661236E-2;7.539503312E-7;2.902536126E-2
1.965625000E2;2.540191489E-7;9.814491220E-3;1.135794665E-6;4.388348994E-2;NaN;1.322543194E-1;3.407617582E-7;1.316594949E-2;1.755615685E-6;6.783140090E-2;5.695202524E-7;2.200444943E-2
1.969166667E2;2.386256954E-7;9.252991393E-3;1.014452742E-6;3.933659565E-2;NaN;1.327313409E-1;3.008044022E-7;1.166404372E-2;1.370042210E-6;5.312499457E-2;4.123351045E-7;1.598877760E-2
1.972708333E2;2.174112717E-7;8.460729585E-3;8.839269435E-7;3.439870796E-2;NaN;1.332092212E-1;2.730593337E-7;1.062631742E-2;1.048383517E-6;4.079866408E-2;2.980935570E-7;1.160054379E-2
1.976250000E2;1.976010052E-7;7.717433847E-3;7.542946184E-7;2.945945954E-2;NaN;1.336879601E-1;2.573119217E-7;1.004948194E-2;7.996243603E-7;3.122984165E-2;2.310260591E-7;9.022870739E-3
1.979791667E2;1.839421211E-7;7.209749471E-3;6.364545374E-7;2.494631321E-2;NaN;1.341675578E-1;2.516273383E-7;9.862722353E-3;6.218141127E-7;2.437247078E-2;2.056018457E-7;8.058718634E-3
1.983333333E2;1.768728368E-7;6.957489561E-3;5.442721084E-7;2.140954813E-2;NaN;1.346480142E-1;2.539039036E-7;9.987592162E-3;5.033550303E-7;1.980002940E-2;2.097286477E-7;8.249909388E-3
1.986875000E2;1.731090009E-7;6.833776018E-3;4.960881454E-7;1.958393413E-2;NaN;1.351293293E-1;2.627294273E-7;1.037169674E-2;4.271058324E-7;1.686073849E-2;2.282894691E-7;9.012120057E-3
1.990416667E2;1.680663483E-7;6.658382850E-3;5.152404537E-7;2.041258250E-2;NaN;1.356115032E-1;2.771069242E-7;1.097830714E-2;3.762137665E-7;1.490468090E-2;2.467438974E-7;9.775397344E-3
1.993958333E2;1.586477234E-7;6.307626980E-3;6.292699385E-7;2.501895367E-2;NaN;1.360945357E-1;2.954473478E-7;1.174660198E-2;3.393266851E-7;1.349118731E-2;2.546387190E-7;1.012410402E-2
1.997500000E2;1.449271524E-7;5.782602440E-3;8.657252336E-7;3.454249093E-2;NaN;1.365784270E-1;3.146474722E-7;1.255445380E-2;3.135814068E-7;1.251191773E-2;2.480462065E-7;9.897059141E-3
2.001041667E2;1.299836098E-7;5.204761786E-3;1.242233030E-6;4.974109438E-2;NaN;1.370631771E-1;3.299920741E-7;1.321343621E-2;3.049642241E-7;1.221127911E-2;2.297037078E-7;9.197721793E-3
2.004583333E2;1.181812489E-7;4.748941344E-3;1.751079168E-6;7.036456575E-2;NaN;1.375487858E-1;3.360472252E-7;1.350356826E-2;3.278354788E-7;1.317359119E-2;2.066514493E-7;8.303987481E-3
2.008125000E2;1.128958388E-7;4.552599228E-3;2.347769464E-6;9.467535353E-2;NaN;1.380352533E-1;3.283057888E-7;1.323914767E-2;4.056268309E-7;1.635716973E-2;1.866398050E-7;7.526373347E-3
2.011666667E2;1.148273687E-7;4.646837148E-3;2.959859396E-6;1.197796722E-1;NaN;1.385225795E-1;3.048713041E-7;1.233754040E-2;5.727398803E-7;2.317765338E-2;1.753268231E-7;7.095130747E-3
2.015208333E2;1.216463034E-7;4.940134998E-3;3.519358050E-6;1.429234049E-1;NaN;1.390107644E-1;2.673565815E-7;1.085752356E-2;8.744796441E-7;3.551318349E-2;1.754813924E-7;7.126412753E-3
2.018750000E2;1.290117301E-7;5.257681559E-3;3.997826096E-6;1.629254683E-1;NaN;1.394998081E-1;2.205363905E-7;8.987633237E-3;1.359888119E-6;5.542022169E-2;1.879422808E-7;7.659308677E-3
2.022291667E2;1.324016229E-7;5.414780957E-3;4.417852932E-6;1.806753226E-1;NaN;1.399897104E-1;1.709077157E-7;6.989550612E-3;2.064712415E-6;8.443979177E-2;2.128135584E-7;8.703358604E-3
2.025833333E2;1.289139441E-7;5.290629163E-3;4.828286950E-6;1.981529300E-1;NaN;1.404804715E-1;1.247618103E-7;5.120225561E-3;2.987503230E-6;1.226071533E-1;2.492908467E-7;1.023089808E-2
2.029375000E2;1.183111100E-7;4.872480848E-3;5.254381110E-6;2.163944817E-1;NaN;1.409720914E-1;8.656989909E-8;3.565262598E-3;4.069136188E-6;1.675817947E-1;2.939339496E-7;1.210526670E-2
2.032916667E2;1.029580194E-7;4.254997724E-3;5.654795220E-6;2.336985593E-1;NaN;1.414645699E-1;5.835194002E-8;2.411539902E-3;5.188308485E-6;2.144198279E-1;3.390278514E-7;1.401117412E-2
2.036458333E2;8.679621750E-8;3.599580221E-3;5.919537096E-6;2.454928252E-1;NaN;1.419579072E-1;4.022569052E-8;1.668224770E-3;6.180712752E-6;2.563242042E-1;3.732926355E-7;1.548105236E-2
2.040000000E2;7.384123205E-8;3.072976713E-3;5.918101951E-6;2.462877308E-1;NaN;1.424521032E-1;3.176511240E-8;1.321936918E-3;6.878814221E-6;2.862687326E-1;3.855103398E-7;1.604339830E-2
2.043541667E2;6.678647120E-8;2.789044808E-3;5.569796833E-6;2.325981993E-1;NaN;1.429471579E-1;3.358517361E-8;1.402537855E-3;7.158436224E-6;2.989407738E-1;3.692696423E-7;1.542093122E-2
2.047083333E2;6.616422761E-8;2.772645155E-3;4.891605465E-6;2.049851813E-1;NaN;1.434430713E-1;4.875593057E-8;2.043141733E-3;6.973941592E-6;2.922465215E-1;3.259791357E-7;1.366031924E-2
2.050625000E2;7.030085195E-8;2.956195037E-3;3.996769022E-6;1.680666509E-1;NaN;1.439398435E-1;8.388103150E-8;3.527250128E-3;6.368657034E-6;2.678060336E-1;2.644098034E-7;1.111859852E-2
2.054166667E2;7.604366270E-8;3.208738920E-3;3.049992703E-6;1.286975133E-1;NaN;1.444374744E-1;1.492730500E-7;6.298726655E-3;5.458583014E-6;2.303304068E-1;1.971124061E-7;8.317356458E-3
2.057708333E2;7.998043337E-8;3.386502385E-3;2.206594250E-6;9.343081018E-2;NaN;1.449359640E-1;2.570827555E-7;1.088530442E-2;4.398743242E-6;1.862499845E-1;1.356988438E-7;5.745711030E-3
2.061250000E2;7.968171498E-8;3.385478110E-3;1.566229776E-6;6.654521206E-2;NaN;1.454353124E-1;4.165996070E-7;1.770028231E-2;3.346596042E-6;1.421885516E-1;8.735494422E-8;3.711494558E-3
2.064791667E2;7.447278625E-8;3.175046425E-3;1.158683082E-6;4.939888467E-2;NaN;1.459355194E-1;6.275008489E-7;2.675264922E-2;2.435125710E-6;1.038182881E-1;5.393068448E-8;2.299261725E-3
2.068333333E2;6.543467885E-8;2.799297379E-3;9.569407335E-7;4.093795116E-2;NaN;1.464365852E-1;8.739360222E-7;3.738700731E-2;1.762193524E-6;7.538668791E-2;3.331220827E-8;1.425097195E-3
2.071875000E2;5.469850686E-8;2.348024215E-3;9.008789430E-7;3.867172423E-2;NaN;1.469385097E-1;1.123296187E-6;4.821935368E-2;1.395291568E-6;5.989520694E-2;2.170476386E-8;9.317130218E-4
2.075416667E2;4.445861103E-8;1.914989912E-3;9.186492121E-7;3.956947671E-2;NaN;1.474412930E-1;1.332283807E-6;5.738618438E-2;1.382160564E-6;5.953455304E-2;1.550270364E-8;6.677563780E-4
2.078958333E2;3.622857627E-8;1.565823612E-3;9.433967460E-7;4.077424653E-2;NaN;1.479449350E-1;1.459421819E-6;6.307719979E-2;1.753806794E-6;7.580071789E-2;1.216185328E-8;5.256435387E-4
2.082500000E2;3.062422940E-8;1.328113495E-3;9.274745139E-7;4.022277269E-2;NaN;1.484494356E-1;1.479153310E-6;6.414801318E-2;2.510366746E-6;1.088697419E-1;1.030260933E-8;4.468042052E-4
2.086041667E2;2.758150878E-8;1.200228616E-3;8.539509122E-7;3.716027030E-2;NaN;1.489547951E-1;1.391000457E-6;6.053035630E-2;3.593533830E-6;1.563751341E-1;9.500571513E-9;4.134240041E-4
2.089583333E2;2.669839601E-8;1.165747685E-3;7.394893079E-7;3.228875431E-2;NaN;1.494610132E-1;1.219248828E-6;5.323677491E-2;4.863341733E-6;2.123509355E-1;1.000232426E-8;4.367373364E-4
2.093125000E2;2.748033113E-8;1.203960646E-3;6.267485326E-7;2.745893289E-2;NaN;1.499680901E-1;1.003465142E-6;4.396353650E-2;6.102094142E-6;2.673432562E-1;1.238605721E-8;5.426545032E-4
2.096666667E2;2.947614039E-8;1.295774407E-3;5.713731191E-7;2.511762580E-2;NaN;1.504760257E-1;7.847453165E-7;3.449749131E-2;7.057738939E-6;3.102589879E-1;1.712714094E-8;7.529110186E-4
2.100208333E2;3.240405337E-8;1.429302303E-3;6.325755281E-7;2.790211610E-2;NaN;1.509848200E-1;5.940932259E-7;2.620470984E-2;7.517755190E-6;3.315987875E-1;2.417917863E-8;1.066513356E-3
2.103750000E2;3.624580279E-8;1.604153714E-3;8.727078059E-7;3.862398845E-2;NaN;1.514944730E-1;4.472758740E-7;1.979537489E-2;7.383435666E-6;3.267734423E-1;3.273214608E-8;1.448647558E-3
2.107291667E2;4.117858550E-8;1.828608456E-3;1.355941060E-6;6.021297863E-2;NaN;1.520049848E-1;3.467087081E-7;1.539621791E-2;6.707863505E-6;2.978746302E-1;4.126610106E-8;1.832494741E-3
2.110833333E2;4.725114570E-8;2.105330251E-3;2.131108513E-6;9.495404087E-2;NaN;1.525163553E-1;2.877477166E-7;1.282093722E-2;5.676555805E-6;2.529256060E-1;4.792977836E-8;2.135567526E-3
2.114375000E2;5.397405266E-8;2.412954089E-3;3.195866695E-6;1.428738297E-1;NaN;1.530285845E-1;2.656088371E-7;1.187425991E-2;4.539121568E-6;2.029251355E-1;5.116001927E-8;2.287150429E-3
2.117916667E2;6.015906818E-8;2.698477720E-3;4.458857297E-6;2.000052102E-1;NaN;1.535416724E-1;2.797679496E-7;1.254919003E-2;3.524445097E-6;1.580914874E-1;5.032422823E-8;2.257328991E-3
2.121458333E2;6.423798266E-8;2.891085307E-3;5.727485816E-6;2.577703938E-1;NaN;1.540556191E-1;3.344157814E-7;1.505066803E-2;2.776144636E-6;1.249427618E-1;4.605832599E-8;2.072894323E-3
2.125000000E2;6.498211859E-8;2.934348793E-3;6.743276861E-6;3.045010957E-1;NaN;1.545704245E-1;4.353513529E-7;1.965883453E-2;2.330029473E-6;1.052153934E-1;4.009553980E-8;1.810564219E-3
2.128541667E2;6.228923149E-8;2.822131750E-3;7.264160351E-6;3.291165595E-1;NaN;1.550860886E-1;5.848958748E-7;2.649981672E-2;2.133018132E-6;9.664043126E-2;3.470450265E-8;1.572353302E-3
2.132083333E2;5.764600445E-8;2.620460161E-3;7.159469755E-6;3.254536970E-1;NaN;1.556026114E-1;7.771916778E-7;3.532941872E-2;2.086095810E-6;9.482931235E-2;3.209536997E-8;1.458984697E-3
2.135625000E2;5.395864618E-8;2.460996732E-3;6.466956848E-6;2.949510560E-1;NaN;1.561199930E-1;9.962428426E-7;4.543758144E-2;2.088812889E-6;9.526854464E-2;3.410291247E-8;1.555397736E-3
2.139166667E2;5.462345459E-8;2.499587869E-3;5.378889879E-6;2.461398312E-1;NaN;1.566382332E-1;1.218269046E-6;5.574840608E-2;2.068749251E-6;9.466666969E-2;4.224086396E-8;1.932956308E-3
2.142708333E2;6.215742538E-8;2.853771094E-3;4.166381828E-6;1.912868809E-1;NaN;1.571573322E-1;1.417813978E-6;6.509466123E-2;1.991268888E-6;9.142311731E-2;5.797571277E-8;2.661780346E-3
2.146250000E2;7.716999606E-8;3.554750258E-3;3.082546229E-6;1.419940723E-1;NaN;1.576772900E-1;1.574785881E-6;7.254076459E-2;1.853526902E-6;8.538066048E-2;8.280719154E-8;3.814421414E-3
2.149791667E2;9.841984711E-8;4.548575797E-3;2.289674857E-6;1.058197096E-1;NaN;1.581981064E-1;1.678826002E-6;7.758869318E-2;1.670970339E-6;7.722563553E-2;1.178547048E-7;5.446777998E-3
2.153333333E2;1.239605965E-7;5.747860032E-3;1.834267219E-6;8.505211762E-2;NaN;1.587197816E-1;1.728940018E-6;8.016825915E-2;1.463647126E-6;6.786704043E-2;1.629837751E-7;7.557304120E-3
2.156875000E2;1.525333423E-7;7.096018514E-3;1.665857371E-6;7.749751342E-2;NaN;1.592423155E-1;1.729167976E-6;8.044279228E-2;1.247470898E-6;5.803371546E-2;2.160036636E-7;1.004872753E-2
2.160416667E2;1.840125612E-7;8.588602602E-3;1.678468723E-6;7.834085209E-2;NaN;1.597657082E-1;1.683466878E-6;7.857413599E-2;1.032265069E-6;4.817994161E-2;2.725661959E-7;1.272175510E-2
2.163958333E2;2.183815285E-7;1.022618605E-2;1.753756338E-6;8.212342284E-2;NaN;1.602899595E-1;1.593218127E-6;7.460587488E-2;8.247255620E-7;3.861955311E-2;3.271339239E-7;1.531875151E-2
2.167500000E2;2.539000054E-7;1.192836507E-2;1.794259412E-6;8.429531643E-2;NaN;1.608150696E-1;1.458879668E-6;6.853898740E-2;6.322774861E-7;2.970475195E-2;3.748579683E-7;1.761103821E-2
2.171041667E2;2.860404534E-7;1.348229343E-2;1.742925383E-6;8.215142703E-2;NaN;1.613410384E-1;1.284536632E-6;6.054563115E-2;4.643451087E-7;2.188654413E-2;4.135769522E-7;1.949362672E-2
2.174583333E2;3.084277984E-7;1.458497282E-2;1.591572121E-6;7.526246418E-2;NaN;1.618678659E-1;1.082257254E-6;5.117791817E-2;3.303542559E-7;1.562183392E-2;4.447137874E-7;2.102968194E-2
2.178125000E2;3.156314212E-7;1.497427589E-2;1.378595817E-6;6.540373587E-2;NaN;1.623955522E-1;8.734658853E-7;4.143921760E-2;2.364230113E-7;1.121644792E-2;4.722689902E-7;2.240552011E-2
2.181666667E2;3.060441315E-7;1.456668901E-2;1.173423938E-6;5.585110062E-2;NaN;1.629240972E-1;6.865393606E-7;3.267700417E-2;1.835919383E-7;8.738369390E-3;5.001343370E-7;2.380474122E-2
2.185208333E2;2.827787556E-7;1.350306863E-2;1.049861486E-6;5.013230808E-2;NaN;1.634535009E-1;5.520856496E-7;2.636283762E-2;1.687840413E-7;8.059666606E-3;5.290692737E-7;2.526377450E-2
2.188750000E2;2.518970766E-7;1.206744826E-2;1.057156013E-6;5.064439675E-2;NaN;1.639837633E-1;4.979267219E-7;2.385380980E-2;1.873417877E-7;8.974845444E-3;5.550913924E-7;2.659235569E-2
2.192291667E2;2.192591658E-7;1.053790851E-2;1.200683104E-6;5.770654397E-2;NaN;1.645148845E-1;5.445889214E-7;2.617372097E-2;2.349652585E-7;1.129276574E-2;5.703893043E-7;2.741372421E-2
2.195833333E2;1.881630284E-7;9.072626689E-3;1.440403017E-6;6.945168222E-2;NaN;1.650468643E-1;7.008680250E-7;3.379364162E-2;3.075503613E-7;1.482910665E-2;5.665390462E-7;2.731672270E-2
2.199375000E2;1.590958276E-7;7.695863543E-3;1.705609398E-6;8.250459727E-2;NaN;1.655797029E-1;9.591372992E-7;4.639587275E-2;3.987795270E-7;1.928996423E-2;5.384853430E-7;2.604788436E-2
2.202916667E2;1.312467487E-7;6.369197136E-3;1.920389952E-6;9.319348710E-2;NaN;1.661134003E-1;1.291666138E-6;6.268251476E-2;4.970506701E-7;2.412108288E-2;4.872966542E-7;2.364773592E-2
2.206458333E2;1.043237343E-7;5.078957584E-3;2.031151610E-6;9.888577072E-2;NaN;1.666479563E-1;1.650672287E-6;8.036229325E-2;5.846135347E-7;2.846166660E-2;4.203096470E-7;2.046260022E-2
2.210000000E2;7.932302658E-8;3.874215941E-3;2.023671738E-6;9.883815135E-2;NaN;1.671833711E-1;1.974761034E-6;9.644930367E-2;6.410737922E-7;3.131068509E-2;3.486327672E-7;1.702757298E-2
2.213541667E2;5.794648024E-8;2.839242348E-3;1.921421045E-6;9.414514872E-2;NaN;1.677196446E-1;2.202041219E-6;1.078948826E-1;6.505161274E-7;3.187377265E-2;2.832214890E-7;1.387719223E-2
2.217083333E2;4.146499931E-8;2.038194836E-3;1.768011470E-6;8.690587021E-2;NaN;1.682567768E-1;2.286513311E-6;1.123926131E-1;6.085561884E-7;2.991332693E-2;2.312807105E-7;1.136850736E-2
2.220625000E2;3.008593607E-8;1.483590275E-3;1.607467605E-6;7.926704697E-2;NaN;1.687947678E-1;2.211720412E-6;1.090638127E-1;5.249144199E-7;2.588445070E-2;1.945981013E-7;9.595973680E-3
2.224166667E2;2.321142796E-8;1.148250160E-3;1.472925189E-6;7.286439188E-2;NaN;1.693336174E-1;1.995899048E-6;9.873547652E-2;4.196106803E-7;2.075779359E-2;1.703300329E-7;8.426085971E-3
2.227708333E2;2.015571204E-8;1.000264381E-3;1.384419193E-6;6.870435557E-2;NaN;1.698733258E-1;1.685975609E-6;8.366964884E-2;3.150004845E-7;1.563247996E-2;1.535331923E-7;7.619367813E-3
2.231250000E2;2.057768167E-8;1.024455059E-3;1.352196980E-6;6.731880974E-2;NaN;1.704138930E-1;1.342523367E-6;6.683721119E-2;2.280750297E-7;1.135466190E-2;1.400736598E-7;6.973534323E-3
2.234791667E2;2.431574734E-8;1.214399860E-3;1.383191353E-6;6.908063989E-2;NaN;1.709553188E-1;1.021691332E-6;5.102626676E-2;1.665198789E-7;8.316491974E-3;1.287821448E-7;6.431758665E-3
2.238333333E2;3.089192857E-8;1.547727669E-3;1.490422182E-6;7.467217996E-2;NaN;1.714976034E-1;7.609732749E-7;3.812579684E-2;1.292136205E-7;6.473778262E-3;1.223279157E-7;6.128795076E-3
2.241875000E2;3.919718618E-8;1.970051955E-3;1.697213225E-6;8.530199634E-2;NaN;1.720407467E-1;5.733872569E-7;2.881846369E-2;1.098193804E-7;5.519525918E-3;1.267713462E-7;6.371532319E-3
2.245416667E2;4.757991923E-8;2.398930048E-3;2.024810196E-6;1.020888244E-1;NaN;1.725847487E-1;4.507582138E-7;2.272676038E-2;1.012652183E-7;5.105686998E-3;1.497238005E-7;7.548918319E-3
2.248958333E2;5.428109349E-8;2.745436521E-3;2.470698586E-6;1.249633288E-1;NaN;1.731296094E-1;3.732823064E-7;1.887992320E-2;9.906761966E-8;5.010655526E-3;1.973646994E-7;9.982338578E-3
2.252500000E2;5.799468131E-8;2.942508767E-3;2.998015089E-6;1.521119780E-1;NaN;1.736753289E-1;3.204041504E-7;1.625652561E-2;1.025858730E-7;5.204957141E-3;2.709648462E-7;1.374809582E-2
2.256041667E2;5.829087397E-8;2.966844603E-3;3.545905843E-6;1.804768208E-1;NaN;1.742219071E-1;2.782882690E-7;1.416410482E-2;1.150982037E-7;5.858180898E-3;3.641361548E-7;1.853352527E-2
2.259583333E2;5.566275616E-8;2.841982715E-3;4.049667110E-6;2.067645356E-1;NaN;1.747693440E-1;2.416544348E-7;1.233819118E-2;1.445042153E-7;7.377976057E-3;4.623291225E-7;2.360521586E-2
2.263125000E2;5.114461201E-8;2.619491374E-3;4.459462196E-6;2.284018257E-1;NaN;1.753176397E-1;2.109464359E-7;1.080411694E-2;2.051058661E-7;1.050497845E-2;5.457253848E-7;2.795060676E-2
2.266666667E2;4.574144485E-8;2.350093789E-3;4.757633028E-6;2.444366125E-1;NaN;1.758667940E-1;1.877955059E-7;9.648515771E-3;3.186237803E-7;1.637018178E-2;5.951590680E-7;3.057795034E-2
2.270208333E2;4.005453840E-8;2.064349176E-3;4.964933162E-6;2.558850031E-1;NaN;1.764168071E-1;1.716750161E-7;8.847865740E-3;5.115171294E-7;2.636280448E-2;5.987252317E-7;3.085737567E-2
2.273750000E2;3.429448639E-8;1.773004048E-3;5.125117742E-6;2.649654641E-1;NaN;1.769676790E-1;1.593499953E-7;8.238297655E-3;8.071022669E-7;4.172669537E-2;5.559079767E-7;2.874010364E-2
2.277291667E2;2.854528481E-8;1.480374837E-3;5.278317337E-6;2.737365634E-1;NaN;1.775194095E-1;1.469585471E-7;7.621354512E-3;1.214055401E-6;6.296160918E-2;4.772473206E-7;2.475031967E-2
2.280833333E2;2.299764289E-8;1.196383538E-3;5.442943162E-6;2.831528270E-1;NaN;1.780719988E-1;1.330556755E-7;6.921823274E-3;1.716294783E-6;8.928509914E-2;3.799788707E-7;1.976726345E-2
2.284375000E2;1.798164290E-8;9.383485043E-4;5.608234220E-6;2.926583639E-1;NaN;1.786254468E-1;1.206185919E-7;6.294323378E-3;2.271144297E-6;1.185166932E-1;2.819894941E-7;1.471525274E-2
2.287916667E2;1.383499908E-8;7.242016977E-4;5.728211208E-6;2.998468058E-1;NaN;1.791797535E-1;1.170889143E-7;6.129092601E-3;2.820716714E-6;1.476521842E-1;1.968852588E-7;1.030608227E-2
2.291458333E2;1.073680609E-8;5.637662058E-4;5.723485134E-6;3.005276867E-1;NaN;1.797349189E-1;1.331416105E-7;6.990974777E-3;3.314062381E-6;1.740141676E-1;1.320241959E-7;6.932301781E-3
2.295000000E2;8.633579046E-9;4.547327668E-4;5.506924492E-6;2.900510897E-1;NaN;1.802909431E-1;1.809899530E-7;9.532786071E-3;3.729271056E-6;1.964216388E-1;8.964545988E-8;4.721648783E-3
2.298541667E2;7.305100284E-9;3.859499099E-4;5.026983971E-6;2.655903322E-1;NaN;1.808478260E-1;2.717870379E-7;1.435930770E-2;4.082053954E-6;2.156669032E-1;6.967107814E-8;3.680927747E-3
2.302083333E2;6.505300817E-9;3.447541202E-4;4.302176729E-6;2.279976276E-1;NaN;1.814055676E-1;4.110597834E-7;2.178447361E-2;4.414249376E-6;2.339370158E-1;7.237390568E-8;3.835518585E-3
2.305625000E2;6.068555124E-9;3.225987248E-4;3.425649133E-6;1.821043097E-1;NaN;1.819641679E-1;5.929619577E-7;3.152130409E-2;4.767216987E-6;2.534208044E-1;9.975944615E-8;5.303119022E-3
2.309166667E2;5.928561451E-9;3.161257591E-4;2.538411044E-6;1.353544405E-1;NaN;1.825236270E-1;7.964755691E-7;4.247007407E-2;5.153584194E-6;2.748020290E-1;1.554503386E-7;8.289001758E-3
2.312708333E2;6.112605178E-9;3.269400130E-4;1.781888652E-6;9.530644986E-2;NaN;1.830839448E-1;9.872508834E-7;5.280429657E-2;5.541751630E-6;2.964072269E-1;2.433619347E-7;1.301650471E-2
2.316250000E2;6.770003175E-9;3.632116224E-4;1.249833868E-6;6.705376275E-2;NaN;1.836451213E-1;1.126632365E-6;6.044398480E-2;5.861114965E-6;3.144496421E-1;3.655536604E-7;1.961200529E-2
2.319791667E2;8.216881533E-9;4.421860053E-4;9.630065644E-7;5.182355668E-2;NaN;1.842071565E-1;1.185518628E-6;6.379789513E-2;6.025892497E-6;3.242793901E-1;5.198818313E-7;2.797709439E-2
2.323333333E2;1.094761165E-8;5.909386966E-4;8.794023227E-7;4.746906255E-2;NaN;1.847700505E-1;1.157132853E-6;6.246061715E-2;5.966015340E-6;3.220382162E-1;6.982019909E-7;3.768809011E-2
2.326875000E2;1.556303407E-8;8.426367095E-4;9.301027459E-7;5.035899259E-2;NaN;1.853338032E-1;1.061810664E-6;5.749011665E-2;5.651194000E-6;3.059752678E-1;8.859374284E-7;4.796772893E-2
2.330416667E2;2.257294086E-8;1.225900717E-3;1.052299915E-6;5.714874410E-2;NaN;1.858984146E-1;9.407628315E-7;5.109134147E-2;5.099928880E-6;2.769690714E-1;1.063363601E-6;5.774959535E-2
2.333958333E2;3.206695023E-8;1.746802702E-3;1.200094232E-6;6.537347119E-2;NaN;1.864638847E-1;8.422569986E-7;4.588078349E-2;4.373352704E-6;2.382323315E-1;1.208520338E-6;6.583247165E-2
2.337500000E2;4.342536714E-8;2.372721349E-3;1.340099930E-6;7.322180385E-2;NaN;1.870302136E-1;8.079264170E-7;4.414434200E-2;3.559003510E-6;1.944606152E-1;1.301284343E-6;7.110095655E-2
2.341041667E2;5.540289986E-8;3.036342677E-3;1.446698140E-6;7.928594558E-2;NaN;1.875974012E-1;8.650775073E-7;4.741036591E-2;2.751000790E-6;1.507679404E-1;1.327693871E-6;7.276394510E-2
2.344583333E2;6.672383344E-8;3.667856503E-3;1.500413112E-6;8.247877417E-2;NaN;1.881654475E-1;1.025478619E-6;5.637128784E-2;2.032895891E-6;1.117497306E-1;1.283307258E-6;7.054431123E-2
2.348125000E2;7.680876900E-8;4.234998196E-3;1.488109180E-6;8.204974218E-2;NaN;1.887343525E-1;1.287152158E-6;7.096959290E-2;1.467476244E-6;8.091210580E-2;1.174493714E-6;6.475795441E-2
2.351666667E2;8.606389810E-8;4.759622835E-3;1.407720117E-6;7.785165400E-2;NaN;1.893041163E-1;1.635200921E-6;9.043210701E-2;1.093919471E-6;6.049742352E-2;1.017103522E-6;5.624924338E-2
2.355208333E2;9.548794516E-8;5.296722327E-3;1.275309036E-6;7.074147248E-2;NaN;1.898747388E-1;2.040957252E-6;1.132120272E-1;9.288745905E-7;5.152473199E-2;8.328203916E-7;4.619659954E-2
2.358750000E2;1.058942229E-7;5.891638536E-3;1.124671160E-6;6.257334688E-2;NaN;1.904462200E-1;2.462046868E-6;1.369809401E-1;9.671593761E-7;5.380986132E-2;6.443491408E-7;3.584966321E-2
2.362291667E2;1.174002592E-7;6.551429794E-3;9.951316710E-7;5.553254588E-2;NaN;1.910185599E-1;2.847201204E-6;1.588858401E-1;1.179986869E-6;6.584824586E-2;4.710017188E-7;2.628388315E-2
2.365833333E2;1.296217714E-7;7.255147483E-3;9.172862357E-7;5.134204579E-2;NaN;1.915917586E-1;3.146749332E-6;1.761288266E-1;1.512802044E-6;8.467406227E-2;3.260185906E-7;1.824780614E-2
2.369375000E2;1.424181345E-7;7.995265618E-3;9.065073981E-7;5.089076231E-2;NaN;1.921658159E-1;3.325271613E-6;1.866786830E-1;1.887572910E-6;1.059671708E-1;2.161412758E-7;1.213403698E-2
2.372916667E2;1.564035465E-7;8.806666899E-3;9.665094489E-7;5.442157139E-2;NaN;1.927407320E-1;3.370135781E-6;1.897633646E-1;2.214063734E-6;1.246680285E-1;1.430604664E-7;8.055353618E-3
2.376458333E2;1.725154306E-7;9.742902461E-3;1.102831958E-6;6.228303268E-2;NaN;1.933165069E-1;3.291613460E-6;1.858956546E-1;2.410068126E-6;1.361099039E-1;1.057980461E-7;5.975002008E-3
2.380000000E2;1.907465627E-7;1.080464830E-2;1.338451489E-6;7.581524617E-2;NaN;1.938931404E-1;3.115161890E-6;1.764552301E-1;2.424191147E-6;1.373158833E-1;1.028613216E-7;5.826476701E-3
2.383541667E2;2.090983109E-7;1.187944144E-2;1.713350185E-6;9.734006507E-2;NaN;1.944706327E-1;2.870377925E-6;1.630739451E-1;2.250972368E-6;1.278838376E-1;1.332360358E-7;7.569500101E-3
2.387083333E2;2.239292547E-7;1.275986253E-2;2.261109029E-6;1.288417649E-1;NaN;1.950489837E-1;2.582127375E-6;1.471339259E-1;1.930393983E-6;1.099970698E-1;1.958338659E-7;1.115894041E-2
2.390625000E2;2.319725357E-7;1.325743430E-2;2.976168419E-6;1.700906409E-1;NaN;1.956281934E-1;2.267168096E-6;1.295706493E-1;1.532018028E-6;8.755617680E-2;2.878113425E-7;1.644867118E-2
2.394166667E2;2.328910678E-7;1.334939525E-2;3.791453197E-6;2.173273874E-1;NaN;1.962082619E-1;1.936316527E-6;1.109903222E-1;1.131682740E-6;6.486843976E-2;4.026188544E-7;2.307824974E-2
2.397708333E2;2.304680001E-7;1.324961743E-2;4.581774096E-6;2.634064334E-1;NaN;1.967891891E-1;1.599297534E-6;9.194369921E-2;7.909927782E-7;4.547421636E-2;5.290608849E-7;3.041573806E-2
2.401250000E2;2.311812018E-7;1.332991171E-2;5.195296092E-6;2.995608538E-1;NaN;1.973709750E-1;1.268596502E-6;7.314729411E-2;5.468641168E-7;3.153219352E-2;6.522344148E-7;3.760784655E-2
2.404791667E2;2.406453394E-7;1.391657523E-2;5.502224832E-6;3.181949253E-1;NaN;1.979536196E-1;9.599220415E-7;5.551251206E-2;4.132916537E-7;2.390075123E-2;7.563466344E-7;4.373969952E-2
2.408333333E2;2.600973603E-7;1.508582752E-2;5.438710961E-6;3.154490126E-1;NaN;1.985371230E-1;6.894566552E-7;3.998896479E-2;3.923341538E-7;2.275565338E-2;8.285169130E-7;4.805455631E-2
2.411875000E2;2.854260449E-7;1.660363553E-2;5.025635611E-6;2.923483104E-1;NaN;1.991214850E-1;4.697733158E-7;2.732737623E-2;4.874195213E-7;2.835388089E-2;8.620393339E-7;5.014604366E-2
2.415416667E2;3.096522942E-7;1.806585081E-2;4.355407345E-6;2.541048162E-1;NaN;1.997067058E-1;3.065109778E-7;1.788257894E-2;7.108816875E-7;4.147452723E-2;8.578225929E-7;5.004740889E-2
2.418958333E2;3.272787074E-7;1.915025347E-2;3.557230733E-6;2.081463556E-1;NaN;2.002927854E-1;1.973768692E-7;1.154923003E-2;1.079876358E-6;6.318744698E-2;8.235168067E-7;4.818692823E-2
2.422500000E2;3.374736379E-7;1.980466153E-2;2.758748501E-6;1.618973282E-1;NaN;2.008797236E-1;1.335693009E-7;7.838522771E-3;1.600323823E-6;9.391510358E-2;7.708085251E-7;4.523494647E-2
2.426041667E2;3.438188154E-7;2.023606895E-2;2.059153627E-6;1.211951555E-1;NaN;2.014675206E-1;1.029449395E-7;6.059007833E-3;2.245434136E-6;1.321590267E-1;7.120011509E-7;4.190609630E-2
2.429583333E2;3.507963847E-7;2.070707270E-2;1.520113332E-6;8.973039249E-2;NaN;2.020561763E-1;9.359772235E-8;5.524956716E-3;2.941152903E-6;1.736125845E-1;6.570424155E-7;3.878439362E-2
2.433125000E2;3.596089864E-7;2.128920177E-2;1.170760501E-6;6.931016041E-2;NaN;2.026456907E-1;9.688417904E-8;5.735637634E-3;3.571168986E-6;2.114166775E-1;6.117324395E-7;3.621515542E-2
2.436666667E2;3.664246221E-7;2.175589194E-2;1.018929699E-6;6.049736589E-2;NaN;2.032360639E-1;1.090786526E-7;6.476375322E-3;4.005989259E-6;2.378493807E-1;5.772843225E-7;3.427535865E-2
2.440208333E2;3.644814641E-7;2.170347417E-2;1.064889840E-6;6.341010838E-2;NaN;2.038272957E-1;1.312887316E-7;7.817740752E-3;4.146679682E-6;2.469188813E-1;5.510351103E-7;3.281202876E-2
2.443750000E2;3.486288233E-7;2.081981373E-2;1.314005512E-6;7.847127997E-2;NaN;2.044193863E-1;1.676021777E-7;1.000905802E-2;3.962952170E-6;2.366640979E-1;5.278747391E-7;3.152422578E-2
2.447291667E2;3.191089444E-7;1.911218938E-2;1.779397179E-6;1.065723054E-1;NaN;2.050123357E-1;2.218279029E-7;1.328579773E-2;3.505811381E-6;2.099713349E-1;5.020269493E-7;3.006758130E-2
2.450833333E2;2.819780062E-7;1.693724588E-2;2.467881425E-6;1.482353715E-1;NaN;2.056061437E-1;2.938660300E-7;1.765131002E-2;2.887983678E-6;1.734691663E-1;4.687650567E-7;2.815676702E-2
2.454375000E2;2.459683683E-7;1.481702785E-2;3.352681738E-6;2.019640942E-1;NaN;2.062008105E-1;3.771354122E-7;2.271847371E-2;2.241949594E-6;1.350540714E-1;4.256908558E-7;2.564343258E-2
2.457916667E2;2.179345683E-7;1.316619950E-2;4.347046727E-6;2.626204961E-1;NaN;2.067963360E-1;4.585374800E-7;2.770187395E-2;1.675853223E-6;1.012442314E-1;3.732467766E-7;2.254916034E-2
2.461458333E2;1.997796864E-7;1.210420595E-2;5.298762414E-6;3.210402051E-1;NaN;2.073927202E-1;5.215809758E-7;3.160142886E-2;1.246465836E-6;7.552058695E-2;3.143971685E-7;1.904862373E-2
2.465000000E2;1.885213671E-7;1.145498244E-2;6.019803719E-6;3.657768185E-1;NaN;2.079899631E-1;5.517842443E-7;3.352765220E-2;9.578913147E-7;5.820363154E-2;2.536518748E-7;1.541245863E-2
2.468541667E2;1.790436320E-7;1.091037815E-2;6.348128880E-6;3.868358001E-1;NaN;2.085880648E-1;5.422124879E-7;3.304079132E-2;7.808235092E-7;4.758102625E-2;1.958587387E-7;1.193503996E-2
2.472083333E2;1.675279635E-7;1.023796222E-2;6.212380488E-6;3.796507483E-1;NaN;2.091870252E-1;4.966368199E-7;3.035044951E-2;6.784539244E-7;4.146164914E-2;1.451223320E-7;8.868710159E-3
2.475625000E2;1.534878727E-7;9.406840633E-3;5.664075283E-6;3.471352660E-1;NaN;2.097868443E-1;4.288553862E-7;2.628334214E-2;6.254265106E-7;3.833063427E-2;1.040689441E-7;6.378093294E-3
2.479166667E2;1.394922645E-7;8.573567524E-3;4.863568673E-6;2.989279340E-1;NaN;2.103875222E-1;3.584874422E-7;2.203359666E-2;6.132849056E-7;3.769412998E-2;7.360779498E-8;4.524131878E-3
2.482708333E2;1.291699806E-7;7.961831796E-3;4.030633312E-6;2.484418153E-1;NaN;2.109890587E-1;3.051624885E-7;1.880972957E-2;6.437793123E-7;3.968153107E-2;5.315070491E-8;3.276124764E-3
2.486250000E2;1.248467358E-7;7.717324897E-3;3.381240296E-6;2.090093085E-1;NaN;2.115914540E-1;2.834386444E-7;1.752058708E-2;7.167584589E-7;4.430598737E-2;4.116153361E-8;2.544375117E-3
2.489791667E2;1.260755956E-7;7.815505025E-3;3.072943885E-6;1.904937133E-1;NaN;2.121947080E-1;2.998868357E-7;1.859017250E-2;8.204615356E-7;5.086092373E-2;3.580671361E-8;2.219680572E-3
2.493333333E2;1.297041396E-7;8.063331656E-3;3.166912041E-6;1.968777728E-1;NaN;2.127988208E-1;3.524263927E-7;2.190933071E-2;9.298273908E-7;5.780468272E-2;3.548985362E-8;2.206301673E-3
2.496875000E2;1.313470887E-7;8.188682888E-3;3.611096497E-6;2.251296499E-1;NaN;2.134037923E-1;4.312275006E-7;2.688438160E-2;1.013829817E-6;6.320605168E-2;3.919337899E-8;2.443466049E-3
2.500416667E2;1.274430711E-7;7.967847226E-3;4.249573139E-6;2.656868613E-1;NaN;2.140096224E-1;5.206762323E-7;3.255311284E-2;1.048160513E-6;6.553187058E-2;4.670911919E-8;2.920293137E-3
2.503958333E2;1.168355479E-7;7.325363751E-3;4.861276263E-6;3.047926557E-1;NaN;2.146163114E-1;6.023675028E-7;3.776728187E-2;1.026636023E-6;6.436810069E-2;5.895400256E-8;3.696302377E-3
2.507500000E2;1.011521404E-7;6.359997724E-3;5.223711760E-6;3.284438153E-1;NaN;2.152238590E-1;6.591284860E-7;4.144307432E-2;9.649913348E-7;6.067437298E-2;7.837675288E-8;4.927982425E-3
2.511041667E2;8.406981943E-8;5.300879757E-3;5.185781627E-6;3.269806577E-1;NaN;2.158322654E-1;6.795527334E-7;4.284804408E-2;8.942319876E-7;5.638428003E-2;1.091796458E-7;6.884137237E-3
2.514583333E2;7.002323902E-8;4.427659971E-3;4.721408528E-6;2.985407679E-1;NaN;2.164415305E-1;6.616919119E-7;4.183963543E-2;8.465116040E-7;5.352602360E-2;1.567657085E-7;9.912498513E-3
2.518125000E2;6.290683534E-8;3.988893187E-3;3.933069176E-6;2.493940882E-1;NaN;2.170516543E-1;6.141547585E-7;3.894326775E-2;8.407556582E-7;5.331192547E-2;2.259187039E-7;1.432540000E-2
2.521666667E2;6.504662259E-8;4.136186444E-3;3.000920330E-6;1.908226053E-1;NaN;2.176626368E-1;5.534485419E-7;3.519270126E-2;8.754440818E-7;5.566776259E-2;3.179070891E-7;2.021508481E-2
2.525208333E2;7.651252209E-8;4.878956495E-3;2.108852440E-6;1.344747112E-1;NaN;2.182744781E-1;4.981910059E-7;3.176803192E-2;9.319147864E-7;5.942519703E-2;4.275765927E-7;2.726517878E-2
2.528750000E2;9.486360761E-8;6.066126019E-3;1.387768440E-6;8.874191543E-2;NaN;2.188871781E-1;4.624099379E-7;2.956915751E-2;9.864887040E-7;6.308177546E-2;5.421018415E-7;3.466511730E-2
2.532291667E2;1.155161607E-7;7.407475056E-3;8.942148352E-7;5.734153601E-2;NaN;2.195007368E-1;4.506750403E-7;2.889954185E-2;1.025668493E-6;6.577100323E-2;6.427569604E-7;4.121679706E-2
2.535833333E2;1.329034694E-7;8.546292073E-3;6.205718450E-7;3.990556651E-2;NaN;2.201151542E-1;4.569808564E-7;2.938592865E-2;1.056334682E-6;6.792708087E-2;7.098743809E-7;4.564812205E-2
2.539375000E2;1.422725100E-7;9.174336660E-3;5.240119740E-7;3.379052118E-2;NaN;2.207304304E-1;4.677641460E-7;3.016342196E-2;1.103834195E-6;7.117992453E-2;7.294047627E-7;4.703512192E-2
2.542916667E2;1.414426350E-7;9.146282155E-3;5.564206192E-7;3.598052299E-2;NaN;2.213465653E-1;4.677313793E-7;3.024549966E-2;1.197072792E-6;7.740781639E-2;6.982207405E-7;4.514992173E-2
2.546458333E2;1.316047121E-7;8.533841810E-3;6.806643587E-7;4.413734031E-2;NaN;2.219635589E-1;4.460354025E-7;2.892294285E-2;1.348169174E-6;8.742135658E-2;6.254688755E-7;4.055821677E-2
2.550000000E2;1.166045601E-7;7.582211518E-3;8.726169051E-7;5.674191425E-2;NaN;2.225814112E-1;4.002071516E-7;2.602347003E-2;1.538980421E-6;1.000722019E-1;5.291457751E-7;3.440770403E-2
2.553541667E2;1.010215772E-7;6.587187754E-3;1.116803003E-6;7.282197788E-2;NaN;2.232001223E-1;3.364282874E-7;2.193705895E-2;1.723305468E-6;1.123694263E-1;4.294800399E-7;2.800456830E-2
2.557083333E2;8.812401308E-8;5.762142965E-3;1.397616913E-6;9.138563008E-2;NaN;2.238196921E-1;2.665745192E-7;1.743044190E-2;1.844742251E-6;1.206217036E-1;3.421971349E-7;2.237515910E-2
2.560625000E2;7.881719962E-8;5.167886453E-3;1.689056106E-6;1.107480374E-1;NaN;2.244401206E-1;2.038812138E-7;1.336808422E-2;1.861273093E-6;1.220399614E-1;2.746322787E-7;1.800709032E-2
2.564166667E2;7.198983855E-8;4.733296390E-3;1.947214895E-6;1.280284193E-1;NaN;2.250614078E-1;1.593356556E-7;1.047624080E-2;1.763462937E-6;1.159468186E-1;2.261302314E-7;1.486795122E-2
2.567708333E2;6.578437935E-8;4.337247075E-3;2.114973456E-6;1.394428666E-1;NaN;2.256835538E-1;1.398691614E-7;9.221750168E-3;1.576097712E-6;1.039141094E-1;1.918663865E-7;1.264999278E-2
2.571250000E2;5.890942543E-8;3.894694491E-3;2.142002232E-6;1.416147625E-1;NaN;2.263065584E-1;1.480157716E-7;9.785806027E-3;1.343049360E-6;8.879337910E-2;1.673175484E-7;1.106190952E-2
2.574791667E2;5.135125471E-8;3.404358199E-3;2.008691538E-6;1.331672526E-1;NaN;2.269304218E-1;1.820214520E-7;1.206720704E-2;1.105940128E-6;7.331887730E-2;1.506366848E-7;9.986537543E-3
2.578333333E2;4.431147255E-8;2.945739303E-3;1.737588338E-6;1.155114458E-1;NaN;2.275551440E-1;2.356419560E-7;1.566501249E-2;8.898875811E-7;5.915797134E-2;1.421262466E-7;9.448272567E-3
2.581875000E2;3.959428405E-8;2.639386062E-3;1.385562714E-6;9.236269839E-2;NaN;2.281807248E-1;2.980907684E-7;1.987096467E-2;7.021512030E-7;4.680595049E-2;1.422132031E-7;9.480043776E-3
2.585416667E2;3.878638932E-8;2.592629395E-3;1.023259773E-6;6.839856489E-2;NaN;2.288071644E-1;3.553678959E-7;2.375413821E-2;5.400617250E-7;3.609977437E-2;1.499271350E-7;1.002169843E-2
2.588958333E2;4.257640586E-8;2.853770991E-3;7.136388378E-7;4.783310786E-2;NaN;2.294344627E-1;3.936891696E-7;2.638782465E-2;4.005874668E-7;2.685019717E-2;1.629634079E-7;1.092295690E-2
2.592500000E2;5.044964748E-8;3.390749185E-3;4.993290301E-7;3.356018499E-2;NaN;2.300626198E-1;4.040952786E-7;2.715947098E-2;2.853888096E-7;1.918114243E-2;1.790015844E-7;1.203079718E-2
2.596041667E2;6.085495125E-8;4.101278262E-3;4.027567596E-7;2.714351929E-2;NaN;2.306916355E-1;3.859990651E-7;2.601414580E-2;1.994408620E-7;1.344118194E-2;1.969490846E-7;1.327325029E-2
2.599583333E2;7.180338903E-8;4.852353483E-3;4.363487481E-7;2.948772191E-2;NaN;2.313215100E-1;3.476618386E-7;2.349440822E-2;1.462976195E-7;9.886549551E-3;2.169148438E-7;1.465874400E-2
2.603125000E2;8.165052972E-8;5.532851994E-3;6.140251734E-7;4.160794077E-2;NaN;2.319522432E-1;3.027653502E-7;2.051616661E-2;1.253508129E-7;8.494096699E-3;2.388968620E-7;1.618827194E-2
2.606666667E2;8.966008325E-8;6.092143639E-3;9.506800193E-7;6.459596090E-2;NaN;2.325838351E-1;2.649499456E-7;1.800258339E-2;1.334178570E-7;9.065357952E-3;2.615437638E-7;1.777114318E-2
2.610208333E2;9.593556417E-8;6.536269908E-3;1.448819055E-6;9.871075940E-2;NaN;2.332162858E-1;2.429512639E-7;1.655272525E-2;1.678851256E-7;1.143832846E-2;2.825600973E-7;1.925134935E-2
2.613750000E2;1.007319588E-7;6.881694209E-3;2.079468160E-6;1.420627989E-1;NaN;2.338495952E-1;2.386892050E-7;1.630650431E-2;2.271684286E-7;1.551944069E-2;3.009381930E-7;2.055916161E-2
2.617291667E2;1.036765815E-7;7.102069429E-3;2.769972157E-6;1.897490667E-1;NaN;2.344837633E-1;2.486519972E-7;1.703319807E-2;3.081024079E-7;2.110567942E-2;3.194414057E-7;2.188242522E-2
2.620833333E2;1.035863640E-7;7.115106359E-3;3.408451807E-6;2.341186252E-1;NaN;2.351187901E-1;2.669926956E-7;1.833910713E-2;4.037473584E-7;2.773246678E-2;3.453314955E-7;2.372001705E-2
2.624375000E2;9.910502255E-8;6.825703964E-3;3.869944236E-6;2.665363776E-1;NaN;2.357546756E-1;2.882901763E-7;1.985553657E-2;5.045122694E-7;3.474749623E-2;3.884007231E-7;2.675049444E-2
2.627916667E2;8.969808701E-8;6.194501458E-3;4.057857398E-6;2.802334410E-1;NaN;2.363914199E-1;3.089038455E-7;2.133273279E-2;6.022603040E-7;4.159177141E-2;4.569212332E-7;3.155473366E-2
2.631458333E2;7.626773725E-8;5.281215111E-3;3.942875735E-6;2.730273070E-1;NaN;2.370290229E-1;NaN;2.139027216E-2;6.943042884E-7;4.807760701E-2;5.531933648E-7;3.830627815E-2
2.635000000E2;6.096543653E-8;4.232967430E-3;3.578576478E-6;2.484686167E-1;NaN;2.376674846E-1;NaN;2.144788903E-2;7.839200981E-7;5.442933623E-2;6.706851824E-7;4.656718125E-2
2.638541667E2;4.632689795E-8;3.225233294E-3;3.082811599E-6;2.146223263E-1;NaN;2.383068051E-1;NaN;2.150558339E-2;8.758717046E-7;6.097733083E-2;7.941425949E-7;5.528743020E-2
2.642083333E2;3.424868576E-8;2.390765245E-3;2.590845355E-6;1.808566633E-1;NaN;2.389469843E-1;NaN;2.156335525E-2;9.690500829E-7;6.764555215E-2;9.028353541E-7;6.302336391E-2
2.645625000E2;2.539890063E-8;1.777753288E-3;2.203364608E-6;1.542207962E-1;NaN;2.395880222E-1;NaN;2.162120460E-2;1.051618205E-6;7.360624573E-2;9.757678511E-7;6.829722794E-2
2.649166667E2;1.935667708E-8;1.358467863E-3;1.955299541E-6;1.372245648E-1;NaN;2.402299188E-1;NaN;2.167913144E-2;1.103354735E-6;7.743436240E-2;9.972175788E-7;6.998556762E-2
2.652708333E2;1.526002499E-8;1.073826823E-3;1.818570142E-6;1.279702622E-1;NaN;2.408726741E-1;NaN;2.173713578E-2;1.105018505E-6;7.775862177E-2;9.611075952E-7;6.763181036E-2
2.656250000E2;1.243576030E-8;8.774254705E-4;1.731439862E-6;1.221645801E-1;NaN;2.415162882E-1;NaN;2.179521762E-2;1.049561567E-6;7.405353832E-2;8.730307523E-7;6.159811704E-2
2.659791667E2;1.064148388E-8;7.528308952E-4;1.635491676E-6;1.157027231E-1;NaN;2.421607610E-1;NaN;2.185337694E-2;9.487171338E-7;6.711691498E-2;7.492698008E-7;5.300702994E-2
2.663333333E2;9.944970199E-9;7.054309911E-4;1.502135081E-6;1.065516153E-1;NaN;2.428060925E-1;NaN;2.191161377E-2;8.309656077E-7;5.894325277E-2;6.130787063E-7;4.348778436E-2
2.666875000E2;1.045685090E-8;7.437144780E-4;1.337187516E-6;9.510374824E-2;NaN;2.434522828E-1;NaN;2.196992808E-2;7.315125568E-7;5.202679894E-2;4.894005632E-7;3.480725582E-2
2.670416667E2;1.209333732E-8;8.623910221E-4;1.164657928E-6;8.305321471E-2;NaN;2.440993317E-1;NaN;2.202831989E-2;6.802903597E-7;4.851235709E-2;3.994985724E-7;2.848874326E-2
2.673958333E2;1.444798420E-8;1.033038552E-3;1.008342611E-6;7.209703282E-2;NaN;2.447472394E-1;NaN;2.208678920E-2;6.961041472E-7;4.977181663E-2;3.567003586E-7;2.550426529E-2
2.677500000E2;1.684416500E-8;1.207559242E-3;8.850814056E-7;6.345154129E-2;NaN;2.453960059E-1;NaN;2.214533599E-2;7.905689952E-7;5.667594067E-2;3.638819016E-7;2.608671627E-2
2.681041667E2;1.855654908E-8;1.333841856E-3;8.091622751E-7;5.816245825E-2;NaN;2.460456310E-1;NaN;2.220396029E-2;9.768393559E-7;7.021506069E-2;4.131103024E-7;2.969430416E-2
2.684583333E2;1.910046412E-8;1.376568095E-3;7.960084626E-7;5.736823178E-2;NaN;2.466961149E-1;NaN;2.226266207E-2;1.273109420E-6;9.175283896E-2;4.876226031E-7;3.514290090E-2
2.688125000E2;1.842667816E-8;1.331514715E-3;8.639209397E-7;6.242706546E-2;NaN;2.473474575E-1;NaN;2.232144135E-2;1.693775410E-6;1.223924824E-1;5.660077829E-7;4.089981304E-2
2.691666667E2;1.690412402E-8;1.224715524E-3;1.036721920E-6;7.511122305E-2;NaN;2.479996588E-1;NaN;2.238029813E-2;2.230862802E-6;1.616275592E-1;6.278156119E-7;4.548567707E-2
2.695208333E2;1.511744845E-8;1.098153823E-3;1.346833816E-6;9.783600116E-2;NaN;2.486527188E-1;NaN;2.243923239E-2;2.837211400E-6;2.060992341E-1;6.590582398E-7;4.787496569E-2
2.698750000E2;1.362587367E-8;9.924066568E-4;1.829070698E-6;1.332158202E-1;NaN;2.493066376E-1;NaN;2.249824416E-2;3.425599997E-6;2.494950653E-1;6.556835763E-7;4.775508432E-2
2.702291667E2;1.280583535E-8;9.351307914E-4;2.499286070E-6;1.825073724E-1;NaN;2.499614151E-1;NaN;2.255733341E-2;3.891332316E-6;2.841598826E-1;6.235879389E-7;4.553676250E-2
2.705833333E2;1.282679179E-8;9.391179253E-4;3.326496797E-6;2.435505949E-1;NaN;2.506170513E-1;NaN;2.261650016E-2;4.151436484E-6;3.039488348E-1;5.750703774E-7;4.210397337E-2
2.709375000E2;1.378722128E-8;1.012080330E-3;4.215469397E-6;3.094455054E-1;NaN;2.512735462E-1;NaN;2.267574441E-2;4.180838595E-6;3.069033577E-1;5.231630350E-7;3.840389635E-2
2.712916667E2;1.597983723E-8;1.176102731E-3;5.015087424E-6;3.691062639E-1;NaN;2.519308999E-1;NaN;2.273506615E-2;4.024649232E-6;2.962108366E-1;4.764462489E-7;3.506604771E-2
2.716458333E2;2.002276114E-8;1.477508753E-3;5.561854717E-6;4.104173730E-1;NaN;2.525891123E-1;NaN;2.279446538E-2;3.778068434E-6;2.787891811E-1;4.367652334E-7;3.222954371E-2
2.720000000E2;2.660691323E-8;1.968485869E-3;5.745183513E-6;4.250516570E-1;NaN;2.532481834E-1;NaN;2.285394211E-2;3.543813295E-6;2.621854828E-1;4.006806957E-7;2.964396059E-2
2.723541667E2;3.606764999E-8;2.675382575E-3;5.558268583E-6;4.122945331E-1;NaN;2.539081133E-1;NaN;2.291349633E-2;3.389040411E-6;2.513881460E-1;3.632563010E-7;2.694518712E-2
2.727083333E2;4.832152602E-8;3.593663921E-3;5.099336840E-6;3.792368397E-1;NaN;2.545689018E-1;NaN;2.297312804E-2;3.322820181E-6;2.471175888E-1;3.217447403E-7;2.392810327E-2
2.730625000E2;6.324799492E-8;4.715968398E-3;4.519965369E-6;3.370227605E-1;NaN;2.552305491E-1;NaN;2.303283725E-2;3.302889236E-6;2.462737558E-1;2.773047006E-7;2.067670614E-2
2.734166667E2;8.100993081E-8;6.056032957E-3;3.955697018E-6;2.957147509E-1;NaN;2.558930551E-1;NaN;2.309262396E-2;3.264986185E-6;2.440795066E-1;2.343998975E-7;1.752295663E-2
2.737708333E2;1.018178796E-7;7.631297845E-3;3.483638001E-6;2.611003026E-1;NaN;2.565564199E-1;NaN;2.315248816E-2;3.157901122E-6;2.366861707E-1;1.986644397E-7;1.488999296E-2
2.741250000E2;1.251795344E-7;9.406555475E-3;3.126600104E-6;2.349468504E-1;NaN;2.572206433E-1;NaN;2.321242985E-2;2.966488545E-6;2.229153448E-1;1.745397196E-7;1.311570268E-2
2.744791667E2;1.490338009E-7;1.122802965E-2;2.890515176E-6;2.177679821E-1;NaN;2.578857255E-1;NaN;2.327244903E-2;2.713057307E-6;2.043985169E-1;1.637226759E-7;1.233467205E-2
2.748333333E2;1.693880261E-7;1.279444694E-2;2.801692216E-6;2.116212299E-1;NaN;2.585516664E-1;NaN;2.333254571E-2;2.439939091E-6;1.842968004E-1;1.647221684E-7;1.244201903E-2
2.751875000E2;1.811430255E-7;1.371762805E-2;2.911732040E-6;2.205001103E-1;NaN;2.592184661E-1;NaN;2.339271989E-2;2.185078199E-6;1.654719518E-1;1.733109204E-7;1.312451714E-2
2.755416667E2;1.801863646E-7;1.368032721E-2;3.258466295E-6;2.473932210E-1;NaN;2.598861244E-1;NaN;2.345297156E-2;1.964450398E-6;1.491473802E-1;1.835876850E-7;1.393856637E-2
2.758958333E2;1.656427427E-7;1.260847890E-2;3.811745487E-6;2.901443902E-1;NaN;2.605546415E-1;NaN;2.351330072E-2;1.769346888E-6;1.346800503E-1;1.896543609E-7;1.443620752E-2
2.762500000E2;1.406918420E-7;1.073676602E-2;4.448865580E-6;3.395110059E-1;NaN;2.612240173E-1;NaN;2.357370737E-2;1.577777616E-6;1.204066196E-1;1.878317750E-7;1.433420582E-2
2.766041667E2;1.114127977E-7;8.524178110E-3;4.984904064E-6;3.813943370E-1;NaN;2.618942519E-1;NaN;2.363419153E-2;1.371710875E-6;1.049494139E-1;1.787625696E-7;1.367710007E-2
2.769583333E2;8.463170067E-8;6.491752326E-3;5.241820322E-6;4.020786419E-1;NaN;2.625653451E-1;NaN;2.369475317E-2;1.149437495E-6;8.816865873E-2;1.683355820E-7;1.291233542E-2
2.773125000E2;6.605470328E-8;5.079753499E-3;5.119346731E-6;3.936891422E-1;NaN;2.632372971E-1;NaN;2.375539231E-2;9.268930439E-7;7.128013524E-2;1.666745067E-7;1.281764002E-2
2.776666667E2;5.916994742E-8;4.561930627E-3;4.636702377E-6;3.574840862E-1;NaN;2.639101078E-1;NaN;2.381610894E-2;7.294270231E-7;5.623793196E-2;1.852244820E-7;1.428058118E-2
2.780208333E2;6.475556961E-8;5.005319555E-3;3.927695197E-6;3.035934931E-1;NaN;2.645837772E-1;NaN;2.387690307E-2;5.807749779E-7;4.489134095E-2;2.328029911E-7;1.799464310E-2
2.783750000E2;8.091685505E-8;6.270460769E-3;3.186977984E-6;2.469673396E-1;NaN;2.652583054E-1;NaN;2.393777469E-2;4.953516615E-7;3.838610829E-2;3.119710229E-7;2.417545837E-2
2.787291667E2;1.036287466E-7;8.050911974E-3;2.595155729E-6;2.016175145E-1;NaN;2.659336923E-1;NaN;2.399872381E-2;4.754505975E-7;3.693773236E-2;4.171435140E-7;3.240785806E-2
2.790833333E2;1.276627534E-7;9.943333589E-3;2.264869551E-6;1.764050429E-1;NaN;2.666099379E-1;NaN;2.405975041E-2;5.115040604E-7;3.983977605E-2;5.354796034E-7;4.170717133E-2
2.794375000E2;1.478085896E-7;1.154168049E-2;2.230856901E-6;1.741971670E-1;NaN;2.672870422E-1;NaN;2.412085452E-2;5.836690793E-7;4.557598473E-2;6.504207498E-7;5.078831004E-2
2.797916667E2;1.603358595E-7;1.255163249E-2;2.477419994E-6;1.939408027E-1;NaN;2.679650053E-1;NaN;2.418203612E-2;6.648562646E-7;5.204719344E-2;7.465757511E-7;5.844447079E-2
2.801458333E2;1.641150847E-7;1.288002886E-2;2.974589065E-6;2.334507707E-1;NaN;2.686438271E-1;NaN;2.424329521E-2;7.260819856E-7;5.698413980E-2;8.140943170E-7;6.389149613E-2
2.805000000E2;1.604625358E-7;1.262523243E-2;3.694856124E-6;2.907122036E-1;NaN;2.693235076E-1;NaN;2.430463179E-2;7.438721175E-7;5.852804417E-2;8.509773779E-7;6.695511284E-2
2.808541667E2;1.516523746E-7;1.196219720E-2;4.597476643E-6;3.626446495E-1;NaN;2.700040468E-1;NaN;2.436604587E-2;7.074788130E-7;5.580526581E-2;8.625290489E-7;6.803548313E-2
2.812083333E2;1.393485533E-7;1.101942256E-2;5.592627259E-6;4.422544871E-1;NaN;2.706854447E-1;NaN;2.442753745E-2;6.225876649E-7;4.923306627E-2;8.584511212E-7;6.788470656E-2
2.815625000E2;1.241727252E-7;9.844095948E-3;6.519424107E-6;5.168432626E-1;NaN;2.713677014E-1;NaN;2.448910651E-2;5.093666363E-7;4.038128366E-2;8.491374527E-7;6.731744465E-2
2.819166667E2;1.063827780E-7;8.454984782E-3;7.169600448E-6;5.698183846E-1;NaN;2.720508168E-1;NaN;2.455075308E-2;3.959727483E-7;3.147072886E-2;8.429082676E-7;6.699182623E-2
2.822708333E2;8.679767420E-8;6.915762955E-3;7.358442690E-6;5.862973384E-1;NaN;2.727347910E-1;NaN;2.461247713E-2;3.115009406E-7;2.481940542E-2;8.451168677E-7;6.733622738E-2
2.826250000E2;6.723148235E-8;5.370241762E-3;7.005529427E-6;5.595799078E-1;NaN;2.734196238E-1;NaN;2.467427868E-2;2.823136253E-7;2.255033457E-2;8.585749057E-7;6.858029384E-2
2.829791667E2;5.016889713E-8;4.017385249E-3;6.177125119E-6;4.946469378E-1;NaN;2.741053154E-1;NaN;2.473615773E-2;3.326675081E-7;2.663908550E-2;8.839364593E-7;7.078316439E-2
2.833333333E2;3.781928562E-8;3.036048206E-3;5.064957157E-6;4.066035051E-1;NaN;2.747918657E-1;NaN;2.479811427E-2;4.866803258E-7;3.906961504E-2;9.190959960E-7;7.378298412E-2
2.836875000E2;3.111732817E-8;2.504278934E-3;3.913552232E-6;3.149571955E-1;NaN;2.754792747E-1;NaN;2.486014830E-2;7.663011052E-7;6.167083833E-2;9.579287804E-7;7.709276490E-2
2.840416667E2;2.937330031E-8;2.369828129E-3;2.931644093E-6;2.365240733E-1;NaN;2.761675425E-1;NaN;2.492225983E-2;1.181970317E-6;9.536097327E-2;9.897719013E-7;7.985446879E-2
2.843958333E2;3.077424873E-8;2.489051705E-3;2.228926380E-6;1.802777723E-1;NaN;2.768566689E-1;NaN;2.498444885E-2;1.717968345E-6;1.389509806E-1;1.000968250E-6;8.095930305E-2
2.847500000E2;3.329898652E-8;2.699967155E-3;1.803664913E-6;1.462457730E-1;NaN;2.775466541E-1;NaN;2.504671536E-2;2.320437457E-6;1.881470151E-1;9.786419438E-7;7.935079657E-2
2.851041667E2;3.544275619E-8;2.880942670E-3;1.578940051E-6;1.283431723E-1;NaN;2.782374981E-1;NaN;2.510905937E-2;2.898040757E-6;2.355654631E-1;9.154584287E-7;7.441247615E-2
2.854583333E2;3.649941938E-8;2.974208480E-3;1.457455175E-6;1.187628629E-1;NaN;2.789292007E-1;NaN;2.517148087E-2;3.340661921E-6;2.722187143E-1;8.132673860E-7;6.627028038E-2
2.858125000E2;3.650644446E-8;2.982167098E-3;1.362886284E-6;1.113325248E-1;NaN;2.796217621E-1;NaN;2.523397987E-2;3.552365229E-6;2.901884000E-1;6.836465699E-7;5.584625777E-2
2.861666667E2;3.605900180E-8;2.952920737E-3;1.256027265E-6;1.028577823E-1;NaN;2.803151822E-1;NaN;2.529655636E-2;3.485689195E-6;2.854478326E-1;5.446834422E-7;4.460486846E-2
2.865208333E2;3.601110012E-8;2.956302021E-3;1.130972352E-6;9.284625679E-2;NaN;2.810094610E-1;NaN;2.535921035E-2;3.161504590E-6;2.595411519E-1;4.151948138E-7;3.408508107E-2
2.868750000E2;3.707264643E-8;3.050977431E-3;1.002469624E-6;8.250050891E-2;NaN;2.817045986E-1;NaN;2.542194183E-2;2.664552292E-6;2.192853678E-1;3.089643338E-7;2.542691985E-2
2.872291667E2;3.956137564E-8;3.263836997E-3;8.902932493E-7;7.344972206E-2;NaN;2.824005948E-1;NaN;2.548475080E-2;2.116633161E-6;1.746234935E-1;2.315099667E-7;1.909970981E-2
2.875833333E2;4.354728415E-8;3.601542149E-3;8.068834928E-7;6.673263247E-2;NaN;2.830974498E-1;NaN;2.554763727E-2;1.639419510E-6;1.355868358E-1;1.803811095E-7;1.491827060E-2
2.879375000E2;4.921699633E-8;4.080482924E-3;7.537093515E-7;6.248853786E-2;NaN;2.837951636E-1;NaN;2.561060123E-2;1.321587366E-6;1.095701705E-1;1.481647402E-7;1.228404286E-2
2.882916667E2;5.703074549E-8;4.739944170E-3;7.246023905E-7;6.022321552E-2;NaN;2.844937360E-1;NaN;2.567364269E-2;1.199952346E-6;9.973054148E-2;1.264101153E-7;1.050620826E-2
2.886458333E2;6.745752679E-8;5.620319439E-3;7.092819825E-7;5.909483349E-2;NaN;2.851931672E-1;NaN;2.573676164E-2;1.257111612E-6;1.047380354E-1;1.087559166E-7;9.061153309E-3
2.890000000E2;8.038127865E-8;6.713524774E-3;6.964043514E-7;5.816438783E-2;NaN;2.858934571E-1;NaN;2.579995808E-2;1.433155504E-6;1.196985809E-1;9.221784470E-8;7.702126607E-3
2.893541667E2;9.449222743E-8;7.911440526E-3;6.804309632E-7;5.696964972E-2;NaN;2.865946057E-1;NaN;2.586323202E-2;1.647699023E-6;1.379549745E-1;7.666765625E-8;6.419063442E-3
2.897083333E2;1.071159143E-7;8.990337059E-3;6.688694543E-7;5.613882759E-2;NaN;2.872966130E-1;NaN;2.592658345E-2;1.827374984E-6;1.533732606E-1;6.334566671E-8;5.316659984E-3
2.900625000E2;1.148703441E-7;9.664760439E-3;6.822812589E-7;5.740458924E-2;NaN;2.879994791E-1;NaN;2.599001238E-2;1.931461596E-6;1.625059433E-1;5.348330518E-8;4.499884945E-3
2.904166667E2;1.150112796E-7;9.700262973E-3;7.494380117E-7;6.320898108E-2;NaN;2.887032039E-1;NaN;2.605351880E-2;1.966337998E-6;1.658445654E-1;4.764713107E-8;4.018646719E-3
2.907708333E2;1.067387462E-7;9.024513094E-3;9.070268023E-7;7.668700958E-2;NaN;2.894077874E-1;NaN;2.611710272E-2;1.980906418E-6;1.674810370E-1;4.575096591E-8;3.868137912E-3
2.911250000E2;9.169288554E-8;7.771317330E-3;1.199330966E-6;1.016478156E-1;NaN;2.901132297E-1;NaN;2.618076413E-2;2.042418954E-6;1.731026973E-1;4.740361472E-8;4.017634852E-3
2.914791667E2;7.335713905E-8;6.232430207E-3;1.666073847E-6;1.415498083E-1;NaN;2.908195306E-1;NaN;2.624450303E-2;2.202211374E-6;1.871001087E-1;5.221428911E-8;4.436131464E-3
2.918333333E2;5.571066329E-8;4.744693038E-3;2.317921886E-6;1.974097450E-1;NaN;2.915266903E-1;NaN;2.630831943E-2;2.467726068E-6;2.101680720E-1;5.979005249E-8;5.092121131E-3
2.921875000E2;4.183259225E-8;3.571396285E-3;3.112177217E-6;2.656975710E-1;NaN;2.922347087E-1;NaN;2.637221332E-2;2.794858256E-6;2.386069296E-1;6.936310364E-8;5.921773367E-3
2.925416667E2;3.310774481E-8;2.833381550E-3;3.940966040E-6;3.372703437E-1;NaN;2.929435859E-1;NaN;2.643618470E-2;3.103936470E-6;2.656368285E-1;7.939253976E-8;6.794463311E-3
2.928958333E2;2.929343649E-8;2.513024427E-3;4.643519033E-6;3.983580677E-1;NaN;2.936533217E-1;NaN;2.650023358E-2;3.310109850E-6;2.839676018E-1;8.768452482E-8;7.522277313E-3
2.932500000E2;2.922426966E-8;2.513157508E-3;5.052289201E-6;4.344744518E-1;NaN;2.943639163E-1;NaN;2.656435996E-2;3.352864248E-6;2.883314470E-1;9.226365062E-8;7.934264533E-3
2.936041667E2;3.158466872E-8;2.722706043E-3;5.063858656E-6;4.365218671E-1;NaN;2.950753696E-1;NaN;2.662856382E-2;3.212441988E-6;2.769234431E-1;9.261043321E-8;7.983334837E-3
2.939583333E2;3.530691210E-8;3.050923296E-3;4.695911262E-6;4.057807442E-1;NaN;2.957876817E-1;NaN;2.669284518E-2;2.909470094E-6;2.514116800E-1;9.058687305E-8;7.827747738E-3
2.943125000E2;3.959154505E-8;3.429413601E-3;4.087470156E-6;3.540560422E-1;NaN;2.965008524E-1;NaN;2.675720404E-2;2.492476255E-6;2.158979135E-1;9.056666239E-8;7.844870499E-3
2.946666667E2;4.385219457E-8;3.807617840E-3;3.436305621E-6;2.983690717E-1;NaN;2.972148819E-1;NaN;2.682164039E-2;2.021202904E-6;1.754979041E-1;9.866871347E-8;8.567250906E-3
2.950208333E2;4.771235465E-8;4.152754148E-3;2.913016833E-6;2.535410970E-1;NaN;2.979297701E-1;NaN;2.688615424E-2;1.552271469E-6;1.351055052E-1;1.211568439E-7;1.054516361E-2
2.953750000E2;5.093959636E-8;4.444295922E-3;2.600562400E-6;2.268896830E-1;NaN;2.986455171E-1;NaN;2.695074557E-2;1.130227412E-6;9.860826232E-2;1.623262184E-7;1.416237666E-2
2.957291667E2;5.335240145E-8;4.665973751E-3;2.483656538E-6;2.172100204E-1;NaN;2.993621227E-1;NaN;2.701541441E-2;7.841009209E-7;6.857412628E-2;2.223448406E-7;1.944533257E-2
2.960833333E2;5.484857460E-8;4.808318956E-3;2.482063855E-6;2.175909725E-1;NaN;3.000795871E-1;NaN;2.708016073E-2;5.277087168E-7;4.626176422E-2;2.958039798E-7;2.593175654E-2
2.964375000E2;5.547847384E-8;4.875181507E-3;2.504580502E-6;2.200904910E-1;NaN;3.007979102E-1;NaN;2.714498455E-2;3.618871260E-7;3.180090046E-2;3.717660545E-7;3.266901320E-2
2.967916667E2;5.537507645E-8;4.877729857E-3;2.491575475E-6;2.194711568E-1;NaN;3.015170921E-1;NaN;2.720988587E-2;2.777888606E-7;2.446911329E-2;4.357834269E-7;3.838611102E-2
2.971458333E2;5.463568366E-8;4.824092998E-3;2.421911224E-6;2.138442167E-1;NaN;3.022371326E-1;NaN;2.727486468E-2;2.613375351E-7;2.307496655E-2;4.736791138E-7;4.182380348E-2
2.975000000E2;5.332211292E-8;4.719340256E-3;2.292270370E-6;2.028802544E-1;NaN;3.029580319E-1;NaN;2.733992098E-2;2.988635503E-7;2.645129210E-2;4.760171248E-7;4.213049065E-2
2.978541667E2;5.148519378E-8;4.567617322E-3;2.100630222E-6;1.863618311E-1;NaN;3.036797899E-1;NaN;2.740505478E-2;3.831423784E-7;3.399128246E-2;4.414638673E-7;3.916539609E-2
2.982083333E2;4.910820324E-8;4.367104614E-3;1.849579483E-6;1.644797928E-1;NaN;3.044024067E-1;NaN;2.747026607E-2;5.174234959E-7;4.601354534E-2;3.773510353E-7;3.355715214E-2
2.985625000E2;4.610419906E-8;4.109708314E-3;1.556752332E-6;1.387682279E-1;NaN;3.051258821E-1;NaN;2.753555485E-2;7.144678889E-7;6.368735782E-2;2.970107041E-7;2.647540538E-2
2.989166667E2;4.247121654E-8;3.794853043E-3;1.257368826E-6;1.123473802E-1;NaN;3.058502163E-1;NaN;2.760092113E-2;9.885745556E-7;8.833029675E-2;2.151845028E-7;1.922698787E-2
2.992708333E2;3.841514979E-8;3.440577278E-3;9.979447994E-7;8.937896168E-2;NaN;3.065754092E-1;NaN;2.766636491E-2;1.342411949E-6;1.202304839E-1;1.436803578E-7;1.286844843E-2
2.996250000E2;3.426213600E-8;3.075888077E-3;8.239251602E-7;7.396799712E-2;NaN;3.073014609E-1;NaN;2.773188617E-2;1.754711995E-6;1.575295161E-1;8.894447367E-8;7.985002631E-3
2.999791667E2;3.030363668E-8;2.726948519E-3;7.631990506E-7;6.867837490E-2;NaN;3.080283712E-1;NaN;2.779748493E-2;2.176421857E-6;1.958507628E-1;5.199741520E-8;4.679117423E-3
3.003333333E2;2.681119716E-8;2.418372963E-3;8.145747814E-7;7.347473579E-2;NaN;3.087561403E-1;NaN;2.786316119E-2;2.539652395E-6;2.290769282E-1;3.012092219E-8;2.716910528E-3
3.006875000E2;2.414915017E-8;2.183396454E-3;9.523315051E-7;8.610312233E-2;NaN;3.094847681E-1;NaN;2.792891494E-2;2.777410433E-6;2.511139335E-1;1.914144590E-8;1.730635025E-3
3.010416667E2;2.277342964E-8;2.063866772E-3;1.145266406E-6;1.037910107E-1;NaN;3.102142546E-1;NaN;2.799474618E-2;2.846643451E-6;2.579801515E-1;1.523164063E-8;1.380383959E-3
3.013958333E2;2.307785802E-8;2.096379891E-3;1.375507838E-6;1.249503732E-1;NaN;3.109445999E-1;NaN;2.806065492E-2;2.745533277E-6;2.494027284E-1;1.581872004E-8;1.436963802E-3
3.017500000E2;2.523646434E-8;2.297857365E-3;1.644627610E-6;1.497483805E-1;NaN;3.116758039E-1;NaN;2.812664115E-2;2.518471030E-6;2.293145001E-1;1.992359889E-8;1.814104695E-3
3.021041667E2;2.914691789E-8;2.660149642E-3;1.964810709E-6;1.793222365E-1;NaN;3.124078666E-1;NaN;2.819270488E-2;2.246611884E-6;2.050413640E-1;2.829614085E-8;2.582501836E-3
3.024583333E2;3.448261476E-8;3.154505578E-3;2.340531713E-6;2.141142832E-1;NaN;3.131407880E-1;NaN;2.825884610E-2;2.026868661E-6;1.854200600E-1;4.332779310E-8;3.963671721E-3
3.028125000E2;4.084353746E-8;3.745164920E-3;2.749691567E-6;2.521340961E-1;NaN;3.138745681E-1;NaN;2.832506482E-2;1.945927346E-6;1.784326061E-1;6.836614914E-8;6.268862086E-3
3.031666667E2;4.795215454E-8;4.407283856E-3;3.135568199E-6;2.881901603E-1;NaN;3.146092070E-1;NaN;2.839136102E-2;2.057156829E-6;1.890733413E-1;1.062773833E-7;9.767957251E-3
3.035208333E2;5.565489938E-8;5.127201832E-3;3.420460722E-6;3.151095892E-1;NaN;3.153447046E-1;NaN;2.845773473E-2;2.367444466E-6;2.181005758E-1;1.576239240E-7;1.452108765E-2
3.038750000E2;6.357849896E-8;5.870839588E-3;3.540074347E-6;3.268905205E-1;NaN;3.160810610E-1;NaN;2.852418592E-2;2.838106339E-6;2.620707837E-1;2.192373343E-7;2.024437887E-2
3.042291667E2;7.071389435E-8;6.544951777E-3;3.478641947E-6;3.219670476E-1;NaN;3.168182760E-1;NaN;2.859071461E-2;3.399001573E-6;3.145959021E-1;2.840494724E-7;2.629030851E-2
3.045833333E2;7.541901220E-8;6.996697705E-3;3.283254353E-6;3.045908123E-1;NaN;3.175563498E-1;NaN;2.865732080E-2;3.969272965E-6;3.682334498E-1;3.426700997E-7;3.178985020E-2
3.049375000E2;7.601567060E-8;7.068459957E-3;3.045749785E-6;2.832147665E-1;NaN;3.182952823E-1;NaN;2.872400448E-2;4.475916669E-6;4.162015213E-1;3.863275862E-7;3.592339648E-2
3.052916667E2;7.164491740E-8;6.677521361E-3;2.861946893E-6;2.667420413E-1;NaN;3.190350735E-1;NaN;2.879076565E-2;4.863704109E-6;4.533118225E-1;4.097995584E-7;3.819454895E-2
3.056458333E2;6.280665894E-8;5.867358852E-3;2.792370357E-6;2.608614948E-1;NaN;3.197757235E-1;NaN;2.885760432E-2;5.096282105E-6;4.760914913E-1;4.128189199E-7;3.856528566E-2
3.060000000E2;5.122491295E-8;4.796495949E-3;2.849935262E-6;2.668565382E-1;NaN;3.205172321E-1;NaN;2.892452048E-2;5.153142514E-6;4.825196525E-1;3.993930566E-7;3.739756824E-2
3.063541667E2;3.915635956E-8;3.674936936E-3;3.018339790E-6;2.832798683E-1;NaN;3.212595995E-1;NaN;2.899151414E-2;5.028134157E-6;4.719048487E-1;3.757217919E-7;3.526257053E-2
3.067083333E2;2.858183387E-8;2.688693162E-3;3.278551576E-6;3.084133525E-1;NaN;3.220028257E-1;NaN;2.905858529E-2;4.731435059E-6;4.450861042E-1;3.480758995E-7;3.274350047E-2
3.070625000E2;2.068835115E-8;1.950650404E-3;3.617676685E-6;3.411012524E-1;NaN;3.227469105E-1;NaN;2.912573393E-2;4.292072402E-6;4.046882569E-1;3.217374241E-7;3.033577841E-2
3.074166667E2;1.584990430E-8;1.497895315E-3;4.013527131E-6;3.792984094E-1;NaN;3.234918541E-1;NaN;2.919296007E-2;3.756430254E-6;3.550014673E-1;3.012609203E-7;2.847066536E-2
3.077708333E2;1.404053034E-8;1.329959553E-3;4.411461119E-6;4.178663280E-1;NaN;3.242376564E-1;NaN;2.926026370E-2;3.180710780E-6;3.012861042E-1;2.913893136E-7;2.760123669E-2
3.081250000E2;1.530515070E-8;1.453086552E-3;4.719644836E-6;4.480878741E-1;NaN;3.249843174E-1;NaN;2.932764483E-2;2.619837241E-6;2.487300084E-1;2.974453680E-7;2.823976533E-2
3.084791667E2;1.983733304E-8;1.887708636E-3;4.837018830E-6;4.602877916E-1;NaN;3.257318372E-1;NaN;2.939510345E-2;2.117870074E-6;2.015352377E-1;3.243802097E-7;3.086782492E-2
3.088333333E2;2.760308293E-8;2.632727611E-3;4.702179792E-6;4.484846348E-1;NaN;3.264802156E-1;NaN;2.946263956E-2;1.704041315E-6;1.625280998E-1;3.746423018E-7;3.573264387E-2
3.091875000E2;3.785623247E-8;3.618938854E-3;4.329042860E-6;4.138431213E-1;NaN;3.272294528E-1;NaN;2.953025317E-2;1.394979199E-6;1.333557012E-1;4.458341469E-7;4.262036688E-2
3.095416667E2;4.892172721E-8;4.687486337E-3;3.802002979E-6;3.642928824E-1;NaN;3.279795487E-1;NaN;2.959794427E-2;1.199754276E-6;1.149557078E-1;5.293086035E-7;5.071625612E-2
3.098958333E2;5.840851213E-8;5.609286433E-3;3.232775524E-6;3.104609796E-1;NaN;3.287305034E-1;NaN;2.966571287E-2;1.122767419E-6;1.078254491E-1;6.107055921E-7;5.864937262E-2
3.102500000E2;6.388642999E-8;6.149392312E-3;2.709649983E-6;2.608175284E-1;NaN;3.294823168E-1;NaN;2.973355896E-2;1.160936724E-6;1.117460369E-1;6.728429741E-7;6.476454252E-2
3.106041667E2;6.382250282E-8;6.157272663E-3;2.272200698E-6;2.192104450E-1;NaN;3.302349889E-1;NaN;2.980148254E-2;1.296437807E-6;1.250737705E-1;7.003471918E-7;6.756595915E-2
3.109583333E2;5.828236127E-8;5.635617881E-3;1.920645937E-6;1.857170223E-1;NaN;3.309885197E-1;NaN;2.986948362E-2;1.491242813E-6;1.441958507E-1;6.844108431E-7;6.617916470E-2
3.113125000E2;4.893748061E-8;4.742799064E-3;1.640918597E-6;1.590304014E-1;NaN;3.317429092E-1;NaN;2.993756220E-2;1.690674522E-6;1.638525204E-1;6.258275852E-7;6.065237622E-2
3.116666667E2;3.840173826E-8;3.730195515E-3;1.424386475E-6;1.383593629E-1;NaN;3.324981575E-1;NaN;3.000571826E-2;1.837931859E-6;1.785295532E-1;5.350547708E-7;5.197313967E-2
3.120208333E2;2.933832950E-8;2.856291758E-3;1.272306877E-6;1.238679811E-1;NaN;3.332542645E-1;NaN;3.007395182E-2;1.893996703E-6;1.843938378E-1;4.291346926E-7;4.177926645E-2
3.123750000E2;2.377881269E-8;2.320292329E-3;1.187510365E-6;1.158750534E-1;NaN;3.340112302E-1;NaN;3.014226288E-2;1.852020729E-6;1.807167392E-1;3.264663101E-7;3.185597552E-2
3.127291667E2;2.278280996E-8;2.228148144E-3;1.162561674E-6;1.136979873E-1;NaN;3.347690546E-1;NaN;3.021065143E-2;1.737036112E-6;1.698813183E-1;2.414425559E-7;2.361296890E-2
3.130833333E2;2.636434788E-8;2.584264321E-3;1.177015999E-6;1.153724896E-1;NaN;3.355277378E-1;NaN;3.027911747E-2;1.590051730E-6;1.558587367E-1;1.811099190E-7;1.775260681E-2
3.134375000E2;3.356534343E-8;3.297562263E-3;1.207701187E-6;1.186482679E-1;NaN;3.362872797E-1;NaN;3.034766101E-2;1.445514068E-6;1.420117346E-1;1.448152444E-7;1.422709368E-2
3.137916667E2;4.261002276E-8;4.195604842E-3;1.238608503E-6;1.219598465E-1;NaN;3.370476803E-1;NaN;3.041628204E-2;1.315747891E-6;1.295553924E-1;1.263544815E-7;1.244152056E-2
3.141458333E2;5.116113550E-8;5.048969911E-3;1.261903010E-6;1.245341852E-1;NaN;3.378089397E-1;NaN;3.048498057E-2;1.191052638E-6;1.175421318E-1;1.174406225E-7;1.158993372E-2
3.145000000E2;5.679877108E-8;5.617980648E-3;1.276731558E-6;1.262818376E-1;NaN;3.385710577E-1;NaN;3.055375659E-2;1.053297776E-6;1.041819463E-1;1.112824771E-7;1.100697763E-2
3.148541667E2;5.775329788E-8;5.725266126E-3;1.294072813E-6;1.282855094E-1;NaN;3.393340345E-1;NaN;3.062261010E-2;8.922469747E-7;8.845124985E-2;1.049386108E-7;1.040289465E-2
3.152083333E2;5.359178942E-8;5.324681554E-3;1.344859969E-6;1.336203017E-1;NaN;3.400978700E-1;NaN;3.069154111E-2;7.138397579E-7;7.092447243E-2;9.937543816E-8;9.873575191E-3
3.155625000E2;4.538647170E-8;4.519570846E-3;1.480563852E-6;1.474340915E-1;NaN;3.408625643E-1;NaN;3.076054961E-2;5.368423852E-7;5.345859905E-2;9.741389976E-8;9.700446077E-3
3.159166667E2;3.522288107E-8;3.515361185E-3;1.760758747E-6;1.757296044E-1;NaN;3.416281172E-1;NaN;3.082963561E-2;3.821653417E-7;3.814137764E-2;1.011438078E-7;1.009448987E-2
3.162708333E2;2.540113838E-8;2.540805766E-3;2.227122380E-6;2.227729049E-1;NaN;3.423945289E-1;NaN;3.089879910E-2;2.628821785E-7;2.629537877E-2;1.104476872E-7;1.104777731E-2
3.166250000E2;1.780593063E-8;1.785069307E-3;2.872810676E-6;2.880032653E-1;NaN;3.431617993E-1;NaN;3.096804008E-2;1.808742784E-7;1.813289794E-2;1.231522109E-7;1.234618040E-2
3.169791667E2;1.368237434E-8;1.374747399E-3;3.620968490E-6;3.638196773E-1;NaN;3.439299285E-1;NaN;3.103735856E-2;1.304554206E-7;1.310761171E-2;1.364019173E-7;1.370509069E-2
3.173333333E2;1.375070592E-8;1.384702198E-3;4.329173191E-6;4.359496644E-1;NaN;3.446989163E-1;NaN;3.110675454E-2;1.045162042E-7;1.052482821E-2;1.485882621E-7;1.496290404E-2
3.176875000E2;1.851903424E-8;1.869039969E-3;4.828591303E-6;4.873272560E-1;NaN;3.454687629E-1;NaN;3.117622800E-2;9.849981379E-8;9.941127951E-3;1.610186043E-7;1.625085861E-2
3.180416667E2;2.854224614E-8;2.887062518E-3;4.986224891E-6;5.043591495E-1;NaN;3.462394682E-1;NaN;3.124577896E-2;1.111113725E-7;1.123897108E-2;1.785922890E-7;1.806469964E-2
3.183958333E2;4.429499278E-8;4.490445055E-3;4.759195036E-6;4.824677118E-1;NaN;3.470110323E-1;NaN;3.131540742E-2;1.439185188E-7;1.458987033E-2;2.091601600E-7;2.120380087E-2
3.187500000E2;6.555177263E-8;6.660162524E-3;4.211696625E-6;4.279149579E-1;NaN;3.477834550E-1;NaN;3.138511337E-2;2.016338646E-7;2.048631570E-2;2.617901748E-7;2.659829081E-2
3.191041667E2;9.071478390E-8;9.237256863E-3;3.488640765E-6;3.552394600E-1;NaN;3.485567365E-1;NaN;3.145489681E-2;2.927024949E-7;2.980515428E-2;3.442003272E-7;3.504904821E-2
3.194583333E2;1.168536268E-7;1.192533641E-2;2.761251979E-6;2.817957787E-1;NaN;3.493308767E-1;NaN;3.152475775E-2;4.277321823E-7;4.365162047E-2;4.596431927E-7;4.690825482E-2
3.198125000E2;1.407319104E-7;1.439406475E-2;2.168751869E-6;2.218200174E-1;NaN;3.501058756E-1;NaN;3.159469618E-2;6.140841783E-7;6.280855135E-2;6.042399524E-7;6.180168357E-2
3.201666667E2;1.602577606E-7;1.642749330E-2;1.779226398E-6;1.823826167E-1;NaN;3.508817333E-1;NaN;3.166471211E-2;8.478205381E-7;8.690728084E-2;7.667519836E-7;7.859721129E-2
3.205208333E2;1.753815854E-7;1.801758245E-2;1.585158805E-6;1.628490779E-1;NaN;3.516584497E-1;NaN;3.173480553E-2;1.107031028E-6;1.137292879E-1;9.322071035E-7;9.576899597E-2
3.208750000E2;1.877387224E-7;1.932972260E-2;1.530539606E-6;1.575855297E-1;NaN;3.524360248E-1;NaN;3.180497644E-2;1.351674366E-6;1.391694276E-1;1.088279224E-6;1.120500622E-1
3.212291667E2;1.990439577E-7;2.053898324E-2;1.550155264E-6;1.599576966E-1;NaN;3.532144586E-1;NaN;3.187522485E-2;1.532739378E-6;1.581605830E-1;1.231047348E-6;1.270295323E-1
3.215833333E2;2.091498342E-7;2.162940585E-2;1.599391779E-6;1.654024448E-1;NaN;3.539937512E-1;NaN;3.194555075E-2;1.608328691E-6;1.663266630E-1;1.366505654E-6;1.413183305E-1
3.219375000E2;2.155241689E-7;2.233773392E-2;1.663266350E-6;1.723871682E-1;NaN;3.547739025E-1;NaN;3.201595415E-2;1.559322676E-6;1.616140557E-1;1.506071369E-6;1.560948903E-1
3.222916667E2;2.139393731E-7;2.222229310E-2;1.746469655E-6;1.814091535E-1;NaN;3.555549125E-1;NaN;3.208643504E-2;1.396633722E-6;1.450710241E-1;1.657518367E-6;1.721696125E-1
3.226458333E2;2.014037207E-7;2.096619455E-2;1.852307104E-6;1.928257878E-1;NaN;3.563367812E-1;NaN;3.215699342E-2;1.156535901E-6;1.203957733E-1;1.815864203E-6;1.890320696E-1
3.230000000E2;1.781275272E-7;1.858386679E-2;1.964185351E-6;2.049214934E-1;NaN;3.571195087E-1;NaN;3.222762930E-2;8.869531075E-7;9.253493075E-2;1.959677697E-6;2.044512144E-1
3.233541667E2;1.476520293E-7;1.543818864E-2;2.040920041E-6;2.133943484E-1;NaN;3.579030948E-1;NaN;3.229834267E-2;6.317872529E-7;6.605835922E-2;2.055991075E-6;2.149701444E-1
3.237083333E2;1.151244819E-7;1.206355888E-2;2.031674959E-6;2.128932967E-1;NaN;3.586875397E-1;NaN;3.236913354E-2;4.203747468E-7;4.404984436E-2;2.072240422E-6;2.171440333E-1
3.240625000E2;8.513551703E-8;8.940634357E-3;1.903206819E-6;1.998681263E-1;NaN;3.594728434E-1;NaN;3.244000190E-2;2.652866081E-7;2.785947211E-2;1.989762023E-6;2.089578513E-1
3.244166667E2;6.041250539E-8;6.358185030E-3;1.660642206E-6;1.747762380E-1;NaN;3.602590057E-1;NaN;3.251094776E-2;1.670118818E-7;1.757736150E-2;1.812687022E-6;1.907783731E-1
3.247708333E2;4.166917637E-8;4.395101971E-3;1.347345505E-6;1.421127414E-1;NaN;3.610460268E-1;NaN;3.258197111E-2;1.215015961E-7;1.281551380E-2;1.568254962E-6;1.654134081E-1
3.251250000E2;NaN;4.404693026E-3;1.025196192E-6;1.083696610E-1;NaN;3.618339066E-1;NaN;3.265307195E-2;1.269786867E-7;1.342244279E-2;1.298372201E-6;1.372460768E-1
3.254791667E2;NaN;4.414294534E-3;7.481583396E-7;7.925741654E-2;NaN;3.626226451E-1;NaN;3.272425029E-2;1.880591679E-7;1.992236539E-2;1.045904594E-6;1.107996686E-1
3.258333333E2;NaN;4.423906495E-3;5.437927624E-7;5.773304258E-2;NaN;3.634122424E-1;NaN;3.279550612E-2;3.159394030E-7;3.354245268E-2;8.414401375E-7;8.933347893E-2
3.261875000E2;NaN;4.433528910E-3;4.101081586E-7;4.363480480E-2;NaN;3.642026984E-1;NaN;3.286683944E-2;5.238859661E-7;5.574056841E-2;6.958365530E-7;7.403581599E-2
3.265416667E2;NaN;4.443161778E-3;3.260597207E-7;3.476757197E-2;NaN;3.649940131E-1;NaN;3.293825026E-2;8.185932185E-7;8.728615290E-2;6.010208774E-7;6.408653164E-2
3.268958333E2;NaN;4.452805100E-3;2.676279684E-7;2.859896178E-2;NaN;3.657861865E-1;NaN;3.300973858E-2;1.190151479E-6;1.271806414E-1;5.375906963E-7;5.744741804E-2
3.272500000E2;NaN;4.462458875E-3;2.200199140E-7;2.356249639E-2;NaN;3.665792186E-1;NaN;3.308130438E-2;1.605583376E-6;1.719460380E-1;4.849930753E-7;5.193915123E-2
3.276041667E2;NaN;4.472123103E-3;1.803702726E-7;1.935814752E-2;NaN;3.673731095E-1;NaN;3.315294769E-2;2.010665537E-6;2.157936534E-1;4.296306909E-7;4.610989480E-2
3.279583333E2;NaN;4.481797785E-3;1.539523839E-7;1.655860550E-2;NaN;3.681678591E-1;NaN;3.322466848E-2;2.341513813E-6;2.518454248E-1;3.679076905E-7;3.957092547E-2
3.283125000E2;NaN;4.491482921E-3;1.505998729E-7;1.623302441E-2;NaN;3.689634674E-1;NaN;3.329646677E-2;2.542724259E-6;2.740779535E-1;3.042158656E-7;3.279115365E-2
3.286666667E2;NaN;4.501178510E-3;1.826826646E-7;1.973370619E-2;NaN;3.697599345E-1;NaN;3.336834256E-2;2.585756111E-6;2.793179720E-1;2.462553089E-7;2.660093626E-2
3.290208333E2;NaN;4.510884552E-3;2.617917216E-7;2.834018658E-2;NaN;3.705572602E-1;NaN;3.344029584E-2;2.480921540E-6;2.685714388E-1;2.006265798E-7;2.171877196E-2
3.293750000E2;NaN;4.520601048E-3;3.939031193E-7;4.273371852E-2;NaN;3.713554447E-1;NaN;3.351232661E-2;2.278425437E-6;2.471815696E-1;1.704491554E-7;1.849166933E-2
3.297291667E2;NaN;4.530327998E-3;5.768197132E-7;6.271260255E-2;NaN;3.721544880E-1;NaN;3.358443488E-2;2.056806903E-6;2.236187683E-1;1.551953389E-7;1.687304262E-2
3.300833333E2;NaN;4.540065401E-3;8.000659984E-7;8.717119641E-2;NaN;3.729543899E-1;NaN;3.365662064E-2;1.900959503E-6;2.071190559E-1;1.518093395E-7;1.654038764E-2
3.304375000E2;NaN;4.549813257E-3;1.043758859E-6;1.139669249E-1;NaN;3.737551506E-1;NaN;3.372888389E-2;1.875783258E-6;2.048147883E-1;1.562721531E-7;1.706319097E-2
3.307916667E2;NaN;4.559571567E-3;1.278291968E-6;1.398747040E-1;NaN;3.745567700E-1;NaN;3.380122464E-2;2.004323715E-6;2.193193679E-1;1.651099366E-7;1.806684552E-2
3.311458333E2;NaN;4.569340330E-3;1.472589976E-6;1.614806279E-1;NaN;3.753592481E-1;NaN;3.387364288E-2;2.259050986E-6;2.477220257E-1;1.765242096E-7;1.935721463E-2
3.315000000E2;NaN;4.579119547E-3;1.607428107E-6;1.766438914E-1;NaN;3.761625849E-1;NaN;3.394613862E-2;2.571208674E-6;2.825559064E-1;1.907222910E-7;2.095890169E-2
3.318541667E2;NaN;4.588909217E-3;1.682007688E-6;1.852347768E-1;NaN;3.769667805E-1;NaN;3.401871185E-2;2.856038731E-6;3.145275140E-1;2.090822436E-7;2.302563953E-2
3.322083333E2;NaN;4.598709341E-3;1.710403770E-6;1.887642252E-1;NaN;3.777718348E-1;NaN;3.409136258E-2;3.043788925E-6;3.359197801E-1;2.322782050E-7;2.563477476E-2
3.325625000E2;NaN;4.608519918E-3;1.713521612E-6;1.895117486E-1;NaN;3.785777478E-1;NaN;3.416409080E-2;3.102739291E-6;3.431561905E-1;2.583233394E-7;2.856999726E-2
3.329166667E2;NaN;4.618340949E-3;1.709552320E-6;1.894756790E-1;NaN;3.793845196E-1;NaN;3.423689651E-2;3.044304730E-6;3.374109695E-1;2.820040597E-7;3.125549891E-2
3.332708333E2;NaN;4.628172433E-3;1.703334337E-6;1.891884051E-1;NaN;3.801921500E-1;NaN;3.430977972E-2;2.910148044E-6;3.232285378E-1;2.966243246E-7;3.294590011E-2
3.336250000E2;NaN;4.638014370E-3;1.683440821E-6;1.873764590E-1;NaN;3.810006392E-1;NaN;3.438274042E-2;2.750483266E-6;3.061443019E-1;2.974578787E-7;3.310873975E-2
3.339791667E2;NaN;4.647866761E-3;1.633744609E-6;1.822312780E-1;NaN;3.818099871E-1;NaN;3.445577862E-2;2.605639003E-6;2.906384039E-1;2.848791216E-7;3.177601085E-2
3.343333333E2;NaN;4.657729606E-3;1.547600387E-6;1.729888797E-1;NaN;3.826201938E-1;NaN;3.452889431E-2;2.498912911E-6;2.793254310E-1;2.649729168E-7;2.961834878E-2
3.346875000E2;NaN;4.667602904E-3;1.430525349E-6;1.602413308E-1;NaN;3.834312592E-1;NaN;3.460208749E-2;2.441088948E-6;2.734403426E-1;2.469658896E-7;2.766406260E-2
3.350416667E2;NaN;4.677486655E-3;1.295498405E-6;1.454234767E-1;NaN;3.842431832E-1;NaN;3.467535817E-2;2.439426252E-6;2.738327161E-1;2.387367301E-7;2.679889468E-2
3.353958333E2;NaN;4.687380860E-3;1.159923944E-6;1.304802679E-1;NaN;3.850559661E-1;NaN;3.474870634E-2;2.501181009E-6;2.813587647E-1;2.428619184E-7;2.731962585E-2
3.357500000E2;NaN;4.697285518E-3;1.042529192E-6;1.175222960E-1;NaN;3.858696076E-1;NaN;3.482213201E-2;2.626809093E-6;2.961150996E-1;2.553102208E-7;2.878062653E-2
3.361041667E2;NaN;4.707200630E-3;9.587092974E-7;1.083015649E-1;NaN;3.866841079E-1;NaN;3.489563517E-2;2.797599368E-6;3.160336406E-1;2.673776665E-7;3.020458838E-2
3.364583333E2;NaN;4.717126195E-3;9.208298824E-7;1.042418194E-1;NaN;3.874994669E-1;NaN;3.496921582E-2;2.969077199E-6;3.361120390E-1;2.697047030E-7;3.053170785E-2
3.368125000E2;NaN;4.727062214E-3;9.448973272E-7;1.071916664E-1;NaN;3.883156846E-1;NaN;3.504287397E-2;3.079015422E-6;3.492917001E-1;2.563132079E-7;2.907685214E-2
3.371666667E2;NaN;4.737008686E-3;1.053945418E-6;1.198139496E-1;NaN;3.891327610E-1;NaN;3.511660961E-2;3.069343675E-6;3.489271667E-1;2.267944144E-7;2.578229772E-2
3.375208333E2;NaN;4.746965612E-3;1.268643477E-6;1.445242619E-1;NaN;3.899506962E-1;NaN;3.519042275E-2;2.911407216E-6;3.316684211E-1;1.858959691E-7;2.117732697E-2
3.378750000E2;NaN;4.756932991E-3;1.588896891E-6;1.813876994E-1;NaN;3.907694901E-1;NaN;3.526431338E-2;2.620213337E-6;2.991222854E-1;1.410934953E-7;1.610716508E-2
3.382291667E2;NaN;4.766910823E-3;1.978688531E-6;2.263599283E-1;NaN;3.915891427E-1;NaN;3.533828151E-2;2.248316959E-6;2.572051425E-1;9.964125001E-8;1.139885629E-2
3.385833333E2;NaN;4.776899109E-3;2.365949742E-6;2.712293403E-1;NaN;3.924096540E-1;NaN;3.541232713E-2;1.861904769E-6;2.134462931E-1;6.656677959E-8;7.631127318E-3
3.389375000E2;NaN;4.786897849E-3;2.659484203E-6;3.055178988E-1;NaN;3.932310241E-1;NaN;3.548645024E-2;1.512917013E-6;1.738018321E-1;4.428917791E-8;5.087880034E-3
3.392916667E2;NaN;4.796907042E-3;2.778457177E-6;3.198527535E-1;NaN;3.940532528E-1;NaN;3.556065085E-2;1.223090318E-6;1.408007325E-1;3.358857718E-8;3.866677877E-3
3.396458333E2;NaN;4.806926688E-3;2.685531433E-6;3.098010051E-1;NaN;3.948763404E-1;NaN;3.563492895E-2;9.868408629E-7;1.138412634E-1;3.511401962E-8;4.050728446E-3
3.400000000E2;NaN;4.816956788E-3;2.406444179E-6;2.781849470E-1;NaN;3.957002866E-1;NaN;3.570928454E-2;7.871264384E-7;9.099181628E-2;5.055722555E-8;5.844415273E-3
3.403541667E2;NaN;4.826997342E-3;2.018168730E-6;2.337866007E-1;NaN;3.965250916E-1;NaN;3.578371763E-2;6.121427471E-7;7.091120272E-2;8.278790404E-8;9.590230178E-3
3.407083333E2;NaN;4.837048349E-3;1.612153524E-6;1.871422769E-1;NaN;3.973507552E-1;NaN;3.585822822E-2;4.634960894E-7;5.380363110E-2;1.345575294E-7;1.561972979E-2
3.410625000E2;NaN;4.847109809E-3;1.263201049E-6;1.469401300E-1;NaN;3.981772776E-1;NaN;3.593281630E-2;3.541291427E-7;4.119358698E-2;2.060710577E-7;2.397093324E-2
3.414166667E2;NaN;4.857181723E-3;1.019244701E-6;1.188086054E-1;NaN;3.990046588E-1;NaN;3.600748187E-2;3.005930091E-7;3.503872639E-2;2.924657125E-7;3.409136530E-2
3.417708333E2;NaN;4.867264090E-3;9.005757305E-7;1.051938218E-1;NaN;3.998328986E-1;NaN;3.608222493E-2;3.159346685E-7;3.690347640E-2;3.828793756E-7;4.472310706E-2
3.421250000E2;NaN;4.877356911E-3;9.014881103E-7;1.055187467E-1;NaN;4.006619972E-1;NaN;3.615704549E-2;4.062418214E-7;4.755040842E-2;4.624485911E-7;5.412938359E-2
3.424791667E2;NaN;4.887460185E-3;1.001670418E-6;1.174879062E-1;NaN;4.014919545E-1;NaN;3.623194355E-2;5.693157063E-7;6.677616621E-2;5.173085357E-7;6.067614222E-2
3.428333333E2;NaN;4.897573912E-3;1.182390692E-6;1.389719288E-1;NaN;4.023227706E-1;NaN;3.630691910E-2;7.924526972E-7;9.314068563E-2;5.407614085E-7;6.355822692E-2
3.431875000E2;NaN;4.907698093E-3;1.433707984E-6;1.688587717E-1;NaN;4.031544453E-1;NaN;3.638197214E-2;1.049260093E-6;1.235793986E-1;5.375313987E-7;6.330919040E-2
3.435416667E2;NaN;4.917832728E-3;1.751074044E-6;2.066632939E-1;NaN;4.039869788E-1;NaN;3.645710268E-2;1.299315632E-6;1.533463701E-1;5.232971561E-7;6.175998916E-2
3.438958333E2;NaN;4.927977816E-3;2.132476826E-6;2.521959733E-1;NaN;4.048203710E-1;NaN;3.653231071E-2;1.494671868E-6;1.767663883E-1;5.187729731E-7;6.135234544E-2
3.442500000E2;NaN;4.938133358E-3;2.580421255E-6;3.058007233E-1;NaN;4.056546219E-1;NaN;3.660759623E-2;1.592925958E-6;1.887745690E-1;5.405867181E-7;6.406388458E-2
3.446041667E2;NaN;4.948299352E-3;3.103844819E-6;3.685878783E-1;NaN;4.064897316E-1;NaN;3.668295925E-2;1.571539403E-6;1.866234969E-1;5.931937158E-7;7.044295893E-2
3.449583333E2;NaN;4.958475801E-3;3.717043281E-6;4.423142180E-1;NaN;4.073257000E-1;NaN;3.675839977E-2;1.436375734E-6;1.709233284E-1;6.658265854E-7;7.923086796E-2
3.453125000E2;NaN;4.968662703E-3;4.431776073E-6;5.284481816E-1;NaN;4.081625271E-1;NaN;3.683391777E-2;1.220057099E-6;1.454804901E-1;7.360526777E-7;8.776745320E-2
3.456666667E2;NaN;4.978860058E-3;5.237826765E-6;6.258440590E-1;NaN;4.090002129E-1;NaN;3.690951327E-2;9.708718565E-7;1.160050553E-1;7.783527074E-7;9.300181918E-2
3.460208333E2;NaN;4.989067867E-3;6.076985056E-6;7.275999554E-1;NaN;4.098387574E-1;NaN;3.698518627E-2;7.374937647E-7;8.830043605E-2;7.738416033E-7;9.265237793E-2
3.463750000E2;NaN;4.999286129E-3;6.832676118E-6;8.197546945E-1;NaN;4.106781607E-1;NaN;3.706093676E-2;5.563366520E-7;6.674684622E-2;7.169213709E-7;8.601310075E-2
3.467291667E2;NaN;5.009514845E-3;7.358586313E-6;8.846574515E-1;NaN;4.115184227E-1;NaN;3.713676474E-2;4.459057496E-7;5.360728641E-2;6.163241016E-7;7.409517070E-2
3.470833333E2;NaN;5.019754014E-3;7.544754339E-6;9.088927159E-1;NaN;4.123595435E-1;NaN;3.721267022E-2;4.079858943E-7;4.914877157E-2;4.907751805E-7;5.912213528E-2
3.474375000E2;NaN;5.030003637E-3;7.381980617E-6;8.910996710E-1;NaN;4.132015229E-1;NaN;3.728865319E-2;4.321290423E-7;5.216351375E-2;3.618485024E-7;4.367975184E-2
3.477916667E2;NaN;5.040263713E-3;6.973828252E-6;8.435475942E-1;NaN;4.140443611E-1;NaN;3.736471366E-2;5.001897331E-7;6.050247164E-2;2.473158323E-7;2.991508649E-2
3.481458333E2;NaN;5.050534243E-3;6.481480885E-6;7.855912692E-1;NaN;4.148880580E-1;NaN;3.744085162E-2;5.899550265E-7;7.150580651E-2;1.574222553E-7;1.908044651E-2
3.485000000E2;NaN;5.060815226E-3;6.037846072E-6;7.333099906E-1;NaN;4.157326136E-1;NaN;3.751706707E-2;6.786992059E-7;8.242954563E-2;9.473045799E-8;1.150522727E-2
3.488541667E2;NaN;5.071106662E-3;5.688580198E-6;6.922958276E-1;NaN;4.165780280E-1;NaN;3.759336002E-2;7.471936255E-7;9.093288858E-2;5.656700027E-8;6.884160354E-3
3.492083333E2;NaN;5.081408552E-3;5.395737437E-6;6.579910799E-1;NaN;4.174243010E-1;NaN;3.766973047E-2;7.831759056E-7;9.550552930E-2;3.837847413E-8;4.680119063E-3
3.495625000E2;NaN;5.091720896E-3;5.096358141E-6;6.227440881E-1;NaN;4.182714328E-1;NaN;3.774617840E-2;7.826641163E-7;9.563681317E-2;3.650798673E-8;4.461054791E-3
3.499166667E2;NaN;5.102043693E-3;4.768251440E-6;5.838326866E-1;NaN;4.191194233E-1;NaN;3.782270383E-2;7.485214384E-7;9.165021765E-2;4.944931806E-8;6.054657262E-3
3.502708333E2;NaN;5.112376943E-3;4.451170256E-6;5.461125505E-1;NaN;4.199682726E-1;NaN;3.789930676E-2;6.874258863E-7;8.434004598E-2;7.748790303E-8;9.506964219E-3
3.506250000E2;NaN;5.122720647E-3;4.208768809E-6;5.174171595E-1;NaN;4.208179806E-1;NaN;3.797598718E-2;6.072524323E-7;7.465433310E-2;1.211134554E-7;1.488943273E-2
3.509791667E2;NaN;5.133074804E-3;4.066553107E-6;5.009439378E-1;NaN;4.216685473E-1;NaN;3.805274509E-2;5.160366410E-7;6.356868340E-2;1.789422119E-7;2.204324250E-2
3.513333333E2;NaN;5.143439415E-3;3.979287542E-6;4.911837998E-1;NaN;4.225199727E-1;NaN;3.812958050E-2;4.221536266E-7;5.210857980E-2;2.460545619E-7;3.037177219E-2
3.516875000E2;NaN;5.153814479E-3;3.853203725E-6;4.765800258E-1;NaN;4.233722568E-1;NaN;3.820649340E-2;3.342484042E-7;4.134121227E-2;3.137012871E-7;3.879986063E-2
3.520416667E2;NaN;5.164199997E-3;3.603803714E-6;4.466314132E-1;NaN;4.242253997E-1;NaN;3.828348379E-2;2.599224560E-7;3.221305683E-2;3.709703502E-7;4.597559272E-2
3.523958333E2;NaN;5.174595968E-3;3.210240641E-6;3.986567464E-1;NaN;4.250794013E-1;NaN;3.836055168E-2;2.037637374E-7;2.530395621E-2;4.080680654E-7;5.067504448E-2
3.527500000E2;NaN;5.185002393E-3;2.733294411E-6;3.401108276E-1;NaN;4.259342616E-1;NaN;3.843769707E-2;1.663889200E-7;2.070419969E-2;4.198781294E-7;5.224651158E-2
3.531041667E2;NaN;5.195419271E-3;2.287587582E-6;2.852222588E-1;NaN;4.267899807E-1;NaN;3.851491994E-2;1.456489822E-7;1.815988687E-2;4.081079266E-7;5.088393799E-2
3.534583333E2;NaN;5.205846603E-3;1.986528841E-6;2.481825973E-1;NaN;4.276465584E-1;NaN;3.859222032E-2;1.395012034E-7;1.742827502E-2;3.810127913E-7;4.760099234E-2
3.538125000E2;NaN;5.216284388E-3;1.890617647E-6;2.366737281E-1;NaN;4.285039949E-1;NaN;3.866959818E-2;1.488475696E-7;1.863322774E-2;3.507308303E-7;4.390563755E-2
3.541666667E2;NaN;5.226732626E-3;1.985072245E-6;2.489956072E-1;NaN;4.293622901E-1;NaN;3.874705354E-2;1.788052003E-7;2.242825647E-2;3.291242901E-7;4.128338534E-2
3.545208333E2;NaN;5.237191318E-3;2.195902469E-6;2.759920486E-1;NaN;4.302214441E-1;NaN;3.882458640E-2;2.375673837E-7;2.985866167E-2;3.236119272E-7;4.067317196E-2
3.548750000E2;NaN;5.247660464E-3;2.431222776E-6;3.061791173E-1;NaN;4.310814567E-1;NaN;3.890219674E-2;3.333869080E-7;4.198550221E-2;3.345147127E-7;4.212753372E-2
3.552291667E2;NaN;5.258140063E-3;2.624020416E-6;3.311192607E-1;NaN;4.319423281E-1;NaN;3.897988459E-2;4.709584448E-7;5.942919161E-2;3.549680660E-7;4.479262542E-2
3.555833333E2;NaN;5.268630115E-3;2.754290874E-6;3.482511801E-1;NaN;4.328040583E-1;NaN;3.905764992E-2;6.487032234E-7;8.202171572E-2;3.735003201E-7;4.722519631E-2
3.559375000E2;NaN;5.279130621E-3;2.840785669E-6;3.599034087E-1;NaN;4.336666471E-1;NaN;3.913549275E-2;8.576455793E-7;1.086564083E-1;3.783300290E-7;4.793120034E-2
3.562916667E2;NaN;5.289641580E-3;2.910945101E-6;3.695262922E-1;NaN;4.345300947E-1;NaN;3.921341308E-2;1.081586342E-6;1.373006280E-1;3.617628034E-7;4.592352751E-2
3.566458333E2;NaN;5.300162993E-3;2.973503693E-6;3.782185204E-1;NaN;4.353944010E-1;NaN;3.929141090E-2;1.298225868E-6;1.651294627E-1;3.229680568E-7;4.108032584E-2
3.570000000E2;NaN;5.310694859E-3;3.016030966E-6;3.843901306E-1;NaN;4.362595660E-1;NaN;3.936948621E-2;1.481378023E-6;1.888001477E-1;2.680120186E-7;3.415786376E-2
3.573541667E2;NaN;5.321237179E-3;3.024937609E-6;3.862905838E-1;NaN;4.371255897E-1;NaN;3.944763902E-2;1.605087473E-6;2.049728812E-1;2.073567263E-7;2.647986875E-2
3.577083333E2;NaN;5.331789952E-3;3.006453747E-6;3.846915460E-1;NaN;4.379924722E-1;NaN;3.952586932E-2;1.650111439E-6;2.111404245E-1;1.522147944E-7;1.947668233E-2
3.580625000E2;NaN;5.342353179E-3;2.991458456E-6;3.835311610E-1;NaN;4.388602134E-1;NaN;3.960417711E-2;1.611700703E-6;2.066341388E-1;1.115609909E-7;1.430309563E-2
3.584166667E2;NaN;5.352926859E-3;3.028801225E-6;3.890873984E-1;NaN;4.397288133E-1;NaN;3.968256240E-2;1.505580186E-6;1.934106051E-1;9.089770130E-8;1.167694658E-2
3.587708333E2;NaN;5.363510992E-3;3.178663244E-6;4.091464419E-1;NaN;4.405982719E-1;NaN;3.976102519E-2;1.368206782E-6;1.761108031E-1;9.267189484E-8;1.192840296E-2
3.591250000E2;NaN;5.374105579E-3;3.503922572E-6;4.519035769E-1;NaN;4.414685893E-1;NaN;3.983956546E-2;1.248940975E-6;1.610768737E-1;1.173664124E-7;1.513683607E-2
3.594791667E2;NaN;5.384710620E-3;4.050916887E-6;5.234808337E-1;NaN;4.423397654E-1;NaN;3.991818324E-2;1.195501861E-6;1.544890523E-1;1.642374393E-7;2.122362764E-2
3.598333333E2;NaN;5.395326114E-3;4.819689670E-6;6.240535523E-1;NaN;4.432118002E-1;NaN;3.999687850E-2;1.238091850E-6;1.603081671E-1;2.311878859E-7;2.993421389E-2
3.601875000E2;NaN;5.405952061E-3;5.734519439E-6;7.439680810E-1;NaN;4.440846937E-1;NaN;4.007565126E-2;1.379157911E-6;1.789251001E-1;3.139787376E-7;4.073404256E-2
3.605416667E2;NaN;5.416588462E-3;6.630020656E-6;8.618383303E-1;NaN;4.449584460E-1;NaN;4.015450151E-2;1.593488256E-6;2.071380060E-1;4.054592040E-7;5.270576089E-2
3.608958333E2;NaN;5.427235316E-3;7.277273155E-6;9.478342822E-1;NaN;4.458330570E-1;NaN;4.023342926E-2;1.838370323E-6;2.394400180E-1;4.955519789E-7;6.454356518E-2
3.612500000E2;NaN;5.437892624E-3;7.460573838E-6;9.736165430E-1;NaN;4.467085267E-1;NaN;4.031243450E-2;2.068864065E-6;2.699899931E-1;5.723050746E-7;7.468670646E-2
3.616041667E2;NaN;5.448560386E-3;7.074145726E-6;9.249981286E-1;NaN;4.475848551E-1;NaN;4.039151724E-2;2.250939676E-6;2.943274098E-1;6.239287579E-7;8.158341032E-2
3.619583333E2;NaN;5.459238600E-3;6.176241684E-6;8.091731093E-1;NaN;4.484620423E-1;NaN;4.047067747E-2;2.367177010E-6;3.101329383E-1;6.414060875E-7;8.403307136E-2
3.623125000E2;NaN;5.469927269E-3;4.963890564E-6;6.516116400E-1;NaN;4.493400881E-1;NaN;4.054991520E-2;2.413969373E-6;3.168825989E-1;6.209770944E-7;8.151587907E-2
3.626666667E2;NaN;5.480626390E-3;3.689943093E-6;4.853275551E-1;NaN;4.502189927E-1;NaN;4.062923041E-2;2.393920610E-6;3.148654621E-1;5.655842476E-7;7.438966218E-2
3.630208333E2;NaN;5.491335965E-3;2.572497322E-6;3.390143097E-1;NaN;4.510987561E-1;NaN;4.070862313E-2;2.309225231E-6;3.043192275E-1;4.845852088E-7;6.386063793E-2
3.633750000E2;NaN;5.502055994E-3;1.737080386E-6;2.293665098E-1;NaN;4.519793781E-1;NaN;4.078809333E-2;2.160145071E-6;2.852285591E-1;3.917287289E-7;5.172440611E-2
3.637291667E2;NaN;5.512786476E-3;1.206819997E-6;1.596609662E-1;NaN;4.528608589E-1;NaN;4.086764104E-2;1.948945307E-6;2.578433333E-1;3.020875715E-7;3.996585544E-2
3.640833333E2;NaN;5.523527412E-3;9.327848434E-7;1.236468560E-1;NaN;4.537431984E-1;NaN;4.094726623E-2;1.685888652E-6;2.234757918E-1;2.289366168E-7;3.034707640E-2
3.644375000E2;NaN;5.534278801E-3;8.394897702E-7;1.114965748E-1;NaN;4.546263967E-1;NaN;4.102696892E-2;1.392502877E-6;1.849448399E-1;1.813316449E-7;2.408350646E-2
3.647916667E2;NaN;5.545040643E-3;8.573094445E-7;1.140847055E-1;NaN;4.555104536E-1;NaN;4.110674910E-2;1.099032200E-6;1.462514681E-1;1.628204260E-7;2.166699605E-2
3.651458333E2;NaN;5.555812939E-3;9.319439420E-7;1.242574647E-1;NaN;4.563953693E-1;NaN;4.118660678E-2;8.365707173E-7;1.115412115E-1;1.713739192E-7;2.284953821E-2
3.655000000E2;NaN;5.566595688E-3;1.025480586E-6;1.369942079E-1;NaN;4.572811437E-1;NaN;4.126654195E-2;6.275911875E-7;8.384006364E-2;2.003950466E-7;2.677082438E-2
3.658541667E2;NaN;5.577388891E-3;1.121768136E-6;1.501478475E-1;NaN;4.581677768E-1;NaN;4.134655462E-2;4.796257238E-7;6.419755361E-2;2.406581776E-7;3.221192169E-2
3.662083333E2;NaN;5.588192548E-3;1.229135397E-6;1.648375577E-1;NaN;4.590552687E-1;NaN;4.142664478E-2;3.851631860E-7;5.165367384E-2;2.828955835E-7;3.793871464E-2
3.665625000E2;NaN;5.599006658E-3;1.369408343E-6;1.840047511E-1;NaN;4.599436193E-1;NaN;4.150681243E-2;3.272697472E-7;4.397460312E-2;3.204810860E-7;4.306242385E-2
3.669166667E2;NaN;5.609831221E-3;1.557860274E-6;2.097313641E-1;NaN;4.608328286E-1;NaN;4.158705758E-2;2.876143401E-7;3.872089745E-2;3.511831810E-7;4.727903320E-2
3.672708333E2;NaN;5.620666238E-3;1.789193584E-6;2.413405027E-1;NaN;4.617228966E-1;NaN;4.166738022E-2;2.529334643E-7;3.411765499E-2;3.769628463E-7;5.084771353E-2
3.676250000E2;NaN;5.631511708E-3;2.033290903E-6;2.747954849E-1;NaN;4.626138233E-1;NaN;4.174778036E-2;2.176144602E-7;2.941018966E-2;4.015726378E-7;5.427179533E-2
3.679791667E2;NaN;5.642367631E-3;2.241265661E-6;3.034867958E-1;NaN;4.635056088E-1;NaN;4.182825799E-2;1.824582998E-7;2.470643518E-2;4.270722804E-7;5.782928824E-2
3.683333333E2;NaN;5.653234009E-3;2.364211952E-6;3.207513221E-1;NaN;4.643982530E-1;NaN;4.190881311E-2;1.515396954E-7;2.055930629E-2;4.511840381E-7;6.121188780E-2
3.686875000E2;NaN;5.664110839E-3;2.377780503E-6;3.232128276E-1;NaN;4.652917559E-1;NaN;4.198944573E-2;1.294261812E-7;1.759296198E-2;4.671357852E-7;6.349798808E-2
3.690416667E2;NaN;5.674998123E-3;2.292995410E-6;3.122870616E-1;NaN;4.661861176E-1;NaN;4.207015584E-2;1.200750794E-7;1.635323540E-2;4.663594717E-7;6.351431339E-2
3.693958333E2;NaN;5.685895861E-3;2.145940644E-6;2.928206432E-1;NaN;4.670813380E-1;NaN;4.215094345E-2;1.269783622E-7;1.732661423E-2;4.427911737E-7;6.042030875E-2
3.697500000E2;NaN;5.696804052E-3;1.977811177E-6;2.703965787E-1;NaN;4.679774171E-1;NaN;4.223180855E-2;1.535387561E-7;2.099106063E-2;3.965417619E-7;5.421323177E-2
3.701041667E2;NaN;5.707722696E-3;1.817140679E-6;2.489066499E-1;NaN;4.688743549E-1;NaN;4.231275114E-2;2.028602869E-7;2.778721263E-2;3.350150888E-7;4.588939337E-2
3.704583333E2;NaN;5.718651794E-3;1.671295239E-6;2.293675170E-1;NaN;4.697721514E-1;NaN;4.239377123E-2;2.765815627E-7;3.795788128E-2;2.709584761E-7;3.718617238E-2
3.708125000E2;NaN;5.729591345E-3;1.531458997E-6;2.105785375E-1;NaN;4.706708067E-1;NaN;4.247486882E-2;3.727345509E-7;5.125171272E-2;2.184443638E-7;3.003651729E-2
3.711666667E2;NaN;5.740541350E-3;1.387422669E-6;1.911378600E-1;NaN;4.715703207E-1;NaN;4.255604389E-2;4.836703703E-7;6.663270077E-2;1.885532962E-7;2.597598724E-2
3.715208333E2;NaN;5.751501809E-3;1.240183578E-6;1.711797235E-1;NaN;4.724706934E-1;NaN;4.263729646E-2;5.960297863E-7;8.226863818E-2;1.862346147E-7;2.570554104E-2
3.718750000E2;NaN;5.762472720E-3;1.103723634E-6;1.526350622E-1;NaN;4.733719249E-1;NaN;4.271862653E-2;6.943174831E-7;9.601786990E-2;2.090847698E-7;2.891454517E-2
3.722291667E2;NaN;5.773454086E-3;1.000052260E-6;1.385617933E-1;NaN;4.742740151E-1;NaN;4.280003409E-2;7.673462136E-7;1.063193113E-1;2.481824239E-7;3.438680468E-2
3.725833333E2;NaN;5.784445904E-3;9.571401577E-7;1.328686081E-1;NaN;4.751769639E-1;NaN;4.288151914E-2;8.140768526E-7;1.130087975E-1;2.907153182E-7;4.035661797E-2
3.729375000E2;NaN;5.795448177E-3;1.008153271E-6;1.402163552E-1;NaN;4.760807716E-1;NaN;4.296308169E-2;8.445812162E-7;1.174663647E-1;3.237906532E-7;4.503357431E-2
3.732916667E2;NaN;5.806460902E-3;1.182336539E-6;1.647546576E-1;NaN;4.769854379E-1;NaN;4.304472173E-2;8.742676908E-7;1.218262900E-1;3.384122934E-7;4.715662563E-2
3.736458333E2;NaN;5.817484081E-3;1.485987504E-6;2.074605117E-1;NaN;4.778909630E-1;NaN;4.312643927E-2;9.137592590E-7;1.275710347E-1;3.324219743E-7;4.640983365E-2
3.740000000E2;NaN;5.828517714E-3;1.885401003E-6;2.637223507E-1;NaN;4.787973468E-1;NaN;4.320823430E-2;9.602708277E-7;1.343188423E-1;3.115216504E-7;4.357440237E-2
3.743541667E2;NaN;5.839561800E-3;2.305718178E-6;3.231257482E-1;NaN;4.797045893E-1;NaN;4.329010682E-2;9.964772640E-7;1.396473622E-1;2.879357847E-7;4.035162092E-2
3.747083333E2;NaN;5.850616339E-3;2.651662675E-6;3.723102380E-1;NaN;4.806126905E-1;NaN;4.337205684E-2;9.986715192E-7;1.402198080E-1;2.767743516E-7;3.886087235E-2
3.750625000E2;NaN;5.861681332E-3;2.844639852E-6;4.001608327E-1;NaN;4.815216505E-1;NaN;4.345408435E-2;9.498522895E-7;1.336175062E-1;2.909013090E-7;4.092163372E-2
3.754166667E2;NaN;5.872756779E-3;2.858870709E-6;4.029225869E-1;NaN;4.824314692E-1;NaN;4.353618936E-2;8.497658562E-7;1.197640229E-1;3.358882226E-7;4.733930469E-2
3.757708333E2;NaN;5.883842679E-3;2.733622172E-6;3.859976175E-1;NaN;4.833421466E-1;NaN;4.361837186E-2;7.159084308E-7;1.010889330E-1;4.069448230E-7;5.746212251E-2
3.761250000E2;NaN;5.894939032E-3;2.548905212E-6;3.605936601E-1;NaN;4.842536828E-1;NaN;4.370063185E-2;5.755087915E-7;8.141723773E-2;4.894303603E-7;6.923972072E-2
3.764791667E2;NaN;5.906045839E-3;2.379937944E-6;3.373242242E-1;NaN;4.851660776E-1;NaN;4.378296934E-2;4.536316933E-7;6.429619705E-2;5.634995164E-7;7.986848468E-2
3.768333333E2;NaN;5.917163099E-3;2.260962625E-6;3.210642921E-1;NaN;4.860793312E-1;NaN;4.386538433E-2;3.639426740E-7;5.168108296E-2;6.117365567E-7;8.686864717E-2
3.771875000E2;NaN;5.928290813E-3;2.177031632E-6;3.097271833E-1;NaN;4.869934435E-1;NaN;4.394787680E-2;3.061931263E-7;4.356222167E-2;6.269720687E-7;8.919957337E-2
3.775416667E2;NaN;5.939428980E-3;2.081957605E-6;2.967574695E-1;NaN;4.879084146E-1;NaN;4.403044677E-2;2.703767824E-7;3.853888742E-2;6.167990110E-7;8.791711860E-2
3.778958333E2;NaN;5.950577601E-3;1.929301241E-6;2.755143670E-1;NaN;4.888242443E-1;NaN;4.411309424E-2;2.439955722E-7;3.484385133E-2;6.020414807E-7;8.597469069E-2
3.782500000E2;NaN;5.961736675E-3;1.700481258E-6;2.432930613E-1;NaN;4.897409328E-1;NaN;4.419581920E-2;2.182099982E-7;3.121997272E-2;6.088283003E-7;8.710692947E-2
3.786041667E2;NaN;5.972906203E-3;1.415520934E-6;2.029023490E-1;NaN;4.906584800E-1;NaN;4.427862165E-2;1.906748004E-7;2.733153849E-2;6.569672613E-7;9.417041976E-2
3.789583333E2;NaN;5.984086184E-3;1.121659230E-6;1.610808296E-1;NaN;4.915768860E-1;NaN;4.436150160E-2;1.653260937E-7;2.374238417E-2;7.496542985E-7;1.076574178E-1
3.793125000E2;NaN;5.995276618E-3;8.704234578E-7;1.252347625E-1;NaN;4.924961506E-1;NaN;4.444445904E-2;1.503793331E-7;2.163627358E-2;8.696796911E-7;1.251277508E-1
3.796666667E2;NaN;6.006477506E-3;6.995453094E-7;1.008372023E-1;NaN;4.934162740E-1;NaN;4.452749398E-2;1.553846654E-7;2.239819883E-2;9.847665705E-7;1.419509280E-1
3.800208333E2;NaN;6.017688848E-3;6.269819149E-7;9.054611600E-2;NaN;4.943372561E-1;NaN;4.461060641E-2;1.876787108E-7;2.710377750E-2;1.060418608E-6;1.531412374E-1
3.803750000E2;NaN;6.028910643E-3;6.552604800E-7;9.480645469E-2;NaN;4.952590970E-1;NaN;4.469379633E-2;2.489651482E-7;3.602155748E-2;1.074497766E-6;1.554638604E-1
3.807291667E2;NaN;6.040142891E-3;7.794781414E-7;1.129890189E-1;NaN;4.961817965E-1;NaN;4.477706375E-2;3.331313254E-7;4.828895079E-2;1.026143610E-6;1.487443375E-1
3.810833333E2;NaN;6.051385593E-3;9.924274257E-7;1.441247836E-1;NaN;4.971053548E-1;NaN;4.486040866E-2;4.263666637E-7;6.191888852E-2;9.343475661E-7;1.356901646E-1
3.814375000E2;NaN;6.062638748E-3;1.282781222E-6;1.866376977E-1;NaN;4.980297718E-1;NaN;4.494383107E-2;5.101845584E-7;7.422908111E-2;8.273523591E-7;1.203752728E-1
3.817916667E2;NaN;6.073902357E-3;1.628103630E-6;2.373203249E-1;NaN;4.989550476E-1;NaN;4.502733097E-2;5.669920833E-7;8.264753113E-2;7.293684843E-7;1.063163072E-1
3.821458333E2;NaN;6.085176419E-3;1.990594523E-6;2.906973430E-1;NaN;4.998811820E-1;NaN;4.511090836E-2;5.866041099E-7;8.566498808E-2;6.521057327E-7;9.523054625E-2
3.825000000E2;NaN;6.096460935E-3;2.323254505E-6;3.399066545E-1;NaN;5.008081752E-1;NaN;4.519456325E-2;5.711143196E-7;8.355759443E-2;5.948764899E-7;8.703414846E-2
3.828541667E2;NaN;6.107755904E-3;2.588732603E-6;3.794494688E-1;NaN;5.017360271E-1;NaN;4.527829563E-2;5.359564047E-7;7.855904965E-2;5.512181571E-7;8.079607631E-2
3.832083333E2;NaN;6.119061327E-3;2.788596823E-6;4.095016140E-1;NaN;5.026647378E-1;NaN;4.536210551E-2;5.065332572E-7;7.438371322E-2;5.161987601E-7;7.580307904E-2
3.835625000E2;NaN;6.130377203E-3;2.986456597E-6;4.393680662E-1;NaN;5.035943071E-1;NaN;4.544599288E-2;5.119457293E-7;7.531755369E-2;4.892833371E-7;7.198345820E-2
3.839166667E2;NaN;6.141703533E-3;3.298854763E-6;4.862248241E-1;NaN;5.045247352E-1;NaN;4.552995775E-2;5.781949813E-7;8.522131870E-2;4.718580093E-7;6.954809899E-2
3.842708333E2;NaN;6.153040316E-3;3.841848695E-6;5.673030275E-1;NaN;5.054560220E-1;NaN;4.561400011E-2;7.227237676E-7;1.067203354E-1;4.628631903E-7;6.834826409E-2
3.846250000E2;NaN;6.164387552E-3;4.655918656E-6;6.887798010E-1;NaN;5.063881675E-1;NaN;4.569811996E-2;9.507156792E-7;1.406454461E-1;4.570302784E-7;6.761140979E-2
3.849791667E2;NaN;6.175745242E-3;5.653570231E-6;8.379097573E-1;NaN;5.073211718E-1;NaN;4.578231731E-2;1.252168929E-6;1.855826532E-1;4.472755259E-7;6.629023998E-2
3.853333333E2;NaN;6.187113386E-3;6.623366513E-6;9.834492348E-1;NaN;5.082550348E-1;NaN;4.586659215E-2;1.599464628E-6;2.374913514E-1;4.289474194E-7;6.369087540E-2
3.856875000E2;NaN;6.198491983E-3;7.296703665E-6;1.085420042E0;NaN;5.091897565E-1;NaN;4.595094448E-2;1.947248410E-6;2.896626406E-1;4.023126592E-7;5.984595832E-2
3.860416667E2;NaN;6.209881033E-3;7.456677421E-6;1.111254978E0;NaN;5.101253369E-1;NaN;4.603537431E-2;2.237820706E-6;3.334983210E-1;3.715870777E-7;5.537694159E-2
3.863958333E2;NaN;6.221280537E-3;7.039770893E-6;1.051050044E0;NaN;5.110617761E-1;NaN;4.611988164E-2;2.413533578E-6;3.603447628E-1;3.418860774E-7;5.104418624E-2
3.867500000E2;NaN;6.232690494E-3;6.170120108E-6;9.228991858E-1;NaN;5.119990739E-1;NaN;4.620446645E-2;2.433569990E-6;3.640026001E-1;3.168686022E-7;4.739579942E-2
3.871041667E2;NaN;6.244110905E-3;5.102330707E-6;7.645823985E-1;NaN;5.129372306E-1;NaN;4.628912877E-2;2.288767021E-6;3.429709046E-1;2.989251414E-7;4.479382359E-2
3.874583333E2;NaN;6.255541769E-3;4.109587712E-6;6.169475816E-1;NaN;5.138762459E-1;NaN;4.637386857E-2;2.007783188E-6;3.014163631E-1;2.913977503E-7;4.374578423E-2
3.878125000E2;NaN;6.266983087E-3;3.381817651E-6;5.086204208E-1;NaN;5.148161199E-1;NaN;4.645868587E-2;1.650855051E-6;2.482861814E-1;3.005079141E-7;4.519595009E-2
3.881666667E2;NaN;6.278434858E-3;2.979933801E-6;4.489966416E-1;NaN;5.157568527E-1;NaN;4.654358067E-2;1.292558901E-6;1.947541940E-1;3.346338051E-7;5.042040016E-2
3.885208333E2;NaN;6.289897083E-3;2.853467189E-6;4.307264148E-1;NaN;5.166984442E-1;NaN;4.662855296E-2;9.998604583E-7;1.509273743E-1;4.002413668E-7;6.041580911E-2
3.888750000E2;NaN;6.301369761E-3;2.899222408E-6;4.384313299E-1;NaN;5.176408944E-1;NaN;4.671360274E-2;8.136661487E-7;1.230456590E-1;4.963293612E-7;7.505679500E-2
3.892291667E2;NaN;6.312852893E-3;3.023177787E-6;4.580094521E-1;NaN;5.185842034E-1;NaN;4.679873001E-2;7.400714772E-7;1.121203434E-1;6.107536870E-7;9.252878304E-2
3.895833333E2;NaN;6.324346478E-3;3.171822680E-6;4.814039379E-1;NaN;5.195283711E-1;NaN;4.688393479E-2;7.531169601E-7;1.143044574E-1;7.211279587E-7;1.094493211E-1
3.899375000E2;NaN;6.335850516E-3;3.322686797E-6;5.052186938E-1;NaN;5.204733975E-1;NaN;4.696921705E-2;8.071496144E-7;1.227281110E-1;8.007247261E-7;1.217511986E-1
3.902916667E2;NaN;6.347365008E-3;3.455994640E-6;5.264433176E-1;NaN;5.214192826E-1;NaN;4.705457681E-2;8.543219111E-7;1.301367936E-1;8.272460278E-7;1.260123897E-1
3.906458333E2;NaN;6.358889954E-3;3.541329615E-6;5.404216564E-1;NaN;5.223660264E-1;NaN;4.714001406E-2;8.614942342E-7;1.314676101E-1;7.908118391E-7;1.206811820E-1
3.910000000E2;NaN;6.370425353E-3;3.547841986E-6;5.423976307E-1;NaN;5.233136290E-1;NaN;4.722552881E-2;8.208333330E-7;1.254898208E-1;6.975715136E-7;1.066454306E-1
3.913541667E2;NaN;6.381971205E-3;3.460714830E-6;5.300364519E-1;NaN;5.242620903E-1;NaN;4.731112105E-2;7.509460638E-7;1.150134601E-1;5.672026815E-7;8.687167581E-2
3.917083333E2;NaN;6.393527511E-3;3.289446981E-6;5.047176738E-1;NaN;5.252114103E-1;NaN;4.739679079E-2;6.891351015E-7;1.057377326E-1;4.255920581E-7;6.530089550E-2
3.920625000E2;NaN;6.405094270E-3;3.070469989E-6;4.719711654E-1;NaN;5.261615891E-1;NaN;4.748253802E-2;6.780421209E-7;1.042238912E-1;2.964151006E-7;4.556285552E-2
3.924166667E2;NaN;6.416671483E-3;2.866290445E-6;4.413824741E-1;NaN;5.271126266E-1;NaN;4.756836274E-2;7.508851059E-7;1.156294284E-1;1.954570998E-7;3.009860303E-2
3.927708333E2;NaN;6.428259149E-3;2.752235318E-6;4.245843908E-1;NaN;5.280645228E-1;NaN;4.765426496E-2;9.195415671E-7;1.418566914E-1;1.292841164E-7;1.994452198E-2
3.931250000E2;NaN;6.439857269E-3;2.789732225E-6;4.311454872E-1;NaN;5.290172777E-1;NaN;4.774024467E-2;1.168881435E-6;1.806474297E-1;9.727756934E-8;1.503398235E-2
3.934791667E2;NaN;6.451465842E-3;2.999301722E-6;4.643694523E-1;NaN;5.299708913E-1;NaN;4.782630187E-2;1.459001081E-6;2.258910892E-1;9.462242368E-8;1.464999761E-2
3.938333333E2;NaN;6.463084869E-3;3.342968492E-6;5.185101065E-1;NaN;5.309253637E-1;NaN;4.791243657E-2;1.734902908E-6;2.690915855E-1;1.143386563E-7;1.773446234E-2
3.941875000E2;NaN;6.474714349E-3;3.722398476E-6;5.784003650E-1;NaN;5.318806948E-1;NaN;4.799864877E-2;1.941207381E-6;3.016321506E-1;1.478889330E-7;2.297954220E-2
3.945416667E2;NaN;6.486354282E-3;4.002410002E-6;6.230276554E-1;NaN;5.328368846E-1;NaN;4.808493846E-2;2.037868205E-6;3.172209367E-1;1.852445266E-7;2.883574222E-2
3.948958333E2;NaN;6.498004669E-3;4.060708693E-6;6.332379554E-1;NaN;5.337939332E-1;NaN;4.817130564E-2;2.011426382E-6;3.136672994E-1;2.157588303E-7;3.364601868E-2
3.952500000E2;NaN;6.509665510E-3;3.842673562E-6;6.003123107E-1;NaN;5.347518404E-1;NaN;4.825775032E-2;1.876952749E-6;2.932223681E-1;2.304652514E-7;3.600387214E-2
3.956041667E2;NaN;6.521336804E-3;3.388784320E-6;5.303537490E-1;NaN;5.357106064E-1;NaN;4.834427249E-2;1.669862677E-6;2.613379453E-1;2.248271382E-7;3.518604442E-2
3.959583333E2;NaN;6.533018551E-3;2.820148666E-6;4.421513731E-1;NaN;5.366702311E-1;NaN;4.843087215E-2;1.432354953E-6;2.245689091E-1;2.001584796E-7;3.138144725E-2
3.963125000E2;NaN;6.544710752E-3;2.292514192E-6;3.600705266E-1;NaN;5.376307146E-1;NaN;4.851754931E-2;1.201714504E-6;1.887456034E-1;1.627138200E-7;2.555641797E-2
3.966666667E2;NaN;6.556413406E-3;1.941733173E-6;3.055209273E-1;NaN;5.385920568E-1;NaN;4.860430396E-2;1.004998965E-6;1.581310038E-1;1.210001939E-7;1.903870828E-2
3.970208333E2;NaN;6.568126514E-3;1.840944546E-6;2.901798821E-1;NaN;5.395542576E-1;NaN;4.869113611E-2;8.595645557E-7;1.354893291E-1;8.276606477E-8;1.304604583E-2
3.973750000E2;NaN;6.579850075E-3;1.981377158E-6;3.128731061E-1;NaN;5.405173173E-1;NaN;4.877804575E-2;7.754736879E-7;1.224526388E-1;5.292168749E-8;8.356699118E-3
3.977291667E2;NaN;6.591584090E-3;2.280797139E-6;3.607958555E-1;NaN;5.414812356E-1;NaN;4.886503289E-2;7.562036594E-7;1.196227150E-1;3.298260060E-8;5.217467786E-3
3.980833333E2;NaN;6.603328558E-3;2.614312197E-6;4.142909435E-1;NaN;5.424460127E-1;NaN;4.895209752E-2;7.970459546E-7;1.263081436E-1;2.194832540E-8;3.478158595E-3
3.984375000E2;NaN;6.615083480E-3;2.856471769E-6;4.534718672E-1;NaN;5.434116485E-1;NaN;4.903923964E-2;8.840033107E-7;1.403376838E-1;1.788123318E-8;2.838689423E-3
3.987916667E2;NaN;6.626848855E-3;2.921298565E-6;4.645881138E-1;NaN;5.443781430E-1;NaN;4.912645926E-2;9.967989551E-7;1.585257159E-1;1.929501756E-8;3.068579131E-3
3.991458333E2;NaN;6.638624684E-3;2.786371291E-6;4.439174191E-1;NaN;5.453454962E-1;NaN;4.921375637E-2;1.116882029E-6;1.779387368E-1;2.596857873E-8;4.137246349E-3
3.995000000E2;NaN;6.650410966E-3;2.493117084E-6;3.979021099E-1;NaN;5.463137082E-1;NaN;4.930113097E-2;1.236295162E-6;1.973130169E-1;3.939354605E-8;6.287219798E-3
3.998541667E2;NaN;6.662207701E-3;2.124319245E-6;3.396432871E-1;NaN;5.472827789E-1;NaN;4.938858307E-2;1.360690853E-6;2.175518181E-1;6.285868442E-8;1.005005733E-2
4.002083333E2;NaN;6.674014890E-3;1.768550063E-6;2.832628451E-1;NaN;5.482527083E-1;NaN;4.947611267E-2;1.502173064E-6;2.405981176E-1;1.009353581E-7;1.616648424E-2
4.005625000E2;NaN;6.685832533E-3;1.488982395E-6;2.389076963E-1;NaN;5.492234964E-1;NaN;4.956371976E-2;1.665121791E-6;2.671693182E-1;1.581659396E-7;2.537777506E-2
4.009166667E2;NaN;6.697660629E-3;1.311464175E-6;2.107971105E-1;NaN;5.501951433E-1;NaN;4.965140434E-2;1.834907703E-6;2.949323733E-1;2.374336877E-7;3.816370758E-2
4.012708333E2;NaN;6.709499178E-3;1.233687522E-6;1.986462449E-1;NaN;5.511676489E-1;NaN;4.973916641E-2;1.979096591E-6;3.186707323E-1;3.388319075E-7;5.455813152E-2
4.016250000E2;NaN;6.721348181E-3;1.242157108E-6;2.003632217E-1;NaN;5.521410132E-1;NaN;4.982700598E-2;2.061934150E-6;3.325954232E-1;4.598139802E-7;7.416920920E-2
4.019791667E2;NaN;6.733207637E-3;1.323179436E-6;2.138089269E-1;NaN;5.531152362E-1;NaN;4.991492305E-2;2.063132718E-6;3.333759432E-1;5.967488073E-7;9.642699897E-2
4.023333333E2;NaN;6.745077547E-3;1.462986822E-6;2.368167654E-1;NaN;5.540903180E-1;NaN;5.000291761E-2;1.988557433E-6;3.218919897E-1;7.470078691E-7;1.209197408E-1
4.026875000E2;NaN;6.756957910E-3;1.640903930E-6;2.660844240E-1;NaN;5.550662585E-1;NaN;5.009098966E-2;1.865500647E-6;3.025044038E-1;9.098060773E-7;1.475316266E-1
4.030416667E2;NaN;6.768848727E-3;1.822561450E-6;2.960615933E-1;NaN;5.560430577E-1;NaN;5.017913921E-2;1.725310455E-6;2.802638904E-1;1.084305797E-6;1.761374366E-1
4.033958333E2;NaN;6.780749997E-3;1.960481042E-6;3.190255478E-1;NaN;5.570207156E-1;NaN;5.026736625E-2;1.585227272E-6;2.579611780E-1;1.265274710E-6;2.058958741E-1
4.037500000E2;NaN;6.792661721E-3;2.006583132E-6;3.271012681E-1;NaN;5.579992323E-1;NaN;5.035567078E-2;1.442094949E-6;2.350817561E-1;1.438821478E-6;2.345481344E-1
4.041041667E2;NaN;6.804583898E-3;1.931565800E-6;3.154250380E-1;NaN;5.589786077E-1;NaN;5.044405281E-2;1.281712946E-6;2.093039516E-1;1.581618594E-6;2.582785972E-1
4.044583333E2;NaN;6.816516529E-3;1.741134719E-6;2.848262103E-1;NaN;5.599588418E-1;NaN;5.053251234E-2;1.095615008E-6;1.792278720E-1;1.665570595E-6;2.724649364E-1
4.048125000E2;NaN;6.828459613E-3;1.477557244E-6;2.421319749E-1;NaN;5.609399346E-1;NaN;5.062104935E-2;8.923681475E-7;1.462351884E-1;1.666958317E-6;2.731697273E-1
4.051666667E2;NaN;6.840413150E-3;1.203893886E-6;1.976312537E-1;NaN;5.619218861E-1;NaN;5.070966386E-2;6.962272838E-7;1.142926902E-1;1.576237440E-6;2.587551819E-1
4.055208333E2;NaN;6.852377141E-3;9.793076941E-7;1.610443556E-1;NaN;5.629046964E-1;NaN;5.079835587E-2;5.356297151E-7;8.808277810E-2;1.403622633E-6;2.308217364E-1
4.058750000E2;NaN;6.864351586E-3;8.384651709E-7;1.381241538E-1;NaN;5.638883654E-1;NaN;5.088712537E-2;4.298405139E-7;7.080956886E-2;1.177301738E-6;1.939422316E-1
4.062291667E2;NaN;6.876336484E-3;7.839222727E-7;1.293645278E-1;NaN;5.648728932E-1;NaN;5.097597236E-2;3.814337344E-7;6.294500953E-2;9.350710497E-7;1.543074218E-1
4.065833333E2;NaN;6.888331835E-3;7.936800744E-7;1.312032586E-1;NaN;5.658582796E-1;NaN;5.106489685E-2;3.775892585E-7;6.241928294E-2;7.136045905E-7;1.179659798E-1
4.069375000E2;NaN;6.900337640E-3;8.390609687E-7;1.389469265E-1;NaN;5.668445248E-1;NaN;5.115389883E-2;3.980530059E-7;6.591683299E-2;5.402846273E-7;8.947012336E-2
4.072916667E2;NaN;6.912353898E-3;9.005946655E-7;1.493964985E-1;NaN;5.678316287E-1;NaN;5.124297831E-2;4.242065412E-7;7.037013914E-2;4.305477944E-7;7.142206744E-2
4.076458333E2;NaN;6.924380610E-3;9.714504356E-7;1.614308980E-1;NaN;5.688195913E-1;NaN;5.133213528E-2;4.441733725E-7;7.381056589E-2;3.906546380E-7;6.491708348E-2
4.080000000E2;NaN;6.936417775E-3;1.050776719E-6;1.749164957E-1;NaN;5.698084127E-1;NaN;5.142136974E-2;4.528441896E-7;7.538225518E-2;4.234203396E-7;7.048424341E-2
4.083541667E2;NaN;6.948465394E-3;1.138072008E-6;1.897770643E-1;NaN;5.707980928E-1;NaN;5.151068170E-2;4.495775729E-7;7.496846540E-2;5.329938666E-7;8.887839309E-2
4.087083333E2;NaN;6.960523466E-3;1.234827519E-6;2.062686780E-1;NaN;5.717886316E-1;NaN;5.160007115E-2;4.361278316E-7;7.285188406E-2;7.252412118E-7;1.211461064E-1
4.090625000E2;NaN;6.972591992E-3;1.350853052E-6;2.260411170E-1;NaN;5.727800291E-1;NaN;5.168953810E-2;4.154374190E-7;6.951602775E-2;1.002393626E-6;1.677326594E-1
4.094166667E2;NaN;6.984670971E-3;1.506612099E-6;2.525413437E-1;NaN;5.737722854E-1;NaN;5.177908254E-2;3.909875115E-7;6.553811136E-2;1.354212500E-6;2.269958171E-1
4.097708333E2;NaN;6.996760403E-3;1.724721139E-6;2.896016103E-1;NaN;5.747654003E-1;NaN;5.186870448E-2;3.667568800E-7;6.158293106E-2;1.750465510E-6;2.939244026E-1
4.101250000E2;NaN;7.008860289E-3;2.012475269E-6;3.385034029E-1;NaN;5.757593740E-1;NaN;5.195840391E-2;3.470338411E-7;5.837196508E-2;2.140153347E-6;3.599791767E-1
4.104791667E2;NaN;7.020970629E-3;2.344779776E-6;3.950793218E-1;NaN;5.767542065E-1;NaN;5.204818083E-2;3.349349831E-7;5.643424910E-2;2.460467158E-6;4.145718528E-1
4.108333333E2;NaN;7.033091422E-3;2.660019218E-6;4.489687577E-1;NaN;5.777498976E-1;NaN;5.213803525E-2;3.299614025E-7;5.569221453E-2;2.653816965E-6;4.479219164E-1
4.111875000E2;NaN;7.045222668E-3;2.876235863E-6;4.863000391E-1;NaN;5.787464475E-1;NaN;5.222796716E-2;3.269003906E-7;5.527073590E-2;2.686573095E-6;4.542327764E-1
4.115416667E2;NaN;7.057364368E-3;2.925312309E-6;4.954500342E-1;NaN;5.797438561E-1;NaN;5.231797656E-2;3.178656037E-7;5.383579856E-2;2.561016314E-6;4.337504807E-1
4.118958333E2;NaN;7.069516521E-3;2.787647058E-6;4.729471195E-1;NaN;5.807421234E-1;NaN;5.240806346E-2;2.964972271E-7;5.030317920E-2;2.314617666E-6;3.926938149E-1
4.122500000E2;NaN;7.081679128E-3;2.504838244E-6;4.256974162E-1;NaN;5.817412495E-1;NaN;5.249822786E-2;2.615866137E-7;4.445666135E-2;2.006887829E-6;3.410707120E-1
4.126041667E2;NaN;7.093852189E-3;2.161156987E-6;3.679201165E-1;NaN;5.827412342E-1;NaN;5.258846974E-2;2.181368617E-7;3.713609888E-2;1.699958046E-6;2.894045949E-1
4.129583333E2;NaN;7.106035702E-3;1.846976158E-6;3.149733128E-1;NaN;5.837420777E-1;NaN;5.267878913E-2;1.758240120E-7;2.998407494E-2;1.441097690E-6;2.457569966E-1
4.133125000E2;NaN;7.118229670E-3;1.626543332E-6;2.778578799E-1;NaN;5.847437800E-1;NaN;5.276918600E-2;1.463318033E-7;2.499745554E-2;1.253244450E-6;2.140882687E-1
4.136666667E2;NaN;7.130434090E-3;1.524794321E-6;2.609229737E-1;NaN;5.857463409E-1;NaN;5.285966037E-2;1.413551452E-7;2.418870815E-2;1.135088803E-6;1.942365221E-1
4.140208333E2;NaN;7.142648964E-3;1.535192656E-6;2.631523631E-1;NaN;5.867497606E-1;NaN;5.295021224E-2;1.723242927E-7;2.953866714E-2;1.068209171E-6;1.831052061E-1
4.143750000E2;NaN;7.154874292E-3;1.637617656E-6;2.811898263E-1;NaN;5.877540390E-1;NaN;5.304084159E-2;2.517442424E-7;4.322615816E-2;1.026892384E-6;1.763242415E-1
4.147291667E2;NaN;7.167110073E-3;1.810277922E-6;3.113683124E-1;NaN;5.887591761E-1;NaN;5.313154845E-2;3.950363943E-7;6.794637109E-2;9.868322525E-7;1.697354254E-1
4.150833333E2;NaN;7.179356308E-3;2.028446214E-6;3.494894642E-1;NaN;5.897651719E-1;NaN;5.322233279E-2;6.217921529E-7;1.071311651E-1;9.309328950E-7;1.603943138E-1
4.154375000E2;NaN;7.191612996E-3;2.255328892E-6;3.892434163E-1;NaN;5.907720265E-1;NaN;5.331319463E-2;9.560285416E-7;1.649993564E-1;8.520478032E-7;1.470534959E-1
4.157916667E2;NaN;7.203880137E-3;2.438855005E-6;4.216358627E-1;NaN;5.917797398E-1;NaN;5.340413397E-2;1.424329594E-6;2.462419603E-1;7.531949438E-7;1.302143831E-1
4.161458333E2;NaN;7.216157732E-3;2.524126553E-6;4.371215591E-1;NaN;5.927883118E-1;NaN;5.349515080E-2;2.049506235E-6;3.549280679E-1;6.456810225E-7;1.118173314E-1
4.165000000E2;NaN;7.228445780E-3;2.478834764E-6;4.300090439E-1;NaN;5.937977426E-1;NaN;5.358624512E-2;2.837664286E-6;4.922560084E-1;5.459171682E-7;9.470147949E-2
4.168541667E2;NaN;7.240744282E-3;2.314569601E-6;4.021967330E-1;NaN;5.948080320E-1;NaN;5.367741694E-2;3.760816304E-6;6.535072569E-1;4.717604627E-7;8.197658727E-2
4.172083333E2;NaN;7.253053238E-3;2.086592522E-6;3.631981231E-1;NaN;5.958191802E-1;NaN;5.376866625E-2;4.743429286E-6;8.256545518E-1;4.392288990E-7;7.645340910E-2
4.175625000E2;NaN;7.265372646E-3;1.868809266E-6;3.258426709E-1;NaN;5.968311871E-1;NaN;5.385999305E-2;5.663933388E-6;9.875545978E-1;4.598580934E-7;8.018014043E-2
4.179166667E2;NaN;7.277702509E-3;1.718937204E-6;3.002198433E-1;NaN;5.978440528E-1;NaN;5.395139735E-2;6.377545745E-6;1.113866045E0;5.384096767E-7;9.403558688E-2
4.182708333E2;NaN;7.290042824E-3;1.653105114E-6;2.892115497E-1;NaN;5.988577772E-1;NaN;5.404287915E-2;6.756531148E-6;1.182058435E0;6.706318697E-7;1.173273742E-1
4.186250000E2;NaN;7.302393594E-3;1.642423139E-6;2.878295481E-1;NaN;5.998723602E-1;NaN;5.413443843E-2;6.733455817E-6;1.180017195E0;8.416107124E-7;1.474896605E-1
4.189791667E2;NaN;7.314754816E-3;1.632558640E-6;2.865851264E-1;NaN;6.008878021E-1;NaN;5.422607521E-2;6.327783782E-6;1.110801579E0;1.026167725E-6;1.801371172E-1
4.193333333E2;NaN;7.327126492E-3;1.574914271E-6;2.769336255E-1;NaN;6.019041026E-1;NaN;5.431778949E-2;5.641076133E-6;9.919293344E-1;1.192629337E-6;2.097124727E-1
4.196875000E2;NaN;7.339508622E-3;1.449583242E-6;2.553261099E-1;NaN;6.029212619E-1;NaN;5.440958126E-2;4.820883036E-6;8.491387565E-1;1.310078195E-6;2.307540260E-1
4.200416667E2;NaN;7.351901205E-3;1.268310494E-6;2.237743643E-1;NaN;6.039392799E-1;NaN;5.450145052E-2;4.009843465E-6;7.074767386E-1;1.357319375E-6;2.394786462E-1
4.203958333E2;NaN;7.364304242E-3;1.061577108E-6;1.876153427E-1;NaN;6.049581566E-1;NaN;5.459339728E-2;3.303771484E-6;5.838843114E-1;1.330273750E-6;2.351028139E-1
4.207500000E2;NaN;7.376717732E-3;8.621502432E-7;1.526269425E-1;NaN;6.059778920E-1;NaN;5.468542153E-2;2.735852893E-6;4.843295765E-1;1.244158460E-6;2.202540720E-1
4.211041667E2;NaN;7.389141675E-3;6.954226656E-7;1.233184106E-1;NaN;6.069984862E-1;NaN;5.477752328E-2;2.289383053E-6;4.059733645E-1;1.128623990E-6;2.001374465E-1
4.214583333E2;NaN;7.401576072E-3;5.777961814E-7;1.026322755E-1;NaN;6.080199391E-1;NaN;5.486970252E-2;1.928280211E-6;3.425148735E-1;1.017496662E-6;1.807350085E-1
4.218125000E2;NaN;7.414020922E-3;5.181044183E-7;9.218413542E-2;NaN;6.090422507E-1;NaN;5.496195926E-2;1.629045480E-6;2.898491962E-1;9.376218312E-7;1.668271005E-1
4.221666667E2;NaN;7.426476226E-3;5.178363171E-7;9.229121939E-2;NaN;6.100654210E-1;NaN;5.505429348E-2;1.399568467E-6;2.494376624E-1;9.017093769E-7;1.607068782E-1
4.225208333E2;NaN;7.438941984E-3;5.688509592E-7;1.015534659E-1;NaN;6.110894501E-1;NaN;5.514670521E-2;1.278030311E-6;2.281588974E-1;9.080605024E-7;1.621104611E-1
4.228750000E2;NaN;7.451418194E-3;6.509356072E-7;1.164024310E-1;NaN;6.121143379E-1;NaN;5.523919442E-2;1.314462085E-6;2.350564026E-1;9.467491548E-7;1.693007756E-1
4.232291667E2;NaN;7.463904859E-3;7.328913841E-7;1.312776503E-1;NaN;6.131400844E-1;NaN;5.533176113E-2;1.543938953E-6;2.765548651E-1;1.008831595E-6;1.807048686E-1
4.235833333E2;NaN;7.476401976E-3;7.805600218E-7;1.400502961E-1;NaN;6.141666896E-1;NaN;5.542440534E-2;1.962501022E-6;3.521175075E-1;1.093577951E-6;1.962128620E-1
4.239375000E2;NaN;7.488909547E-3;7.701280858E-7;1.384097330E-1;NaN;6.151941536E-1;NaN;5.551712704E-2;2.515508927E-6;4.520948206E-1;1.209327631E-6;2.173439945E-1
4.242916667E2;NaN;7.501427572E-3;6.986242189E-7;1.257687201E-1;NaN;6.162224763E-1;NaN;5.560992623E-2;3.104874996E-6;5.589502105E-1;1.366789121E-6;2.460540498E-1
4.246458333E2;NaN;7.513956050E-3;5.841642390E-7;1.053388812E-1;NaN;6.172516577E-1;NaN;5.570280292E-2;3.615310248E-6;6.519275080E-1;1.567697160E-6;2.826935540E-1
4.250000000E2;NaN;7.526494982E-3;4.567852491E-7;8.250683562E-2;NaN;6.182816978E-1;NaN;5.579575710E-2;3.952687301E-6;7.139541437E-1;1.794984805E-6;3.242191303E-1
4.253541667E2;NaN;7.539044367E-3;3.473344053E-7;6.284188266E-2;NaN;6.193125967E-1;NaN;5.588878878E-2;4.072855506E-6;7.368861358E-1;2.010593821E-6;3.637690337E-1
4.257083333E2;NaN;7.551604205E-3;2.805968821E-7;5.085189532E-2;NaN;6.203443542E-1;NaN;5.598189795E-2;3.993005601E-6;7.236427623E-1;2.163789447E-6;3.921383361E-1
4.260625000E2;NaN;7.564174497E-3;2.728502814E-7;4.953030802E-2;NaN;6.213769706E-1;NaN;5.607508461E-2;3.777195820E-6;6.856715391E-1;2.207685280E-6;4.007594618E-1
4.264166667E2;NaN;7.576755243E-3;3.314050670E-7;6.025977227E-2;NaN;6.224104456E-1;NaN;5.616834877E-2;3.506082160E-6;6.375150339E-1;2.117032982E-6;3.849425917E-1
4.267708333E2;NaN;7.589346442E-3;4.526012348E-7;8.243377648E-2;NaN;6.234447793E-1;NaN;5.626169042E-2;3.247205884E-6;5.914244668E-1;1.898945050E-6;3.458612124E-1
4.271250000E2;NaN;7.601948094E-3;6.223706691E-7;1.135426695E-1;NaN;6.244799718E-1;NaN;5.635510957E-2;3.039188272E-6;5.544566392E-1;1.591389585E-6;2.903263773E-1
4.274791667E2;NaN;7.614560200E-3;8.162782439E-7;1.491654112E-1;NaN;6.255160230E-1;NaN;5.644860621E-2;2.892391775E-6;5.285511549E-1;1.250403300E-6;2.284967458E-1
4.278333333E2;NaN;7.627182759E-3;1.003564317E-6;1.836937786E-1;NaN;6.265529330E-1;NaN;5.654218034E-2;2.799283194E-6;5.123846060E-1;9.321693878E-7;1.706255535E-1
4.281875000E2;NaN;7.639815772E-3;1.155718916E-6;2.118947474E-1;NaN;6.275907016E-1;NaN;5.663583197E-2;NaN;5.132332760E-1;6.775331165E-7;1.242219943E-1
4.285416667E2;NaN;7.652459238E-3;1.254788579E-6;2.304393628E-1;NaN;6.286293290E-1;NaN;5.672956109E-2;NaN;5.140826482E-1;5.041780629E-7;9.259127276E-2
4.288958333E2;NaN;7.665113158E-3;1.296295986E-6;2.384557672E-1;NaN;6.296688151E-1;NaN;5.682336771E-2;NaN;5.149327228E-1;4.075441209E-7;7.496840773E-2
4.292500000E2;NaN;7.677777531E-3;1.286534498E-6;2.370511376E-1;NaN;6.307091599E-1;NaN;5.691725182E-2;NaN;5.157834995E-1;3.679192960E-7;6.779117685E-2
4.296041667E2;NaN;7.690452357E-3;NaN;2.374424725E-1;NaN;6.317503635E-1;NaN;5.701121342E-2;NaN;5.166349785E-1;3.596796881E-7;6.638238972E-2
4.299583333E2;NaN;7.703137638E-3;NaN;2.378341301E-1;NaN;6.327924258E-1;NaN;5.710525252E-2;NaN;5.174871598E-1;3.592634128E-7;6.641493204E-2
4.303125000E2;NaN;7.715833371E-3;NaN;2.382261105E-1;NaN;6.338353468E-1;NaN;5.719936911E-2;NaN;5.183400433E-1;3.502253859E-7;6.485083113E-2
4.306666667E2;NaN;7.728539558E-3;NaN;2.386184136E-1;NaN;6.348791265E-1;NaN;5.729356320E-2;NaN;5.191936291E-1;3.252002802E-7;6.031612450E-2
4.310208333E2;NaN;7.741256199E-3;NaN;2.390110395E-1;NaN;6.359237649E-1;NaN;5.738783478E-2;NaN;5.200479171E-1;2.851515651E-7;5.297516085E-2
4.313750000E2;NaN;7.753983293E-3;NaN;2.394039881E-1;NaN;6.369692621E-1;NaN;5.748218386E-2;NaN;5.209029073E-1;2.367280974E-7;4.405140374E-2
4.317291667E2;NaN;7.766720840E-3;NaN;2.397972595E-1;NaN;6.380156180E-1;NaN;5.757661043E-2;NaN;5.217585999E-1;1.886811589E-7;3.516829505E-2
4.320833333E2;NaN;7.779468841E-3;NaN;2.401908536E-1;NaN;6.390628326E-1;NaN;5.767111449E-2;NaN;5.226149946E-1;1.484907700E-7;2.772263383E-2
4.324375000E2;NaN;7.792227295E-3;NaN;2.405847705E-1;NaN;6.401109060E-1;NaN;5.776569605E-2;NaN;5.234720917E-1;1.202204543E-7;2.248148840E-2
4.327916667E2;NaN;7.804996203E-3;NaN;2.409790101E-1;NaN;6.411598381E-1;NaN;5.786035510E-2;NaN;5.243298909E-1;1.040817347E-7;1.949540679E-2
4.331458333E2;NaN;7.817775564E-3;NaN;2.413735725E-1;NaN;6.422096289E-1;NaN;5.795509165E-2;NaN;5.251883924E-1;9.752814495E-8;1.829777343E-2
4.335000000E2;NaN;7.830565379E-3;NaN;2.417684576E-1;NaN;6.432602784E-1;NaN;5.804990569E-2;NaN;5.260475962E-1;9.710551241E-8;1.824828638E-2
4.338541667E2;NaN;7.843365647E-3;NaN;2.421636655E-1;NaN;6.443117866E-1;NaN;5.814479722E-2;NaN;5.269075022E-1;1.000806580E-7;1.883812600E-2
4.342083333E2;NaN;7.856176369E-3;NaN;2.425591961E-1;NaN;6.453641536E-1;NaN;5.823976625E-2;NaN;5.277681105E-1;1.052745828E-7;1.984814104E-2
4.345625000E2;NaN;7.868997544E-3;NaN;2.429550495E-1;NaN;6.464173793E-1;NaN;5.833481277E-2;NaN;5.286294210E-1;1.132342198E-7;2.138366714E-2
4.349166667E2;NaN;7.881829173E-3;NaN;2.433512256E-1;NaN;6.474714637E-1;NaN;5.842993679E-2;NaN;5.294914338E-1;1.262298440E-7;2.387669145E-2
4.352708333E2;NaN;7.894671255E-3;NaN;2.437477245E-1;NaN;6.485264069E-1;NaN;5.852513830E-2;NaN;5.303541488E-1;1.481820873E-7;2.807468175E-2
4.356250000E2;NaN;7.907523790E-3;NaN;2.441445461E-1;NaN;6.495822088E-1;NaN;5.862041730E-2;NaN;5.312175661E-1;1.838863535E-7;3.489595527E-2
4.359791667E2;NaN;7.920386779E-3;NaN;2.445416905E-1;NaN;6.506388693E-1;NaN;5.871577380E-2;NaN;5.320816856E-1;2.369075163E-7;4.503086750E-2
4.363333333E2;NaN;7.933260222E-3;NaN;2.449391576E-1;NaN;6.516963887E-1;NaN;5.881120780E-2;NaN;5.329465074E-1;3.064148606E-7;5.833733797E-2
4.366875000E2;NaN;7.946144118E-3;NaN;2.453369475E-1;NaN;6.527547667E-1;NaN;5.890671928E-2;NaN;5.338120314E-1;3.846295896E-7;7.334731369E-2
4.370416667E2;NaN;7.959038467E-3;NaN;2.457350601E-1;NaN;6.538140035E-1;NaN;5.900230826E-2;NaN;5.346782577E-1;4.569636510E-7;8.728253335E-2
4.373958333E2;NaN;7.971943270E-3;NaN;2.461334955E-1;NaN;6.548740990E-1;NaN;5.909797474E-2;NaN;5.355451862E-1;5.059414533E-7;9.679424733E-2
4.377500000E2;NaN;7.984858526E-3;NaN;2.465322536E-1;NaN;6.559350532E-1;NaN;5.919371871E-2;NaN;5.364128170E-1;5.177647122E-7;9.921669534E-2
4.381041667E2;NaN;7.997784236E-3;NaN;2.469313345E-1;NaN;6.569968661E-1;NaN;5.928954017E-2;NaN;5.372811500E-1;4.882877573E-7;9.371963807E-2
4.384583333E2;NaN;8.010720399E-3;NaN;2.473307381E-1;NaN;6.580595378E-1;NaN;5.938543913E-2;NaN;5.381501853E-1;4.249321153E-7;8.169137624E-2
4.388125000E2;NaN;8.023667016E-3;NaN;2.477304645E-1;NaN;6.591230682E-1;NaN;5.948141558E-2;NaN;5.390199229E-1;3.433539431E-7;6.611500270E-2
4.391666667E2;NaN;8.036624086E-3;NaN;2.481305136E-1;NaN;6.601874573E-1;NaN;5.957746953E-2;NaN;5.398903626E-1;2.609703692E-7;5.033266644E-2
4.395208333E2;NaN;8.049591610E-3;NaN;2.485308855E-1;NaN;6.612527052E-1;NaN;5.967360097E-2;NaN;5.407615047E-1;1.910957999E-7;3.691561200E-2
4.398750000E2;NaN;8.062569587E-3;NaN;2.489315801E-1;NaN;6.623188117E-1;NaN;5.976980990E-2;NaN;5.416333490E-1;1.403943008E-7;2.716489546E-2
4.402291667E2;NaN;8.075558017E-3;NaN;2.493325975E-1;NaN;6.633857770E-1;NaN;5.986609633E-2;NaN;5.425058955E-1;1.088636053E-7;2.109795387E-2
4.405833333E2;NaN;8.088556901E-3;NaN;2.497339376E-1;NaN;6.644536010E-1;NaN;5.996246025E-2;NaN;5.433791443E-1;9.287620387E-8;1.802854112E-2
4.409375000E2;NaN;8.101566239E-3;NaN;2.501356005E-1;NaN;6.655222838E-1;NaN;6.005890167E-2;NaN;5.442530953E-1;8.765227171E-8;1.704186997E-2
4.412916667E2;NaN;8.114586030E-3;NaN;2.505375862E-1;NaN;6.665918252E-1;NaN;6.015542058E-2;NaN;5.451277486E-1;8.877884148E-8;1.728864378E-2
4.416458333E2;NaN;8.127616274E-3;NaN;2.509398945E-1;NaN;6.676622254E-1;NaN;6.025201698E-2;NaN;5.460031041E-1;9.269226863E-8;1.807972359E-2
4.420000000E2;NaN;8.140656972E-3;NaN;2.513425257E-1;NaN;6.687334843E-1;NaN;6.034869088E-2;NaN;5.468791619E-1;9.674367452E-8;1.890023123E-2
4.423541667E2;NaN;8.153708124E-3;NaN;2.517454796E-1;NaN;6.698056020E-1;NaN;6.044544227E-2;NaN;5.477559220E-1;9.924799181E-8;1.942057001E-2
4.427083333E2;NaN;8.166769728E-3;NaN;2.521487562E-1;NaN;6.708785783E-1;NaN;6.054227116E-2;NaN;5.486333842E-1;9.947827694E-8;1.949681399E-2
4.430625000E2;NaN;8.179841787E-3;NaN;2.525523556E-1;NaN;6.719524134E-1;NaN;6.063917754E-2;NaN;5.495115488E-1;NaN;1.952802137E-2
4.434166667E2;NaN;8.192924299E-3;NaN;2.529562777E-1;NaN;6.730271072E-1;NaN;6.073616142E-2;NaN;5.503904156E-1;NaN;1.955925371E-2
4.437708333E2;NaN;8.206017264E-3;NaN;2.533605226E-1;NaN;6.741026598E-1;NaN;6.083322278E-2;NaN;5.512699846E-1;NaN;1.959051100E-2
4.441250000E2;NaN;8.219120682E-3;NaN;2.537650902E-1;NaN;6.751790710E-1;NaN;6.093036165E-2;NaN;5.521502559E-1;NaN;1.962179325E-2
4.444791667E2;NaN;8.232234555E-3;NaN;2.541699806E-1;NaN;6.762563410E-1;NaN;6.102757800E-2;NaN;5.530312295E-1;NaN;1.965310045E-2
4.448333333E2;NaN;8.245358880E-3;NaN;2.545751938E-1;NaN;6.773344697E-1;NaN;6.112487186E-2;NaN;5.539129052E-1;NaN;1.968443261E-2
4.451875000E2;NaN;8.258493659E-3;NaN;2.549807297E-1;NaN;6.784134572E-1;NaN;6.122224320E-2;NaN;5.547952833E-1;NaN;1.971578973E-2
4.455416667E2;NaN;8.271638892E-3;NaN;2.553865883E-1;NaN;6.794933033E-1;NaN;6.131969204E-2;NaN;5.556783636E-1;NaN;1.974717180E-2
4.458958333E2;NaN;8.284794578E-3;NaN;2.557927697E-1;NaN;6.805740082E-1;NaN;6.141721838E-2;NaN;5.565621461E-1;NaN;1.977857883E-2
4.462500000E2;NaN;8.297960717E-3;NaN;2.561992738E-1;NaN;6.816555718E-1;NaN;6.151482220E-2;NaN;5.574466309E-1;NaN;1.981001081E-2
4.466041667E2;NaN;8.311137310E-3;NaN;2.566061007E-1;NaN;6.827379942E-1;NaN;6.161250353E-2;NaN;5.583318180E-1;NaN;1.984146775E-2
4.469583333E2;NaN;8.324324357E-3;NaN;2.570132503E-1;NaN;6.838212752E-1;NaN;6.171026234E-2;NaN;5.592177073E-1;NaN;1.987294964E-2
4.473125000E2;NaN;8.337521857E-3;NaN;2.574207227E-1;NaN;6.849054150E-1;NaN;6.180809865E-2;NaN;5.601042988E-1;NaN;1.990445650E-2
4.476666667E2;NaN;8.350729810E-3;NaN;2.578285179E-1;NaN;6.859904135E-1;NaN;6.190601246E-2;NaN;5.609915926E-1;NaN;1.993598830E-2
4.480208333E2;NaN;8.363948217E-3;NaN;2.582366358E-1;NaN;6.870762707E-1;NaN;6.200400375E-2;NaN;5.618795887E-1;NaN;1.996754507E-2
4.483750000E2;NaN;8.377177077E-3;NaN;2.586450764E-1;NaN;6.881629867E-1;NaN;6.210207255E-2;NaN;5.627682870E-1;NaN;1.999912679E-2
4.487291667E2;NaN;8.390416391E-3;NaN;2.590538398E-1;NaN;6.892505614E-1;NaN;6.220021883E-2;NaN;5.636576875E-1;NaN;2.003073346E-2
4.490833333E2;NaN;8.403666158E-3;NaN;2.594629259E-1;NaN;6.903389948E-1;NaN;6.229844261E-2;NaN;5.645477903E-1;NaN;2.006236509E-2
4.494375000E2;NaN;8.416926379E-3;NaN;2.598723348E-1;NaN;6.914282869E-1;NaN;6.239674389E-2;NaN;5.654385954E-1;NaN;2.009402168E-2
4.497916667E2;NaN;8.430197053E-3;NaN;2.602820665E-1;NaN;6.925184378E-1;NaN;6.249512266E-2;NaN;5.663301027E-1;NaN;2.012570322E-2
4.501458333E2;NaN;8.443478180E-3;NaN;2.606921209E-1;NaN;6.936094473E-1;NaN;6.259357892E-2;NaN;5.672223122E-1;NaN;2.015740972E-2
4.505000000E2;NaN;8.456769761E-3;NaN;2.611024980E-1;NaN;6.947013157E-1;NaN;6.269211268E-2;NaN;5.681152240E-1;NaN;2.018914117E-2
4.508541667E2;NaN;8.470071796E-3;NaN;2.615131979E-1;NaN;6.957940427E-1;NaN;6.279072393E-2;NaN;5.690088381E-1;NaN;2.022089759E-2
4.512083333E2;NaN;8.483384284E-3;NaN;2.619242206E-1;NaN;6.968876284E-1;NaN;6.288941267E-2;NaN;5.699031544E-1;NaN;2.025267895E-2
4.515625000E2;NaN;8.496707225E-3;NaN;2.623355659E-1;NaN;6.979820729E-1;NaN;6.298817891E-2;NaN;5.707981730E-1;NaN;2.028448527E-2
4.519166667E2;NaN;8.510040620E-3;NaN;2.627472341E-1;NaN;6.990773761E-1;NaN;6.308702265E-2;NaN;5.716938938E-1;NaN;2.031631655E-2
4.522708333E2;NaN;8.523384469E-3;NaN;2.631592250E-1;NaN;7.001735380E-1;NaN;6.318594388E-2;NaN;5.725903168E-1;NaN;2.034817279E-2
4.526250000E2;NaN;8.536738771E-3;NaN;2.635715386E-1;NaN;7.012705587E-1;NaN;6.328494260E-2;NaN;5.734874421E-1;NaN;2.038005398E-2
4.529791667E2;NaN;8.550103526E-3;NaN;2.639841750E-1;NaN;7.023684381E-1;NaN;6.338401881E-2;NaN;5.743852697E-1;NaN;2.041196012E-2
4.533333333E2;NaN;8.563478735E-3;NaN;2.643971342E-1;NaN;7.034671762E-1;NaN;6.348317252E-2;NaN;5.752837995E-1;NaN;2.044389123E-2
4.536875000E2;NaN;8.576864397E-3;NaN;2.648104161E-1;NaN;7.045667730E-1;NaN;6.358240373E-2;NaN;5.761830316E-1;NaN;2.047584728E-2
4.540416667E2;NaN;8.590260513E-3;NaN;2.652240207E-1;NaN;7.056672285E-1;NaN;6.368171243E-2;NaN;5.770829659E-1;NaN;2.050782830E-2
4.543958333E2;NaN;8.603667082E-3;NaN;2.656379481E-1;NaN;7.067685428E-1;NaN;6.378109862E-2;NaN;5.779836025E-1;NaN;2.053983427E-2
4.547500000E2;NaN;8.617084105E-3;NaN;2.660521983E-1;NaN;7.078707158E-1;NaN;6.388056230E-2;NaN;5.788849413E-1;NaN;2.057186519E-2
4.551041667E2;NaN;8.630511581E-3;NaN;2.664667712E-1;NaN;7.089737475E-1;NaN;6.398010348E-2;NaN;5.797869823E-1;NaN;2.060392107E-2
4.554583333E2;NaN;8.643949510E-3;NaN;2.668816668E-1;NaN;7.100776380E-1;NaN;6.407972216E-2;NaN;5.806897257E-1;NaN;2.063600191E-2
4.558125000E2;NaN;8.657397893E-3;NaN;2.672968852E-1;NaN;7.111823872E-1;NaN;6.417941833E-2;NaN;5.815931712E-1;NaN;2.066810771E-2
4.561666667E2;NaN;8.670856730E-3;NaN;2.677124264E-1;NaN;7.122879951E-1;NaN;6.427919199E-2;NaN;5.824973190E-1;NaN;2.070023846E-2
4.565208333E2;NaN;8.684326020E-3;NaN;2.681282903E-1;NaN;7.133944617E-1;NaN;6.437904315E-2;NaN;5.834021691E-1;NaN;2.073239416E-2
4.568750000E2;NaN;8.697805763E-3;NaN;2.685444769E-1;NaN;7.145017870E-1;NaN;6.447897180E-2;NaN;5.843077214E-1;NaN;2.076457482E-2
4.572291667E2;NaN;8.711295960E-3;NaN;2.689609863E-1;NaN;7.156099711E-1;NaN;6.457897794E-2;NaN;5.852139760E-1;NaN;2.079678044E-2
4.575833333E2;NaN;8.724796611E-3;NaN;2.693778185E-1;NaN;7.167190139E-1;NaN;6.467906158E-2;NaN;5.861209328E-1;NaN;2.082901101E-2
4.579375000E2;NaN;8.738307714E-3;NaN;2.697949734E-1;NaN;7.178289154E-1;NaN;6.477922272E-2;NaN;5.870285919E-1;NaN;2.086126654E-2
4.582916667E2;NaN;8.751829272E-3;NaN;2.702124510E-1;NaN;7.189396757E-1;NaN;6.487946134E-2;NaN;5.879369532E-1;NaN;2.089354703E-2
4.586458333E2;NaN;8.765361282E-3;NaN;2.706302514E-1;NaN;7.200512946E-1;NaN;6.497977747E-2;NaN;5.888460168E-1;NaN;2.092585247E-2
