"Speed of sound (m/s)";"Crosscorrelation (a.u.)";"Normalized CC (a.u.)";"Crosscorrelation history 1 (a.u.)";"Normalized CC history 1 (a.u.)";"Crosscorrelation history 2 (a.u.)";"Normalized CC history 2 (a.u.)";"Crosscorrelation history 3 (a.u.)";"Normalized CC history 3 (a.u.)";"Crosscorrelation history 4 (a.u.)";"Normalized CC history 4 (a.u.)";"Crosscorrelation history 5 (a.u.)";"Normalized CC history 5 (a.u.)"
1.000000000E3;2.593248858E-5;2.997795680E-2;3.231127026E-5;3.735182842E-2;2.751154395E-5;3.180334481E-2;3.123641695E-5;3.610929799E-2;4.634761014E-6;5.357783733E-3;1.891101135E-6;2.186112912E-3
9.896907216E2;2.706458250E-5;3.194185756E-2;2.868672519E-5;3.385632458E-2;2.923504311E-5;3.450345419E-2;2.995333887E-5;3.535119315E-2;5.870954194E-6;6.928951613E-3;1.706114874E-6;2.013571732E-3
9.795918367E2;2.787053099E-5;3.357474806E-2;2.597670193E-5;3.129331203E-2;3.088967630E-5;3.721181701E-2;2.882994552E-5;3.473052443E-2;7.898665637E-6;9.515272917E-3;1.687368753E-6;2.032719821E-3
9.696969697E2;2.773477202E-5;3.409654369E-2;2.389048314E-5;2.937045603E-2;3.165546445E-5;3.891656026E-2;2.813232725E-5;3.458528971E-2;1.063881311E-5;1.307913242E-2;1.858805903E-6;2.285176768E-3
9.600000000E2;2.651771422E-5;3.326223702E-2;2.215512377E-5;2.779006410E-2;3.119528493E-5;3.912950237E-2;2.808811497E-5;3.523205393E-2;1.413993378E-5;1.773628846E-2;2.204848973E-6;2.765630873E-3
9.504950495E2;2.465083498E-5;3.154203795E-2;2.055123243E-5;2.629638119E-2;2.983030498E-5;3.816944183E-2;2.880672894E-5;3.685972254E-2;1.868240029E-5;2.390511232E-2;2.677753321E-6;3.426326003E-3
9.411764706E2;2.291776971E-5;2.990804756E-2;1.891954030E-5;2.469029571E-2;2.834700800E-5;3.699328836E-2;3.024249120E-5;3.946692356E-2;2.470444655E-5;3.223968875E-2;3.206599909E-6;4.184662984E-3
9.320388350E2;2.204322352E-5;2.933357003E-2;1.715480919E-5;2.282841238E-2;2.754261537E-5;3.665177355E-2;3.220816264E-5;4.286035541E-2;3.247892361E-5;4.322066504E-2;3.708073119E-6;4.934442660E-3
9.230769231E2;2.231382047E-5;3.027303626E-2;1.520488527E-5;2.062838338E-2;2.776811634E-5;3.767284917E-2;3.442583955E-5;4.670534527E-2;4.169204753E-5;5.656336926E-2;4.101786033E-6;5.564870323E-3
9.142857143E2;2.343222770E-5;3.240466567E-2;1.308131222E-5;1.809027953E-2;2.873027233E-5;3.973138540E-2;3.659314068E-5;5.060502590E-2;5.123818562E-5;7.085780728E-2;4.330199091E-6;5.988276301E-3
9.056603774E2;2.467617182E-5;3.477802250E-2;1.087190110E-5;1.532260449E-2;2.966268852E-5;4.180590312E-2;3.844686790E-5;5.418612120E-2;5.947283822E-5;8.381963462E-2;4.377480499E-6;6.169519178E-3
8.971962617E2;2.527005668E-5;3.629018143E-2;8.736876956E-6;1.254697818E-2;2.975986652E-5;4.273797123E-2;3.981545691E-5;5.717874611E-2;6.487804424E-5;9.317098201E-2;4.277331183E-6;6.142650435E-3
8.888888889E2;2.476729351E-5;3.623609836E-2;6.877278374E-6;1.006188809E-2;2.861818076E-5;4.187018709E-2;4.065865092E-5;5.948614747E-2;6.677737157E-5;9.769946819E-2;4.102492975E-6;6.002203628E-3
8.807339450E2;2.324437740E-5;3.464066990E-2;5.482568226E-6;8.170571008E-3;2.643332692E-5;3.939310296E-2;4.109155559E-5;6.123799266E-2;6.563277286E-5;9.781131927E-2;3.937215531E-6;5.867560191E-3
8.727272727E2;2.121481158E-5;3.219881711E-2;4.679266088E-6;7.101964228E-3;2.385653135E-5;3.620829187E-2;4.138360849E-5;6.281004363E-2;6.269360966E-5;9.515333491E-2;3.843355782E-6;5.833259911E-3
8.648648649E2;1.932587276E-5;2.986760790E-2;4.503284206E-6;6.959702604E-3;2.161476726E-5;3.340503177E-2;4.192178453E-5;6.478897169E-2;5.921404446E-5;9.151368658E-2;3.834969763E-6;5.926840906E-3
8.571428571E2;1.801507140E-5;2.834571401E-2;4.905823127E-6;7.719040145E-3;2.012687983E-5;3.166852726E-2;4.313310896E-5;6.786755067E-2;5.577349648E-5;8.775649819E-2;3.872676428E-6;6.093441210E-3
8.495575221E2;1.731565040E-5;2.773390758E-2;5.784071096E-6;9.264156382E-3;1.932977669E-5;3.095986738E-2;4.537502478E-5;7.267568438E-2;5.215102114E-5;8.352857483E-2;3.880464249E-6;6.215211924E-3
8.421052632E2;1.690592968E-5;2.755904277E-2;7.018181217E-6;1.144062232E-2;1.878834591E-5;3.062764595E-2;4.881946624E-5;7.958259520E-2;4.777972024E-5;7.788766301E-2;3.778070244E-6;6.158785789E-3
8.347826087E2;1.635255469E-5;2.712668092E-2;8.499155167E-6;1.409895118E-2;1.799558369E-5;2.985224425E-2;5.336895056E-5;8.853188509E-2;4.238613016E-5;7.031286854E-2;3.515035092E-6;5.830968749E-3
8.275862069E2;1.539235366E-5;2.597983447E-2;1.014055753E-5;1.711564143E-2;1.667727255E-5;2.814857233E-2;5.864085054E-5;9.897638946E-2;3.632909618E-5;6.131771179E-2;3.091515320E-6;5.217984077E-3
8.205128205E2;1.409115796E-5;2.419545396E-2;1.187382616E-5;2.038814801E-2;1.494052407E-5;2.565387197E-2;6.403717496E-5;1.099560819E-1;3.043156449E-5;5.225301708E-2;2.558146697E-6;4.392507755E-3
8.135593220E2;1.280269446E-5;2.236046154E-2;1.363133525E-5;2.380771866E-2;1.321103534E-5;2.307364662E-2;6.888651871E-5;1.203132948E-1;2.548887585E-5;4.451742795E-2;1.997848308E-6;3.489328781E-3
8.067226891E2;1.196801163E-5;2.125843518E-2;1.532442728E-5;2.722033987E-2;1.201658111E-5;2.134470776E-2;7.261488377E-5;1.289837316E-1;2.183750472E-5;3.878933218E-2;1.499617944E-6;2.663728265E-3
8.000000000E2;1.187488602E-5;2.144901288E-2;1.682735002E-5;3.039440097E-2;1.173527120E-5;2.119683361E-2;7.488512181E-5;1.352612513E-1;1.927067921E-5;3.480766432E-2;1.136218916E-6;2.052295417E-3
7.933884298E2;1.250636897E-5;2.296769149E-2;1.797945288E-5;3.301889845E-2;1.242411263E-5;2.281662940E-2;7.565433077E-5;1.389376352E-1;1.730209481E-5;3.177494417E-2;9.523556878E-7;1.748981793E-3
7.868852459E2;1.355252461E-5;2.530202229E-2;1.861409285E-5;3.475176808E-2;1.379759443E-5;2.575955786E-2;7.513039198E-5;1.402654418E-1;1.553274274E-5;2.899901046E-2;9.623571690E-7;1.796682407E-3
7.804878049E2;1.457449087E-5;2.765788608E-2;1.861073474E-5;3.531743138E-2;1.536322145E-5;2.915465333E-2;7.365007795E-5;1.397651200E-1;1.384795261E-5;2.627914066E-2;1.151834875E-6;2.185827144E-3
7.741935484E2;1.523336523E-5;2.938018953E-2;1.795039560E-5;3.462045431E-2;1.665523081E-5;3.212250416E-2;7.153232642E-5;1.379625103E-1;1.235817326E-5;2.383488265E-2;1.478775977E-6;2.852076204E-3
7.680000000E2;1.546253745E-5;3.030513050E-2;1.674542710E-5;3.281947450E-2;1.745667722E-5;3.421345836E-2;6.896652207E-5;1.351679476E-1;1.120476780E-5;2.196029930E-2;1.875175543E-6;3.675169080E-3
7.619047619E2;1.548667870E-5;3.084002678E-2;1.522237613E-5;3.031369711E-2;1.789191700E-5;3.562979579E-2;6.597534851E-5;1.313826905E-1;1.040533208E-5;2.072108074E-2;2.254638253E-6;4.489865480E-3
7.559055118E2;1.567051144E-5;3.170341027E-2;1.365882827E-5;2.763352286E-2;1.832569015E-5;3.707516984E-2;6.245678654E-5;1.263579134E-1;9.825965773E-6;1.987916127E-2;2.529361786E-6;5.117216161E-3
7.500000000E2;1.627629794E-5;3.344960074E-2;1.229880994E-5;2.527542096E-2;1.911039892E-5;3.927399316E-2;5.827843713E-5;1.197686637E-1;9.261007931E-6;1.903240030E-2;2.633198968E-6;5.411516456E-3
7.441860465E2;1.726997321E-5;3.604843810E-2;1.128262144E-5;2.355075343E-2;2.032343762E-5;4.242207988E-2;5.337983721E-5;1.114222781E-1;8.546878048E-6;1.784030586E-2;2.541460817E-6;5.304912279E-3
7.384615385E2;1.829767234E-5;3.878804752E-2;1.061872167E-5;2.250993859E-2;2.166063927E-5;4.591698274E-2;4.784191564E-5;1.014169706E-1;7.640507296E-6;1.619661531E-2;2.277859618E-6;4.828686701E-3
7.328244275E2;1.885824571E-5;4.059375716E-2;1.020485389E-5;2.196669654E-2;2.256754856E-5;4.857830362E-2;4.190286137E-5;9.019898270E-2;6.628435082E-6;1.426819271E-2;1.904878622E-6;4.100390959E-3
7.272727273E2;1.857578187E-5;4.059853226E-2;9.883562900E-6;2.160114444E-2;2.254035702E-5;4.926335905E-2;3.592137029E-5;7.850839986E-2;5.676236967E-6;1.240577066E-2;1.502003747E-6;3.282723065E-3
7.218045113E2;1.741062215E-5;3.863073226E-2;9.505134876E-6;2.109001719E-2;2.141333193E-5;4.751195480E-2;3.030519915E-5;6.724125216E-2;4.951954378E-6;1.098740884E-2;1.141190115E-6;2.532075499E-3
7.164179104E2;1.568311822E-5;3.532298371E-2;8.972827985E-6;2.020944127E-2;1.945412188E-5;4.381639036E-2;2.543003466E-5;5.727589929E-2;4.559314281E-6;1.026891348E-2;8.686884530E-7;1.956541272E-3
7.111111111E2;1.390094727E-5;3.177805417E-2;8.258292509E-6;1.887874701E-2;1.721313338E-5;3.934982805E-2;2.157114817E-5;4.931240309E-2;4.500793482E-6;1.028897213E-2;6.987939119E-7;1.597467450E-3
7.058823529E2;1.249802496E-5;2.899576508E-2;7.390180698E-6;1.714542450E-2;1.523047383E-5;3.533512235E-2;1.886147674E-5;4.375914996E-2;4.675035580E-6;1.084621241E-2;6.197428164E-7;1.437820549E-3
7.007299270E2;1.163837168E-5;2.739988405E-2;6.428861358E-6;1.513528358E-2;1.378639198E-5;3.245690651E-2;1.727996370E-5;4.068172204E-2;4.907363892E-6;1.155326581E-2;6.076711348E-7;1.430622693E-3
6.956521739E2;1.118706139E-5;2.672326768E-2;5.440914243E-6;1.299706891E-2;1.283773689E-5;3.066634458E-2;1.666825467E-5;3.981655378E-2;5.010712290E-6;1.196941727E-2;6.421287742E-7;1.533895143E-3
6.906474820E2;1.084446732E-5;2.628168422E-2;4.482243158E-6;1.086276493E-2;1.215391479E-5;2.945514437E-2;1.677070750E-5;4.064399159E-2;4.859983582E-6;1.177822294E-2;7.165670685E-7;1.736608066E-3
6.857142857E2;1.034793354E-5;2.544046646E-2;3.592250353E-6;8.831572438E-3;1.154094027E-5;2.837348181E-2;1.728933890E-5;4.250595976E-2;4.444926621E-6;1.092788297E-2;8.402126330E-7;2.065668593E-3
6.808510638E2;9.619960389E-6;2.398981380E-2;2.796005411E-6;6.972549416E-3;1.099969507E-5;2.743053254E-2;1.794290007E-5;4.474517713E-2;3.875906110E-6;9.665556002E-3;1.031176087E-6;2.571499395E-3
6.760563380E2;8.788149287E-6;2.222744184E-2;2.109124818E-6;5.334507608E-3;1.072242180E-5;2.711970396E-2;1.851595771E-5;4.683151818E-2;3.348424633E-6;8.469008817E-3;1.305166638E-6;3.301094984E-3
6.713286713E2;8.084106375E-6;2.073573636E-2;1.541076164E-6;3.952861030E-3;1.094179419E-5;2.806570685E-2;1.888429882E-5;4.843823468E-2;3.095082426E-6;7.938887766E-3;1.667072316E-6;4.276041214E-3
6.666666667E2;7.692502878E-6;2.000819999E-2;1.095813087E-6;2.850209839E-3;1.173728205E-5;3.052867062E-2;1.900886842E-5;4.944206677E-2;3.342153643E-6;8.692941626E-3;2.109658867E-6;5.487222714E-3
6.620689655E2;7.639628550E-6;2.014761371E-2;7.708561130E-7;2.032940619E-3;1.292244246E-5;3.407971700E-2;1.890342251E-5;4.985305922E-2;4.261551685E-6;1.123877903E-2;2.617577933E-6;6.903208540E-3
6.575342466E2;7.778986721E-6;2.079907925E-2;5.563606041E-7;1.487570131E-3;1.408356054E-5;3.765594445E-2;1.859230021E-5;4.971119497E-2;5.909324711E-6;1.580006721E-2;3.171120724E-6;8.478789541E-3
6.530612245E2;7.874642591E-6;2.134424950E-2;4.355559313E-7;1.180576053E-3;1.475065343E-5;3.998170374E-2;1.807946555E-5;4.900446199E-2;8.172450194E-6;2.215145818E-2;3.745610760E-6;1.015249260E-2
6.486486486E2;7.729888653E-6;2.123792275E-2;3.874687759E-7;1.064573153E-3;1.460901886E-5;4.013838076E-2;1.734358939E-5;4.765163229E-2;1.077833760E-5;2.961355740E-2;4.307428890E-6;1.183469079E-2
6.442953020E2;7.287728242E-6;2.029458030E-2;3.924532471E-7;1.092888438E-3;1.363822381E-5;3.797919173E-2;1.635863873E-5;4.555489670E-2;1.339919903E-5;3.731356488E-2;4.812655030E-6;1.340209331E-2
6.400000000E2;6.649402368E-6;1.876637973E-2;4.404159491E-7;1.242970794E-3;1.210701672E-5;3.416921712E-2;1.512547437E-5;4.268810637E-2;1.580648798E-5;4.461010766E-2;5.213853848E-6;1.471488049E-2
6.357615894E2;6.006623177E-6;1.717907003E-2;5.420233031E-7;1.550198174E-3;1.043248977E-5;2.983714262E-2;1.369333969E-5;3.916324274E-2;1.796539261E-5;5.138140495E-2;5.474711390E-6;1.565779101E-2
6.315789474E2;5.531372617E-6;1.603007149E-2;7.419316510E-7;2.150138534E-3;8.985126735E-6;2.603914686E-2;1.215645421E-5;3.522974198E-2;1.998411740E-5;5.791452734E-2;5.584935043E-6;1.618529689E-2
6.274509804E2;5.287784645E-6;1.552644356E-2;1.130880871E-6;3.320588714E-3;7.943801330E-6;2.332526593E-2;1.062617218E-5;3.120147163E-2;2.193656015E-5;6.441199595E-2;5.565624885E-6;1.634226173E-2
6.233766234E2;5.212031882E-6;1.550471806E-2;1.849939958E-6;5.503189184E-3;7.266230339E-6;2.161553408E-2;9.193781668E-6;2.734960105E-2;2.368547181E-5;7.045938529E-2;5.459773486E-6;1.624169815E-2
6.193548387E2;5.164231262E-6;1.556268212E-2;3.079309383E-6;9.279660544E-3;6.770131636E-6;2.040214724E-2;7.903893704E-6;2.381879877E-2;2.485215984E-5;7.489328886E-2;5.311956259E-6;1.600785916E-2
6.153846154E2;5.016497673E-6;1.531317268E-2;5.006864368E-6;1.528376641E-2;6.264290675E-6;1.912213880E-2;6.751490965E-6;2.060934814E-2;2.498174399E-5;7.625833489E-2;5.148303822E-6;1.571551919E-2
6.114649682E2;4.725430585E-6;1.461019663E-2;7.779454222E-6;2.405269822E-2;5.655383008E-6;1.748544524E-2;5.701834778E-6;1.762906591E-2;2.380732722E-5;7.360805021E-2;4.967450056E-6;1.535847808E-2
6.075949367E2;4.350770700E-6;1.362372087E-2;1.144952165E-5;3.585228867E-2;4.982720777E-6;1.560256831E-2;4.720723741E-6;1.478216780E-2;2.143683226E-5;6.712590464E-2;4.745863617E-6;1.486088918E-2
6.037735849E2;4.014124225E-6;1.272917992E-2;1.593564230E-5;5.053347795E-2;4.376571991E-6;1.387853718E-2;3.798977435E-6;1.204692844E-2;1.833950634E-5;5.815636557E-2;4.452990785E-6;1.412086864E-2
6.000000000E2;3.824856976E-6;1.228204073E-2;2.101232679E-5;6.747291603E-2;3.973084435E-6;1.275801557E-2;2.961119312E-6;9.508483124E-3;1.514769570E-5;4.864093398E-2;4.068748901E-6;1.306520480E-2
5.962732919E2;3.816737214E-6;1.240964562E-2;2.633352190E-5;8.562016619E-2;3.834989890E-6;1.246899192E-2;2.258492964E-6;7.343208542E-3;1.240579975E-5;4.033591255E-2;3.596134758E-6;1.169238421E-2
5.925925926E2;3.929904636E-6;1.293681623E-2;3.148246272E-5;1.036368239E-1;3.917386768E-6;1.289560877E-2;1.753873276E-6;5.773558993E-3;1.040867020E-5;3.426420386E-2;3.064617803E-6;1.008838661E-2
5.889570552E2;4.045553964E-6;1.348244246E-2;3.603214779E-5;1.200827782E-1;4.089479709E-6;1.362883189E-2;1.506085962E-6;5.019267448E-3;9.192893114E-6;3.063675668E-2;2.524304335E-6;8.412639715E-3
5.853658537E2;4.050923628E-6;1.366649414E-2;3.960291731E-5;1.336073171E-1;4.195993836E-6;1.415591368E-2;1.557781652E-6;5.255446852E-3;8.644678602E-6;2.916432408E-2;2.033471518E-6;6.860269198E-3
5.818181818E2;3.896816150E-6;1.330739882E-2;4.191045812E-5;1.431217588E-1;4.126215365E-6;1.409078370E-2;1.925592994E-6;6.575787248E-3;8.632802869E-6;2.948051597E-2;1.643062813E-6;5.610963235E-3
5.783132530E2;3.616042928E-6;1.249870799E-2;4.280311974E-5;1.479472742E-1;3.856434802E-6;1.332961290E-2;2.591253022E-6;8.956562601E-3;9.087200236E-6;3.140954476E-2;1.382668432E-6;4.779138226E-3
5.748502994E2;3.295620544E-6;1.152883734E-2;4.228770433E-5;1.479320990E-1;3.445199889E-6;1.205210023E-2;3.495069375E-6;1.222655514E-2;9.995038832E-6;3.496494070E-2;1.253186918E-6;4.383935573E-3
5.714285714E2;3.024053792E-6;1.070590644E-2;4.053826748E-5;1.435156014E-1;2.989951737E-6;1.058517664E-2;4.535702788E-6;1.605752180E-2;1.134910549E-5;4.017867073E-2;1.229320128E-6;4.352100584E-3
5.680473373E2;2.848309276E-6;1.020412856E-2;3.787895934E-5;1.357021774E-1;2.577885255E-6;9.235328751E-3;5.580016488E-6;1.999052774E-2;1.311789580E-5;4.699514067E-2;1.270545938E-6;4.551757843E-3
5.647058824E2;2.762739398E-6;1.001505023E-2;3.473449835E-5;1.259140641E-1;2.260354011E-6;8.193881396E-3;6.484099447E-6;2.350514192E-2;1.528742054E-5;5.541756298E-2;1.334988833E-6;4.839392462E-3
5.614035088E2;2.728158810E-6;1.000638564E-2;3.155168484E-5;1.157257873E-1;2.054721774E-6;7.536342235E-3;7.121657600E-6;2.612093258E-2;1.794519472E-5;6.581967960E-2;1.390228345E-6;5.099102332E-3
5.581395349E2;2.705562216E-6;1.003990924E-2;2.870689801E-5;1.065267134E-1;1.960987000E-6;7.276909545E-3;7.411643659E-6;2.750342581E-2;2.130841698E-5;7.907213199E-2;1.417562931E-6;5.260349621E-3
5.549132948E2;2.688452917E-6;1.009276147E-2;2.642419123E-5;9.919945311E-2;1.983110528E-6;7.444825016E-3;7.336787727E-6;2.754314498E-2;2.560414726E-5;9.612091375E-2;1.410531225E-6;5.295296456E-3
5.517241379E2;2.718653435E-6;1.032446873E-2;2.472886729E-5;9.391135102E-2;2.147414009E-6;8.155106680E-3;6.947885011E-6;2.638557038E-2;3.082548416E-5;1.170641109E-1;1.371334564E-6;5.207835849E-3
5.485714286E2;2.872813252E-6;1.103567395E-2;2.345398841E-5;9.009655214E-2;2.504540634E-6;9.620985222E-3;6.352131071E-6;2.440118492E-2;3.653092894E-5;1.403305351E-1;1.308511866E-6;5.026539859E-3
5.454545455E2;3.220678276E-6;1.251376651E-2;2.230246146E-5;8.665497497E-2;3.104387337E-6;1.206192453E-2;5.686802789E-6;2.209575630E-2;4.188958937E-5;1.627596723E-1;1.236485540E-6;4.804295870E-3
5.423728814E2;3.776226658E-6;1.483952345E-2;2.094890184E-5;8.232337420E-2;3.952112449E-6;1.553070583E-2;5.084286041E-6;1.997983405E-2;4.603891436E-5;1.809201648E-1;1.174442527E-6;4.615233406E-3
5.393258427E2;4.471581019E-6;1.777118863E-2;1.915020292E-5;7.610772719E-2;4.970015288E-6;1.975209189E-2;4.638345272E-6;1.843395175E-2;4.857681967E-5;1.930565099E-1;1.141358976E-6;4.536047891E-3
5.363128492E2;5.172070921E-6;2.078671690E-2;1.682760293E-5;6.763066935E-2;5.989954058E-6;2.407381514E-2;4.382382397E-6;1.761293370E-2;4.984550899E-5;2.003306799E-1;1.147471233E-6;4.611723242E-3
5.333333333E2;5.728030546E-6;2.327907414E-2;1.409077913E-5;5.726580706E-2;6.789520074E-6;2.759303393E-2;4.287224177E-6;1.742354701E-2;5.074414711E-5;2.062273854E-1;1.187158580E-6;4.824686666E-3
5.303867403E2;6.037259449E-6;2.480917700E-2;1.119504971E-5;4.600431242E-2;7.167220349E-6;2.945257526E-2;4.279580832E-6;1.758627060E-2;5.212117339E-5;2.141838407E-1;1.239383476E-6;5.093053281E-3
5.274725275E2;6.081848719E-6;2.526933176E-2;8.450363940E-6;3.511022054E-2;7.025784717E-6;2.919126947E-2;4.274136339E-6;1.775850964E-2;5.412701276E-5;2.248910661E-1;1.277000492E-6;5.305779638E-3
5.245901639E2;5.915562870E-6;2.484926925E-2;6.119244538E-6;2.570486672E-2;6.414842605E-6;2.694657374E-2;4.207102101E-6;1.767260617E-2;5.598265851E-5;2.351641230E-1;1.280082057E-6;5.377189694E-3
5.217391304E2;5.612035552E-6;2.383260020E-2;4.343795554E-6;1.844677245E-2;5.503234914E-6;2.337055714E-2;4.059472810E-6;1.723934063E-2;5.635669930E-5;2.393296818E-1;1.245235313E-6;5.288133884E-3
5.189189189E2;5.215086463E-6;2.238825980E-2;3.126486174E-6;1.342194137E-2;4.500492834E-6;1.932052393E-2;3.863773293E-6;1.658709993E-2;5.412265005E-5;2.323474326E-1;1.185073393E-6;5.087495900E-3
5.161290323E2;4.728367182E-6;2.051882327E-2;2.363724597E-6;1.025741982E-2;3.579155126E-6;1.553179959E-2;3.696764210E-6;1.604216605E-2;4.900904018E-5;2.126754956E-1;1.117961174E-6;4.851409984E-3
5.133689840E2;4.144803286E-6;1.818036109E-2;1.909589444E-6;8.376036984E-3;2.836342053E-6;1.244105429E-2;3.665538353E-6;1.607816010E-2;4.175038162E-5;1.831298040E-1;1.054864155E-6;4.626953299E-3
5.106382979E2;3.483528940E-6;1.544366916E-2;1.638576619E-6;7.264367724E-3;2.297596131E-6;1.018602547E-2;3.894095525E-6;1.726385053E-2;3.370262385E-5;1.494151998E-1;9.926592644E-7;4.400796299E-3
5.079365079E2;2.802280770E-6;1.255598022E-2;1.483390322E-6;6.646521556E-3;1.943865922E-6;8.709741839E-3;4.511029295E-6;2.021224825E-2;2.620917979E-5;1.174336086E-1;9.182975833E-7;4.114550696E-3
5.052631579E2;2.178268234E-6;9.863565391E-3;1.440925905E-6;6.524755153E-3;1.739449836E-6;7.876521787E-3;5.634701052E-6;2.551487526E-2;2.009385467E-5;9.098835781E-2;8.201074410E-7;3.713584601E-3
5.026178010E2;1.673384882E-6;7.657340222E-3;1.555544113E-6;7.118105721E-3;1.645997479E-6;7.532016596E-3;7.352077689E-6;3.364280436E-2;1.551467397E-5;7.099450840E-2;6.978618938E-7;3.193387251E-3
5.000000000E2;1.307990229E-6;6.048146820E-3;1.895753601E-6;8.765964650E-3;1.621956465E-6;7.499926692E-3;9.692251389E-6;4.481697042E-2;1.216912229E-5;5.627002145E-2;5.653586018E-7;2.614218175E-3
4.974093264E2;1.060101845E-6;4.953105478E-3;2.538420065E-6;1.186024002E-2;1.621107873E-6;7.574289508E-3;1.260346308E-5;5.888706099E-2;9.638061955E-6;4.503184074E-2;4.456550342E-7;2.082230496E-3
4.948453608E2;8.877172815E-7;4.190766874E-3;3.564271516E-6;1.682633797E-2;1.601829032E-6;7.561970672E-3;1.594627739E-5;7.527974554E-2;7.629655301E-6;3.601834431E-2;3.641851719E-7;1.719258131E-3
4.923076923E2;7.546032932E-7;3.599177680E-3;5.058191467E-6;2.412569623E-2;1.541398715E-6;7.351899869E-3;1.951187382E-5;9.306439739E-2;6.033988838E-6;2.877988758E-2;3.453839327E-7;1.647353189E-3
4.897959184E2;6.415453120E-7;3.091397465E-3;7.102987974E-6;3.422698071E-2;1.440775996E-6;6.942629272E-3;2.306252666E-5;1.111307886E-1;4.852908453E-6;2.338458190E-2;4.146390404E-7;1.998010202E-3
4.873096447E2;5.424265396E-7;2.640515679E-3;9.757890537E-6;4.750111043E-2;1.315829572E-6;6.405417807E-3;2.638042492E-5;1.284190956E-1;4.107015124E-6;1.999282306E-2;6.028472661E-7;2.934641914E-3
4.848484848E2;4.565886469E-7;2.245281805E-3;1.302469284E-5;6.404913055E-2;1.184370221E-6;5.824159067E-3;2.930593827E-5;1.441124093E-1;3.780674089E-6;1.859152391E-2;9.484288288E-7;4.663913585E-3
4.824120603E2;3.848385228E-7;1.911613372E-3;1.681622421E-5;8.353144804E-2;1.057741010E-6;5.254130602E-3;3.175260565E-5;1.577251287E-1;3.828238473E-6;1.901605848E-2;1.493358688E-6;7.417979927E-3
4.800000000E2;3.276674536E-7;1.644025939E-3;2.094725119E-5;1.050999235E-1;9.382317664E-7;4.707447578E-3;3.369641894E-5;1.690671020E-1;4.235196707E-6;2.124951126E-2;2.273958740E-6;1.140927215E-2
4.776119403E2;2.836661375E-7;1.437523583E-3;2.516254678E-5;1.275152357E-1;8.215315659E-7;4.163242784E-3;3.514887233E-5;1.781225398E-1;5.079483432E-6;2.574109580E-2;3.309556621E-6;1.677170822E-2
4.752475248E2;2.494129203E-7;1.276547720E-3;2.920037856E-5;1.494536716E-1;7.036622989E-7;3.601491464E-3;3.612754423E-5;1.849083607E-1;6.526227502E-6;3.340260332E-2;4.591942291E-6;2.350252527E-2
4.729064039E2;2.216257163E-7;1.145585732E-3;3.287206769E-5;1.699160746E-1;5.880965279E-7;3.039877334E-3;3.663612443E-5;1.893725247E-1;8.734437459E-6;4.514840200E-2;6.077273660E-6;3.141349349E-2
4.705882353E2;1.991294359E-7;1.039468101E-3;3.612762991E-5;1.885884861E-1;4.866177421E-7;2.540175028E-3;3.666117766E-5;1.913736387E-1;1.173776590E-5;6.127187163E-2;7.681469907E-6;4.009775301E-2
4.682926829E2;1.826038755E-7;9.625716814E-4;3.908114451E-5;2.060109780E-1;4.129396717E-7;2.176755740E-3;3.618561740E-5;1.907475977E-1;1.540686653E-5;8.121521725E-2;9.281244849E-6;4.892482942E-2
4.660194175E2;1.727770352E-7;9.196780603E-4;4.198641430E-5;2.234902574E-1;3.745103116E-7;1.993487830E-3;3.521282146E-5;1.874349753E-1;1.956402038E-5;1.041376841E-1;1.072284230E-5;5.707681462E-2
4.637681159E2;1.689870851E-7;9.082587147E-4;4.517256889E-5;2.427900294E-1;3.682310060E-7;1.979139531E-3;3.379210350E-5;1.816231843E-1;2.422178234E-5;1.301853623E-1;1.183987184E-5;6.363602742E-2
4.615384615E2;1.691489379E-7;9.179336974E-4;4.896161826E-5;2.657038219E-1;3.823217619E-7;2.074775241E-3;3.203374550E-5;1.738400182E-1;2.980478149E-5;1.617439259E-1;1.247974270E-5;6.772479033E-2
4.593301435E2;1.708300803E-7;9.359923199E-4;5.359324528E-5;2.936418802E-1;4.031081627E-7;2.208663391E-3;3.010166237E-5;1.649295297E-1;3.715058697E-5;2.035511780E-1;1.253469431E-5;6.867864015E-2
4.571428571E2;1.725565978E-7;9.545210864E-4;5.917693859E-5;3.273455576E-1;4.221518013E-7;2.335192054E-3;2.818008091E-5;1.558820804E-1;4.714675348E-5;2.607988969E-1;1.196985121E-5;6.621291523E-2
4.549763033E2;1.741928804E-7;9.727711437E-4;6.568177659E-5;3.667964890E-1;4.381797764E-7;2.446992330E-3;2.642368725E-5;1.475617167E-1;6.008023142E-5;3.355149492E-1;1.083889396E-5;6.052924351E-2
4.528301887E2;1.761861699E-7;9.932507566E-4;7.296504221E-5;4.113409322E-1;4.529359934E-7;2.553429808E-3;2.491226102E-5;1.404430445E-1;7.505600217E-5;4.231287335E-1;9.279774314E-6;5.231479214E-2
4.507042254E2;1.787450053E-7;1.017205009E-3;8.083042537E-5;4.599911108E-1;4.660579130E-7;2.652250018E-3;2.363317665E-5;1.344920694E-1;8.992857091E-5;5.117669867E-1;7.488633403E-6;4.261643783E-2
4.485981308E2;1.819975010E-7;1.045462211E-3;8.909515386E-5;5.117961292E-1;4.739619950E-7;2.722616258E-3;2.250395639E-5;1.292712036E-1;1.019628118E-4;5.857128040E-1;5.678076374E-6;3.261700983E-2
4.465116279E2;1.866473677E-7;1.082216515E-3;9.763759580E-5;5.661211299E-1;4.728184202E-7;2.741490059E-3;2.142733253E-5;1.242397009E-1;1.090266792E-4;6.321571756E-1;4.032628049E-6;2.338193529E-2
4.444444444E2;1.941547139E-7;1.136241925E-3;1.063965109E-4;6.226589810E-1;4.628163850E-7;2.708517189E-3;2.035261368E-5;1.191085834E-1;1.107517865E-4;6.481471424E-1;2.675778520E-6;1.565932485E-2
4.423963134E2;2.063844049E-7;1.219022476E-3;1.153110178E-4;6.810917834E-1;4.511193946E-7;2.664565095E-3;1.931141489E-5;1.140640874E-1;1.089875201E-4;6.437416466E-1;1.658223547E-6;9.794401737E-3
4.403669725E2;2.255728294E-7;1.344668224E-3;1.242215976E-4;7.405006865E-1;4.516153251E-7;2.692136189E-3;1.840964544E-5;1.097422296E-1;1.071366608E-4;6.386552132E-1;9.678796711E-7;5.769653385E-3
4.383561644E2;2.548924526E-7;1.533418060E-3;1.327785040E-4;7.987877002E-1;4.806874847E-7;2.891787743E-3;1.778241250E-5;1.069779516E-1;1.085478845E-4;6.530177132E-1;5.536944171E-7;3.330993170E-3
4.363636364E2;2.987111027E-7;1.813477179E-3;1.404120542E-4;8.524425563E-1;5.504403340E-7;3.341727090E-3;1.753816977E-5;1.064743504E-1;1.147368520E-4;6.965682251E-1;3.518934397E-7;2.136347516E-3
4.343891403E2;3.611281137E-7;2.212387595E-3;1.463983722E-4;8.968837660E-1;6.625065870E-7;4.058729574E-3;1.772468776E-5;1.085871685E-1;1.243955569E-4;7.620874050E-1;3.049146165E-7;1.868005535E-3
4.324324324E2;4.425191692E-7;2.735605103E-3;1.500097024E-4;9.273435727E-1;8.052186146E-7;4.977773405E-3;1.833369196E-5;1.133368784E-1;1.337763253E-4;8.269906111E-1;3.688133159E-7;2.279963580E-3
4.304932735E2;5.358141614E-7;3.342252692E-3;1.506991250E-4;9.400172530E-1;9.550815860E-7;5.957520782E-3;1.933559436E-5;1.206098065E-1;1.382953695E-4;8.626462386E-1;5.108759105E-7;3.186695146E-3
4.285714286E2;6.254695826E-7;3.936566560E-3;1.482510737E-4;9.330593133E-1;1.082178499E-6;6.810990991E-3;2.071643290E-5;1.303846250E-1;1.345446904E-4;8.467943823E-1;7.023201347E-7;4.420246856E-3
4.266666667E2;6.913598231E-7;4.390202392E-3;1.428428377E-4;9.070659689E-1;1.158588403E-6;7.357149504E-3;2.248630249E-5;1.427902167E-1;1.217150392E-4;7.729023853E-1;9.118851814E-7;5.790559953E-3
4.247787611E2;7.169061971E-7;4.592980281E-3;1.350025853E-4;8.649167978E-1;1.167716870E-6;7.481174776E-3;2.464785831E-5;1.579106550E-1;1.018024104E-4;6.522142861E-1;1.104228879E-6;7.074428269E-3
4.229074890E2;6.971256399E-7;4.505864614E-3;1.254892008E-4;8.110981967E-1;1.111048744E-6;7.181252467E-3;2.714256066E-5;1.754356698E-1;7.864282217E-5;5.083070960E-1;1.244215007E-6;8.041971276E-3
4.210526316E2;6.415510007E-7;4.183273397E-3;1.151406411E-4;7.507817466E-1;1.008544585E-6;6.576278002E-3;2.981126388E-5;1.943862093E-1;5.638752149E-5;3.676783581E-1;1.305450013E-6;8.512268397E-3
4.192139738E2;5.697535125E-7;3.747773568E-3;1.047369015E-4;6.889473824E-1;8.912412614E-7;5.862483283E-3;3.240227569E-5;2.131384708E-1;3.820117696E-5;2.512829814E-1;1.279132543E-6;8.413987853E-3
4.173913043E2;5.018819923E-7;3.330217919E-3;9.490511942E-5;6.297391303E-1;7.887625878E-7;5.233802656E-3;3.463390889E-5;2.298119195E-1;2.571499396E-5;1.706308156E-1;1.178690535E-6;7.821153980E-3
4.155844156E2;4.497396075E-7;3.010235439E-3;8.607267277E-5;5.761089430E-1;7.176641699E-7;4.803530936E-3;3.628610763E-5;2.428732656E-1;1.927118353E-5;1.289875267E-1;1.037041868E-6;6.941216938E-3
4.137931034E2;4.132308733E-7;2.789870848E-3;7.846206116E-5;5.297257084E-1;6.764796750E-7;4.567158570E-3;3.727546171E-5;2.516601026E-1;1.857908750E-5;1.254341288E-1;8.964426766E-7;6.052208225E-3
4.120171674E2;3.833957172E-7;2.610805190E-3;7.211506435E-5;4.910810836E-1;6.498046617E-7;4.424966964E-3;3.767216470E-5;2.565356854E-1;2.326688265E-5;1.584402101E-1;7.944054216E-7;5.409653014E-3
4.102564103E2;3.493204830E-7;2.399225865E-3;6.693478937E-5;4.597259130E-1;6.187835892E-7;4.249970055E-3;3.764593374E-5;2.585622726E-1;3.297336521E-5;2.264698308E-1;7.509706695E-7;5.157866034E-3
4.085106383E2;3.045206845E-7;2.109443463E-3;6.273654711E-5;4.345819706E-1;5.719022834E-7;3.961620982E-3;3.736662351E-5;2.588421204E-1;4.696616238E-5;3.253390303E-1;7.626694958E-7;5.283083429E-3
4.067796610E2;2.495841510E-7;1.743638209E-3;5.929595908E-5;4.142518645E-1;5.102023274E-7;3.564362036E-3;3.691047135E-5;2.578629609E-1;6.360490920E-5;4.443549382E-1;8.060690771E-7;5.631338515E-3
4.050632911E2;1.906095360E-7;1.342940230E-3;5.638483642E-5;3.972595852E-1;4.447777041E-7;3.133683052E-3;3.621870759E-5;2.551790458E-1;8.013171060E-5;5.645682800E-1;8.493823819E-7;5.984326890E-3
4.033613445E2;1.353584010E-7;9.617329540E-4;5.379150479E-5;3.821932176E-1;3.890993458E-7;2.764583952E-3;3.512903268E-5;2.495947656E-1;9.312709195E-5;6.616759106E-1;8.664777018E-7;6.156397782E-3
4.016736402E2;8.978383478E-8;6.432937332E-4;5.132704143E-5;3.677539968E-1;3.513487046E-7;2.517384342E-3;3.346316702E-5;2.397608176E-1;9.956174214E-5;7.133516288E-1;8.467738288E-7;6.067064287E-3
4.000000000E2;5.667435647E-8;4.094722255E-4;4.882545887E-5;3.527639403E-1;3.311182401E-7;2.392329285E-3;3.112589122E-5;2.248845640E-1;9.794634965E-5;7.076623763E-1;7.967598106E-7;5.756589631E-3
3.983402490E2;3.617495882E-8;2.635466490E-4;4.614638153E-5;3.361917916E-1;3.214788903E-7;2.342081015E-3;2.816767672E-5;2.052109264E-1;8.893453002E-5;6.479177346E-1;7.329532933E-7;5.339809378E-3
3.966942149E2;2.704284071E-8;1.986545012E-4;4.318216723E-5;3.172126769E-1;3.141701338E-7;2.307868168E-3;2.478307573E-5;1.820544521E-1;7.501825915E-5;5.510780105E-1;6.708978859E-7;4.928361127E-3
3.950617284E2;2.801900451E-8;2.075298711E-4;3.986805928E-5;2.952929038E-1;3.045193355E-7;2.255499778E-3;2.125037617E-5;1.573963067E-1;5.947793155E-5;4.405384018E-1;6.168779066E-7;4.569062845E-3
3.934426230E2;3.921680284E-8;2.928648198E-4;3.619153287E-5;2.702725869E-1;2.939452441E-7;2.195136133E-3;1.784562733E-5;1.332682945E-1;4.516260414E-5;3.372671143E-1;5.668412407E-7;4.233079849E-3
3.918367347E2;6.281723859E-8;4.729621405E-4;3.219730823E-5;2.424192493E-1;2.896966742E-7;2.181177686E-3;1.477043292E-5;1.112092115E-1;3.370775009E-5;2.537916342E-1;5.120378126E-7;3.855223587E-3
3.902439024E2;1.021383046E-7;7.753079317E-4;2.798722084E-5;2.124444339E-1;3.021576630E-7;2.293608001E-3;1.212079285E-5;9.200609768E-2;2.546293312E-5;1.932831575E-1;4.468938554E-7;3.392266516E-3
3.886639676E2;1.592805643E-7;1.218911180E-3;2.371466699E-5;1.814789697E-1;3.404823295E-7;2.605576642E-3;9.900950530E-6;7.576805958E-2;1.995459350E-5;1.527046141E-1;3.740659167E-7;2.862578555E-3
3.870967742E2;2.334414275E-7;1.800929284E-3;1.957250199E-5;1.509958723E-1;4.086619478E-7;3.152702058E-3;8.064826098E-6;6.221766909E-2;1.646508970E-5;1.270231360E-1;3.043519738E-7;2.347982482E-3
3.855421687E2;3.216194450E-7;2.501245731E-3;1.577285564E-5;1.226660528E-1;5.051243021E-7;3.928369455E-3;6.559674612E-6;5.101482007E-2;1.439518159E-5;1.119518333E-1;2.525646292E-7;1.964204001E-3
3.840000000E2;4.213079985E-7;3.302897449E-3;1.251707672E-5;9.812920930E-2;6.272459632E-7;4.917374223E-3;5.351920859E-6;4.195706186E-2;1.335555627E-5;1.047025760E-1;2.323389309E-7;1.821450494E-3
3.824701195E2;5.326142285E-7;4.208967528E-3;9.957761568E-6;7.869090393E-2;7.775190926E-7;6.144320669E-3;4.429060265E-6;3.500051226E-2;1.313424152E-5;1.037929389E-1;2.523841533E-7;1.994457994E-3
3.809523810E2;6.570692726E-7;5.233926358E-3;8.162611248E-6;6.501979006E-2;9.649648845E-7;7.686488098E-3;3.784838014E-6;3.014836376E-2;1.367522436E-5;1.089308543E-1;3.146399456E-7;2.506284152E-3
3.794466403E2;7.927690306E-7;6.365068569E-3;7.092187306E-6;5.694251007E-2;1.197673891E-6;9.616011909E-3;3.400772843E-6;2.730448781E-2;1.506949129E-5;1.209915393E-1;4.136788962E-7;3.321389255E-3
3.779527559E2;9.289837026E-7;7.517802226E-3;6.602120559E-6;5.342767208E-2;1.469909046E-6;1.189524150E-2;3.234790840E-6;2.617755049E-2;1.747879435E-5;1.414471736E-1;5.365718199E-7;4.342208384E-3
3.764705882E2;1.045403196E-6;8.526671906E-3;6.473084853E-6;5.279673047E-2;1.754016679E-6;1.430636983E-2;3.222223423E-6;2.628157446E-2;2.096881884E-5;1.710289764E-1;6.636026499E-7;5.412573918E-3
3.750000000E2;1.119075534E-6;9.199298260E-3;6.461361774E-6;5.311526550E-2;2.006411846E-6;1.649359711E-2;3.288452653E-6;2.703254235E-2;2.533606954E-5;2.082737521E-1;7.711123118E-7;6.338885920E-3
3.735408560E2;1.136123194E-6;9.412544467E-3;6.355396901E-6;5.265314204E-2;2.187038073E-6;1.811915575E-2;3.368058752E-6;2.790366654E-2;3.005262047E-5;2.489797127E-1;8.369244208E-7;6.933744830E-3
3.720930233E2;1.100199813E-6;9.185998003E-3;6.021291378E-6;5.027411378E-2;2.279918049E-6;1.903592638E-2;3.423724627E-6;2.858601430E-2;3.437964800E-5;2.870491107E-1;8.466023456E-7;7.068613688E-3
3.706563707E2;1.030928061E-6;8.674476142E-3;5.423233452E-6;4.563238793E-2;2.299745961E-6;1.935061449E-2;3.459040296E-6;2.910519528E-2;3.758669478E-5;3.162634713E-1;7.979169961E-7;6.713865119E-3
3.692307692E2;9.527801236E-7;8.078946878E-3;4.614826760E-6;3.913068642E-2;2.279580348E-6;1.932933746E-2;3.521448773E-6;2.985956241E-2;3.915955863E-5;3.320472228E-1;7.017455086E-7;5.950338955E-3
3.678160920E2;8.819899609E-7;7.536332040E-3;3.708427399E-6;3.168736773E-2;2.249703394E-6;1.922302126E-2;3.694613235E-6;3.156932996E-2;3.891101557E-5;3.324826204E-1;5.791262553E-7;4.948455137E-3
3.664122137E2;8.202571598E-7;7.062654811E-3;2.835848726E-6;2.441748958E-2;2.224020727E-6;1.914947099E-2;4.080921894E-6;3.513793486E-2;3.699328320E-5;3.185230223E-1;4.558267383E-7;3.924801958E-3
3.650190114E2;7.585564065E-7;6.581346335E-3;2.114206942E-6;1.834316867E-2;2.202232947E-6;1.910689517E-2;4.776039602E-6;4.143761817E-2;3.386220453E-5;2.937934394E-1;3.568048026E-7;3.095690656E-3
3.636363636E2;6.872616092E-7;6.008212803E-3;1.626545120E-6;1.421966408E-2;2.181434792E-6;1.907064831E-2;5.839675814E-6;5.105190589E-2;3.023264068E-5;2.643013030E-1;3.025591166E-7;2.645047437E-3
3.622641509E2;6.047599288E-7;5.327091091E-3;1.420546423E-6;1.251303176E-2;2.163419696E-6;1.905670869E-2;7.268197780E-6;6.402268040E-2;2.700888534E-5;2.379105917E-1;3.072411528E-7;2.706365833E-3
3.609022556E2;5.186635693E-7;4.603248133E-3;1.519983823E-6;1.349017573E-2;2.150091386E-6;1.908251272E-2;8.976716985E-6;7.967024897E-2;2.514471029E-5;2.231645859E-1;3.769116220E-7;3.345169823E-3
3.595505618E2;4.398473878E-7;3.933144550E-3;1.936389719E-6;1.731532545E-2;2.132151255E-6;1.906583811E-2;1.079830864E-5;9.655919291E-2;2.541756583E-5;2.272855615E-1;5.067739465E-7;4.531606282E-3
3.582089552E2;3.750139078E-7;3.378565402E-3;2.669374253E-6;2.404885608E-2;2.084015169E-6;1.877525447E-2;1.250455917E-5;1.126557445E-1;2.816869339E-5;2.537766492E-1;6.785416379E-7;6.113099418E-3
3.568773234E2;3.235239635E-7;2.936475505E-3;3.693296513E-6;3.352232282E-2;1.973374173E-6;1.791139320E-2;1.384572836E-5;1.256711922E-1;3.311181268E-5;3.005404169E-1;8.608033337E-7;7.813108732E-3
3.555555556E2;2.798514191E-7;2.559000730E-3;4.938647916E-6;4.515969104E-2;1.780853237E-6;1.628437243E-2;1.460196863E-5;1.335224546E-1;3.930716824E-5;3.594302739E-1;1.014748264E-6;9.279000830E-3
3.542435424E2;2.385223279E-7;2.197267788E-3;6.282726204E-6;5.787647652E-2;1.515142893E-6;1.395749698E-2;1.463223432E-5;1.347921489E-1;4.534727476E-5;4.177391147E-1;1.105256251E-6;1.018162106E-2
3.529411765E2;1.974431027E-7;1.832293931E-3;7.562918659E-6;7.018472548E-2;1.211620301E-6;1.124397102E-2;1.390721352E-5;1.290604867E-1;4.972493578E-5;4.614529290E-1;1.113811191E-6;1.033629161E-2
3.516483516E2;1.579545207E-7;1.476633518E-3;8.614168233E-6;8.052931618E-2;9.155063349E-7;8.558585938E-3;1.251659777E-5;1.170110720E-1;5.126997424E-5;4.792959523E-1;1.047569273E-6;9.793172702E-3
3.503649635E2;1.227606901E-7;1.156047862E-3;9.316318922E-6;8.773256782E-2;6.621390697E-7;6.235419948E-3;1.064846726E-5;1.002775221E-1;4.949758466E-5;4.661229654E-1;9.398272530E-7;8.850433192E-3
3.490909091E2;9.387574257E-8;8.905004454E-4;9.627923230E-6;9.132998248E-2;4.670251016E-7;4.430175992E-3;8.546750420E-6;8.107403305E-2;4.474039876E-5;4.244051118E-1;8.410028332E-7;7.977709439E-3
3.478260870E2;7.188929290E-8;6.869066868E-4;9.588504909E-6;9.161876369E-2;3.286165710E-7;3.139951874E-3;6.459095841E-6;6.171706446E-2;3.801915983E-5;3.632754484E-1;8.037197070E-7;7.679592033E-3
3.465703971E2;5.644934871E-8;5.432926650E-4;9.288734832E-6;8.939875512E-2;2.374973411E-7;2.285775945E-3;4.589425706E-6;4.417059505E-2;3.069949469E-5;2.954650615E-1;8.676987753E-7;8.351103970E-3
3.453237410E2;4.702891224E-8;4.559003165E-4;8.826038224E-6;8.555999761E-2;1.837131160E-7;1.780922920E-3;3.066811526E-6;2.972980404E-2;2.406807863E-5;2.333169988E-1;1.049045426E-6;1.016949189E-2
3.440860215E2;4.325245515E-8;4.223130861E-4;8.269195718E-6;8.073968406E-2;1.587730162E-7;1.550245466E-3;1.936848863E-6;1.891121828E-2;1.901088630E-5;1.856205858E-1;1.335925138E-6;1.304385302E-2
3.428571429E2;4.461570523E-8;4.387520845E-4;7.647025794E-6;7.520106407E-2;1.542624176E-7;1.517020899E-3;1.173950872E-6;1.154466548E-2;1.592278719E-5;1.565851315E-1;1.690451003E-6;1.662394212E-2
3.416370107E2;4.996321416E-8;4.948554718E-4;6.961271486E-6;6.894719132E-2;1.608874736E-7;1.593493293E-3;7.068523244E-7;7.000945523E-3;1.481549062E-5;1.467384900E-1;2.055917421E-6;2.036262083E-2
3.404255319E2;5.736531811E-8;5.722199445E-4;6.211459736E-6;6.195940792E-2;1.698448420E-7;1.694204953E-3;4.472328700E-7;4.461154867E-3;1.546660666E-5;1.542796431E-1;2.368331930E-6;2.362414801E-2
3.392226148E2;6.463569607E-8;6.493228246E-4;5.415510511E-6;5.440360041E-2;1.751990381E-7;1.760029538E-3;3.129070003E-7;3.143428007E-3;1.748842439E-5;1.756867151E-1;2.570541577E-6;2.582336726E-2
3.380281690E2;7.026862217E-8;7.109081385E-4;4.616338035E-6;4.670352396E-2;1.748171463E-7;1.768626283E-3;2.416330807E-7;2.444603555E-3;2.033391399E-5;2.057183490E-1;2.626195228E-6;2.656923536E-2
3.368421053E2;7.419478576E-8;7.559245902E-4;3.875017855E-6;3.948015018E-2;1.690441079E-7;1.722285423E-3;1.950595586E-7;1.987340692E-3;2.333561889E-5;2.377521273E-1;2.529631871E-6;2.577284799E-2
3.356643357E2;7.779586748E-8;7.981857354E-4;3.257259103E-6;3.341948405E-2;1.587398724E-7;1.628671367E-3;1.553214432E-7;1.593598277E-3;2.583651287E-5;2.650826669E-1;2.308377293E-6;2.368395503E-2
3.344947735E2;8.310207826E-8;8.586003209E-4;2.818897804E-6;2.912450098E-2;1.444580122E-7;1.492522188E-3;1.182855541E-7;1.222111611E-3;2.737620927E-5;2.828475840E-1;2.016583802E-6;2.083509265E-2
3.333333333E2;9.149873109E-8;9.519527983E-4;2.593580644E-6;2.698361302E-2;1.268375482E-7;1.319617852E-3;8.671199340E-8;9.021515794E-4;2.782673360E-5;2.895093363E-1;1.720297184E-6;1.789797190E-2
3.321799308E2;1.026772863E-7;1.075685800E-3;2.585673816E-6;2.708848965E-2;1.072191892E-7;1.123268479E-3;6.542785632E-8;6.854467866E-4;2.737337246E-5;2.867737268E-1;1.478450471E-6;1.548880220E-2
3.310344828E2;1.145906699E-7;1.208817176E-3;2.771455669E-6;2.923609066E-2;8.798318728E-8;9.281347954E-4;5.940635553E-8;6.266777476E-4;2.633424412E-5;2.777999869E-1;1.326302646E-6;1.399116892E-2
3.298969072E2;1.245907683E-7;1.323388053E-3;3.110389683E-6;3.303818256E-2;7.261676029E-8;7.713264343E-4;7.456441251E-8;7.920141604E-4;2.494240133E-5;2.649351665E-1;1.268423608E-6;1.347304197E-2
3.287671233E2;1.309834310E-7;1.400868704E-3;3.566130691E-6;3.813979250E-2;6.516900823E-8;6.969829956E-4;1.201924806E-7;1.285459414E-3;2.325698764E-5;2.487336444E-1;1.285205679E-6;1.374528366E-2
3.276450512E2;1.339321530E-7;1.442233101E-3;4.131674877E-6;4.449146929E-2;6.890868086E-8;7.420352639E-4;2.113794751E-7;2.276215749E-3;2.125654505E-5;2.288986790E-1;1.350098001E-6;1.453837621E-2
3.265306122E2;1.351697836E-7;1.465512906E-3;4.847096571E-6;5.255229676E-2;8.506316631E-8;9.222561782E-4;3.698519455E-7;4.009940572E-3;1.901272503E-5;2.061362618E-1;1.448317080E-6;1.570267641E-2
3.254237288E2;1.369417063E-7;1.494841461E-3;5.798517060E-6;6.329601073E-2;1.130865849E-7;1.234441430E-3;6.225544991E-7;6.795740333E-3;1.679665979E-5;1.833505959E-1;1.585689936E-6;1.730922686E-2
3.243243243E2;1.411003219E-7;1.550696457E-3;7.094242183E-6;7.796591866E-2;1.524687658E-7;1.675635972E-3;9.985524429E-7;1.097411909E-2;1.505079144E-5;1.654086160E-1;1.780855682E-6;1.957165341E-2
3.232323232E2;1.488605767E-7;1.647054477E-3;8.825526474E-6;9.764924475E-2;2.042423715E-7;2.259821370E-3;1.525680267E-6;1.688075224E-2;1.424421917E-5;1.576038832E-1;2.044319374E-6;2.261918805E-2
3.221476510E2;1.609336051E-7;1.792646412E-3;1.102868369E-5;1.228489863E-1;2.703101750E-7;3.010996772E-3;2.226618672E-6;2.480240203E-2;1.466879073E-5;1.633962966E-1;2.357328064E-6;2.625837962E-2
3.210702341E2;1.774052748E-7;1.989409893E-3;1.366517371E-5;1.532402675E-1;3.508356751E-7;3.934245831E-3;3.112768094E-6;3.490635578E-2;1.627609520E-5;1.825189519E-1;2.665327661E-6;2.988879120E-2
3.200000000E2;1.970927351E-7;2.224992204E-3;1.662729992E-5;1.877066280E-1;4.418431907E-7;4.987995395E-3;4.174775646E-6;4.712930320E-2;1.866927915E-5;2.107586591E-1;2.892459160E-6;3.265315223E-2
3.189368771E2;2.170782098E-7;2.466974104E-3;1.976562188E-5;2.246253890E-1;5.353927211E-7;6.084442926E-3;5.371211242E-6;6.104085274E-2;2.127780148E-5;2.418104759E-1;2.970620518E-6;3.375946345E-2
3.178807947E2;2.333700995E-7;2.669773791E-3;2.292515587E-5;2.622657334E-1;6.232211779E-7;7.129703292E-3;6.620876712E-6;7.574339282E-2;2.359987299E-5;2.699845546E-1;2.868388347E-6;3.281460670E-2
3.168316832E2;2.428472582E-7;2.796622386E-3;2.597714552E-5;2.991520975E-1;7.017577083E-7;8.081422581E-3;7.806490151E-6;8.989932712E-2;2.536466187E-5;2.920987526E-1;2.605666625E-6;3.000678560E-2
3.157894737E2;2.452130280E-7;2.842536666E-3;2.883917372E-5;3.343069061E-1;7.741920108E-7;8.974519811E-3;8.794294247E-6;1.019444361E-1;2.655662915E-5;3.078473959E-1;2.247767170E-6;2.605636679E-2
3.147540984E2;2.433475857E-7;2.839501409E-3;3.148359902E-5;3.673663889E-1;8.467120954E-7;9.879860453E-3;9.466713577E-6;1.104623515E-1;2.733585830E-5;3.189684745E-1;1.882511017E-6;2.196608062E-2
3.137254902E2;2.415540925E-7;2.837086785E-3;3.393646069E-5;3.985885031E-1;9.210273703E-7;1.081759598E-2;9.755668235E-6;1.145816953E-1;2.791885093E-5;3.279108303E-1;1.590877785E-6;1.868508330E-2
3.127035831E2;2.429570014E-7;2.872245368E-3;3.626379671E-5;4.287117536E-1;9.894909975E-7;1.169779392E-2;9.660502107E-6;1.142067620E-1;2.848243221E-5;3.367202160E-1;1.422850619E-6;1.682098511E-2
3.116883117E2;2.480827954E-7;2.951980252E-3;3.854250159E-5;4.586239178E-1;1.037860578E-6;1.234968320E-2;9.241198374E-6;1.099626238E-1;2.913807478E-5;3.467190105E-1;1.386023619E-6;1.649253567E-2
3.106796117E2;2.556869746E-7;3.062252030E-3;4.082105188E-5;4.888960387E-1;1.054436614E-6;1.262853013E-2;8.590476579E-6;1.028844132E-1;2.996420854E-5;3.588683334E-1;1.448602086E-6;1.734927908E-2
3.096774194E2;2.648499267E-7;3.192556653E-3;4.308694887E-5;5.193791329E-1;1.038577944E-6;1.251923671E-2;7.799843844E-6;9.402095621E-2;3.104930296E-5;3.742748204E-1;1.554102391E-6;1.873347669E-2
3.086816720E2;2.762399869E-7;3.351372417E-3;4.526225969E-5;5.491264690E-1;1.001667135E-6;1.215233045E-2;6.936591898E-6;8.415545848E-2;3.252136571E-5;3.945526106E-1;1.641944216E-6;1.992023898E-2
3.076923077E2;2.910959878E-7;3.554354785E-3;4.724091343E-5;5.768233633E-1;9.593404446E-7;1.171378666E-2;6.040717548E-6;7.375867144E-2;3.458663080E-5;4.223114088E-1;1.666925729E-6;2.035357988E-2
3.067092652E2;3.088010255E-7;3.794746569E-3;4.895942771E-5;6.016450886E-1;9.207715980E-7;1.131503646E-2;5.137854163E-6;6.313727238E-2;3.756018947E-5;4.615638821E-1;1.610920677E-6;1.979603436E-2
3.057324841E2;3.254402944E-7;4.024815605E-3;5.046746923E-5;6.241459992E-1;8.831514392E-7;1.092219297E-2;4.255719922E-6;5.263173692E-2;4.179365466E-5;5.168743896E-1;1.483447622E-6;1.834623199E-2
3.047619048E2;3.350550686E-7;4.170159515E-3;5.195646856E-5;6.466601525E-1;8.354806552E-7;1.039855215E-2;3.431914747E-6;4.271426784E-2;4.742821515E-5;5.903006438E-1;1.312738408E-6;1.633859349E-2
3.037974684E2;3.329214387E-7;4.169954305E-3;5.372146092E-5;6.728795783E-1;7.683666587E-7;9.624053858E-3;2.708619383E-6;3.392637945E-2;5.405669841E-5;6.770785419E-1;1.132303618E-6;1.418248812E-2
3.028391167E2;3.183522468E-7;4.012747305E-3;5.606700937E-5;7.067100767E-1;6.819248575E-7;8.595485540E-3;2.119889648E-6;2.672065788E-2;6.053905958E-5;7.630791069E-1;9.690705519E-7;1.221488237E-2
3.018867925E2;2.949001776E-7;3.740629048E-3;5.919939074E-5;7.509081969E-1;5.859184868E-7;7.432018961E-3;1.681215546E-6;2.132519471E-2;6.519464968E-5;8.269544032E-1;8.374255293E-7;1.062223253E-2
3.009404389E2;2.679631841E-7;3.420360354E-3;6.315398430E-5;8.061159029E-1;4.930562173E-7;6.293513579E-3;1.388220899E-6;1.771965706E-2;6.638098331E-5;8.473062609E-1;7.404177388E-7;9.450908295E-3
3.000000000E2;2.416870844E-7;3.104336328E-3;6.778494248E-5;8.706599279E-1;4.115168834E-7;5.285705747E-3;1.224515691E-6;1.572822376E-2;6.320305468E-5;8.118081246E-1;6.762167539E-7;8.685628528E-3
2.990654206E2;2.173473314E-7;2.809181147E-3;7.280812516E-5;9.410339258E-1;3.421456474E-7;4.422180369E-3;1.173332046E-6;1.516513795E-2;5.597329589E-5;7.234463222E-1;6.457248502E-7;8.345895316E-3
2.981366460E2;1.940410115E-7;2.523600712E-3;7.786447080E-5;1.012666510E0;2.811774535E-7;3.656853859E-3;1.226785994E-6;1.595496737E-2;4.615104663E-5;6.002175171E-1;6.571017211E-7;8.545937575E-3
2.972136223E2;1.707185769E-7;2.234092726E-3;8.257452961E-5;1.080603876E0;2.251837185E-7;2.946845719E-3;1.389035733E-6;1.817748650E-2;3.579327535E-5;4.684053578E-1;7.244417881E-7;9.480339859E-3
2.962962963E2;1.477675575E-7;1.945738549E-3;8.657823200E-5;1.140024281E0;1.741794628E-7;2.293518963E-3;1.672719663E-6;2.202564071E-2;2.683300439E-5;3.533252623E-1;8.602853143E-7;1.132786064E-2
2.953846154E2;1.270006932E-7;1.682628270E-3;8.957538728E-5;1.186781546E0;1.311999947E-7;1.738264686E-3;2.091574724E-6;2.771120906E-2;2.055937531E-5;2.723905299E-1;1.064850287E-6;1.410816864E-2
2.944785276E2;1.104410344E-7;1.472248206E-3;9.138543045E-5;1.218225062E0;9.953852149E-8;1.326910876E-3;2.651776124E-6;3.534983769E-2;1.747643680E-5;2.329718557E-1;1.317889105E-6;1.756828773E-2
2.935779817E2;9.906446513E-8;1.328705621E-3;9.202045749E-5;1.234227621E0;8.016176985E-8;1.075172556E-3;3.343394392E-6;4.484339482E-2;1.745751405E-5;2.341495209E-1;1.579326173E-6;2.118276782E-2
2.926829268E2;9.230713112E-8;1.245656529E-3;9.173585012E-5;1.237947267E0;7.107029483E-8;9.590719128E-4;4.132843597E-6;5.577146152E-2;1.999969446E-5;2.698897657E-1;1.801680574E-6;2.431312883E-2
2.917933131E2;8.836904693E-8;1.199795794E-3;9.101403407E-5;1.235707061E0;6.855020694E-8;9.307133300E-4;4.958660846E-6;6.732425699E-2;2.441641468E-5;3.315042161E-1;1.950574599E-6;2.648315537E-2
2.909090909E2;8.488621534E-8;1.159525806E-3;9.046018349E-5;1.235664905E0;6.900998855E-8;9.426602694E-4;5.734578224E-6;7.833299450E-2;2.991942828E-5;4.086923779E-1;2.023431973E-6;2.763960651E-2
2.900302115E2;7.977068685E-8;1.096262825E-3;9.063480674E-5;1.245564921E0;7.019317753E-8;9.646422028E-4;6.362504971E-6;8.743785402E-2;3.562802463E-5;4.896244530E-1;2.054550189E-6;2.823502069E-2
2.891566265E2;7.199658884E-8;9.954133378E-4;9.188499130E-5;1.270387214E0;7.138428646E-8;9.869477430E-4;6.754661940E-6;9.338887712E-2;4.058675026E-5;5.611459265E-1;2.100261898E-6;2.903788554E-2
2.882882883E2;6.204046703E-8;8.629366083E-4;9.424145232E-5;1.310828289E0;7.292777100E-8;1.014370884E-3;6.858779360E-6;9.540050361E-2;4.386359636E-5;6.101098990E-1;2.208623754E-6;3.072030858E-2
2.874251497E2;5.177821826E-8;7.245283831E-4;9.741699713E-5;1.363148092E0;7.553570162E-8;1.056964909E-3;6.676600832E-6;9.342513065E-2;4.473846744E-5;6.260217243E-1;2.388719118E-6;3.342515170E-2
2.865671642E2;4.405643845E-8;6.201751604E-4;1.008957266E-4;1.420292371E0;7.979760038E-8;1.123297556E-3;6.266639497E-6;8.821444248E-2;4.292299898E-5;6.042199214E-1;2.597727239E-6;3.656777452E-2
2.857142857E2;4.213073099E-8;5.966132816E-4;1.040673397E-4;1.473697597E0;8.606734659E-8;1.218799695E-3;5.728203059E-6;8.111708351E-2;3.870086070E-5;5.480428883E-1;2.755320504E-6;3.901809365E-2
2.848664688E2;4.893726257E-8;6.971317171E-4;1.063568647E-4;1.515097899E0;9.457630353E-8;1.347278892E-3;5.171863504E-6;7.367535280E-2;3.288968383E-5;4.685272645E-1;2.779251999E-6;3.959160396E-2
2.840236686E2;6.611906474E-8;9.474918225E-4;1.073183484E-4;1.537881062E0;1.054055644E-7;1.510470705E-3;4.687784238E-6;6.717634692E-2;2.660640577E-5;3.812720580E-1;2.623337762E-6;3.759265330E-2
2.831858407E2;9.305476963E-8;1.341384868E-3;1.066863213E-4;1.537883738E0;1.180508551E-7;1.701703537E-3;4.324151452E-6;6.233266007E-2;2.091741183E-5;3.015245733E-1;2.297780919E-6;3.312252093E-2
2.823529412E2;1.263683481E-7;1.832362987E-3;1.043925398E-4;1.513709951E0;1.308277399E-7;1.897024942E-3;4.082595327E-6;5.919834103E-2;1.651921102E-5;2.395314277E-1;1.862474687E-6;2.700620631E-2
2.815249267E2;1.602476031E-7;2.337306507E-3;1.005528577E-4;1.466623176E0;1.407617877E-7;2.053094312E-3;3.929884806E-6;5.731970497E-2;1.358418740E-5;1.981334447E-1;1.399726725E-6;2.041584597E-2
2.807017544E2;1.878599816E-7;2.756143690E-3;9.542447966E-5;1.399997888E0;1.444902762E-7;2.119855222E-3;3.819054604E-6;5.603036454E-2;1.182600598E-5;1.735024750E-1;9.827184025E-7;1.441772272E-2
2.798833819E2;2.037335903E-7;3.006534880E-3;8.933771727E-5;1.318373483E0;1.399621967E-7;2.065448441E-3;3.710057255E-6;5.475001216E-2;1.073591068E-5;1.584318516E-1;6.552193892E-7;9.669195664E-3
2.790697674E2;2.061369893E-7;3.059765770E-3;8.261946684E-5;1.226350581E0;1.279070038E-7;1.898569847E-3;3.582105935E-6;5.317049193E-2;9.865122955E-6;1.464315824E-1;4.290277572E-7;6.368213927E-3
2.782608696E2;1.978733473E-7;2.954206564E-3;7.553406051E-5;1.127707295E0;1.120803966E-7;1.673336241E-3;3.434678397E-6;5.127901054E-2;9.033482708E-6;1.348679560E-1;2.950142182E-7;4.404498896E-3
2.774566474E2;1.848729265E-7;2.776136919E-3;6.826345348E-5;1.025075423E0;9.828097117E-8;1.475832279E-3;3.278950668E-6;4.923823177E-2;8.412814806E-6;1.263306976E-1;2.386745367E-7;3.584046650E-3
2.766570605E2;1.735038822E-7;2.620496079E-3;6.092975943E-5;9.202456665E-1;9.304420302E-8;1.405282499E-3;3.125961057E-6;4.721259599E-2;8.494520776E-6;1.282960249E-1;2.523823829E-7;3.811828511E-3
2.758620690E2;1.681473966E-7;2.554253537E-3;5.364091141E-5;8.148356173E-1;1.026500467E-7;1.559311950E-3;2.978013687E-6;4.523770303E-2;9.972774689E-6;1.514920572E-1;3.413891569E-7;5.185893325E-3
2.750716332E2;1.699532588E-7;2.596544192E-3;4.652986684E-5;7.108828411E-1;1.321650719E-7;2.019216649E-3;2.827330663E-6;4.319592965E-2;1.354875357E-5;2.069977218E-1;5.239544191E-7;8.004970385E-3
2.742857143E2;1.769997022E-7;2.719718731E-3;3.976369518E-5;6.109957547E-1;1.838549339E-7;2.825053949E-3;2.662279876E-6;4.090770977E-2;1.965585568E-5;3.020253606E-1;8.266987673E-7;1.270277913E-2
2.735042735E2;1.855890659E-7;2.868018754E-3;3.352059155E-5;5.180137350E-1;2.549801248E-7;3.940360260E-3;2.477421613E-6;3.828507683E-2;2.815667674E-5;4.351219536E-1;1.276498926E-6;1.972650081E-2
2.727272727E2;1.921203383E-7;2.985891604E-3;2.795094748E-5;4.344074144E-1;3.361508980E-7;5.224382557E-3;2.281574311E-6;3.545972093E-2;3.814016906E-5;5.927660319E-1;1.890566552E-6;2.938276523E-2
2.719546742E2;1.946093287E-7;3.041784436E-3;2.314369140E-5;3.617407282E-1;4.119882052E-7;6.439461657E-3;2.099364602E-6;3.281350702E-2;4.798783103E-5;7.500598172E-1;2.667132599E-6;4.168783933E-2
2.711864407E2;1.931139836E-7;3.035537587E-3;1.911057092E-5;3.003969740E-1;4.650488203E-7;7.310051542E-3;1.965195571E-6;3.089069424E-2;5.580226140E-5;8.771496436E-1;3.578968186E-6;5.625740947E-2
2.704225352E2;1.891197961E-7;2.989572329E-3;1.579009892E-5;2.496070944E-1;4.819355841E-7;7.618352579E-3;1.912706218E-6;3.023572202E-2;6.009857100E-5;9.500275940E-1;4.570550135E-6;7.225044915E-2
2.696629213E2;1.843940223E-7;2.931313053E-3;1.306662317E-5;2.077201992E-1;4.586492037E-7;7.291149576E-3;1.965207988E-6;3.124092503E-2;6.045343693E-5;9.610287067E-1;5.559558374E-6;8.838033808E-2
2.689075630E2;1.799300714E-7;2.876441544E-3;1.079910619E-5;1.726392784E-1;4.021156607E-7;6.428398448E-3;2.131098130E-6;3.406867539E-2;5.774311321E-5;9.231068959E-1;6.443641092E-6;1.030108908E-1
2.681564246E2;1.754770242E-7;2.820990881E-3;8.852736635E-6;1.423177161E-1;3.270802143E-7;5.258182978E-3;2.405571511E-6;3.867227248E-2;5.377264333E-5;8.644558291E-1;7.114154656E-6;1.143680519E-1
2.674094708E2;1.699337199E-7;2.747159210E-3;7.126641133E-6;1.152097291E-1;2.504065639E-7;4.048088271E-3;2.776429306E-6;4.488393090E-2;5.043109191E-5;8.152722056E-1;7.477124613E-6;1.208756671E-1
2.666666667E2;1.623977975E-7;2.639979195E-3;5.570348510E-6;9.055297796E-2;1.860893344E-7;3.025114742E-3;3.229255665E-6;5.249558740E-2;4.880330511E-5;7.933587287E-1;7.477620778E-6;1.215580728E-1
2.659279778E2;1.530526783E-7;2.501904370E-3;4.182939741E-6;6.837721060E-2;1.432801188E-7;2.342155390E-3;3.748590966E-6;6.127704671E-2;4.871706629E-5;7.963626798E-1;7.119676430E-6;1.163831288E-1
2.651933702E2;1.432127238E-7;2.354041494E-3;2.994769775E-6;4.922615903E-2;1.275920901E-7;2.097279253E-3;4.315038277E-6;7.092790979E-2;4.896000511E-5;8.047740490E-1;6.472807502E-6;1.063959755E-1
2.644628099E2;1.346954407E-7;2.226288862E-3;2.040098418E-6;3.371939215E-2;1.438974238E-7;2.378382150E-3;4.901810500E-6;8.101867491E-2;4.801098578E-5;7.935407639E-1;5.659334703E-6;9.353927462E-2
2.637362637E2;1.292050810E-7;2.147324740E-3;1.333680657E-6;2.216511493E-2;1.977932124E-7;3.287225668E-3;5.475563374E-6;9.100116352E-2;4.484898903E-5;7.453680847E-1;4.823906822E-6;8.017095292E-2
2.630136986E2;1.279460483E-7;2.138099805E-3;8.608360040E-7;1.438538600E-2;2.934340163E-7;4.903560690E-3;6.004456321E-6;1.003401595E-1;3.940629918E-5;6.585166303E-1;4.094650606E-6;6.842549480E-2
2.622950820E2;1.312498607E-7;2.205344241E-3;5.821123275E-7;9.781024242E-3;4.280697328E-7;7.192701882E-3;6.471867953E-6;1.087444714E-1;3.249187115E-5;5.459492342E-1;3.549545618E-6;5.964173941E-2
2.615803815E2;1.381880702E-7;2.334629927E-3;4.459553668E-7;7.534230300E-3;5.869847508E-7;9.916863043E-3;6.890671823E-6;1.164150323E-1;2.532703140E-5;4.278896536E-1;3.199918935E-6;5.406129850E-2
2.608695652E2;1.465350397E-7;2.489158156E-3;4.015732604E-7;6.821435736E-3;7.432828241E-7;1.262598016E-2;7.311607976E-6;1.242006599E-1;1.900503509E-5;3.228343077E-1;2.996349287E-6;5.089831948E-2
2.601626016E2;1.533517818E-7;2.619129226E-3;4.077617098E-7;6.964253033E-3;8.643929962E-7;1.476316045E-2;7.820970363E-6;1.335760942E-1;1.414661180E-5;2.416131328E-1;2.853946359E-6;4.874318531E-2
2.594594595E2;1.561633560E-7;2.681624406E-3;4.379497390E-7;7.520437182E-3;9.229668374E-7;1.584911122E-2;8.525541973E-6;1.463999111E-1;1.084815270E-5;1.862835930E-1;2.686726903E-6;4.613625515E-2
2.587601078E2;1.541472464E-7;2.661331401E-3;4.837144456E-7;8.351264610E-3;9.070996576E-7;1.566095314E-2;9.524607068E-6;1.644410554E-1;8.844271570E-6;1.526951548E-1;2.438455914E-6;4.209961220E-2
2.580645161E2;1.485775461E-7;2.579018330E-3;5.582320477E-7;9.689826774E-3;8.246834400E-7;1.431490669E-2;1.087181587E-5;1.887136594E-1;7.725128940E-6;1.340932710E-1;2.099179021E-6;3.643768065E-2
2.573726542E2;1.419764552E-7;2.477703648E-3;6.986209144E-7;1.219199047E-2;6.993032705E-7;1.220389861E-2;1.253716998E-5;2.187925579E-1;7.095523828E-6;1.238276111E-1;1.703454161E-6;2.972784877E-2
2.566844920E2;1.363240146E-7;2.391833475E-3;9.637978744E-7;1.691003617E-2;5.598208663E-7;9.822174701E-3;1.438522049E-5;2.523917155E-1;6.654808850E-6;1.167600193E-1;1.314831329E-6;2.306899187E-2
2.560000000E2;1.316185191E-7;2.321640138E-3;1.424713662E-6;2.513075246E-2;4.296238116E-7;7.578203219E-3;1.618598262E-5;2.855071397E-1;6.219677581E-6;1.097098890E-1;1.005845983E-6;1.774227838E-2
2.553191489E2;1.259281212E-7;2.233128848E-3;2.147236624E-6;3.807772244E-2;3.211020359E-7;5.694218356E-3;1.766539710E-5;3.132668659E-1;5.707023487E-6;1.012047084E-1;8.426779707E-7;1.494351275E-2
2.546419098E2;1.168681133E-7;2.083502861E-3;3.172257503E-6;5.655441333E-2;2.365304765E-7;4.216821089E-3;1.858414778E-5;3.313147101E-1;5.099420254E-6;9.091151036E-2;8.777567475E-7;1.564848310E-2
2.539682540E2;1.033721321E-7;1.852688652E-3;4.500435441E-6;8.065912451E-2;1.725242616E-7;3.092068775E-3;1.881650813E-5;3.372391610E-1;4.428168370E-6;7.936391680E-2;1.147401264E-6;2.056431709E-2
2.532981530E2;8.654076048E-8;1.559245485E-3;6.090576959E-6;1.097367827E-1;1.245010382E-7;2.243193619E-3;1.839189713E-5;3.313754398E-1;3.784281082E-6;6.818316778E-2;1.668912429E-6;3.006957826E-2
2.526315789E2;6.912406638E-8;1.252021653E-3;7.878297067E-6;1.426970234E-1;8.913744937E-8;1.614517527E-3;1.747524925E-5;3.165234860E-1;3.329550352E-6;6.030705879E-2;2.433809234E-6;4.408279229E-2
2.519685039E2;5.412831612E-8;9.855753575E-4;9.814501939E-6;1.787037165E-1;6.459856688E-8;1.176219033E-3;1.629270159E-5;2.966596107E-1;3.294120931E-6;5.997977854E-2;3.398810113E-6;6.188597266E-2
2.513089005E2;4.348410040E-8;7.959258018E-4;1.191312295E-5;2.180558377E-1;4.978245929E-8;9.112099242E-4;1.503797255E-5;2.752525694E-1;3.991075922E-6;7.305199542E-2;4.481484323E-6;8.202834992E-2
2.506527415E2;3.752754645E-8;6.904990528E-4;1.428908826E-5;2.629162533E-1;4.406259846E-8;8.107426512E-4;1.380528286E-5;2.540143345E-1;5.847916460E-6;1.076004471E-1;5.566809133E-6;1.024281307E-1
2.500000000E2;3.540402412E-8;6.548328301E-4;1.716076186E-5;3.174054513E-1;4.804330320E-8;8.886089359E-4;1.257890217E-5;2.326593746E-1;9.359266359E-6;1.731089906E-1;6.525436313E-6;1.206944700E-1
2.493506494E2;3.591789880E-8;6.678020524E-4;2.079385427E-5;3.866088781E-1;6.431191060E-8;1.195716546E-3;1.127870307E-5;2.096988217E-1;1.487677861E-5;2.765958929E-1;7.238464317E-6;1.345808494E-1
2.487046632E2;3.816161746E-8;7.132088953E-4;2.538618656E-5;4.744467157E-1;9.672663628E-8;1.807740394E-3;9.832072345E-6;1.837532558E-1;2.233446774E-5;4.174126288E-1;7.620273807E-6;1.424165805E-1
2.480620155E2;4.159660040E-8;7.814390971E-4;3.092671766E-5;5.809933047E-1;1.480846862E-7;2.781938004E-3;8.231912306E-6;1.546457657E-1;3.114351913E-5;5.850661649E-1;7.633006429E-6;1.433946427E-1
2.474226804E2;4.572349549E-8;8.634123241E-4;3.709116800E-5;7.004051467E-1;2.173120604E-7;4.103577583E-3;6.552852091E-6;1.237397358E-1;4.040072179E-5;7.629005771E-1;7.290762347E-6;1.376739463E-1
2.467866324E2;4.971701580E-8;9.436688586E-4;4.323922706E-5;8.207152298E-1;2.976067075E-7;5.648814143E-3;4.923908466E-6;9.345973421E-2;4.930628563E-5;9.358728704E-1;6.656042016E-6;1.263370191E-1
2.461538462E2;5.237066685E-8;9.991545857E-4;4.854262523E-5;9.261212340E-1;3.765333304E-7;7.183697028E-3;3.478768473E-6;6.636973867E-2;5.751566579E-5;1.097313529E0;5.832168010E-6;1.112691085E-1
2.455242967E2;5.247032802E-8;1.006196175E-3;5.221392791E-5;1.001279323E0;4.387217004E-7;8.413137739E-3;2.311409467E-6;4.432469648E-2;6.515239153E-5;1.249393507E0;4.952744065E-6;9.497619552E-2
2.448979592E2;4.939140839E-8;9.520043049E-4;5.374781356E-5;1.035972683E0;4.709023767E-7;9.076499424E-3;1.454734100E-6;2.803955527E-2;7.239007250E-5;1.395296528E0;4.165774061E-6;8.029402216E-2
2.442748092E2;4.345857424E-8;8.419299189E-4;5.306851211E-5;1.028104784E0;4.672141538E-7;9.051414629E-3;8.851939681E-7;1.714900451E-2;7.884295483E-5;1.527437191E0;3.609032085E-6;6.991835659E-2
2.436548223E2;3.583006655E-8;6.976786394E-4;5.051769434E-5;9.836743173E-1;4.319862458E-7;8.411582930E-3;5.443634794E-7;1.059977857E-2;8.326296288E-5;1.621286150E0;3.377295508E-6;6.576228183E-2
2.430379747E2;2.806076175E-8;5.491727959E-4;4.669498038E-5;9.138601852E-1;3.786921875E-7;7.411325796E-3;3.643735679E-7;7.131098323E-3;8.391740395E-5;1.642334437E0;3.490564114E-6;6.831328639E-2
2.424242424E2;2.164072259E-8;4.256743658E-4;4.223332379E-5;8.307321185E-1;3.257058639E-7;6.406654699E-3;2.863951012E-7;5.633409540E-3;7.950428905E-5;1.563854335E0;3.878015808E-6;7.628081333E-2
2.418136020E2;1.765276841E-8;3.489869644E-4;3.761347135E-5;7.436007136E-1;2.902821054E-7;5.738741280E-3;2.676870195E-7;5.292047013E-3;7.000036937E-5;1.383874520E0;4.389930654E-6;8.678687315E-2
2.412060302E2;1.663857204E-8;3.305959765E-4;3.308735632E-5;6.574210120E-1;2.825621469E-7;5.614298429E-3;2.804645549E-7;5.572620845E-3;5.687047162E-5;1.129973717E0;4.838981692E-6;9.614694538E-2
2.406015038E2;1.879229791E-8;3.752675812E-4;2.871678971E-5;5.734519677E-1;3.020156481E-7;6.031017722E-3;3.072105521E-7;6.134755918E-3;4.253555978E-5;8.494020641E-1;5.057893771E-6;1.010022069E-1
2.400000000E2;2.432189272E-8;4.881268747E-4;2.447835040E-5;4.912668935E-1;3.380779946E-7;6.785037530E-3;3.366126900E-7;6.755629682E-3;2.945450203E-5;5.911354922E-1;4.950929367E-6;9.936240187E-2
2.394014963E2;3.361982765E-8;6.781091367E-4;2.036570657E-5;4.107746132E-1;3.745649501E-7;7.554943992E-3;3.626611385E-7;7.314845098E-3;1.931995421E-5;3.896818749E-1;4.517701765E-6;9.112167008E-2
2.388059701E2;4.702882886E-8;9.533044888E-4;1.644017405E-5;3.332528599E-1;3.959598371E-7;8.026359560E-3;3.871095776E-7;7.846959131E-3;1.271430481E-5;2.577271035E-1;3.841431009E-6;7.786826747E-2
2.382133995E2;6.429456171E-8;1.309784059E-3;1.282156060E-5;2.611958965E-1;3.935951076E-7;8.018168004E-3;4.230375800E-7;8.617958718E-3;9.275326863E-6;1.889533880E-1;3.050567636E-6;6.214498947E-2
2.376237624E2;8.396681979E-8;1.719039290E-3;9.643739568E-6;1.974347399E-1;3.696229329E-7;7.567231269E-3;4.962647293E-7;1.015994854E-2;8.138810126E-6;1.666245598E-1;2.273644638E-6;4.654796352E-2
2.370370370E2;1.031371213E-7;2.121975767E-3;7.006608877E-6;1.441561880E-1;3.366360942E-7;6.926057516E-3;6.416636170E-7;1.320179028E-2;8.335074176E-6;1.714884534E-1;1.606697328E-6;3.305669920E-2
2.364532020E2;1.179155655E-7;2.438027350E-3;4.947032741E-6;1.022850637E-1;3.123029315E-7;6.457188966E-3;8.930193491E-7;1.846410682E-2;8.996572012E-6;1.860135134E-1;1.102474777E-6;2.279481633E-2
2.358722359E2;1.246813206E-7;2.590631132E-3;3.436664344E-6;7.140708483E-2;3.112185705E-7;6.466506076E-3;1.268630908E-6;2.635964000E-2;9.462936504E-6;1.966210959E-1;7.784898840E-7;1.617547937E-2
2.352941176E2;1.215625963E-7;2.538257402E-3;2.401746506E-6;5.014906748E-2;3.379798532E-7;7.057103831E-3;1.758655269E-6;3.672116168E-2;9.397245995E-6;1.962168457E-1;6.333472189E-7;1.322444827E-2
2.347188264E2;1.093908940E-7;2.295319551E-3;1.752630373E-6;3.677496921E-2;3.846637682E-7;8.071295835E-3;2.321436439E-6;4.871007308E-2;8.856514400E-6;1.858338469E-1;6.606698259E-7;1.386265631E-2
2.341463415E2;9.157363907E-8;1.930872310E-3;1.407607958E-6;2.968006139E-2;4.337134573E-7;9.145047786E-3;2.893360762E-6;6.100784281E-2;8.202263993E-6;1.729485099E-1;8.548112780E-7;1.802408907E-2
2.335766423E2;7.286677727E-8;1.543933441E-3;1.302165287E-6;2.759085289E-2;4.651082098E-7;9.854918052E-3;3.411723829E-6;7.228911045E-2;7.885421847E-6;1.670797988E-1;1.207395622E-6;2.558283139E-2
2.330097087E2;5.761400494E-8;1.226698589E-3;1.383423566E-6;2.945540303E-2;4.648167664E-7;9.896726879E-3;3.843598628E-6;8.183664748E-2;8.271698658E-6;1.761183080E-1;1.697423278E-6;3.614098242E-2
2.324455206E2;4.829778012E-8;1.033338573E-3;1.596373876E-6;3.415466920E-2;4.305017858E-7;9.210653160E-3;4.208224201E-6;9.003561613E-2;9.598990597E-6;2.053719078E-1;2.280783024E-6;4.879771017E-2
2.318840580E2;4.508382834E-8;9.692522943E-4;1.873183483E-6;4.027136682E-2;3.716711675E-7;7.990517778E-3;4.580316331E-6;9.847171984E-2;1.200317126E-5;2.580548662E-1;2.885722364E-6;6.203982948E-2
2.313253012E2;4.638639205E-8;1.002079449E-3;2.134869886E-6;4.611932821E-2;3.048901770E-7;6.586504515E-3;5.069518978E-6;1.095161870E-1;1.551194084E-5;3.351025257E-1;3.420272674E-6;7.388772453E-2
2.307692308E2;4.994528109E-8;1.084167766E-3;2.306717887E-6;5.007218147E-2;2.472406323E-7;5.366879877E-3;5.784216550E-6;1.255586313E-1;1.997090743E-5;4.335107066E-1;3.793028169E-6;8.233568391E-2
2.302158273E2;5.397554354E-8;1.177292839E-3;2.340061568E-6;5.104048142E-2;2.110987864E-7;4.604401796E-3;6.795979244E-6;1.482311649E-1;2.492813081E-5;5.437223595E-1;3.941913822E-6;8.597943829E-2
2.296650718E2;5.817091193E-8;1.274893197E-3;2.229192997E-6;4.885574066E-2;2.013528399E-7;4.412916306E-3;8.122112483E-6;1.780069386E-1;2.956679207E-5;6.479957219E-1;3.859922525E-6;8.459535540E-2
2.291169451E2;6.416037794E-8;1.412896429E-3;2.016023919E-6;4.439551460E-2;2.149937941E-7;4.734447857E-3;9.735432353E-6;2.143871038E-1;3.283135243E-5;7.229898279E-1;3.605681490E-6;7.940187799E-2
2.285714286E2;7.486279671E-8;1.656456350E-3;1.782795502E-6;3.944713611E-2;2.428305471E-7;5.373005277E-3;1.159455382E-5;2.565476198E-1;3.380711600E-5;7.480352651E-1;3.291558977E-6;7.283088543E-2
2.280285036E2;9.278582395E-8;2.062819311E-3;1.638360241E-6;3.642411091E-2;2.726581891E-7;6.061751180E-3;1.367628040E-5;3.040517842E-1;3.218234980E-5;7.154796909E-1;3.051308575E-6;6.783685249E-2
2.274881517E2;1.180942640E-7;2.637965272E-3;1.703206032E-6;3.804586447E-2;2.926897041E-7;6.538042142E-3;1.598820130E-5;3.571411375E-1;2.849622640E-5;6.365428181E-1;2.998066767E-6;6.697019604E-2
2.269503546E2;1.474785118E-7;3.309976034E-3;2.095181961E-6;4.702381380E-2;2.945090129E-7;6.609897012E-3;1.855258195E-5;4.163901633E-1;2.402868241E-5;5.392945856E-1;3.187209604E-6;7.153304761E-2
2.264150943E2;1.745928329E-7;3.937073231E-3;2.913295577E-6;6.569489619E-2;2.754393179E-7;6.211164271E-3;2.137174489E-5;4.819334409E-1;2.043116477E-5;4.607233330E-1;3.597211300E-6;8.111721473E-2
2.258823529E2;1.922810198E-7;4.356419015E-3;4.215556833E-6;9.550985303E-2;2.398486248E-7;5.434135470E-3;2.439994415E-5;5.528178535E-1;1.928957609E-5;4.370346910E-1;4.134810330E-6;9.368041817E-2
2.253521127E2;1.958217852E-7;4.457543311E-3;5.990953348E-6;1.363736624E-1;1.982250902E-7;4.512250383E-3;2.754402374E-5;6.269919288E-1;2.172242383E-5;4.944733037E-1;4.662815669E-6;1.061409116E-1
2.248243560E2;1.853877575E-7;4.239866372E-3;8.134195529E-6;1.860311736E-1;1.639281286E-7;3.749079062E-3;3.069773955E-5;7.020653111E-1;2.805006018E-5;6.415121932E-1;5.040802422E-6;1.152844663E-1
2.242990654E2;1.662441976E-7;3.819877205E-3;1.043878393E-5;2.398572301E-1;1.501019058E-7;3.448967583E-3;3.378923075E-5;7.763922843E-1;3.759224481E-5;8.637760662E-1;5.164588022E-6;1.186693571E-1
2.237762238E2;1.469593858E-7;3.392557994E-3;1.262128501E-5;2.913624138E-1;1.693082148E-7;3.908480799E-3;3.680461637E-5;8.496347126E-1;4.869620494E-5;1.124152081E0;4.991588931E-6;1.152308500E-1
2.232558140E2;1.368719055E-7;3.174436124E-3;1.437844605E-5;3.334757297E-1;2.344943285E-7;5.438568745E-3;3.975985599E-5;9.221404690E-1;5.908973672E-5;1.370453594E0;4.545765429E-6;1.054288091E-1
2.227378190E2;1.434454972E-7;3.342387731E-3;1.546349526E-5;3.603110439E-1;3.567708590E-7;8.313028749E-3;4.262701567E-5;9.932414539E-1;6.655634541E-5;1.550812794E0;3.903674683E-6;9.095854956E-2
2.222222222E2;1.697986650E-7;3.974816950E-3;1.575527872E-5;3.688153196E-1;5.383879941E-7;1.260312455E-2;4.525949332E-5;1.059479479E0;6.974931142E-5;1.632761631E0;3.168508141E-6;7.417160707E-2
2.217090069E2;2.135106956E-7;5.021237877E-3;1.529056978E-5;3.595959814E-1;7.656927300E-7;1.800717911E-2;4.737330105E-5;1.114101628E0;6.876110139E-5;1.617089232E0;2.441840733E-6;5.742599050E-2
2.211981567E2;2.679975242E-7;6.331776972E-3;1.424275958E-5;3.365030233E-1;1.008619623E-6;2.382990111E-2;4.861680749E-5;1.148632932E0;6.505344155E-5;1.536968986E0;1.801717402E-6;4.256782891E-2
2.206896552E2;3.259065528E-7;7.735474780E-3;1.285511074E-5;3.051193174E-1;1.228919305E-6;2.916871172E-2;4.871162341E-5;1.156182750E0;6.068869411E-5;1.440461564E0;1.291608580E-6;3.065665760E-2
2.201834862E2;3.821773672E-7;9.112830887E-3;1.135888694E-5;2.708470585E-1;1.393554113E-6;3.322861072E-2;4.760188658E-5;1.135043515E0;5.727579609E-5;1.365713118E0;9.203543751E-7;2.194539629E-2
2.196796339E2;4.347382499E-7;1.041372476E-2;9.912521845E-6;2.374446558E-1;1.486415385E-6;3.560561026E-2;4.553306557E-5;1.090699547E0;5.525043111E-5;1.323469426E0;6.706036500E-7;1.606364711E-2
2.191780822E2;4.829813292E-7;1.162234951E-2;8.584885651E-6;2.065846762E-1;1.511331972E-6;3.636833836E-2;4.301197415E-5;1.035030065E0;5.386299401E-5;1.296146464E0;5.118055395E-7;1.231596855E-2
2.186788155E2;5.253756094E-7;1.270030981E-2;7.381981364E-6;1.784503290E-1;1.483894547E-6;3.587132737E-2;4.065935873E-5;9.828900378E-1;5.179734938E-5;1.252137276E0;4.132189165E-7;9.989059571E-3
2.181818182E2;5.578304840E-7;1.354637097E-2;6.295265231E-6;1.528743957E-1;1.418008481E-6;3.443495734E-2;3.901961193E-5;9.475533400E-1;4.801217254E-5;1.165928932E0;3.526561647E-7;8.563912100E-3
2.176870748E2;5.743032340E-7;1.400986043E-2;5.342433271E-6;1.303261762E-1;1.318180783E-6;3.215640746E-2;3.841136295E-5;9.370273440E-1;4.232998100E-5;1.032620210E0;3.191619090E-7;7.785806411E-3
2.171945701E2;5.699117082E-7;1.396585362E-2;4.579934190E-6;1.122326311E-1;1.183593817E-6;2.900431375E-2;3.887484885E-5;9.526395771E-1;3.548869137E-5;8.696607945E-1;3.110332429E-7;7.621960874E-3
2.167042889E2;5.444313096E-7;1.340188582E-2;4.084395056E-6;1.005427043E-1;1.019010918E-6;2.508428104E-2;4.022389619E-5;9.901635971E-1;2.870973200E-5;7.067274482E-1;3.322311867E-7;8.178303398E-3
2.162162162E2;5.031420154E-7;1.244147563E-2;3.915847845E-6;9.682937232E-2;8.418663055E-7;2.081730169E-2;4.216440859E-5;1.042623049E0;2.309883607E-5;5.711779125E-1;3.911375778E-7;9.671878902E-3
2.157303371E2;4.542760279E-7;1.128379558E-2;4.080842751E-6;1.013643524E-1;6.792274736E-7;1.687138104E-2;4.441944543E-5;1.103337863E0;1.922375112E-5;4.775001641E-1;5.038062916E-7;1.251408143E-2
2.152466368E2;4.053940809E-7;1.011492085E-2;4.511361855E-6;1.125622456E-1;5.567604428E-7;1.389163798E-2;4.681079384E-5;1.167968397E0;1.702498292E-5;4.247875410E-1;7.002497962E-7;1.747181717E-2
2.147651007E2;3.612047792E-7;9.052820353E-3;5.069424110E-6;1.270542042E-1;4.866977999E-7;1.219803281E-2;4.927733436E-5;1.235030324E0;1.602055733E-5;4.015207877E-1;1.027014029E-6;2.573989614E-2
2.142857143E2;3.233611560E-7;8.140653031E-3;5.579234300E-6;1.404578434E-1;4.618922607E-7;1.162818899E-2;5.184198626E-5;1.305127764E0;1.565328980E-5;3.940733100E-1;1.536794028E-6;3.868896041E-2
2.138084633E2;2.914323189E-7;7.369631320E-3;5.877792410E-6;1.486354128E-1;4.597459572E-7;1.162588356E-2;5.455488960E-5;1.379563614E0;1.560142324E-5;3.945229471E-1;2.261486325E-6;5.718761911E-2
2.133333333E2;2.642946344E-7;6.713186955E-3;5.866499203E-6;1.490113713E-1;4.539781289E-7;1.153122181E-2;5.743975064E-5;1.458992104E0;1.590911608E-5;4.040977629E-1;3.177656371E-6;8.071371309E-2
2.128603104E2;2.412903582E-7;6.156139038E-3;5.545527729E-6;1.414853042E-1;4.267972820E-7;1.088905263E-2;6.045875067E-5;1.542508693E0;1.688564987E-5;4.308104522E-1;4.183523824E-6;1.067359447E-1
2.123893805E2;2.224930617E-7;5.701757073E-3;5.018616932E-6;1.286104581E-1;3.742637436E-7;9.591134802E-3;6.350029342E-5;1.627301294E0;1.883906990E-5;4.827826954E-1;5.106496740E-6;1.308625253E-1
2.119205298E2;2.080738616E-7;5.355861024E-3;4.463965564E-6;1.149033280E-1;3.039524236E-7;7.823793562E-3;6.639021204E-5;1.708896765E0;2.178959838E-5;5.608684329E-1;5.747695952E-6;1.479467940E-1
2.114537445E2;1.975502548E-7;5.107456399E-3;4.076822739E-6;1.054020123E-1;2.290880412E-7;5.922833070E-3;6.892358785E-5;1.781947688E0;2.531418097E-5;6.544718240E-1;5.949640664E-6;1.538217722E-1
2.109890110E2;1.894869897E-7;4.920594283E-3;4.002264157E-6;1.039307140E-1;1.628356612E-7;4.228513129E-3;7.091366290E-5;1.841484551E0;2.861843564E-5;7.431629530E-1;5.656695494E-6;1.468929532E-1
2.105263158E2;1.817345394E-7;4.740045691E-3;4.282648240E-6;1.117011021E-1;1.140318866E-7;2.974208174E-3;7.225027314E-5;1.884449687E0;3.082169053E-5;8.038990378E-1;4.937539698E-6;1.287821448E-1
2.100656455E2;1.719823847E-7;4.505383195E-3;4.840382169E-6;1.268023845E-1;8.518358563E-8;2.231534908E-3;7.295209094E-5;1.911109240E0;3.132310491E-5;8.205642147E-1;3.958005669E-6;1.036869692E-1
2.096069869E2;1.586658069E-7;4.174742264E-3;5.504522881E-6;1.448324927E-1;7.339039742E-8;1.931014627E-3;7.319175636E-5;1.925788074E0;3.005620913E-5;7.908252511E-1;2.919453618E-6;7.681533058E-2
2.091503268E2;1.419114904E-7;3.750233425E-3;6.074455016E-6;1.605269889E-1;7.321190462E-8;1.934739259E-3;7.327486514E-5;1.936403090E0;2.749985443E-5;7.267267292E-1;1.994557981E-6;5.270931894E-2
2.086956522E2;1.237009198E-7;3.283250055E-3;6.398508503E-6;1.698281907E-1;7.934355164E-8;2.105923875E-3;7.357029904E-5;1.952691126E0;2.444919876E-5;6.489267284E-1;1.287952990E-6;3.418464255E-2
2.082429501E2;1.066950074E-7;2.844207758E-3;6.436022721E-6;1.715674069E-1;8.801279822E-8;2.346189288E-3;7.440948660E-5;1.983560845E0;2.167462744E-5;5.777884553E-1;8.303826066E-7;2.213581225E-2
2.077922078E2;9.247474448E-8;2.475839338E-3;6.275772621E-6;1.680221429E-1;9.747303458E-8;2.609659262E-3;7.598552471E-5;2.034371139E0;1.964663960E-5;5.260022449E-1;5.967191717E-7;1.597604630E-2
2.073434125E2;8.074534303E-8;2.171175021E-3;6.101763041E-6;1.640713260E-1;1.079022166E-7;2.901400734E-3;7.828534844E-5;2.105027816E0;1.846814946E-5;4.965931568E-1;5.312962015E-7;1.428611234E-2
2.068965517E2;7.009521921E-8;1.892952548E-3;6.121618416E-6;1.653170261E-1;1.204878453E-7;3.253827813E-3;8.107604182E-5;2.189494543E0;1.803990405E-5;4.871756267E-1;5.685888239E-7;1.535499389E-2
2.064516129E2;5.937086506E-8;1.610254979E-3;6.486702867E-6;1.759321778E-1;1.358811967E-7;3.685366102E-3;8.394633204E-5;2.276790122E0;1.834056384E-5;4.974322710E-1;6.460351241E-7;1.752174697E-2
2.060085837E2;4.846768344E-8;1.320199196E-3;7.234604030E-6;1.970615831E-1;1.530749040E-7;4.169569306E-3;8.638686074E-5;2.353070253E0;1.960578156E-5;5.340370165E-1;7.121520325E-7;1.939813241E-2
2.055674518E2;3.816014197E-8;1.043900513E-3;8.274966824E-6;2.263681859E-1;1.696706438E-7;4.641473090E-3;8.788454440E-5;2.404150410E0;2.224579585E-5;6.085511348E-1;7.334008061E-7;2.006275234E-2
2.051282051E2;2.942579063E-8;8.084165851E-4;9.422826314E-6;2.588738962E-1;1.834692082E-7;5.040461024E-3;8.800893113E-5;2.417874866E0;2.651932804E-5;7.285671568E-1;6.987910279E-7;1.919792958E-2
2.046908316E2;2.283850164E-8;6.301278304E-4;1.046564393E-5;2.887533346E-1;1.942448583E-7;5.359331058E-3;8.647775720E-5;2.385972705E0;3.216903064E-5;8.875626696E-1;6.189185834E-7;1.707633147E-2
2.042553191E2;1.836324192E-8;5.088156254E-4;1.123863141E-5;3.114042331E-1;2.042629403E-7;5.659794502E-3;8.319723485E-5;2.305260327E0;3.828852169E-5;1.060912784E0;5.193459697E-7;1.439023379E-2
2.038216561E2;1.560661070E-8;4.342759505E-4;1.168174123E-5;3.250609228E-1;2.169190263E-7;6.036077797E-3;7.827681728E-5;2.178162823E0;4.357278871E-5;1.212474290E0;4.331460544E-7;1.205289977E-2
2.033898305E2;1.429896292E-8;3.995801497E-4;1.185818539E-5;3.313733673E-1;2.342305039E-7;6.545499861E-3;7.201552560E-5;2.012451858E0;4.687299123E-5;1.309851418E0;3.987338810E-7;1.114249647E-2
2.029598309E2;1.470727048E-8;4.127335082E-4;1.192468063E-5;3.346450504E-1;2.548651824E-7;7.152340130E-3;6.485814260E-5;1.820128947E0;4.774967548E-5;1.340010106E0;4.657595515E-7;1.307071723E-2
2.025316456E2;1.779863949E-8;5.016015362E-4;1.205926449E-5;3.398543802E-1;2.740149798E-7;7.722294443E-3;5.732524927E-5;1.615541071E0;4.667376132E-5;1.315360671E0;7.070457000E-7;1.992597297E-2
2.021052632E2;2.514773967E-8;7.117075012E-4;1.237427913E-5;3.502051235E-1;2.853225570E-7;8.074928671E-3;4.993019149E-5;1.413076972E0;4.472408584E-5;1.265738702E0;1.230466600E-6;3.482349988E-2
2.016806723E2;3.862937671E-8;1.097860031E-3;1.285323468E-5;3.652933033E-1;2.839904007E-7;8.071103823E-3;4.310392555E-5;1.225028231E0;4.295766756E-5;1.220871530E0;2.179281191E-6;6.193591301E-2
2.012578616E2;5.983754352E-8;1.707756246E-3;1.334249460E-5;3.807931802E-1;2.694026749E-7;7.688719719E-3;3.714958861E-5;1.060244760E0;4.184336314E-5;1.194204517E0;3.707790429E-6;1.058198899E-1
2.008368201E2;8.915687756E-8;2.555206547E-3;1.360534853E-5;3.899247772E-1;2.456404069E-7;7.039972608E-3;3.223914546E-5;9.239632185E-1;4.109355285E-5;1.177727598E0;5.926240477E-6;1.698440870E-1
2.004175365E2;1.248114834E-7;3.592038142E-3;1.341639149E-5;3.861198399E-1;2.195402021E-7;6.318303080E-3;2.844607545E-5;8.186697670E-1;3.996095740E-5;1.150064716E0;8.825379486E-6;2.539918514E-1
2.000000000E2;1.627906422E-7;4.704649559E-3;1.265339884E-5;3.656832265E-1;1.976335655E-7;5.711610043E-3;2.579411488E-5;7.454499202E-1;3.777720489E-5;1.091761221E0;1.221158316E-5;3.529147533E-1
1.995841996E2;1.982576336E-7;5.753544004E-3;1.134573389E-5;3.292593481E-1;1.838009598E-7;5.334003492E-3;2.429664410E-5;7.051017831E-1;3.438019966E-5;9.977320316E-1;1.569190224E-5;4.553875096E-1
1.991701245E2;2.278863901E-7;6.640913651E-3;9.662775305E-6;2.815861728E-1;1.786494436E-7;5.206083295E-3;2.396751859E-5;6.984454901E-1;3.019238064E-5;8.798462809E-1;1.873502383E-5;5.459636070E-1
1.987577640E2;2.517090890E-7;7.365606738E-3;7.856924104E-6;2.299122902E-1;1.804059597E-7;5.279107549E-3;2.480220641E-5;7.257715618E-1;2.598352944E-5;7.603398839E-1;2.080184133E-5;6.087113628E-1
1.983471074E2;2.729960111E-7;8.021625688E-3;6.194867327E-6;1.820279596E-1;1.864106609E-7;5.477430017E-3;2.674239605E-5;7.857898371E-1;2.255104945E-5;6.626326767E-1;2.150250224E-5;6.318225076E-1
1.979381443E2;2.957921115E-7;8.727411084E-3;4.906277619E-6;1.447607965E-1;1.941677072E-7;5.728960760E-3;2.964555632E-5;8.746986369E-1;2.052766267E-5;6.056731865E-1;2.071670457E-5;6.112509090E-1
1.975308642E2;3.213323706E-7;9.520119165E-3;4.160380701E-6;1.232596640E-1;2.013232712E-7;5.964607701E-3;3.327624102E-5;9.858757128E-1;2.033169721E-5;6.023675110E-1;1.862600758E-5;5.518330177E-1
1.971252567E2;3.457049030E-7;1.028439691E-2;4.061841467E-6;1.208359774E-1;2.050746574E-7;6.100778889E-3;3.732150029E-5;1.110279661E0;2.213985247E-5;6.586398644E-1;1.564701798E-5;4.654841226E-1
1.967213115E2;3.606943092E-7;1.077442996E-2;4.651417242E-6;1.389441641E-1;2.022901542E-7;6.042682245E-3;4.142116862E-5;1.237306685E0;2.578719819E-5;7.702987093E-1;1.229875746E-5;3.673806253E-1
1.963190184E2;3.576835858E-7;1.072832934E-2;5.902045100E-6;1.770254105E-1;1.908660903E-7;5.724820365E-3;4.520169361E-5;1.355775537E0;3.062741872E-5;9.186360455E-1;9.061079017E-6;2.717771900E-1
1.959183673E2;3.323400549E-7;1.000898908E-2;7.711766000E-6;2.322530208E-1;1.713749785E-7;5.161250541E-3;4.830777403E-5;1.454871225E0;3.550908024E-5;1.069416674E0;6.274786366E-6;1.889759217E-1
1.955193483E2;2.872714322E-7;8.687019408E-3;9.902240305E-6;2.994413787E-1;1.478382592E-7;4.470593603E-3;5.043607706E-5;1.525174909E0;3.901491432E-5;1.179801679E0;4.106892377E-6;1.241914433E-1
1.951219512E2;2.312127017E-7;7.020325713E-3;1.223145389E-5;3.713843988E-1;1.273728962E-7;3.867431209E-3;5.137798712E-5;1.559993034E0;3.994789426E-5;1.212940410E0;2.573677838E-6;7.814474104E-2
1.947261663E2;1.753898389E-7;5.347042496E-3;1.442262464E-5;4.396970051E-1;1.187122354E-7;3.619134219E-3;5.106745350E-5;1.556873795E0;3.783034950E-5;1.153319301E0;1.595398857E-6;4.863831076E-2
1.943319838E2;1.291301148E-7;3.952726843E-3;1.620464415E-5;4.960309374E-1;1.292272795E-7;3.955701095E-3;4.961533988E-5;1.518746313E0;3.312710647E-5;1.014034590E0;1.055758789E-6;3.231721826E-2
1.939393939E2;9.694345320E-8;2.979505912E-3;1.735788055E-5;5.334853052E-1;1.613672629E-7;4.959537729E-3;4.730231995E-5;1.453811859E0;2.708149659E-5;8.323355164E-1;8.495376456E-7;2.611009154E-2
1.935483871E2;7.826364920E-8;2.415120559E-3;1.775679176E-5;5.479528910E-1;2.111908283E-7;6.517090840E-3;4.451346510E-5;1.373631128E0;2.128946664E-5;6.569669201E-1;9.108826848E-7;2.810872635E-2
1.931589537E2;6.936186085E-8;2.149061685E-3;1.739583798E-5;5.389810544E-1;2.703968477E-7;8.377795782E-3;4.162813199E-5;1.289778307E0;1.722643705E-5;5.337324488E-1;1.218524621E-6;3.775395503E-2
1.927710843E2;6.584723986E-8;2.048385197E-3;1.638676394E-5;5.097617572E-1;3.300059050E-7;1.026587010E-2;3.890819559E-5;1.210361620E0;1.587927392E-5;4.939746861E-1;1.778634460E-6;5.533001090E-2
1.923847695E2;6.446798548E-8;2.013541378E-3;1.492538070E-5;4.661673759E-1;3.831118629E-7;1.196580881E-2;3.643557271E-5;1.137999469E0;1.754329468E-5;5.479332025E-1;2.591611417E-6;8.094431345E-2
1.920000000E2;6.402423969E-8;2.007704565E-3;1.323897299E-5;4.151544265E-1;4.264278996E-7;1.337214225E-2;3.412973685E-5;1.070257590E0;2.178819368E-5;6.832452228E-1;3.616495216E-6;1.134078903E-1
1.916167665E2;6.568447927E-8;2.068014507E-3;1.153478248E-5;3.631618575E-1;4.611667947E-7;1.451940599E-2;3.183544652E-5;1.002309312E0;2.756600062E-5;8.678897940E-1;4.750831988E-6;1.495755098E-1
1.912350598E2;7.246459118E-8;2.290596795E-3;9.969744000E-6;3.151423789E-1;4.923165208E-7;1.556206454E-2;2.943222532E-5;9.303490144E-1;3.344226411E-5;1.057105846E0;5.839515988E-6;1.845863806E-1
1.908548708E2;8.764336756E-8;2.781444473E-3;8.650031434E-6;2.745168607E-1;5.257807040E-7;1.668614379E-2;2.690752219E-5;8.539354542E-1;3.796186209E-5;1.204755299E0;6.713435029E-6;2.130571574E-1
1.904761905E2;1.128454773E-7;3.595510809E-3;7.652992025E-6;2.438415452E-1;5.651858128E-7;1.800809166E-2;2.435849754E-5;7.761165383E-1;4.011843903E-5;1.278263734E0;7.242372228E-6;2.307582745E-1
1.900990099E2;1.471006498E-7;4.705575170E-3;7.053794922E-6;2.256425262E-1;6.105444780E-7;1.953059309E-2;2.193026755E-5;7.015232263E-1;3.975204692E-5;1.271620793E0;7.377288911E-6;2.359907149E-1
1.897233202E2;1.874780893E-7;6.020976336E-3;6.940860747E-6;2.229100930E-1;6.587315579E-7;2.115557683E-2;1.973392626E-5;6.337674099E-1;3.761314230E-5;1.207969638E0;7.160818460E-6;2.299741728E-1
1.893491124E2;2.306486347E-7;7.436732752E-3;7.413263331E-6;2.390235619E-1;7.048628756E-7;2.272667618E-2;1.779242059E-5;5.736755264E-1;3.500660011E-5;1.128707004E0;6.701388113E-6;2.160707889E-1
1.889763780E2;2.742509498E-7;8.877505149E-3;8.563551123E-6;2.772022093E-1;7.445709036E-7;2.410176532E-2;1.604040662E-5;5.192280738E-1;3.324804878E-5;1.076239570E0;6.125241696E-6;1.982741162E-1
1.886051081E2;3.170000884E-7;1.030173362E-2;1.045176820E-5;3.396571038E-1;7.765948906E-7;2.523744942E-2;1.437042943E-5;4.670040844E-1;3.330209089E-5;1.082237142E0;5.530021090E-6;1.797122660E-1
1.882352941E2;3.571780685E-7;1.165307401E-2;1.307350446E-5;4.265281898E-1;8.031769548E-7;2.620396189E-2;1.269313232E-5;4.141184003E-1;3.578995819E-5;1.167661366E0;4.960253912E-6;1.618302215E-1
1.878669276E2;3.906327693E-7;1.279457430E-2;1.632403726E-5;5.346686812E-1;8.268523857E-7;2.708227552E-2;1.097758826E-5;3.595539846E-1;4.124201055E-5;1.350818492E0;4.412296475E-6;1.445179707E-1
1.875000000E2;4.104798035E-7;1.349730568E-2;1.996743076E-5;6.565646211E-1;8.463525981E-7;2.782957805E-2;9.255560187E-6;3.043392733E-1;5.027448325E-5;1.653114386E0;3.861179286E-6;1.269624392E-1
1.871345029E2;4.096687628E-7;1.352330828E-2;2.362924535E-5;7.800096039E-1;8.557279804E-7;2.824787813E-2;7.596724046E-6;2.507705018E-1;6.340013942E-5;2.092860644E0;3.291569441E-6;1.086558516E-1
1.867704280E2;3.851479507E-7;1.276348280E-2;2.683215316E-5;8.891952421E-1;8.473313083E-7;2.807985492E-2;6.076239988E-6;2.013615402E-1;8.044814670E-5;2.665984681E0;2.716120701E-6;9.000998130E-2
1.864077670E2;3.407020512E-7;1.133455761E-2;2.908088106E-5;9.674697312E-1;8.158495568E-7;2.714187887E-2;4.753261134E-6;1.581326323E-1;9.995558081E-5;3.325346253E0;2.173918305E-6;7.232243595E-2
1.860465116E2;2.862305444E-7;9.559402497E-3;2.997926995E-5;1.001234542E0;7.608708474E-7;2.541123168E-2;3.666246774E-6;1.224437058E-1;1.190733714E-4;3.976760362E0;1.713693646E-6;5.723319066E-2
1.856866538E2;2.336956746E-7;7.835146630E-3;2.933900739E-5;9.836528864E-1;6.872898343E-7;2.304285964E-2;2.839831008E-6;9.521140001E-2;1.342599391E-4;4.501351216E0;1.372666611E-6;4.602157994E-2
1.853281853E2;1.921360614E-7;6.466715745E-3;2.723525079E-5;9.166557484E-1;6.036071997E-7;2.031558342E-2;2.293190347E-6;7.718181595E-2;1.424776690E-4;4.795365217E0;1.161937110E-6;3.910727093E-2
1.849710983E2;1.645177253E-7;5.558566167E-3;2.398484303E-5;8.103767348E-1;5.188832413E-7;1.753152632E-2;2.041240733E-6;6.896747242E-2;1.422888419E-4;4.807518102E0;1.064927126E-6;3.598073024E-2
1.846153846E2;1.478780238E-7;5.015632335E-3;2.005760780E-5;6.803011269E-1;4.403359881E-7;1.493503472E-2;2.086704701E-6;7.077551688E-2;1.343785520E-4;4.557765875E0;1.047926648E-6;3.554290652E-2
1.842610365E2;1.362736574E-7;4.639837028E-3;1.595982855E-5;5.433992519E-1;3.731319343E-7;1.270437294E-2;2.407553295E-6;8.197222515E-2;1.213752725E-4;4.132577746E0;1.076183529E-6;3.664183000E-2
1.839080460E2;1.244889706E-7;4.254879350E-3;1.213540881E-5;4.147732935E-1;3.211434088E-7;1.097628530E-2;2.947299717E-6;1.007350663E-1;1.070861712E-4;3.660073145E0;1.126608278E-6;3.850608030E-2
1.835564054E2;1.103111628E-7;3.784758807E-3;8.913053917E-6;3.058054911E-1;2.865466566E-7;9.831371139E-3;3.614548081E-6;1.240145815E-1;9.537142970E-5;3.272178893E0;1.190947336E-6;4.086121754E-2
1.832061069E2;9.466166941E-8;3.260258991E-3;6.501112553E-6;2.239059461E-1;2.684580887E-7;9.246011642E-3;4.294103792E-6;1.478939742E-1;8.896348115E-5;3.064006699E0;1.269200754E-6;4.371276351E-2
1.828571429E2;8.031011361E-8;2.776541794E-3;5.011993205E-6;1.732784077E-1;2.626135237E-7;9.079272728E-3;4.867527364E-6;1.682838257E-1;8.858427192E-5;3.062602233E0;1.360331102E-6;4.703039243E-2
1.825095057E2;7.032969202E-8;2.440762780E-3;4.490800594E-6;1.558513713E-1;2.628390743E-7;9.121721015E-3;5.236649534E-6;1.817357492E-1;9.267209060E-5;3.216146452E0;1.459062310E-6;5.063615207E-2
1.821631879E2;6.684623504E-8;2.328700037E-3;4.927760811E-6;1.716667629E-1;2.631425751E-7;9.167010288E-3;5.341854690E-6;1.860924135E-1;9.789897647E-5;3.410474053E0;1.562176233E-6;5.442101337E-2
1.818181818E2;7.051532831E-8;2.465850516E-3;6.248579526E-6;2.185065774E-1;2.592024833E-7;9.064051637E-3;5.170252044E-6;1.807985437E-1;1.004112073E-4;3.511279507E0;1.679116498E-6;5.871702481E-2
1.814744802E2;8.094286732E-8;2.841222838E-3;8.292332087E-6;2.910739894E-1;2.490282921E-7;8.741287457E-3;4.753350176E-6;1.668501194E-1;9.736203255E-5;3.417561541E0;1.836561677E-6;6.446622355E-2
1.811320755E2;9.754480344E-8;3.436934417E-3;1.079639291E-5;3.804046251E-1;2.329136838E-7;8.206578185E-3;4.157478469E-6;1.464863359E-1;8.802222908E-5;3.101412048E0;2.068812855E-6;7.289341772E-2
1.807909605E2;1.199337663E-7;4.241757947E-3;1.340808360E-5;4.742104493E-1;2.128287825E-7;7.527222796E-3;3.471413214E-6;1.227752204E-1;7.389186733E-5;2.613370907E0;2.394808070E-6;8.469838376E-2
1.804511278E2;1.474128698E-7;5.233280746E-3;1.573353121E-5;5.585535786E-1;1.916417750E-7;6.803444045E-3;2.794230726E-6;9.919753870E-2;5.781825951E-5;2.052596796E0;2.793977649E-6;9.918855427E-2
1.801125704E2;1.779775332E-7;6.342127506E-3;1.741592907E-5;6.206066622E-1;1.723859299E-7;6.142873922E-3;2.224340164E-6;7.926308835E-2;4.271447536E-5;1.522105876E0;3.197705423E-6;1.139484021E-1
1.797752809E2;2.077583483E-7;7.431155787E-3;1.821583144E-5;6.515486976E-1;1.574952251E-7;5.633331047E-3;1.849612249E-6;6.615742223E-2;3.059507062E-5;1.094332613E0;3.506114825E-6;1.254076464E-1
1.794392523E2;2.317355964E-7;8.319853556E-3;1.805955801E-5;6.483806556E-1;1.481520492E-7;5.319007405E-3;1.739569480E-6;6.245464034E-2;2.229765751E-5;8.005384066E-1;3.624632619E-6;1.301328456E-1
1.791044776E2;2.456258791E-7;8.851544754E-3;1.703627200E-5;6.139309285E-1;1.441033705E-7;5.193009132E-3;1.939771827E-6;6.990296461E-2;1.778072917E-5;6.407587040E-1;3.501938970E-6;1.261983046E-1
1.787709497E2;2.477839319E-7;8.962663258E-3;1.534907633E-5;5.551958170E-1;1.439728145E-7;5.207681726E-3;2.467281827E-6;8.924475452E-2;1.661342012E-5;6.009287567E-1;3.149919160E-6;1.139366242E-1
1.784386617E2;2.397116534E-7;8.703001670E-3;1.324663849E-5;4.809341360E-1;1.457089577E-7;5.290127886E-3;3.305347683E-6;1.200043719E-1;1.827384736E-5;6.634526182E-1;2.637027752E-6;9.574026376E-2
1.781076067E2;2.247410311E-7;8.189837172E-3;1.096571886E-5;3.996041644E-1;1.471019258E-7;5.360573522E-3;4.396792288E-6;1.602244715E-1;2.212619455E-5;8.063055054E-1;2.061214168E-6;7.511315728E-2
1.777777778E2;2.058894940E-7;7.530729944E-3;8.701006162E-6;3.182528957E-1;1.465136993E-7;5.358967481E-3;5.639769473E-6;2.062833806E-1;2.725348667E-5;9.968388585E-1;1.517437615E-6;5.550265177E-2
1.774491682E2;1.845093443E-7;6.773735958E-3;6.599273201E-6;2.422735518E-1;1.435558479E-7;5.270244780E-3;6.892638114E-6;2.530436104E-1;3.243636544E-5;1.190808930E0;1.074736024E-6;3.945587729E-2
1.771217712E2;1.606027471E-7;5.917890304E-3;4.764093653E-6;1.755473312E-1;1.390878378E-7;5.125108887E-3;7.992621751E-6;2.945121402E-1;3.640538377E-5;1.341465644E0;7.696963982E-7;2.836177422E-2
1.767955801E2;1.342782010E-7;4.966158098E-3;3.259264209E-6;1.205409458E-1;1.343633574E-7;4.969307531E-3;8.786809157E-6;3.249722079E-1;3.824387026E-5;1.414415033E0;6.139162894E-7;2.270514000E-2
1.764705882E2;1.069898045E-7;3.971509095E-3;2.107762154E-6;7.824106794E-2;1.299512409E-7;4.823847817E-3;9.166529024E-6;3.402656314E-1;3.771849866E-5;1.400127434E0;6.075364189E-7;2.255202188E-2
1.761467890E2;8.153585566E-8;3.037784807E-3;1.291736254E-6;4.812627200E-2;1.251346815E-7;4.662148098E-3;9.093441465E-6;3.387947315E-1;3.537203798E-5;1.317857508E0;7.511851440E-7;2.798693654E-2
1.758241758E2;6.102050606E-8;2.281794129E-3;7.602490383E-7;2.842866939E-2;1.181662959E-7;4.418697544E-3;8.608236404E-6;3.218954506E-1;3.232895244E-5;1.208905312E0;1.051438573E-6;3.931737901E-2
1.755027422E2;4.763190451E-8;1.787672533E-3;4.444239114E-7;1.667966938E-2;1.073909146E-7;4.030487344E-3;7.820147539E-6;2.934978792E-1;2.988816912E-5;1.121732577E0;1.517343398E-6;5.694739991E-2
1.751824818E2;4.195532668E-8;1.580387522E-3;2.742247394E-7;1.032959080E-2;9.262185241E-8;3.488911454E-3;6.884048885E-6;2.593106959E-1;2.909188917E-5;1.095843181E0;2.147717885E-6;8.090096810E-2
1.748633880E2;4.306421163E-8;1.628083062E-3;1.914067646E-7;7.236312926E-3;7.565658207E-8;2.860268309E-3;5.974315618E-6;2.258646262E-1;3.047401818E-5;1.152098946E0;2.913309642E-6;1.101404136E-1
1.745454545E2;4.910483812E-8;1.863223833E-3;1.566871899E-7;5.945306361E-3;5.945459402E-8;2.255932832E-3;5.259692247E-6;1.995726760E-1;3.403933214E-5;1.291581386E0;3.742722688E-6;1.420130964E-1
1.742286751E2;5.793796647E-8;2.206387629E-3;1.513698639E-7;5.764451455E-3;4.661957478E-8;1.775361811E-3;4.878692192E-6;1.857898500E-1;3.936307378E-5;1.499020492E0;4.522397648E-6;1.722214781E-1
1.739130435E2;6.749036838E-8;2.579498752E-3;1.755143985E-7;6.708204188E-3;3.823738770E-8;1.461442517E-3;4.915047692E-6;1.878543515E-1;4.567298089E-5;1.745632748E0;5.117081951E-6;1.955761514E-1
1.735985533E2;7.592482874E-8;2.912389466E-3;2.453394214E-7;9.410939194E-3;3.366132511E-8;1.291209876E-3;5.377484757E-6;2.062741559E-1;5.189590477E-5;1.990667465E0;5.407673281E-6;2.074321531E-1
1.732851986E2;8.202107740E-8;3.157623657E-3;3.908348674E-7;1.504624741E-2;3.120797122E-8;1.201435428E-3;6.192599483E-6;2.384008995E-1;5.676560448E-5;2.185345783E0;5.332738790E-6;2.052982318E-1
1.729729730E2;8.569640510E-8;3.311036270E-3;6.508777101E-7;2.514784259E-2;2.925315750E-8;1.130248876E-3;7.220104100E-6;2.789618365E-1;5.908481616E-5;2.282849194E0;4.914775710E-6;1.898912868E-1
1.726618705E2;8.813400882E-8;3.417499627E-3;1.062910748E-6;4.121561171E-2;2.698134401E-8;1.046233280E-3;8.292414697E-6;3.215481119E-1;5.812008932E-5;2.253674674E0;4.257294206E-6;1.650815793E-1
1.723518851E2;9.123635398E-8;3.550534033E-3;1.646055139E-6;6.405752242E-2;2.450564821E-8;9.536564556E-4;9.267065633E-6;3.606351030E-1;5.395866166E-5;2.099843497E0;3.512089459E-6;1.366757066E-1
1.720430108E2;9.672594281E-8;3.777693662E-3;2.381269273E-6;9.300199698E-2;2.262699629E-8;8.837118355E-4;1.006927238E-5;3.932618833E-1;4.758934576E-5;1.858632386E0;2.830287439E-6;1.105386891E-1
1.717352415E2;1.053594572E-7;4.129642989E-3;3.197639825E-6;1.253338926E-1;2.244017076E-8;8.795593328E-4;1.070347078E-5;4.195305695E-1;4.059041467E-5;1.590971763E0;2.318238890E-6;9.086511299E-2
1.714285714E2;1.163812288E-7;4.577984949E-3;3.975769788E-6;1.563913221E-1;2.487680078E-8;9.785565997E-4;1.122801214E-5;4.416663331E-1;3.455575082E-5;1.359288854E0;2.016170819E-6;7.930831934E-2
1.711229947E2;1.273430356E-7;5.027085699E-3;4.574252338E-6;1.805764909E-1;3.050631641E-8;1.204289392E-3;1.170773533E-5;4.621830207E-1;3.056315296E-5;1.206533113E0;1.904701892E-6;7.519138834E-2
1.708185053E2;1.347361267E-7;5.337919962E-3;4.874186269E-6;1.931034892E-1;3.971157034E-8;1.573276516E-3;1.217203774E-5;4.822267408E-1;2.892635916E-5;1.145992495E0;1.929795585E-6;7.645384074E-2
1.705150977E2;1.354925889E-7;5.387008970E-3;4.824898470E-6;1.918316828E-1;5.290364543E-8;2.103380080E-3;1.260204408E-5;5.010408692E-1;2.926798540E-5;1.163657003E0;2.029667677E-6;8.069694491E-2
1.702127660E2;1.285420470E-7;5.128835708E-3;4.469362174E-6;1.783278301E-1;7.072290869E-8;2.821848477E-3;1.295251131E-5;5.168060110E-1;3.078554127E-5;1.228345021E0;2.151003838E-6;8.582518759E-2
1.699115044E2;1.154090038E-7;4.621170113E-3;3.935527000E-6;1.575851030E-1;9.470421264E-8;3.792115542E-3;1.319307105E-5;5.282726966E-1;3.254295203E-5;1.303074391E0;2.252224020E-6;9.018282791E-2
1.696113074E2;9.967881930E-8;4.005448162E-3;3.396445796E-6;1.364812270E-1;1.281986519E-7;5.151476093E-3;1.334220466E-5;5.361370602E-1;3.368596184E-5;1.353621310E0;2.300507790E-6;9.244255464E-2
1.693121693E2;8.587848817E-8;3.463106729E-3;3.016893577E-6;1.216582251E-1;1.760338518E-7;7.098681283E-3;1.347382661E-5;5.433409529E-1;3.357159216E-5;1.353796616E0;2.271508472E-6;9.160007867E-2
1.690140845E2;7.823918221E-8;3.166185399E-3;2.908827574E-6;1.177145151E-1;2.418935433E-7;9.788954628E-3;1.369551644E-5;5.542305398E-1;3.186058654E-5;1.289335101E0;2.155509564E-6;8.722922091E-2
1.687170475E2;7.952403734E-8;3.229522550E-3;3.112496707E-6;1.264005028E-1;3.244936119E-7;1.317789529E-2;1.411610548E-5;5.732641662E-1;2.860760000E-5;1.161773124E0;1.966477826E-6;7.985993537E-2
1.684210526E2;9.020858747E-8;3.676317079E-3;3.605206718E-6;1.469248483E-1;4.152120760E-7;1.692135183E-2;1.482396174E-5;6.041285565E-1;2.430458648E-5;9.904973448E-1;1.746186406E-6;7.116323497E-2
1.681260946E2;1.082437493E-7;4.426805198E-3;4.325440657E-6;1.768959714E-1;4.993424388E-7;2.042142589E-2;1.588688611E-5;6.497201961E-1;1.981514340E-5;8.103727038E-1;1.557216884E-6;6.368493183E-2
1.678321678E2;1.293519225E-7;5.308603799E-3;5.195120308E-6;2.132077735E-1;5.611067860E-7;2.302782639E-2;1.736381718E-5;7.126111774E-1;1.621183607E-5;6.653338648E-1;1.465241372E-6;6.013351610E-2
1.675392670E2;1.477896102E-7;6.086512461E-3;6.129223712E-6;2.524236748E-1;5.902622991E-7;2.430914348E-2;1.930509979E-5;7.950540658E-1;1.460952988E-5;6.016734569E-1;1.517066491E-6;6.247830340E-2
1.672473868E2;1.577845161E-7;6.520839863E-3;7.034798464E-6;2.907306458E-1;5.866915095E-7;2.424649438E-2;2.172444804E-5;8.978171642E-1;1.604981590E-5;6.632987945E-1;1.723171706E-6;7.121438168E-2
1.669565217E2;1.555120662E-7;6.449338161E-3;7.809337599E-6;3.238659238E-1;5.599740369E-7;2.322303351E-2;2.454655723E-5;1.017985627E0;2.136481484E-5;8.860335983E-1;2.050843543E-6;8.505181523E-2
1.666666667E2;1.406884909E-7;5.854892238E-3;8.348340465E-6;3.474245368E-1;5.241261913E-7;2.181203558E-2;2.756012912E-5;1.146942333E0;3.090487608E-5;1.286137323E0;2.430861632E-6;1.011627377E-1
1.663778163E2;1.166856148E-7;4.872864254E-3;8.563683509E-6;3.576247794E-1;4.913064224E-7;2.051726348E-2;3.041472894E-5;1.270138103E0;4.414630908E-5;1.843577478E0;2.777581436E-6;1.159935380E-1
1.660899654E2;8.900545830E-8;3.729818387E-3;8.405880064E-6;3.522526216E-1;4.688042041E-7;1.964547539E-2;3.268308964E-5;1.369601270E0;5.940422610E-5;2.489363900E0;3.018207930E-6;1.264795177E-1
1.658031088E2;6.308582344E-8;2.652798551E-3;7.879497829E-6;3.313378392E-1;4.599159937E-7;1.933975678E-2;3.397575175E-5;1.428701729E0;7.396094048E-5;3.110104062E0;3.122189442E-6;1.312900296E-1
1.655172414E2;4.261843015E-8;1.798327575E-3;7.043850099E-6;2.972223477E-1;4.657200289E-7;1.965152557E-2;3.406196759E-5;1.437279021E0;8.475785748E-5;3.576443143E0;3.118250311E-6;1.315777118E-1
1.652323580E2;2.894050809E-8;1.225388455E-3;5.998328339E-6;2.539790342E-1;4.852112753E-7;2.054463913E-2;3.294080707E-5;1.394767657E0;8.945832063E-5;3.787811636E0;3.087862381E-6;1.307451445E-1
1.649484536E2;2.145449774E-8;9.115483081E-4;4.859316529E-6;2.064602870E-1;5.140275644E-7;2.183975418E-2;3.082957062E-5;1.309871863E0;8.737133741E-5;3.712191063E0;3.133115612E-6;1.331182985E-1
1.646655232E2;1.859957564E-8;7.929677285E-4;3.737994544E-6;1.593643371E-1;5.438015504E-7;2.318424294E-2;2.807806917E-5;1.197070469E0;7.970202157E-5;3.397987794E0;3.330686844E-6;1.419993247E-1
1.643835616E2;1.874440166E-8;8.018860238E-4;2.724365970E-6;1.165484519E-1;5.641246628E-7;2.413326874E-2;2.505280051E-5;1.071759502E0;6.894674673E-5;2.949543740E0;3.694105277E-6;1.580339264E-1
1.641025641E2;2.060644775E-8;8.845659797E-4;1.878115675E-6;8.062123332E-2;5.674577046E-7;2.435906404E-2;2.204378083E-5;9.462658884E-1;5.776575998E-5;2.479691147E0;4.165283357E-6;1.788017031E-1
1.638225256E2;2.327994272E-8;1.002749623E-3;1.225687901E-6;5.279472099E-2;5.547571453E-7;2.389535597E-2;1.922566069E-5;8.281173300E-1;4.797296823E-5;2.066365729E0;4.642258063E-6;1.999585042E-1
1.635434412E2;2.616646335E-8;1.130932274E-3;7.632658795E-7;3.298886844E-2;5.376087230E-7;2.323581325E-2;1.667229417E-5;7.205878496E-1;4.014815602E-5;1.735230504E0;5.030441754E-6;2.174191008E-1
1.632653061E2;2.895580972E-8;1.255757366E-3;4.640359855E-7;2.012434162E-2;5.344026755E-7;2.317600863E-2;1.439933467E-5;6.244712461E-1;3.392790319E-5;1.471387426E0;5.290727162E-6;2.294485863E-1
1.629881154E2;3.153498649E-8;1.372266960E-3;2.883957963E-7;1.254974448E-2;5.622916092E-7;2.446851205E-2;1.240387595E-5;5.397633242E-1;2.863054257E-5;1.245878054E0;5.458576072E-6;2.375337498E-1
1.627118644E2;3.391467991E-8;1.480836511E-3;1.950442222E-7;8.516329987E-3;6.292082417E-7;2.747348759E-2;1.068237828E-5;4.664309327E-1;2.377922540E-5;1.038286231E0;5.623414252E-6;2.455384266E-1
1.624365482E2;3.622312304E-8;1.586997420E-3;1.498630457E-7;6.565758193E-3;7.293110014E-7;3.195237132E-2;9.228860556E-6;4.043322791E-1;1.928578617E-5;8.449435151E-1;5.878474986E-6;2.575461157E-1
1.621621622E2;3.865054207E-8;1.699082124E-3;1.303027025E-7;5.728121281E-3;8.432129836E-7;3.706773645E-2;8.026951404E-6;3.528656756E-1;1.532396005E-5;6.736429864E-1;6.266517610E-6;2.754768104E-1
1.618887015E2;4.130487690E-8;1.821906507E-3;1.252366644E-7;5.524032775E-3;9.430583232E-7;4.159712422E-2;7.047182159E-6;3.108423991E-1;1.209021608E-5;5.332843238E-1;6.747989631E-6;2.976453906E-1
1.616161616E2;4.406576426E-8;1.950246759E-3;1.323226445E-7;5.856288046E-3;1.001100656E-6;4.430635307E-2;6.253355795E-6;2.767587735E-1;9.659252172E-6;4.274957113E-1;7.206780885E-6;3.189551184E-1
1.613445378E2;4.651577764E-8;2.065615983E-3;1.545738401E-7;6.864126771E-3;9.987126668E-7;4.434961536E-2;5.613232710E-6;2.492655995E-1;8.012506177E-6;3.558096125E-1;7.490727704E-6;3.326391098E-1
1.610738255E2;4.797399337E-8;2.137537577E-3;1.969476755E-7;8.775234822E-3;9.324467869E-7;4.154626092E-2;5.106788508E-6;2.275389554E-1;7.141080158E-6;3.181792073E-1;7.468338240E-6;3.327605752E-1
1.608040201E2;4.775108010E-8;2.134751020E-3;2.628527924E-7;1.175104868E-2;8.150552359E-7;3.643770974E-2;4.727298892E-6;2.113377564E-1;7.077335236E-6;3.163980497E-1;7.077029609E-6;3.163843864E-1
1.605351171E2;4.559903775E-8;2.045377217E-3;3.506646108E-7;1.572931012E-2;6.713760270E-7;3.011504842E-2;4.475562308E-6;2.007545253E-1;7.825028456E-6;3.509972077E-1;6.343323175E-6;2.845342652E-1
1.602671119E2;4.196142183E-8;1.888509650E-3;4.514842431E-7;2.031943420E-2;5.305133215E-7;2.387620541E-2;4.352443609E-6;1.958854442E-1;9.280864812E-6;4.176932523E-1;5.369537515E-6;2.416606247E-1
1.600000000E2;3.773782406E-8;1.704098618E-3;5.502296955E-7;2.484630969E-2;4.169735688E-7;1.882896272E-2;4.355174337E-6;1.966633411E-1;1.122659649E-5;5.069509976E-1;4.296721459E-6;1.940238284E-1
1.597337770E2;3.382952492E-8;1.532710776E-3;6.301862754E-7;2.855178421E-2;3.441231428E-7;1.559115154E-2;4.479643438E-6;2.029587406E-1;1.338700219E-5;6.065235198E-1;3.261944501E-6;1.477885811E-1
1.594684385E2;3.085191307E-8;1.402459890E-3;6.785842169E-7;3.084694114E-2;3.121586423E-7;1.419004307E-2;4.725961195E-6;2.148317676E-1;1.550206740E-5;7.046897770E-1;2.366937160E-6;1.075957404E-1
1.592039801E2;2.899835104E-8;1.322584094E-3;6.905623602E-7;3.149581823E-2;3.103421588E-7;1.415437734E-2;5.101645221E-6;2.326806380E-1;1.737785102E-5;7.925853891E-1;1.666523060E-6;7.600835259E-2
1.589403974E2;2.800463679E-8;1.281501709E-3;6.697868295E-7;3.064967323E-2;3.218928920E-7;1.472992827E-2;5.617386917E-6;2.570535368E-1;1.889352518E-5;8.645741411E-1;1.174423366E-6;5.374201284E-2
1.586776860E2;2.745942998E-8;1.260717075E-3;6.255897458E-7;2.872207017E-2;3.299247965E-7;1.514750396E-2;6.275406673E-6;2.881164085E-1;1.994938435E-5;9.159159353E-1;8.766771524E-7;4.024999267E-2
1.584158416E2;2.750130262E-8;1.266816996E-3;5.687002249E-7;2.619654496E-2;3.229125514E-7;1.487460845E-2;7.055603311E-6;3.250085392E-1;2.039553518E-5;9.394977016E-1;7.426722283E-7;3.421037229E-2
1.581548600E2;2.919255996E-8;1.349164580E-3;5.085806683E-7;2.350458558E-2;2.978553538E-7;1.376569557E-2;7.907469223E-6;3.654519305E-1;2.003438895E-5;9.259101631E-1;7.310693511E-7;3.378713191E-2
1.578947368E2;3.417006657E-8;1.584412834E-3;4.532300801E-7;2.101557379E-2;2.599956647E-7;1.205559453E-2;8.753534023E-6;4.058877560E-1;1.873730146E-5;8.688195218E-1;7.946154772E-7;3.684508361E-2
1.576354680E2;4.415750218E-8;2.054255471E-3;4.098401403E-7;1.906621319E-2;2.196964261E-7;1.022051889E-2;9.503352677E-6;4.421063980E-1;1.658072436E-5;7.713534974E-1;8.883022634E-7;4.132479634E-2
1.573770492E2;6.105314464E-8;2.849594579E-3;3.845854533E-7;1.795014212E-2;1.883605339E-7;8.791539887E-3;1.007162230E-5;4.700829167E-1;1.386721297E-5;6.472383223E-1;9.795761789E-7;4.572074028E-2
1.571194763E2;8.720880865E-8;4.083740547E-3;3.811478705E-7;1.784807105E-2;1.749024766E-7;8.190185678E-3;1.039281909E-5;4.866661678E-1;1.101717517E-5;5.159029879E-1;1.054801634E-6;4.939336137E-2
1.568627451E2;1.247645110E-7;5.861506905E-3;3.988524471E-7;1.873831232E-2;1.835889424E-7;8.625111782E-3;1.042840684E-5;4.899324194E-1;8.429544934E-6;3.960247626E-1;1.117421225E-6;5.249707768E-2
1.566068515E2;1.739609789E-7;8.199514907E-3;4.322143346E-7;2.037208518E-2;2.133809155E-7;1.005754284E-2;1.016781581E-5;4.792520592E-1;6.387317804E-6;3.010612374E-1;1.178554097E-6;5.555022711E-2
1.563517915E2;2.314267310E-7;1.094373659E-2;4.730378274E-7;2.236907273E-2;2.584133506E-7;1.221988328E-2;9.627488856E-6;4.552659132E-1;5.014685657E-6;2.371350909E-1;1.246569804E-6;5.894795086E-2
1.560975610E2;2.896169970E-7;1.374009216E-2;5.140199346E-7;2.438628031E-2;3.090171649E-7;1.466048046E-2;8.850742044E-6;4.198994279E-1;4.294429703E-6;2.037375586E-1;1.323689513E-6;6.279885535E-2
1.558441558E2;3.381020204E-7;1.609253856E-2;5.514455133E-7;2.624698360E-2;3.532469398E-7;1.681338666E-2;7.907189683E-6;3.763560913E-1;4.145665480E-6;1.973199731E-1;1.412092882E-6;6.721095345E-2
1.555915721E2;3.667914627E-7;1.751478920E-2;5.851089305E-7;2.793974402E-2;3.794247640E-7;1.811804645E-2;6.886654464E-6;3.288470793E-1;4.508283533E-6;2.152766456E-1;1.523666403E-6;7.275713468E-2
1.553398058E2;3.699809048E-7;1.772440350E-2;6.154992624E-7;2.948627116E-2;3.796184770E-7;1.818610359E-2;5.883921775E-6;2.818767195E-1;5.360580107E-6;2.568053745E-1;1.682300348E-6;8.059272734E-2
1.550888530E2;3.487905043E-7;1.676336954E-2;6.403397286E-7;3.077564145E-2;3.526318667E-7;1.694799090E-2;4.977122357E-6;2.392076054E-1;6.668043884E-6;3.204757078E-1;1.912529738E-6;9.191890939E-2
1.548387097E2;3.101954383E-7;1.495664390E-2;6.534623324E-7;3.150788891E-2;3.046506185E-7;1.468929021E-2;4.208468172E-6;2.029190376E-1;8.328423955E-6;4.015702876E-1;2.219286840E-6;1.070069991E-1
1.545893720E2;2.633997650E-7;1.274130616E-2;6.471519950E-7;3.130436241E-2;2.469003174E-7;1.194318657E-2;3.577173538E-6;1.730368410E-1;1.015084192E-5;4.910216406E-1;2.572046483E-6;1.244163285E-1
1.543408360E2;2.161828675E-7;1.049101265E-2;6.163453912E-7;2.991026702E-2;1.914998653E-7;9.293185586E-3;3.048821416E-6;1.479544813E-1;1.185080933E-5;5.751010338E-1;2.905284000E-6;1.409888375E-1
1.540930979E2;1.731987769E-7;8.432110363E-3;5.623111725E-7;2.737588538E-2;1.475212220E-7;7.182009289E-3;2.577012244E-6;1.254607685E-1;1.307193931E-5;6.364019244E-1;3.137609063E-6;1.527531912E-1
1.538461538E2;1.362800877E-7;6.656055762E-3;4.941772277E-7;2.413610998E-2;1.187859835E-7;5.801626220E-3;2.126534517E-6;1.038620723E-1;1.348683882E-5;6.587106949E-1;3.201027673E-6;1.563413926E-1
1.536000000E2;1.056438853E-7;5.176303921E-3;4.276465455E-7;2.095368307E-2;1.039287748E-7;5.092267508E-3;1.687043841E-6;8.266121249E-2;1.296196652E-5;6.351061207E-1;3.066567596E-6;1.502546582E-1
1.533546326E2;8.105562243E-8;3.984255488E-3;3.820293105E-7;1.877849224E-2;9.829545363E-8;4.831672237E-3;1.272001519E-6;6.252470685E-2;1.166147341E-5;5.732148867E-1;2.754497270E-6;1.353961704E-1
1.531100478E2;6.232682850E-8;3.073445229E-3;3.780525238E-7;1.864243302E-2;9.668905757E-8;4.767907012E-3;9.061447713E-7;4.468358797E-2;9.984918376E-6;4.923738377E-1;2.325838292E-6;1.146911655E-1
1.528662420E2;4.910649708E-8;2.429257830E-3;4.384634452E-7;2.169042429E-2;9.580078531E-8;4.739185680E-3;6.103423742E-7;3.019313287E-2;8.384105618E-6;4.147547764E-1;1.860831305E-6;9.205378690E-2
1.526232114E2;4.059568876E-8;2.014635920E-3;5.911669169E-7;2.933774847E-2;9.546072911E-8;4.737414729E-3;3.920971333E-7;1.945854334E-2;7.188046321E-6;3.567200547E-1;1.434393222E-6;7.118440892E-2
1.523809524E2;3.583557311E-8;1.784065609E-3;8.744729261E-7;4.353542967E-2;9.837819762E-8;4.897735511E-3;2.447128326E-7;1.218297102E-2;6.509854015E-6;3.240915564E-1;1.096940357E-6;5.461091859E-2
1.521394612E2;3.440982309E-8;1.718527659E-3;1.343786958E-6;6.711266866E-2;1.084916526E-7;5.418391873E-3;1.527643654E-7;7.629501222E-3;6.246261660E-6;3.119566584E-1;8.654066050E-7;4.322094836E-2
1.518987342E2;3.658331514E-8;1.832873882E-3;2.076349622E-6;1.040279422E-1;1.286423497E-7;6.445156817E-3;9.927226966E-8;4.973675831E-3;6.173637775E-6;3.093076556E-1;7.258840302E-7;3.636777792E-2
1.516587678E2;4.262536669E-8;2.142352428E-3;3.168135743E-6;1.592306138E-1;1.585529285E-7;7.968875762E-3;7.085914383E-8;3.561383060E-3;6.103682841E-6;3.067713142E-1;6.456442615E-7;3.245010328E-2
1.514195584E2;5.200662623E-8;2.622120011E-3;4.717042225E-6;2.378283636E-1;1.941010125E-7;9.786371196E-3;5.917948820E-8;2.983768253E-3;5.991585485E-6;3.020895093E-1;5.891896627E-7;2.970633008E-2
1.511811024E2;6.315353399E-8;3.194188022E-3;6.792650172E-6;3.435595832E-1;2.283543030E-7;1.154973496E-2;5.909287020E-8;2.988807217E-3;5.930667390E-6;2.999621009E-1;5.320966355E-7;2.691245591E-2
1.509433962E2;7.376556261E-8;3.742684843E-3;9.401704507E-6;4.770195700E-1;2.540464093E-7;1.288969557E-2;6.653501590E-8;3.375824528E-3;6.105364349E-6;3.097713052E-1;4.681855529E-7;2.375459375E-2
1.507064364E2;8.141044893E-8;4.143567159E-3;1.246442728E-5;6.344049471E-1;2.664002296E-7;1.355903642E-2;7.789008218E-8;3.964390208E-3;6.788323011E-6;3.455069056E-1;4.096546520E-7;2.085029115E-2
1.504702194E2;8.426151203E-8;4.302154209E-3;1.581348223E-5;8.073916255E-1;2.649110485E-7;1.352560802E-2;9.052233436E-8;4.621814070E-3;8.329294365E-6;4.252701851E-1;3.821087933E-7;1.950939301E-2
1.502347418E2;8.173523813E-8;4.186262107E-3;1.921663270E-5;9.842249575E-1;2.531727943E-7;1.296683902E-2;1.033400779E-7;5.292804698E-3;1.102571241E-5;5.647077454E-1;4.177756102E-7;2.139735867E-2
1.500000000E2;7.469998823E-8;3.837919395E-3;2.241150983E-5;1.151453572E0;2.369350928E-7;1.217319855E-2;1.174497410E-7;6.034306691E-3;1.491150488E-5;7.661199841E-1;5.490660972E-7;2.820979593E-2
1.497659906E2;6.512340451E-8;3.356359898E-3;2.513767239E-5;1.295556892E0;2.214494455E-7;1.141316312E-2;1.371114370E-7;7.066512143E-3;1.964377178E-5;1.012409722E0;8.031881451E-7;4.139507910E-2
1.495327103E2;5.530238228E-8;2.859099464E-3;2.715818711E-5;1.404061724E0;2.093858758E-7;1.082512219E-2;1.702555739E-7;8.802109421E-3;2.459346979E-5;1.271467402E0;1.197424265E-6;6.190610483E-2
1.493001555E2;4.703831332E-8;2.439433898E-3;2.827540259E-5;1.466378590E0;2.002077931E-7;1.038289094E-2;2.273503494E-7;1.179051947E-2;2.908011080E-5;1.508111219E0;1.734711350E-6;8.996312519E-2
1.490683230E2;4.119907096E-8;2.143258355E-3;2.835258794E-5;1.474958526E0;1.911692114E-7;9.945006045E-3;3.183892830E-7;1.656324949E-2;3.261117681E-5;1.696498866E0;2.399781349E-6;1.248414420E-1
1.488372093E2;3.782984222E-8;1.974100813E-3;2.734508206E-5;1.426967324E0;1.793335256E-7;9.358285361E-3;4.486732280E-7;2.341342527E-2;3.501031560E-5;1.826967506E0;3.156752154E-6;1.647309802E-1
1.486068111E2;3.654190389E-8;1.912808861E-3;2.532946258E-5;1.325886594E0;1.635382367E-7;8.560511494E-3;6.146079580E-7;3.217203876E-2;3.636885288E-5;1.903750398E0;3.949625722E-6;2.067456338E-1
1.483771252E2;3.679656987E-8;1.932107407E-3;2.251059358E-5;1.181982037E0;1.453602918E-7;7.632551009E-3;8.018007174E-7;4.210080208E-2;3.685218919E-5;1.935027856E0;4.706989817E-6;2.471537408E-1
1.481481481E2;3.803154138E-8;2.003130793E-3;1.919283614E-5;1.010891478E0;1.287424651E-7;6.780897821E-3;9.877782535E-7;5.202652756E-2;3.651895951E-5;1.923462727E0;5.351443433E-6;2.818618635E-1
1.479198767E2;3.974652366E-8;2.099925618E-3;1.571899287E-5;8.304805747E-1;1.186626692E-7;6.269297438E-3;1.148787316E-6;6.069380894E-2;3.531594786E-5;1.865845281E0;5.812597592E-6;3.070966078E-1
1.476923077E2;4.155407781E-8;2.202194786E-3;1.239858532E-5;6.570738995E-1;1.194472334E-7;6.330210858E-3;1.267138101E-6;6.715309459E-2;3.324131741E-5;1.761652760E0;6.040565844E-6;3.201250829E-1
1.474654378E2;4.318554988E-8;2.295703514E-3;9.453276469E-6;5.025273516E-1;1.333910746E-7;7.090944994E-3;1.334711132E-6;7.095199769E-2;3.050025457E-5;1.621365058E0;6.015965883E-6;3.198031299E-1
1.472392638E2;4.455100264E-8;2.375571147E-3;6.996744786E-6;3.730839725E-1;1.601562065E-7;8.539930431E-3;1.351357142E-6;7.205775058E-2;2.750773876E-5;1.466781591E0;5.753225496E-6;3.067764065E-1
1.470137825E2;4.586504562E-8;2.453146927E-3;5.048430195E-6;2.700213388E-1;1.970128653E-7;1.053746919E-2;1.320828837E-6;7.064611318E-2;2.475030588E-5;1.323799770E0;5.296379154E-6;2.832831860E-1
1.467889908E2;4.768061923E-8;2.558071927E-3;3.566357616E-6;1.913355876E-1;2.395835891E-7;1.285369325E-2;1.247997044E-6;6.695521689E-2;2.261828719E-5;1.213474289E0;4.709273656E-6;2.526531939E-1
1.465648855E2;5.064653118E-8;2.725509333E-3;2.481529460E-6;1.335418546E-1;2.826148335E-7;1.520872898E-2;1.139256453E-6;6.130832700E-2;2.129845793E-5;1.146162324E0;4.063566156E-6;2.186781054E-1
1.463414634E2;5.512741319E-8;2.975710386E-3;1.722632795E-6;9.298561282E-2;3.205891621E-7;1.730501114E-2;1.005065172E-6;5.425218959E-2;2.077676801E-5;1.121504543E0;3.427971947E-6;1.850377360E-1
1.461187215E2;6.089695974E-8;3.297172874E-3;1.228989293E-6;6.654174819E-2;3.484081258E-7;1.886402583E-2;8.614095974E-7;4.663970698E-2;2.095129561E-5;1.134375901E0;2.860284672E-6;1.548657449E-1
1.458966565E2;6.703205890E-8;3.640405101E-3;9.547815440E-7;5.185267557E-2;3.625458972E-7;1.968929428E-2;7.274043399E-7;3.950417924E-2;2.177437101E-5;1.182531651E0;2.401824253E-6;1.304392764E-1
1.456752656E2;7.206537497E-8;3.925661492E-3;8.674927175E-7;4.725546432E-2;3.627213067E-7;1.975874082E-2;6.191770236E-7;3.372881081E-2;2.329836880E-5;1.269146373E0;2.074220811E-6;1.129903059E-1
1.454545455E2;7.448814942E-8;4.069962651E-3;9.410832254E-7;5.141990517E-2;3.534462162E-7;1.931196990E-2;5.438550017E-7;2.971572743E-2;2.558131602E-5;1.397739125E0;1.878764994E-6;1.026539580E-1
1.452344932E2;7.353232333E-8;4.029921395E-3;1.146110338E-6;6.281230298E-2;3.441642935E-7;1.886184180E-2;4.978243656E-7;2.728314530E-2;2.857078377E-5;1.565814972E0;1.799014048E-6;9.859453468E-2
1.450151057E2;6.978738966E-8;3.836262363E-3;1.441356926E-6;7.923241369E-2;3.470435662E-7;1.907723126E-2;4.701818299E-7;2.584622905E-2;3.211707366E-5;1.765498344E0;1.807020373E-6;9.933319302E-2
1.447963801E2;6.518025153E-8;3.593837673E-3;1.771764971E-6;9.768964602E-2;3.725771017E-7;2.054275018E-2;4.485830330E-7;2.473348239E-2;3.613713352E-5;1.992489884E0;1.871329155E-6;1.031793075E-1
1.445783133E2;6.236891506E-8;3.449210631E-3;2.076103300E-6;1.148154905E-1;4.245973972E-7;2.348166319E-2;4.240447990E-7;2.345110264E-2;4.076326730E-5;2.254345691E0;1.963395976E-6;1.085823967E-1
1.443609023E2;6.393155894E-8;3.546287598E-3;2.302982679E-6;1.277465941E-1;4.970975929E-7;2.757403476E-2;3.931946539E-7;2.181053220E-2;4.627261588E-5;2.566744915E0;2.059661035E-6;1.142495272E-1
1.441441441E2;7.165239076E-8;3.986525184E-3;2.428289164E-6;1.351027622E-1;5.747804013E-7;3.197906617E-2;3.582481597E-7;1.993185846E-2;5.276099948E-5;2.935464552E0;2.139254410E-6;1.190217310E-1
1.439280360E2;8.587324178E-8;4.792089206E-3;2.465307484E-6;1.375745592E-1;6.375500628E-7;3.557798344E-2;3.259099874E-7;1.818715237E-2;5.977267707E-5;3.335567573E0;2.180857601E-6;1.217010556E-1
1.437125749E2;1.051362830E-7;5.884653718E-3;2.462269197E-6;1.378173278E-1;6.672315948E-7;3.734606905E-2;3.064183827E-7;1.715074970E-2;6.621856326E-5;3.706363810E0;2.163089451E-6;1.210717367E-1
1.434977578E2;1.265580410E-7;7.104889820E-3;2.489062308E-6;1.397344120E-1;6.536954598E-7;3.669805711E-2;3.124918713E-7;1.754309957E-2;7.074055019E-5;3.971330551E0;2.070403033E-6;1.162311404E-1
1.432835821E2;1.470489022E-7;8.279931807E-3;2.620769794E-6;1.475685630E-1;5.978746344E-7;3.366472737E-2;3.570310347E-7;2.010346610E-2;7.234926727E-5;4.073794434E0;1.902074438E-6;1.071007427E-1
1.430700447E2;1.647062401E-7;9.301874200E-3;2.926222781E-6;1.652600179E-1;5.106965049E-7;2.884186196E-2;4.488144233E-7;2.534703786E-2;7.092282186E-5;4.005404812E0;1.678846933E-6;9.481379067E-2
1.428571429E2;1.794989846E-7;1.016754048E-2;3.464472640E-6;1.962415882E-1;4.087995310E-7;2.315604063E-2;5.873255296E-7;3.326846730E-2;6.721578690E-5;3.807371033E0;1.441790625E-6;8.166878817E-2
1.426448737E2;1.927512906E-7;1.095072294E-2;4.284479966E-6;2.434129125E-1;3.090967967E-7;1.756062629E-2;7.595613254E-7;4.315273637E-2;6.235827843E-5;3.542742712E0;1.241640915E-6;7.054098370E-2
1.424332344E2;2.056595503E-7;1.171882430E-2;5.419104062E-6;3.087895907E-1;2.243085565E-7;1.278147579E-2;9.413893858E-7;5.364193782E-2;5.720931814E-5;3.259882396E0;1.121933587E-6;6.392964762E-2
1.422222222E2;2.176438876E-7;1.243853946E-2;6.869222853E-6;3.925821235E-1;1.608301029E-7;9.191581735E-3;1.104591801E-6;6.312839227E-2;5.203519628E-5;2.973857202E0;1.102902099E-6;6.303182433E-2
1.420118343E2;2.257875081E-7;1.294221680E-2;8.582373663E-6;4.919445788E-1;1.191883982E-7;6.831919541E-3;1.228334578E-6;7.040855601E-2;4.668720678E-5;2.676126579E0;1.173472013E-6;6.726381511E-2
1.418020679E2;2.260593113E-7;1.299616168E-2;1.043829106E-5;6.000979010E-1;9.626975681E-8;5.534553375E-3;1.311586285E-6;7.540316441E-2;4.102344256E-5;2.358439867E0;1.294754039E-6;7.443547769E-2
1.415929204E2;2.156894859E-7;1.243665912E-2;1.225509450E-5;7.066289404E-1;8.786692924E-8;5.066408513E-3;1.382006205E-6;7.968649937E-2;3.517025058E-5;2.027917198E0;1.413252629E-6;8.148816868E-2
1.413843888E2;1.950053423E-7;1.127720372E-2;1.381971004E-5;7.991970047E-1;9.033982342E-8;5.224372731E-3;1.497493817E-6;8.660041124E-2;2.945995716E-5;1.703676087E0;1.478580540E-6;8.550665209E-2
1.411764706E2;1.674309797E-7;9.711113095E-3;1.493306038E-5;8.661278724E-1;1.010263092E-7;5.859596091E-3;1.738171286E-6;1.008151417E-1;2.420077148E-5;1.403661552E0;1.459088858E-6;8.462816701E-2
1.409691630E2;1.378050730E-7;8.016315422E-3;1.545307384E-5;8.989270968E-1;1.176995523E-7;6.846748932E-3;2.188673847E-6;1.273182440E-1;1.953028211E-5;1.136104051E0;1.349637837E-6;7.851033619E-2
1.407624633E2;1.103025446E-7;6.435312610E-3;1.532036088E-5;8.938262661E-1;1.378554805E-7;8.042816380E-3;2.912922356E-6;1.699468135E-1;1.545356308E-5;9.015975989E-1;1.169705268E-6;6.824338541E-2
1.405563690E2;8.720995488E-8;5.102967909E-3;1.456100822E-5;8.520169257E-1;1.585944019E-7;9.279928471E-3;3.926699215E-6;2.297652844E-1;1.199390358E-5;7.018064066E-1;9.540520337E-7;5.582501353E-2
1.403508772E2;6.895791707E-8;4.046799673E-3;1.327172402E-5;7.788519537E-1;1.773366389E-7;1.040701174E-2;5.176604323E-6;3.037893483E-1;9.313891452E-6;5.465863020E-1;7.405617779E-7;4.345991422E-2
1.401459854E2;5.490156351E-8;3.231329338E-3;1.159777189E-5;6.826075279E-1;1.928172013E-7;1.134859992E-2;6.534958686E-6;3.846266367E-1;7.708003370E-6;4.536682716E-1;5.602438418E-7;3.297414948E-2
1.399416910E2;4.415508332E-8;2.606419451E-3;9.711692317E-6;5.732690747E-1;2.054045590E-7;1.212477472E-2;7.817214779E-6;4.614404304E-1;7.471360922E-6;4.410251090E-1;4.326424249E-7;2.553834229E-2
1.397379913E2;3.599951501E-8;2.131206304E-3;7.795306581E-6;4.614897317E-1;2.162758309E-7;1.280373955E-2;8.821363119E-6;5.222332768E-1;8.731604945E-6;5.169195056E-1;3.671867003E-7;2.173780981E-2
1.395348837E2;2.988000443E-8;1.774078783E-3;6.023566933E-6;3.576399167E-1;2.259133964E-7;1.341325649E-2;9.379180880E-6;5.568742749E-1;1.133965177E-5;6.732741844E-1;3.673965367E-7;2.181359786E-2
1.393323657E2;2.533531046E-8;1.508620630E-3;4.547542840E-6;2.707887459E-1;2.330030486E-7;1.387443847E-2;9.402306069E-6;5.598712883E-1;1.483938812E-5;8.836286848E-1;4.331965668E-7;2.579519515E-2
1.391304348E2;2.215471697E-8;1.323060658E-3;3.476316045E-6;2.076026068E-1;2.346192362E-7;1.401125916E-2;8.906494356E-6;5.318881889E-1;1.850085469E-5;1.104855143E0;5.588255454E-7;3.337258133E-2
1.389290883E2;2.064301906E-8;1.236359233E-3;2.861258720E-6;1.713675517E-1;2.277254359E-7;1.363901493E-2;8.005549369E-6;4.794712850E-1;2.143604250E-5;1.283855282E0;7.287409071E-7;4.364601641E-2
1.387283237E2;2.160821722E-8;1.297915724E-3;2.688203402E-6;1.614691962E-1;2.111088328E-7;1.268042943E-2;6.878483466E-6;4.131618892E-1;2.283305444E-5;1.371486601E0;9.166387176E-7;5.505867480E-2
1.385281385E2;2.587730213E-8;1.558837460E-3;2.882094226E-6;1.736161065E-1;1.865161523E-7;1.123565214E-2;5.722631437E-6;3.447288365E-1;2.225362960E-5;1.340548998E0;1.091677718E-6;6.576219240E-2
1.383285303E2;3.364745450E-8;2.032761953E-3;3.325016239E-6;2.008760129E-1;1.582059027E-7;9.557779168E-3;4.709018142E-6;2.844884719E-1;1.982627557E-5;1.197775560E0;1.230821507E-6;7.435828854E-2
1.381294964E2;4.410552752E-8;2.672255613E-3;3.884707571E-6;2.353657738E-1;1.311147395E-7;7.943949848E-3;3.953092022E-6;2.395090352E-1;1.619639099E-5;9.813032325E-1;1.330541818E-6;8.061456335E-2
1.379310345E2;5.556576044E-8;3.376300628E-3;4.444902510E-6;2.700822776E-1;1.087732311E-7;6.609306262E-3;3.506342901E-6;2.130532840E-1;1.226258094E-5;7.451020088E-1;1.409131369E-6;8.562199254E-2
1.377331420E2;6.605599910E-8;4.025253070E-3;4.926596994E-6;3.002119405E-1;9.223500479E-8;5.620522606E-3;3.366528195E-6;2.051460599E-1;8.870160393E-6;5.405207829E-1;1.495361979E-6;9.112284242E-2
1.375358166E2;7.408419315E-8;4.527430253E-3;5.293368342E-6;3.234881147E-1;8.043793043E-8;4.915719593E-3;3.498662476E-6;2.138101215E-1;6.617690114E-6;4.044200140E-1;1.608089938E-6;9.827352807E-2
1.373390558E2;7.918774656E-8;4.853194581E-3;5.541526865E-6;3.396246176E-1;7.148911413E-8;4.381367021E-3;3.856693730E-6;2.363659268E-1;5.811253367E-6;3.561553974E-1;1.739312480E-6;1.065975769E-1
1.371428571E2;8.190653196E-8;5.034194440E-3;5.683578258E-6;3.493279154E-1;6.397929103E-8;3.932338282E-3;4.397367438E-6;2.702739596E-1;6.497534434E-6;3.993558382E-1;1.852715937E-6;1.138728749E-1
1.369472183E2;8.313611898E-8;5.124377912E-3;5.736016787E-6;3.535589355E-1;5.766267672E-8;3.554235518E-3;5.082785217E-6;3.132947823E-1;8.494888286E-6;5.236113789E-1;1.900206946E-6;1.171257285E-1
1.367521368E2;8.327585037E-8;5.147645945E-3;5.717173200E-6;3.534035774E-1;5.331664747E-8;3.295736074E-3;5.874206068E-6;3.631104685E-1;1.140073183E-5;7.047292907E-1;1.847241660E-6;1.141861175E-1
1.365576102E2;8.181280939E-8;5.071627223E-3;5.651237854E-6;3.503237691E-1;5.209664138E-8;3.229503382E-3;6.724557622E-6;4.168595328E-1;1.461763160E-5;9.061561249E-1;1.692398480E-6;1.049128403E-1
1.363636364E2;7.768332993E-8;4.829348203E-3;5.569047115E-6;3.462115708E-1;5.487885011E-8;3.411659572E-3;7.577294563E-6;4.710585130E-1;1.745829194E-5;1.085331575E0;1.470160980E-6;9.139566100E-2
1.361702128E2;7.014577291E-8;4.373157380E-3;5.499485075E-6;3.428590597E-1;6.187963406E-8;3.857814479E-3;8.375157569E-6;5.221395476E-1;1.933816461E-5;1.205615588E0;1.236037222E-6;7.705931625E-2
1.359773371E2;5.950064201E-8;3.720029826E-3;5.453926710E-6;3.409840523E-1;7.250985644E-8;4.533376775E-3;9.074841456E-6;5.673666660E-1;1.997218873E-5;1.248677917E0;1.043007962E-6;6.520972878E-2
1.357850071E2;4.716002214E-8;2.956842527E-3;5.413731360E-6;3.394305259E-1;8.533678833E-8;5.350452214E-3;9.659523569E-6;6.056335172E-1;1.944546491E-5;1.219193185E0;9.219887147E-7;5.780691607E-2
1.355932203E2;3.508137394E-8;2.205761120E-3;5.331551406E-6;3.352242937E-1;9.819858049E-8;6.174290985E-3;1.014245144E-5;6.377123395E-1;1.809848139E-5;1.137952198E0;8.747099340E-7;5.499787913E-2
1.354019746E2;2.502215267E-8;1.577729362E-3;5.148762325E-6;3.246464685E-1;1.085662041E-7;6.845457710E-3;1.056003879E-5;6.658453207E-1;1.630932792E-5;1.028356987E0;8.793045312E-7;5.544305461E-2
1.352112676E2;1.805284843E-8;1.141504956E-3;4.820766641E-6;3.048233099E-1;1.141224996E-7;7.216113257E-3;1.095935344E-5;6.929740929E-1;1.433246537E-5;9.062603228E-1;9.028050133E-7;5.708552868E-2
1.350210970E2;1.451584194E-8;9.204427897E-4;4.337212996E-6;2.750206600E-1;1.134585799E-7;7.194355811E-3;1.138678246E-5;7.220305829E-1;1.228664775E-5;7.790906227E-1;9.139502753E-7;5.795316211E-2
1.348314607E2;1.441280413E-8;9.164817895E-4;3.727500432E-6;2.370244010E-1;1.067382301E-7;6.787273542E-3;1.188114722E-5;7.554987197E-1;1.025320672E-5;6.519811939E-1;8.923352887E-7;5.674184113E-2
1.346423562E2;1.795524127E-8;1.144947763E-3;3.050029313E-6;1.944905215E-1;9.605202471E-8;6.124927490E-3;1.246903572E-5;7.951101489E-1;8.381876692E-6;5.344852138E-1;8.327087044E-7;5.309914549E-2
1.344537815E2;2.578551922E-8;1.648874769E-3;2.372336233E-6;1.517008567E-1;8.519428195E-8;5.447813586E-3;1.315810874E-5;8.414053374E-1;6.930123196E-6;4.431520337E-1;7.445999358E-7;4.761401298E-2
1.342657343E2;3.848853759E-8;2.468077891E-3;1.752496825E-6;1.123788779E-1;7.898343646E-8;5.064813720E-3;1.392850132E-5;8.931652985E-1;6.213281653E-6;3.984267534E-1;6.479632960E-7;4.155065338E-2
1.340782123E2;5.574352639E-8;3.584559980E-3;1.228249233E-6;7.898196133E-2;8.276167214E-8;5.321948521E-3;1.472896545E-5;9.471388613E-1;6.485089303E-6;4.170204701E-1;5.660930277E-7;3.640233303E-2
1.338912134E2;7.593739000E-8;4.896765938E-3;8.151574349E-7;5.256481900E-2;1.024065280E-7;6.603608556E-3;1.548673297E-5;9.986504210E-1;7.804484356E-6;5.032663508E-1;5.179770798E-7;3.340136553E-2
1.337047354E2;9.664671242E-8;6.249587341E-3;5.118373177E-7;3.309757716E-2;1.439824352E-7;9.310516436E-3;1.613472316E-5;1.043339800E0;9.959028840E-6;6.439931480E-1;5.123246912E-7;3.312909280E-2
1.335187761E2;1.155833158E-7;7.494942372E-3;3.089306111E-7;2.003245115E-2;2.116236348E-7;1.372262888E-2;1.664834614E-5;1.079553689E0;1.248770301E-5;8.097588636E-1;5.453579842E-7;3.536346604E-2
1.333333333E2;1.312893474E-7;8.537089815E-3;1.985652280E-7;1.291170395E-2;3.037947895E-7;1.975425619E-2;1.707295499E-5;1.110168898E0;1.479391714E-5;9.619744622E-1;6.029546149E-7;3.920712383E-2
1.331484050E2;1.433445851E-7;9.346891242E-3;1.831867239E-7;1.194482780E-2;4.103465631E-7;2.675695558E-2;1.752078016E-5;1.142455618E0;1.631437615E-5;1.063791140E0;6.658344702E-7;4.341623629E-2
1.329639889E2;1.521446038E-7;9.948241438E-3;2.848325066E-7;1.862427239E-2;5.131030866E-7;3.355014414E-2;1.812927945E-5;1.185414695E0;1.670084150E-5;1.092013777E0;7.153625841E-7;4.677523569E-2
1.327800830E2;1.582872195E-7;1.037857702E-2;5.538978646E-7;3.631797735E-2;5.908027910E-7;3.873775971E-2;1.899354761E-5;1.245369004E0;1.595172392E-5;1.045922696E0;7.379136856E-7;4.838352742E-2
1.325966851E2;1.619499067E-7;1.064812652E-2;1.071816161E-6;7.047138415E-2;6.268312799E-7;4.121384759E-2;2.010196471E-5;1.321694268E0;1.442139243E-5;9.481994416E-1;7.267587461E-7;4.778402922E-2
1.324137931E2;1.628906981E-7;1.073958911E-2;1.941051631E-6;1.279759814E-1;6.166868881E-7;4.065894408E-2;2.130756724E-5;1.404834774E0;1.268757420E-5;8.365077640E-1;6.819077379E-7;4.495903695E-2
1.322314050E2;1.612105398E-7;1.065815524E-2;3.259542844E-6;2.154990219E-1;5.714892047E-7;3.778301759E-2;2.235260820E-5;1.477803923E0;1.135618986E-5;7.507947964E-1;6.088995218E-7;4.025633582E-2
1.320495186E2;1.580367826E-7;1.047713088E-2;5.084218524E-6;3.370609173E-1;5.150510718E-7;3.414557928E-2;2.293902010E-5;1.520754295E0;1.092466273E-5;7.242562105E-1;5.171582950E-7;3.428527875E-2
1.318681319E2;1.553706779E-7;1.032873624E-2;7.396794442E-6;4.917243064E-1;4.753742255E-7;3.160194097E-2;2.281678029E-5;1.516814554E0;1.175884767E-5;7.817050023E-1;4.181905462E-7;2.780048274E-2
1.316872428E2;1.552040849E-7;1.034602616E-2;1.008883384E-5;6.725295848E-1;4.744590756E-7;3.162781451E-2;2.185550571E-5;1.456905171E0;1.413237553E-5;9.420752487E-1;3.240959099E-7;2.160448782E-2
1.315068493E2;1.585105549E-7;1.059544678E-2;1.297663813E-5;8.674077179E-1;5.204280090E-7;3.478738231E-2;2.007572339E-5;1.341937507E0;1.821979727E-5;1.217880364E0;2.465203461E-7;1.647835508E-2
1.313269494E2;1.645053901E-7;1.102631142E-2;1.584241573E-5;1.061870431E0;6.042757744E-7;4.050282407E-2;1.763563443E-5;1.182064595E0;2.398494335E-5;1.607640057E0;1.956472783E-7;1.311366040E-2
1.311475410E2;1.704424245E-7;1.145553122E-2;1.848422508E-5;1.242335165E0;7.023109453E-7;4.720271369E-2;1.478571448E-5;9.937561871E-1;3.102482856E-5;2.085196179E0;1.794999126E-7;1.206429009E-2
1.309686221E2;1.724041882E-7;1.161906361E-2;2.075263358E-5;1.398609698E0;7.841384495E-7;5.284648022E-2;1.181144266E-5;7.960241860E-1;3.853884788E-5;2.597299576E0;2.051407667E-7;1.382532316E-2
1.307901907E2;1.671210997E-7;1.129376567E-2;2.256065444E-5;1.524611465E0;8.236154001E-7;5.565855748E-2;8.981835647E-6;6.069774989E-1;4.558242282E-5;3.080384242E0;2.815856805E-7;1.902909147E-2
1.306122449E2;1.538087324E-7;1.042247925E-2;2.386900115E-5;1.617425521E0;8.080991744E-7;5.475889922E-2;6.513389641E-6;4.413642016E-1;5.156882188E-5;3.494437329E0;4.209336401E-7;2.852355689E-2
1.304347826E2;1.349096802E-7;9.166723030E-3;2.466050174E-5;1.675609852E0;7.422925871E-7;5.043663689E-2;4.552240966E-6;3.093116227E-1;5.672943526E-5;3.854601241E0;6.338486511E-7;4.306818472E-2
1.302578019E2;1.155127412E-7;7.870099694E-3;2.491998016E-5;1.697844984E0;6.459405912E-7;4.400914390E-2;3.173415304E-6;2.162107362E-1;6.214002369E-5;4.233716354E0;9.193946560E-7;6.264008218E-2
1.300813008E2;1.018720275E-7;6.959580161E-3;2.463011000E-5;1.682652531E0;5.470785910E-7;3.737470827E-2;2.393495434E-6;1.635161658E-1;6.912943936E-5;4.722708348E0;1.254166164E-6;8.568073264E-2
1.299052774E2;9.931952672E-8;6.803601781E-3;2.378371591E-5;1.629235834E0;4.730007014E-7;3.240156816E-2;2.192470255E-6;1.501889409E-1;7.830767683E-5;5.364244748E0;1.588376751E-6;1.088072330E-1
1.297297297E2;1.100247758E-7;7.557345888E-3;2.240414938E-5;1.538888900E0;4.414686705E-7;3.032345595E-2;2.539485265E-6;1.744313350E-1;8.878457863E-5;6.098406158E0;1.854975798E-6;1.274139722E-1
1.295546559E2;1.317638417E-7;9.075029229E-3;2.056205446E-5;1.416179453E0;4.551447851E-7;3.134738769E-2;3.415479074E-6;2.352357979E-1;9.813754234E-5;6.759070272E0;1.991370890E-6;1.371525663E-1
1.293800539E2;1.586898054E-7;1.095903228E-2;1.837931236E-5;1.269265388E0;5.013595818E-7;3.462362202E-2;4.825948304E-6;3.332773842E-1;1.032790597E-4;7.132396098E0;1.964981283E-6;1.357005464E-1
1.292059219E2;1.836908066E-7;1.271980392E-2;1.601599806E-5;1.109039471E0;5.569819536E-7;3.856862175E-2;6.793507686E-6;4.704213963E-1;1.018256594E-4;7.050992079E0;1.789037032E-6;1.238831746E-1
1.290322581E2;2.009730807E-7;1.395401318E-2;1.364235588E-5;9.472194639E-1;5.963464091E-7;4.140567296E-2;9.325706651E-6;6.475047956E-1;9.323663161E-5;6.473629115E0;1.518923106E-6;1.054622488E-1
1.288590604E2;2.077370790E-7;1.446245212E-2;1.140458860E-5;7.939762962E-1;5.999687033E-7;4.176923391E-2;1.236647798E-5;8.609420937E-1;7.911279039E-5;5.507755036E0;1.230543849E-6;8.566925836E-2
1.286863271E2;2.044904556E-7;1.427466962E-2;9.397601792E-6;6.560093986E-1;5.613346333E-7;3.918454978E-2;1.575226579E-5;1.099603350E0;6.254845031E-5;4.366259837E0;9.925554393E-7;6.928636808E-2
1.285140562E2;1.938861083E-7;1.357073172E-2;7.655875154E-6;5.358600920E-1;4.885894163E-7;3.419799361E-2;1.920127143E-5;1.343960667E0;4.695650346E-5;3.286641404E0;8.466338832E-7;5.925871327E-2
1.283422460E2;1.787366082E-7;1.254388536E-2;6.165231704E-6;4.326811415E-1;3.997619549E-7;2.805562991E-2;2.235427183E-5;1.568841581E0;3.499032321E-5;2.455650284E0;8.038250013E-7;5.641311402E-2
1.281708945E2;1.605757884E-7;1.129949583E-2;4.888448916E-6;3.439933798E-1;3.142554233E-7;2.211371890E-2;2.486066763E-5;1.749410749E0;2.799712953E-5;1.970119229E0;8.561491605E-7;6.024603068E-2
1.280000000E2;1.397409015E-7;9.859648570E-3;3.791587856E-6;2.675217017E-1;2.455843263E-7;1.732760506E-2;2.647653233E-5;1.868095177E0;2.604646631E-5;1.837751163E0;9.966492918E-7;7.032022591E-2
1.278295606E2;1.165609580E-7;8.246095311E-3;2.859661291E-6;2.023065010E-1;1.984795970E-7;1.404142264E-2;2.712916115E-5;1.919250257E0;2.829207248E-5;2.001520322E0;1.237657061E-6;8.755794616E-2
1.276595745E2;9.233443776E-8;6.549599711E-3;2.097269799E-6;1.487665708E-1;1.701220751E-7;1.206734476E-2;2.691794937E-5;1.909382866E0;3.337573454E-5;2.367455812E0;1.616231668E-6;1.146448792E-1
1.274900398E2;6.931515594E-8;4.929847954E-3;1.517216802E-6;1.079078312E-1;1.537003937E-7;1.093151362E-2;2.605569787E-5;1.853139145E0;3.972554667E-5;2.825369176E0;2.181057849E-6;1.551216819E-1
1.273209549E2;4.990324034E-8;3.558662535E-3;1.124992013E-6;8.022458862E-2;1.423879916E-7;1.015386591E-2;2.478578198E-5;1.767505138E0;4.577794020E-5;3.264482218E0;2.963040154E-6;2.112981023E-1
1.271523179E2;3.565097409E-8;2.549063602E-3;9.073948542E-7;6.487921452E-2;1.319486217E-7;9.434396605E-3;2.331800549E-5;1.667249791E0;5.021171624E-5;3.590164408E0;3.940807286E-6;2.817698162E-1
1.269841270E2;2.668755850E-8;1.913232737E-3;8.298144840E-7;5.948945222E-2;1.212384323E-7;8.691590789E-3;2.180647242E-5;1.563307371E0;5.222835919E-5;3.744254334E0;5.017831191E-6;3.597286317E-1
1.268163804E2;2.193077762E-8;1.576380878E-3;8.421600212E-7;6.053433110E-2;1.113721067E-7;8.005409674E-3;2.036116268E-5;1.463557201E0;5.180935714E-5;3.724048518E0;6.027570094E-6;4.332607991E-1
1.266490765E2;1.997988120E-8;1.439947575E-3;8.910019331E-7;6.421439949E-2;1.050135221E-7;7.568311596E-3;1.906596783E-5;1.374081951E0;4.983209507E-5;3.591392950E0;6.772947836E-6;4.881255157E-1
1.264822134E2;1.990778888E-8;1.438540013E-3;9.340204484E-7;6.749246719E-2;1.060324131E-7;7.661919151E-3;1.798040711E-5;1.299267098E0;4.793516685E-5;3.463802834E0;7.088592964E-6;5.122228629E-1
1.263157895E2;2.138403337E-8;1.549288068E-3;9.510991918E-7;6.890779693E-2;1.187015480E-7;8.600009585E-3;1.712240609E-5;1.240530212E0;4.807051404E-5;3.482742125E0;6.899257670E-6;4.998560094E-1
1.261498029E2;2.430309424E-8;1.765412725E-3;9.464309732E-7;6.875014623E-2;1.459436627E-7;1.060156360E-2;1.644940595E-5;1.194909187E0;5.179385356E-5;3.762382157E0;6.246912992E-6;4.537850027E-1
1.259842520E2;2.842676933E-8;2.070393121E-3;9.401854641E-7;6.847607251E-2;1.872977262E-7;1.364136457E-2;1.586136818E-5;1.155223345E0;5.950474109E-5;4.333879985E0;5.274288648E-6;3.841397104E-1
1.258191350E2;3.323043765E-8;2.426612916E-3;9.533480379E-7;6.961709885E-2;2.375860571E-7;1.734943732E-2;1.523142161E-5;1.112256323E0;6.999722592E-5;5.111463602E0;4.174105649E-6;3.048090666E-1
1.256544503E2;3.787623018E-8;2.773121081E-3;9.931388698E-7;7.271300030E-2;2.870493372E-7;2.101641490E-2;1.444948762E-5;1.057924153E0;8.065296303E-5;5.905034133E0;3.128055724E-6;2.290216642E-1
1.254901961E2;4.137912886E-8;3.037523047E-3;1.046535153E-6;7.682314088E-2;3.235390151E-7;2.375007019E-2;1.345609250E-5;9.877731164E-1;8.832776773E-5;6.483887832E0;2.260725932E-6;1.659533999E-1
1.253263708E2;4.304037058E-8;3.167735483E-3;1.085305324E-6;7.987756929E-2;3.366607057E-7;2.477794797E-2;1.225053760E-5;9.016293800E-1;9.058250511E-5;6.666797048E0;1.622875777E-6;1.194423076E-1
1.251629726E2;4.299023474E-8;3.172312134E-3;1.079744190E-6;7.967589885E-2;3.222502587E-7;2.377931668E-2;1.087572496E-5;8.025356096E-1;8.664830545E-5;6.393904859E0;1.202990107E-6;8.877039486E-2
1.250000000E2;4.245982676E-8;3.141347823E-3;1.013609339E-6;7.499087336E-2;2.846176103E-7;2.105714928E-2;9.394245376E-6;6.950238499E-1;7.762991318E-5;5.743371497E0;9.547293813E-7;7.063469854E-2
1.248374512E2;4.352575137E-8;3.228600610E-3;8.920940155E-7;6.617267232E-2;2.351393286E-7;1.744188110E-2;7.871261954E-6;5.838649615E-1;6.589123505E-5;4.887600444E0;8.255087676E-7;6.123359223E-2
1.246753247E2;4.831484345E-8;3.593166939E-3;7.386987232E-7;5.493690221E-2;1.881726106E-7;1.399436601E-2;6.370967293E-6;4.738077868E-1;5.402160115E-5;4.017577568E0;7.765147368E-7;5.774927290E-2
1.245136187E2;5.794117567E-8;4.320275350E-3;5.837414609E-7;4.352558980E-2;1.565346861E-7;1.167171598E-2;4.960773821E-6;3.698908179E-1;4.394822831E-5;3.276917413E0;7.904684911E-7;5.893980400E-2
1.243523316E2;7.164019470E-8;5.355582652E-3;4.517740305E-7;3.377312375E-2;1.481088545E-7;1.107212529E-2;3.711881396E-6;2.774879060E-1;3.656707012E-5;2.733632526E0;8.672828646E-7;6.483518204E-2
1.241914618E2;8.661673559E-8;6.491964972E-3;3.539786710E-7;2.653086747E-2;1.640856322E-7;1.229829512E-2;2.689968761E-6;2.016144207E-1;3.190730801E-5;2.391467706E0;1.011396849E-6;7.580466839E-2
1.240310078E2;9.882579384E-8;7.426216410E-3;2.877073265E-7;2.161962769E-2;1.988980042E-7;1.494609419E-2;1.938852265E-6;1.456941144E-1;2.957569577E-5;2.222451333E0;1.217007377E-6;9.145142988E-2
1.238709677E2;1.044512764E-7;7.869235174E-3;2.419898929E-7;1.823123127E-2;2.418176211E-7;1.821825252E-2;1.466501698E-6;1.104844971E-1;2.917782173E-5;2.198222453E0;1.458733649E-6;1.098992615E-1
1.237113402E2;1.014239833E-7;7.660894357E-3;2.053110350E-7;1.550783255E-2;2.798406828E-7;2.113730734E-2;1.242516156E-6;9.385142151E-2;3.053671106E-5;2.306540424E0;1.693268676E-6;1.278982744E-1
1.235521236E2;9.021770127E-8;6.832020531E-3;1.711006220E-7;1.295713530E-2;3.012555866E-7;2.281353131E-2;1.209113447E-6;9.156393678E-2;3.367088511E-5;2.549834180E0;1.872604444E-6;1.418088892E-1
1.233933162E2;7.355884738E-8;5.584823822E-3;1.386926535E-7;1.052999147E-2;2.991319774E-7;2.271105996E-2;1.301267425E-6;9.879640003E-2;3.857449149E-5;2.928699220E0;1.962746487E-6;1.490180138E-1
1.232349166E2;5.523869311E-8;4.204687061E-3;1.112243391E-7;8.466231065E-3;2.735854018E-7;2.082491337E-2;1.467854719E-6;1.117309153E-1;4.490174121E-5;3.417853675E0;1.957398652E-6;1.489942705E-1
1.230769231E2;3.869619122E-8;2.953063555E-3;9.303056432E-8;7.099540300E-3;2.316346647E-7;1.767698228E-2;1.685507941E-6;1.286279584E-1;5.173342100E-5;3.947987523E0;1.878442204E-6;1.433515558E-1
1.229193342E2;2.605849083E-8;1.993731616E-3;8.762949039E-8;6.704520481E-3;1.844172465E-7;1.410973863E-2;1.959996708E-6;1.499590835E-1;5.763614072E-5;4.409733346E0;1.762800678E-6;1.348716419E-1
1.227621483E2;1.793499606E-8;1.375720344E-3;9.643795805E-8;7.397362141E-3;1.430944550E-7;1.097619159E-2;2.316254051E-6;1.776703942E-1;6.108854346E-5;4.685852830E0;1.643514465E-6;1.260672864E-1
1.226053640E2;1.382438696E-8;1.063126084E-3;1.180920573E-7;9.081541688E-3;1.153406826E-7;8.869954852E-3;2.783064763E-6;2.140238661E-1;6.109920473E-5;4.698664647E0;1.535663627E-6;1.180959461E-1
1.224489796E2;1.273620396E-8;9.819457585E-4;1.482277160E-7;1.142817574E-2;1.036179918E-7;7.988820522E-3;3.380450447E-6;2.606285978E-1;5.766130739E-5;4.445616325E0;1.434068134E-6;1.105649004E-1
1.222929936E2;1.367079266E-8;1.056691899E-3;1.798503412E-7;1.390163711E-2;1.054413825E-7;8.150153215E-3;4.114560612E-6;3.180373645E-1;5.175959464E-5;4.000788083E0;1.322431409E-6;1.022181077E-1
1.221374046E2;1.579205255E-8;1.223767853E-3;2.046503078E-7;1.585889276E-2;1.152063754E-7;8.927646249E-3;4.979836562E-6;3.859006851E-1;4.493013041E-5;3.481754449E0;1.187604400E-6;9.203060097E-2
1.219822109E2;1.841337794E-8;1.430534381E-3;2.153515276E-7;1.673064906E-2;1.267806574E-7;9.849582725E-3;5.962212012E-6;4.632039433E-1;3.863955002E-5;3.001904645E0;1.030296200E-6;8.004365854E-2
1.218274112E2;2.096106748E-8;1.632605289E-3;2.084753551E-7;1.623762567E-2;1.359532127E-7;1.058905680E-2;7.034163152E-6;5.478734313E-1;3.382222656E-5;2.634328906E0;8.660546869E-7;6.745484044E-2
1.216730038E2;2.300787031E-8;1.796576833E-3;1.861170559E-7;1.453300920E-2;1.419659418E-7;1.108545549E-2;8.138554023E-6;6.355015660E-1;3.076137939E-5;2.402012043E0;7.170207115E-7;5.598878912E-2
1.215189873E2;2.430163320E-8;1.902413907E-3;1.554559847E-7;1.216961941E-2;1.476663107E-7;1.155981744E-2;9.170965158E-6;7.179341205E-1;2.926061563E-5;2.290619797E0;6.006730075E-7;4.702271134E-2
1.213653603E2;2.471332768E-8;1.939543670E-3;1.263368045E-7;9.915125667E-3;1.580839093E-7;1.240669204E-2;9.978606355E-6;7.831378699E-1;2.891352521E-5;2.269182263E0;5.221974280E-7;4.098293558E-2
1.212121212E2;2.415560621E-8;1.900569136E-3;1.088228955E-7;8.562212623E-3;1.777407651E-7;1.398468784E-2;1.038839161E-5;8.173612493E-1;2.931973888E-5;2.306884385E0;4.736901625E-7;3.727006040E-2
1.210592686E2;2.259308588E-8;1.782121443E-3;1.119744723E-7;8.832441447E-3;2.077140717E-7;1.638429134E-2;1.026037094E-5;8.093284452E-1;3.022468203E-5;2.384094596E0;4.394773562E-7;3.466556204E-2
1.209068010E2;2.013418922E-8;1.592173967E-3;1.434341290E-7;1.134250223E-2;2.439406670E-7;1.929037098E-2;9.544911967E-6;7.547937582E-1;3.160764540E-5;2.499473389E0;4.044441436E-7;3.198268525E-2
1.207547170E2;1.708972677E-8;1.354829813E-3;2.088237085E-7;1.655500932E-2;2.779790521E-7;2.203746801E-2;8.314812148E-6;6.591770329E-1;3.367601779E-5;2.669748527E0;3.611855513E-7;2.863386638E-2
1.206030151E2;1.393831438E-8;1.107775509E-3;3.103354013E-7;2.466452884E-2;3.001569976E-7;2.385557978E-2;6.752685395E-6;5.366832240E-1;3.669595595E-5;2.916484746E0;3.128166853E-7;2.486173387E-2
1.204516939E2;1.121045780E-8;8.932136662E-4;4.447094771E-7;3.543303845E-2;3.035447342E-7;2.418548017E-2;5.096441997E-6;4.060683087E-1;4.069922263E-5;3.242784772E0;2.712447267E-7;2.161191818E-2
1.203007519E2;9.347309021E-9;7.466339803E-4;6.020667353E-7;4.809121876E-2;2.867386937E-7;2.290379527E-2;3.567971305E-6;2.849984537E-1;4.524330527E-5;3.613894547E0;2.528405812E-7;2.019611945E-2
1.201501877E2;8.595806641E-9;6.883282029E-4;7.678337000E-7;6.148597949E-2;2.541471865E-7;2.035139731E-2;2.316901497E-6;1.855310049E-1;4.941554104E-5;3.957058596E0;2.729501703E-7;2.185708777E-2
1.200000000E2;8.992739318E-9;7.219171286E-4;9.282684578E-7;7.451932897E-2;2.137575248E-7;1.715997908E-2;1.399812593E-6;1.123738442E-1;5.213716446E-5;4.185455703E0;3.404232014E-7;2.732841811E-2
1.198501873E2;1.043480617E-8;8.397785675E-4;1.076927230E-6;8.666959326E-2;1.736441030E-7;1.397463390E-2;7.945815326E-7;6.394680747E-2;5.264156683E-5;4.236519477E0;4.533335091E-7;3.648364508E-2
1.197007481E2;1.273439335E-8;1.027406633E-3;1.217864979E-6;9.825694269E-2;1.391212441E-7;1.122425584E-2;4.342157213E-7;3.503238041E-2;5.088988116E-5;4.105778737E0;5.977065521E-7;4.822276642E-2
1.195516812E2;1.563967792E-8;1.264952634E-3;1.362897578E-6;1.102325054E-1;1.119495721E-7;9.054592222E-3;2.410037286E-7;1.949262017E-2;4.770464229E-5;3.858398697E0;7.504934017E-7;6.070064933E-2
1.194029851E2;1.884616727E-8;1.528095536E-3;1.523705142E-6;1.235459174E-1;9.151151352E-8;7.419988014E-3;1.486750342E-7;1.205495275E-2;4.453577745E-5;3.611074959E0;8.870872289E-7;7.192730568E-2
1.192546584E2;2.203525970E-8;1.791122552E-3;1.702669430E-6;1.384004390E-1;7.658507155E-8;6.225170507E-3;1.101164303E-7;8.950746407E-3;4.293549816E-5;3.489985599E0;9.916499842E-7;8.060565994E-2
1.191066998E2;2.500481192E-8;2.037553608E-3;1.887318102E-6;1.537908712E-1;6.638060858E-8;5.409120811E-3;9.605766829E-8;7.827399352E-3;4.393882785E-5;3.580419541E0;1.065974478E-6;8.686248676E-2
1.189591078E2;2.794246571E-8;2.282586078E-3;2.051528632E-6;1.675868816E-1;6.052370726E-8;4.944108120E-3;9.144639786E-8;7.470145148E-3;4.758183618E-5;3.886902393E0;1.131927425E-6;9.246577620E-2
1.188118812E2;3.165200800E-8;2.592026017E-3;2.163492891E-6;1.771713776E-1;5.863503338E-8;4.801702693E-3;9.183419533E-8;7.520427252E-3;5.276356231E-5;4.320879934E0;1.224283964E-6;1.002582802E-1
1.186650185E2;3.745612384E-8;3.074930070E-3;2.197311881E-6;1.803865345E-1;6.027793627E-8;4.948468228E-3;9.965710006E-8;8.181268702E-3;5.756184015E-5;4.725492523E0;1.375591523E-6;1.129280690E-1
1.185185185E2;4.659954105E-8;3.835014808E-3;2.143378604E-6;1.763941983E-1;6.556430404E-8;5.395762945E-3;1.210245546E-7;9.959989914E-3;5.992654939E-5;4.931791153E0;1.599328246E-6;1.316203415E-1
1.183723798E2;5.938141292E-8;4.899001850E-3;2.013733814E-6;1.661342362E-1;7.611073454E-8;6.279180823E-3;1.647047931E-7;1.358824330E-2;5.846601943E-5;4.823481342E0;1.879399001E-6;1.550515343E-1
1.182266010E2;7.452891021E-8;6.163851929E-3;1.841292661E-6;1.522825879E-1;9.592883991E-8;7.933715430E-3;2.434799120E-7;2.013680491E-2;5.295942423E-5;4.379965416E0;2.171500400E-6;1.795921461E-1
1.180811808E2;8.929293421E-8;7.403098938E-3;1.673819420E-6;1.387730270E-1;1.320729916E-7;1.094990810E-2;3.769216656E-7;3.124982292E-2;4.436333919E-5;3.678075899E0;2.416701150E-6;2.003638684E-1
1.179361179E2;1.003988129E-7;8.344354676E-3;1.563880855E-6;1.299773986E-1;1.947114062E-7;1.618287095E-2;5.955244182E-7;4.949527611E-2;3.436341743E-5;2.856015273E0;2.561808910E-6;2.129172801E-1
1.177914110E2;1.053919214E-7;8.780877283E-3;1.556159683E-6;1.296536492E-1;2.955716007E-7;2.462596677E-2;9.443395971E-7;7.867899175E-2;2.474379644E-5;2.061564465E0;2.577789301E-6;2.147721686E-1
1.176470588E2;1.036622892E-7;8.657978054E-3;1.674392821E-6;1.398469628E-1;4.434774465E-7;3.703967981E-2;1.478503686E-6;1.234861063E-1;1.688058576E-5;1.409883404E0;2.468805307E-6;2.061970881E-1
1.175030600E2;9.657383621E-8;8.085724957E-3;1.911412172E-6;1.600345777E-1;6.372629694E-7;5.335537344E-2;2.243452052E-6;1.878348936E-1;1.153548946E-5;9.658184729E-1;2.269373804E-6;1.900052138E-1
1.173594132E2;8.669992640E-8;7.276804448E-3;2.226109011E-6;1.868393738E-1;8.594417315E-7;7.213373384E-2;3.242104582E-6;2.721128151E-1;8.934517891E-6;7.498822921E-1;2.032964570E-6;1.706285834E-1
1.172161172E2;7.667754469E-8;6.451361369E-3;2.550215426E-6;2.145655726E-1;1.075992936E-6;9.053001482E-2;4.402972253E-6;3.704495914E-1;8.980048811E-6;7.555476668E-1;1.818150847E-6;1.529724013E-1
1.170731707E2;6.835203361E-8;5.764936301E-3;2.804865156E-6;2.365674890E-1;1.245335347E-6;1.050338750E-1;5.569878556E-6;4.697738075E-1;1.142164302E-5;9.633223916E-1;1.677909222E-6;1.415179516E-1
1.169305725E2;6.253857564E-8;5.287491326E-3;2.922501501E-6;2.470907144E-1;1.333799898E-6;1.127696837E-1;6.528863693E-6;5.520002621E-1;1.588999017E-5;1.343461765E0;1.654298092E-6;1.398670616E-1
1.167883212E2;5.921753206E-8;5.018908833E-3;2.866366170E-6;2.429353265E-1;1.329678265E-6;1.126952400E-1;7.070976911E-6;5.992919199E-1;2.182469379E-5;1.849724982E0;1.776898465E-6;1.505988361E-1
1.166464156E2;5.784763386E-8;4.914741024E-3;2.640139740E-6;2.243065484E-1;1.247537760E-6;1.059909385E-1;7.067741845E-6;6.004760864E-1;2.842105440E-5;2.414655755E0;2.061105311E-6;1.751117228E-1
1.165048544E2;5.768451229E-8;4.912799233E-3;2.284691173E-6;1.945795950E-1;1.119812265E-6;9.537070901E-2;6.523966297E-6;5.556246442E-1;3.474312833E-5;2.958957394E0;2.503517652E-6;2.132163229E-1
1.163636364E2;5.810571923E-8;4.960690664E-3;1.864766827E-6;1.592017363E-1;9.806145411E-7;8.371853000E-2;5.581335421E-6;4.764983358E-1;4.003981585E-5;3.418340626E0;3.075525697E-6;2.625685013E-1
1.162227603E2;5.892982482E-8;5.043251342E-3;1.452414654E-6;1.242985564E-1;8.516423312E-7;7.288408446E-2;4.471686989E-6;3.826897751E-1;4.410800894E-5;3.774791049E0;3.718816050E-6;3.182586083E-1
1.160822249E2;6.054941888E-8;5.194411681E-3;1.113952108E-6;9.556368915E-2;7.379906265E-7;6.331071712E-2;3.444379596E-6;2.954863306E-1;4.742724497E-5;4.068687030E0;4.347990838E-6;3.730053040E-1
1.159420290E2;6.366343946E-8;5.474773287E-3;9.042974559E-7;7.776556839E-2;6.343071382E-7;5.454759915E-2;2.700492203E-6;2.322303460E-1;5.087235033E-5;4.374796382E0;4.863052187E-6;4.182009083E-1
1.158021713E2;6.867400808E-8;5.919933447E-3;8.680289440E-7;7.482705207E-2;5.348626727E-7;4.610698449E-2;2.357618459E-6;2.032347428E-1;5.508972943E-5;4.748922350E0;5.170425654E-6;4.457083054E-1
1.156626506E2;7.502872136E-8;6.483344486E-3;1.043188391E-6;9.014347550E-2;4.398572318E-7;3.800872395E-2;2.450307248E-6;2.117347290E-1;5.990273706E-5;5.176285468E0;5.206766235E-6;4.499244896E-1
1.155234657E2;8.098433589E-8;7.014850837E-3;1.463217446E-6;1.267436723E-1;3.547607857E-7;3.072932521E-2;2.956586471E-6;2.560990697E-1;6.417228158E-5;5.558593255E0;4.957277619E-6;4.293986321E-1
1.153846154E2;8.411886870E-8;7.303910517E-3;2.154376189E-6;1.870611332E-1;2.851665267E-7;2.476056592E-2;3.835240531E-6;3.330079694E-1;6.628492821E-5;5.755417206E0;4.461415452E-6;3.873777637E-1
1.152460984E2;8.240291222E-8;7.172126341E-3;3.129464947E-6;2.723801547E-1;2.322391598E-7;2.021346759E-2;5.058829449E-6;4.403068164E-1;6.501805673E-5;5.658995595E0;3.803587704E-6;3.310539740E-1
1.151079137E2;7.520458618E-8;6.561328703E-3;4.381486207E-6;3.822688571E-1;1.921293423E-7;1.676259165E-2;6.631769303E-6;5.785979351E-1;6.024461476E-5;5.256125192E0;3.091829759E-6;2.697509869E-1
1.149700599E2;6.358089769E-8;5.560514459E-3;5.881628817E-6;5.143822007E-1;1.589655302E-7;1.390244808E-2;8.585959121E-6;7.508914087E-1;5.302635869E-5;4.637459440E0;2.431194293E-6;2.126218960E-1
1.148325359E2;4.974951739E-8;4.361308370E-3;7.584672192E-6;6.649128686E-1;1.285058202E-7;1.126550645E-2;1.095009047E-5;9.599434068E-1;4.505705890E-5;3.949942401E0;1.900020214E-6;1.665659186E-1
1.146953405E2;3.614745513E-8;3.176464538E-3;9.440773911E-6;8.296098145E-1;9.980967126E-8;8.770793966E-3;1.369860881E-5;1.203767871E0;3.784329930E-5;3.325487170E0;1.535666170E-6;1.349469587E-1
1.145584726E2;2.463060843E-8;2.169594370E-3;1.140858591E-5;1.004928637E0;7.433700256E-8;6.547996681E-3;1.670284461E-5;1.471274968E0;3.212774669E-5;2.829981994E0;1.332701123E-6;1.173913694E-1
1.144219309E2;1.610291576E-8;1.421817354E-3;1.346280710E-5;1.188707254E0;5.393251373E-8;4.762006155E-3;1.971493846E-5;1.740743232E0;2.782453823E-5;2.456785585E0;1.252414581E-6;1.105827548E-1
1.142857143E2;1.060359848E-8;9.384847382E-4;1.559141956E-5;1.379938077E0;3.947549455E-8;3.493827989E-3;2.240435580E-5;1.982925515E0;2.437620221E-5;2.157446247E0;1.239551195E-6;1.097080280E-1
1.141498216E2;7.685149767E-9;6.818042357E-4;1.778355207E-5;1.577705249E0;3.083506362E-8;2.735597564E-3;2.444209772E-5;2.168432140E0;2.122242860E-5;1.882792418E0;1.241250691E-6;1.101201674E-1
1.140142518E2;6.832931756E-9;6.076403906E-4;2.001380386E-5;1.779791754E0;2.750059208E-8;2.445578430E-3;2.560039706E-5;2.276597488E0;1.809670881E-5;1.609307923E0;1.222274104E-6;1.086946483E-1
1.138790036E2;7.692692569E-9;6.857232801E-4;2.222998963E-5;1.981571637E0;2.917520446E-8;2.600665075E-3;2.582225488E-5;2.301784604E0;1.505227073E-5;1.341752887E0;1.171401483E-6;1.044182203E-1
1.137440758E2;1.006072430E-8;8.989375238E-4;2.434867657E-5;2.175582828E0;3.625505971E-8;3.239432135E-3;2.522769504E-5;2.254124159E0;1.230947199E-5;1.099865768E0;1.097755414E-6;9.808573458E-2
1.136094675E2;1.369623757E-8;1.226676559E-3;2.625939276E-5;2.351870826E0;5.044048752E-8;4.517602982E-3;2.405653332E-5;2.154576056E0;1.008488806E-5;9.032331489E-1;1.021256621E-6;9.146683913E-2
1.134751773E2;1.812378472E-8;1.627065322E-3;2.783642633E-5;2.499019088E0;7.517245832E-8;6.748618017E-3;2.257962426E-5;2.027088943E0;8.490722570E-6;7.622558128E-1;9.639457991E-7;8.653836967E-2
1.133412043E2;2.255155947E-8;2.029358468E-3;2.895735885E-5;2.605800342E0;1.149355886E-7;1.034276633E-2;2.102353456E-5;1.891855325E0;7.504301223E-6;6.752933096E-1;9.467617598E-7;8.519672427E-2
1.132075472E2;2.597982194E-8;2.343382825E-3;2.952754917E-5;2.663388216E0;1.729809864E-7;1.560290419E-2;1.953961175E-5;1.762475151E0;6.979928013E-6;6.295902823E-1;9.911394458E-7;8.940088814E-2
1.130742049E2;2.750546540E-8;2.486850891E-3;2.950689147E-5;2.667805771E0;2.481921176E-7;2.243978714E-2;1.822131674E-5;1.647443412E0;6.700043267E-6;6.057708287E-1;1.119986433E-6;1.012613027E-1
1.129411765E2;2.668208822E-8;2.418093197E-3;2.892996678E-5;2.621809630E0;3.326648225E-7;3.014811051E-2;1.714435028E-5;1.553725347E0;6.461241714E-6;5.855570412E-1;1.352144804E-6;1.225395901E-1
1.128084606E2;2.371518070E-8;2.154273932E-3;2.790704306E-5;2.535060397E0;4.117496596E-7;3.740311194E-2;1.639377374E-5;1.489201363E0;6.157877270E-6;5.593781742E-1;1.689008304E-6;1.534285826E-1
1.126760563E2;1.938227673E-8;1.764815654E-3;2.659742797E-5;2.421777271E0;4.676102478E-7;4.257734512E-2;1.605685914E-5;1.462026198E0;5.812695664E-6;5.292637416E-1;2.099697451E-6;1.911838833E-1
1.125439625E2;1.475598414E-8;1.346733335E-3;2.516008158E-5;2.296283342E0;4.855654161E-7;4.431606363E-2;1.618640363E-5;1.477283327E0;5.542112690E-6;5.058115972E-1;2.516409450E-6;2.296649588E-1
1.124121780E2;1.089180440E-8;9.963936308E-4;2.370148271E-5;2.168236369E0;4.602724133E-7;4.210620062E-2;1.676117161E-5;1.533329467E0;5.491319652E-6;5.023516515E-1;2.848168228E-6;2.605534013E-1
1.122807018E2;8.587499681E-9;7.874343055E-4;2.224603172E-5;2.039859003E0;3.981411370E-7;3.650771486E-2;1.767257820E-5;1.620494306E0;5.786445943E-6;5.305905341E-1;3.010253475E-6;2.760264271E-1
1.121495327E2;8.353212295E-9;7.677439740E-4;2.074579332E-5;1.906746440E0;3.145351972E-7;2.890893871E-2;1.874965119E-5;1.723280962E0;6.541334250E-6;6.012142127E-1;2.956042090E-6;2.716899106E-1
1.120186698E2;1.060942639E-8;9.773923052E-4;1.912627547E-5;1.762006143E0;2.276051056E-7;2.096809674E-2;1.980818878E-5;1.824827336E0;7.934137876E-6;7.309316288E-1;2.695988458E-6;2.483676570E-1
1.118881119E2;1.593019823E-8;1.470994754E-3;1.734550286E-5;1.601684005E0;1.521918448E-7;1.405339732E-2;2.069619440E-5;1.911086915E0;1.029811626E-5;9.509282163E-1;2.295206847E-6;2.119394361E-1
1.117578580E2;2.500101779E-8;2.313978849E-3;1.543623405E-5;1.428706598E0;9.648234845E-8;8.929960989E-3;2.131326173E-5;1.972657163E0;1.410402818E-5;1.305403770E0;1.851795279E-6;1.713936265E-1
1.116279070E2;3.823358070E-8;3.546967780E-3;1.351100385E-5;1.253429432E0;6.230187163E-8;5.779807366E-3;2.160166596E-5;2.004008303E0;1.974398583E-5;1.831669447E0;1.465892023E-6;1.359922790E-1
1.114982578E2;5.537903956E-8;5.149524046E-3;1.173047185E-5;1.090779965E0;4.816484777E-8;4.478698867E-3;2.152769004E-5;2.001792707E0;2.717852677E-5;2.527246378E0;1.211507621E-6;1.126543125E-1
1.113689095E2;7.562474436E-8;7.048453180E-3;1.025406613E-5;9.557097430E-1;5.301674844E-8;4.941320097E-3;2.107770396E-5;1.964505279E0;3.564951056E-5;3.322641394E0;1.119485161E-6;1.043393774E-1
1.112398610E2;9.828573483E-8;9.181791962E-3;9.197427269E-6;8.592179111E-1;7.843532465E-8;7.327379041E-3;2.027947283E-5;1.894495686E0;4.368087936E-5;4.080640468E0;1.173924645E-6;1.096673072E-1
1.111111111E2;1.236889269E-7;1.158173636E-2;8.612229498E-6;8.064147213E-1;1.282583184E-7;1.200959590E-2;1.923501798E-5;1.801090144E0;4.946712139E-5;4.631903378E0;1.320654577E-6;1.236608119E-1
1.109826590E2;1.534123583E-7;1.439819096E-2;8.488855221E-6;7.967034716E-1;2.061251933E-7;1.934544209E-2;1.813540417E-5;1.702059828E0;5.153377718E-5;4.836593171E0;1.484735719E-6;1.393467165E-1
1.108545035E2;1.892710128E-7;1.780472451E-2;8.771147690E-6;8.251018784E-1;3.122835040E-7;2.937650976E-2;1.723396156E-5;1.621198794E0;4.935698709E-5;4.643011861E0;1.593213257E-6;1.498735738E-1
1.107266436E2;2.312857357E-7;2.180732579E-2;9.370721452E-6;8.835407642E-1;4.408843223E-7;4.156982715E-2;1.678007610E-5;1.582149394E0;4.359837880E-5;4.110776862E0;1.597126999E-6;1.505889185E-1
1.105990783E2;2.759078376E-7;2.607467210E-2;1.017539420E-5;9.616256993E-1;5.788709551E-7;5.470620363E-2;1.694026117E-5;1.600939500E0;3.581657719E-5;3.384845877E0;1.485636993E-6;1.404001343E-1
1.104718067E2;3.160835569E-7;2.994034668E-2;1.105465281E-5;1.047128616E0;7.073459812E-7;6.700185263E-2;1.774573284E-5;1.680927026E0;2.783174853E-5;2.636303539E0;1.286899410E-6;1.218988259E-1
1.103448276E2;3.438909492E-7;3.264935599E-2;1.186929914E-5;1.126883315E0;8.057805443E-7;7.650162325E-2;1.909196105E-5;1.812610173E0;2.110033556E-5;2.003287288E0;1.055598230E-6;1.002195681E-1
1.102181401E2;3.546998623E-7;3.375302475E-2;1.248930439E-5;1.188474666E0;8.581374217E-7;8.165983896E-2;2.078621421E-5;1.978003595E0;1.638228718E-5;1.558928558E0;8.529528968E-7;8.116648271E-2
1.100917431E2;3.504380166E-7;3.342408688E-2;1.281613890E-5;1.222378052E0;8.586972571E-7;8.190085084E-2;2.261249236E-5;2.156734924E0;1.375633558E-5;1.312052157E0;7.274184957E-7;6.937974149E-2
1.099656357E2;3.395559183E-7;3.246049662E-2;1.280022078E-5;1.223661556E0;8.149228837E-7;7.790410970E-2;2.437525643E-5;2.330199199E0;1.284660002E-5;1.228095268E0;7.027737454E-7;6.718299860E-2
1.098398169E2;3.330898486E-7;3.191535139E-2;1.244556328E-5;1.192484632E0;7.454144851E-7;7.142266666E-2;2.590291307E-5;2.481914643E0;1.307574084E-5;1.252865751E0;7.760244507E-7;7.435559245E-2
1.097142857E2;3.387074833E-7;3.252791797E-2;1.181448781E-5;1.134609388E0;6.730897430E-7;6.464046123E-2;2.702390438E-5;2.595252210E0;1.383391332E-5;1.328545780E0;9.234941645E-7;8.868815690E-2
1.095890411E2;3.561655517E-7;3.428273744E-2;1.098250581E-5;1.057121783E0;6.163263409E-7;5.932453047E-2;2.755018189E-5;2.651844480E0;1.456480679E-5;1.401936388E0;1.111195892E-6;1.069582300E-1
1.094640821E2;3.769273640E-7;3.636404798E-2;1.003799749E-5;9.684152890E-1;5.825325318E-7;5.619979592E-2;2.729774522E-5;2.633548560E0;1.484328059E-5;1.432004729E0;1.305890416E-6;1.259857104E-1
1.093394077E2;3.882856902E-7;3.754531785E-2;9.061562505E-6;8.762085573E-1;5.676134732E-7;5.488543307E-2;2.614737263E-5;2.528322421E0;1.448371674E-5;1.400504222E0;1.484317992E-6;1.435262545E-1
1.092150171E2;3.796515487E-7;3.679410928E-2;8.117261154E-6;7.866882014E-1;5.613318681E-7;5.440174332E-2;2.411607568E-5;2.337220873E0;1.363020510E-5;1.320977770E0;1.639244483E-6;1.588681539E-1
1.090909091E2;3.475027491E-7;3.375506565E-2;7.249351612E-6;7.041738237E-1;5.548294476E-7;5.389397487E-2;2.139583943E-5;2.078308636E0;1.274807320E-5;1.238298254E0;1.781505996E-6;1.730485644E-1
1.089670829E2;2.964637837E-7;2.886282472E-2;6.482769545E-6;6.311429974E-1;5.452341021E-7;5.308235672E-2;1.832863081E-5;1.784420517E0;1.250064055E-5;1.217024867E0;1.937674770E-6;1.886462034E-1
1.088435374E2;2.364415734E-7;2.307152910E-2;5.826070538E-6;5.684971303E-1;5.346866443E-7;5.217372857E-2;1.532022299E-5;1.494918874E0;1.355071121E-5;1.322253204E0;2.143222877E-6;2.091317033E-1
1.087202718E2;1.779134166E-7;1.739984883E-2;5.275825187E-6;5.159732326E-1;5.252730419E-7;5.137145751E-2;1.272911475E-5;1.244901462E0;1.632834966E-5;1.596904950E0;2.432136868E-6;2.378618467E-1
1.085972851E2;1.281216125E-7;1.255863082E-2;NaN;5.171425766E-1;5.143695483E-7;5.041910680E-2;1.077875230E-5;1.056545950E0;2.084186077E-5;2.042943653E0;2.825188892E-6;2.769283309E-1
1.084745763E2;8.977139010E-8;8.819416639E-3;NaN;5.183132442E-1;4.943084537E-7;4.856237824E-2;9.524575178E-6;9.357234717E-1;2.666862673E-5;2.620007667E0;3.320042106E-6;3.261711171E-1
1.083521445E2;6.206634250E-8;6.111375453E-3;NaN;5.194852354E-1;4.567224692E-7;4.497127387E-2;8.877870811E-6;8.741614144E-1;3.321837672E-5;3.270854442E0;3.886292219E-6;3.826645797E-1
1.082299887E2;4.272054874E-8;4.215988622E-3;NaN;5.206585500E-1;3.982964614E-7;3.930692369E-2;8.665045543E-6;8.551325884E-1;4.016039474E-5;3.963333157E0;4.467575335E-6;4.408943082E-1
1.081081081E2;2.957747590E-8;2.925515536E-3;NaN;5.218331882E-1;3.238230915E-7;3.202942294E-2;8.691621329E-6;8.596904385E-1;4.770907822E-5;4.718916854E0;4.991278109E-6;4.936885656E-1
1.079865017E2;2.118294018E-8;2.099931507E-3;NaN;5.230091500E-1;2.445735404E-7;2.424534456E-2;8.788802196E-6;8.712616137E-1;5.648596723E-5;5.599631651E0;5.383412461E-6;5.336746149E-1
1.078651685E2;1.654360947E-8;1.643711717E-3;NaN;5.241864353E-1;1.734615844E-7;1.723450008E-2;8.835384454E-6;8.778510501E-1;6.692544517E-5;6.649464167E0;5.584237140E-6;5.548291037E-1
1.077441077E2;1.467756359E-8;1.461587253E-3;NaN;5.253650441E-1;1.203552892E-7;1.198494256E-2;8.761327673E-6;8.724503060E-1;7.852767805E-5;7.819761947E0;5.560186895E-6;5.536816952E-1
1.076233184E2;1.448155201E-8;1.445307263E-3;NaN;5.265449764E-1;9.007984218E-8;8.990269141E-3;8.543661867E-6;8.526859925E-1;8.948337364E-5;8.930739588E0;5.309546433E-6;5.299104694E-1
1.075027996E2;1.494767488E-8;1.495174662E-3;NaN;5.277262323E-1;8.322093564E-8;8.324360503E-3;8.200137340E-6;8.202371058E-1;9.708150154E-5;9.710794656E0;4.861683700E-6;4.863008024E-1
1.073825503E2;1.542157874E-8;1.546034714E-3;NaN;5.289088117E-1;9.787184251E-8;9.811788314E-3;7.781894617E-6;7.801457571E-1;9.883785094E-5;9.908632003E0;4.271197357E-6;4.281934746E-1
1.072625698E2;1.573188998E-8;1.580674107E-3;NaN;5.300927147E-1;1.306407787E-7;1.312623572E-2;7.363547565E-6;7.398582743E-1;9.376118374E-5;9.420729205E0;3.608873122E-6;3.626043856E-1
1.071428571E2;1.622954771E-8;1.634322667E-3;NaN;5.312779412E-1;1.768806031E-7;1.781195534E-2;7.029298306E-6;7.078534636E-1;8.303029926E-5;8.361188038E0;2.951162591E-6;2.971833845E-1
1.070234114E2;1.777753610E-8;1.794204011E-3;NaN;5.324644912E-1;2.314481168E-7;2.335898166E-2;6.856909593E-6;6.920359845E-1;6.971991098E-5;7.036506254E0;2.370081162E-6;2.392012652E-1
1.069042316E2;2.165789722E-8;2.190707170E-3;NaN;5.336523648E-1;2.909431993E-7;2.942905059E-2;6.904245407E-6;6.983678870E-1;5.775255279E-5;5.841699691E0;1.925354915E-6;1.947506157E-1
1.067853170E2;2.936121728E-8;2.976520023E-3;NaN;5.348415619E-1;3.565838760E-7;3.614901374E-2;7.204297021E-6;7.303421426E-1;5.058345392E-5;5.127943505E0;1.660106175E-6;1.682947687E-1
1.066666667E2;4.220136152E-8;4.287724270E-3;NaN;5.360320825E-1;4.350797231E-7;4.420477967E-2;7.771652834E-6;7.896120712E-1;5.012144556E-5;5.092417184E0;1.600175273E-6;1.625803080E-1
1.065482797E2;6.067289875E-8;6.178167727E-3;NaN;5.372239267E-1;5.348691789E-7;5.446437483E-2;8.616728535E-6;8.774196594E-1;5.619692814E-5;5.722390968E0;1.755987041E-6;1.788077163E-1
1.064301552E2;8.374631092E-8;8.546614755E-3;NaN;5.384170944E-1;6.584719599E-7;6.719945161E-2;9.759962153E-6;9.960395345E-1;6.667127417E-5;6.804045328E0;2.124471390E-6;2.168100102E-1
1.063122924E2;1.086503184E-7;1.111275839E-2;NaN;5.396115856E-1;7.956719686E-7;8.138135693E-2;1.123797487E-5;1.149420465E0;7.809198006E-5;7.987250466E0;2.688741145E-6;2.750045388E-1
1.061946903E2;1.316110565E-7;1.349101436E-2;NaN;5.408074004E-1;9.230710012E-7;9.462095707E-2;1.309892530E-5;1.342727534E0;8.669491048E-5;8.886808699E0;3.414214781E-6;3.499798714E-1
1.060773481E2;1.494090858E-7;1.534933395E-2;NaN;5.420045387E-1;1.011985723E-6;1.039649411E-1;1.539052677E-5;1.581124292E0;8.950786850E-5;9.195465972E0;4.242941827E-6;4.358927080E-1
1.059602649E2;1.607745544E-7;1.655347122E-2;NaN;5.432030006E-1;1.040992908E-6;1.071814268E-1;1.814942088E-5;1.868678270E0;8.524866685E-5;8.777268008E0;5.090733012E-6;5.241457686E-1
1.058434399E2;1.666527947E-7;1.719659816E-2;NaN;5.444027860E-1;1.005803021E-6;1.037869806E-1;2.139896138E-5;2.208119825E0;7.467393532E-5;7.705467293E0;5.852160898E-6;6.038738176E-1
1.057268722E2;1.691834522E-7;1.749624887E-2;NaN;5.456038949E-1;9.204584504E-7;9.518998408E-2;2.515588048E-5;2.601516517E0;6.017881127E-5;6.223442334E0;6.416316064E-6;6.635487172E-1
1.056105611E2;1.699988944E-7;1.761932358E-2;NaN;5.468063274E-1;8.093031274E-7;8.387921418E-2;2.943806857E-5;3.051071934E0;4.481604603E-5;4.644903246E0;6.690745432E-6;6.934539730E-1
1.054945055E2;1.689058287E-7;1.754457245E-2;NaN;5.480100834E-1;6.950142350E-7;7.219246191E-2;3.426050691E-5;3.558704578E0;3.122354748E-5;3.243249776E0;6.625752908E-6;6.882296654E-1
1.053787047E2;1.639553807E-7;1.706780985E-2;NaN;5.492151629E-1;5.901387837E-7;6.143364436E-2;3.960906157E-5;4.123316529E0;2.094878512E-5;2.180775523E0;6.228816195E-6;6.484218449E-1
1.052631579E2;1.529963351E-7;1.596195465E-2;NaN;5.504215660E-1;4.964524614E-7;5.179438884E-2;4.539411964E-5;4.735923108E0;1.437073789E-5;1.499284713E0;5.562531051E-6;5.803333020E-1
1.051478642E2;1.355483441E-7;1.417265253E-2;NaN;5.516292926E-1;4.105620836E-7;4.292751630E-2;5.140198337E-5;5.374484316E0;1.109851084E-5;1.160437176E0;4.726927772E-6;4.942377222E-1
1.050328228E2;1.135416082E-7;1.189769415E-2;NaN;5.528383427E-1;3.303063969E-7;3.461184451E-2;5.727124622E-5;6.001286949E0;1.055092535E-5;1.105600712E0;3.833705191E-6;4.017227920E-1
1.049180328E2;9.050446616E-8;9.504462624E-3;NaN;5.540487164E-1;2.573691991E-7;2.702801350E-2;6.251798741E-5;6.565420469E0;1.241281501E-5;1.303550436E0;2.983043143E-6;3.132687619E-1
1.048034934E2;6.993477540E-8;7.360367513E-3;NaN;5.552604136E-1;1.957112150E-7;2.059785652E-2;6.661373344E-5;7.010840554E0;1.678574631E-5;1.766635570E0;2.251171461E-6;2.369271824E-1
1.046892039E2;5.392048768E-8;5.687322437E-3;NaN;5.564734344E-1;1.485703429E-7;1.567061949E-2;6.909653437E-5;7.288032567E0;2.404070052E-5;2.535719192E0;1.690701175E-6;1.783285564E-1
1.045751634E2;4.266913235E-8;4.510394638E-3;NaN;5.576877786E-1;1.166978057E-7;1.233568924E-2;6.967646492E-5;7.365238909E0;3.450342187E-5;3.647227877E0;1.338524413E-6;1.414904171E-1
1.044613711E2;3.502409123E-8;3.710336223E-3;NaN;5.589034465E-1;9.855474751E-8;1.044056353E-2;6.829737152E-5;7.235197333E0;4.810515034E-5;5.096100300E0;1.223273716E-6;1.295895659E-1
1.043478261E2;2.952325834E-8;3.134406430E-3;NaN;5.601204378E-1;9.168207816E-8;9.733644299E-3;6.513666043E-5;6.915387349E0;6.408241254E-5;6.803460633E0;1.366736868E-6;1.451028466E-1
1.042345277E2;2.527509366E-8;2.689226622E-3;NaN;5.613387527E-1;9.370436893E-8;9.969984166E-3;6.055130953E-5;6.442555498E0;8.083503159E-5;8.600708741E0;1.778271041E-6;1.892049893E-1
1.041214751E2;2.225545877E-8;2.373087552E-3;NaN;5.625583912E-1;1.021108067E-7;1.088802019E-2;5.499824631E-5;5.864433308E0;9.610822549E-5;1.024796819E1;2.446180887E-6;2.608349472E-1
1.040086674E2;2.118830744E-8;2.264201303E-3;NaN;5.637793531E-1;1.134647861E-7;1.212494755E-2;4.895928269E-5;5.231832318E0;1.076021005E-4;1.149845578E1;3.332525013E-6;3.561165750E-1
1.038961039E2;2.324090216E-8;2.488927767E-3;NaN;5.650016386E-1;1.234320316E-7;1.321865256E-2;4.288738328E-5;4.592919774E0;1.138784806E-4;1.219553831E1;4.375198149E-6;4.685511812E-1
1.037837838E2;2.961427205E-8;3.178336645E-3;NaN;5.662252477E-1;1.280369120E-7;1.374149629E-2;3.717442681E-5;3.989726399E0;1.151638703E-4;1.235990365E1;5.495945085E-6;5.898495034E-1
1.036717063E2;4.090072823E-8;4.399146063E-3;NaN;5.674501802E-1;1.251363545E-7;1.345924938E-2;3.213131900E-5;3.455937623E0;1.135456869E-4;1.221259579E1;6.608826184E-6;7.108233265E-1
1.035598706E2;5.636168870E-8;6.075175567E-3;NaN;5.686764363E-1;1.150627064E-7;1.240250530E-2;2.797363729E-5;3.015253122E0;1.122523942E-4;1.209958428E1;7.624062654E-6;8.217908340E-1
1.034482759E2;7.373133820E-8;7.964590230E-3;NaN;5.699040160E-1;1.003344058E-7;1.083830089E-2;2.481500424E-5;2.680560873E0;1.141764083E-4;1.233353860E1;8.447728139E-6;9.125386118E-1
1.033369214E2;8.988357097E-8;9.730319799E-3;NaN;5.711329192E-1;8.479568483E-8;9.179532166E-3;2.267498284E-5;2.454673664E0;1.203147166E-4;1.302463460E1;8.983720005E-6;9.725299928E-1
1.032258065E2;1.020068764E-7;1.106651085E-2;NaN;5.723631459E-1;7.232923826E-8;7.846846489E-3;2.150482930E-5;2.333013569E0;1.290072926E-4;1.399572905E1;9.145736236E-6;9.922016324E-1
1.031149302E2;1.086190404E-7;1.180920581E-2;NaN;5.735946961E-1;6.550246967E-8;7.121515185E-3;2.122325683E-5;2.307420568E0;1.365186994E-4;1.484249366E1;8.880365959E-6;9.654851389E-1
1.030042918E2;1.099423036E-7;1.197876445E-2;NaN;5.748275699E-1;6.489338339E-8;7.070459038E-3;2.174472225E-5;2.369196364E0;1.387561182E-4;1.511817382E1;8.192769806E-6;8.926432912E-1
1.028938907E2;1.074104349E-7;1.172803169E-2;NaN;5.760617673E-1;6.944359909E-8;7.582473072E-3;2.298585094E-5;2.509800732E0;1.332254511E-4;1.454674597E1;7.161105875E-6;7.819135697E-1
1.027837259E2;1.025700714E-7;1.122353792E-2;NaN;5.772972881E-1;7.732620998E-8;8.461275675E-3;2.484746454E-5;2.718887262E0;1.201621685E-4;1.314852019E1;5.928665945E-6;6.487331650E-1
1.026737968E2;9.616728793E-8;1.054547043E-2;NaN;5.785341325E-1;8.658523753E-8;9.494726134E-3;2.718615055E-5;2.981167015E0;1.022675359E-4;1.121440875E1;4.672810441E-6;5.124090051E-1
1.025641026E2;8.812151659E-8;9.683871731E-3;NaN;5.797723004E-1;9.550271117E-8;1.049500781E-2;2.979776649E-5;3.274543604E0;8.331446346E-5;9.155613847E0;3.561302048E-6;3.913594950E-1
1.024546425E2;7.826424234E-8;8.619020924E-3;NaN;5.810117919E-1;1.029085166E-7;1.133302555E-2;3.242985619E-5;3.571408868E0;6.648905174E-5;7.322252296E0;2.712767935E-6;2.987495042E-1
1.023454158E2;6.707432672E-8;7.402482114E-3;NaN;5.822526069E-1;1.082852086E-7;1.195061299E-2;3.482181320E-5;3.843018067E0;5.334107199E-5;5.886847483E0;2.174488981E-6;2.399817721E-1
1.022364217E2;5.585651313E-8;6.177608385E-3;NaN;5.834947455E-1;1.116241039E-7;1.234538215E-2;3.675338790E-5;4.064844448E0;4.373830107E-5;4.837360592E0;1.922065619E-6;2.125762604E-1
1.021276596E2;4.640459246E-8;5.143183720E-3;NaN;5.847382075E-1;1.135527895E-7;1.258545388E-2;3.807832391E-5;4.220354178E0;3.662418491E-5;4.059186852E0;1.877626940E-6;2.081039785E-1
1.020191286E2;4.046115766E-8;4.493998460E-3;NaN;5.859829932E-1;1.159361445E-7;1.287696361E-2;3.873028843E-5;4.301751770E0;3.100665797E-5;3.443892396E0;1.938553402E-6;2.153140569E-1
1.019108280E2;3.919472652E-8;4.362594145E-3;NaN;5.872291023E-1;1.222214103E-7;1.360393237E-2;3.870715504E-5;4.308324688E0;2.659348471E-5;2.960004852E0;2.007877572E-6;2.234880995E-1
1.018027572E2;4.290347003E-8;4.785542447E-3;NaN;5.884765350E-1;1.366006463E-7;1.523672073E-2;3.805241032E-5;4.244445140E0;2.379668516E-5;2.654331850E0;2.018833672E-6;2.251849145E-1
1.016949153E2;5.093937136E-8;5.693940672E-3;NaN;5.897252912E-1;1.620140639E-7;1.810973405E-2;3.684957156E-5;4.119000071E0;2.325848594E-5;2.599805131E0;1.947757738E-6;2.177179794E-1
1.015873016E2;6.171531516E-8;6.913085626E-3;NaN;5.909753710E-1;1.980031925E-7;2.217947069E-2;3.522898888E-5;3.946200648E0;2.532653092E-5;2.836969663E0;1.813019080E-6;2.030866424E-1
1.014799154E2;7.282822372E-8;8.175180655E-3;NaN;5.922267743E-1;2.395334190E-7;2.688832534E-2;3.336732370E-5;3.745579464E0;2.986744634E-5;3.352708017E0;1.661937219E-6;1.865573031E-1
1.013727561E2;8.153861837E-8;9.172308943E-3;NaN;5.934795011E-1;2.777494451E-7;3.124413646E-2;3.146041403E-5;3.538993458E0;3.649690732E-5;4.105550426E0;1.551677224E-6;1.745487373E-1
1.012658228E2;8.568651516E-8;9.659274836E-3;NaN;5.947335515E-1;3.030234187E-7;3.415924288E-2;2.966968942E-5;3.344606603E0;4.496143144E-5;5.068415054E0;1.530742808E-6;1.725576709E-1
1.011591149E2;8.457820612E-8;9.554462550E-3;NaN;5.959889254E-1;3.091188854E-7;3.491992737E-2;2.806566194E-5;3.170465871E0;5.527539561E-5;6.244240940E0;1.624955578E-6;1.835647494E-1
1.010526316E2;7.920767503E-8;8.966642284E-3;NaN;5.972456228E-1;2.959371279E-7;3.350132879E-2;2.660242765E-5;3.011506808E0;6.738896149E-5;7.628714153E0;1.829272667E-6;2.070813673E-1
1.009463722E2;7.158474020E-8;8.120763354E-3;NaN;5.985036438E-1;2.690131926E-7;3.051757219E-2;2.514470484E-5;2.852482206E0;8.055646667E-5;9.138539872E0;2.106722171E-6;2.389921673E-1
1.008403361E2;6.362858494E-8;7.233384141E-3;NaN;5.997629883E-1;2.363124585E-7;2.686432193E-2;2.353834937E-5;2.675871595E0;9.291619961E-5;1.056284004E1;2.397120941E-6;2.725079713E-1
1.007345226E2;5.633408180E-8;6.417596227E-3;NaN;6.010236563E-1;2.046762775E-7;2.331678558E-2;2.168839963E-5;2.470749273E0;1.017777896E-4;1.159455764E1;2.636783746E-6;3.003832294E-1
1.006289308E2;4.964138373E-8;5.667036321E-3;NaN;6.022856479E-1;1.780157905E-7;2.032219642E-2;1.960213358E-5;2.237770075E0;1.046522982E-4;1.194705567E1;2.784854407E-6;3.179176301E-1
1.005235602E2;4.293382117E-8;4.911584885E-3;NaN;6.035489630E-1;1.578061688E-7;1.805286304E-2;1.737629079E-5;1.987829755E0;1.004621807E-4;1.149276991E1;2.845283385E-6;3.254974863E-1
1.004184100E2;3.573687239E-8;4.096827650E-3;NaN;6.048136017E-1;1.451328904E-7;1.663784206E-2;1.514195968E-5;1.735854174E0;9.015638266E-5;1.033540813E1;2.870602635E-6;3.290820786E-1
1.003134796E2;2.815400397E-8;3.234293374E-3;NaN;6.060795639E-1;1.428693664E-7;1.641263692E-2;1.300362162E-5;1.493838223E0;7.632068839E-5;8.767616039E0;2.940707206E-6;3.378244119E-1
1.002087683E2;2.081500655E-8;2.396199307E-3;NaN;6.073468496E-1;1.564358495E-7;1.800871276E-2;1.100706447E-5;1.267120439E0;6.201946043E-5;7.139608036E0;3.124216286E-6;3.596561394E-1
1.001042753E2;1.448639824E-8;1.671140646E-3;NaN;6.086154589E-1;1.922663358E-7;2.217970839E-2;9.147886581E-6;1.055293720E0;4.956222394E-5;5.717463069E0;3.442455853E-6;3.971192703E-1
1.000000000E2;9.686718683E-9;1.119784680E-3;NaN;6.098853917E-1;2.543937024E-7;2.940791200E-2;7.406814838E-6;8.562277953E-1;3.987142371E-5;4.609136581E0;3.856995604E-6;4.458686918E-1
9.989594173E1;6.582407496E-9;7.625123953E-4;NaN;6.111566480E-1;3.406982509E-7;3.946681204E-2;5.784675090E-6;6.701023086E-1;3.268354923E-5;3.786093678E0;4.288440413E-6;4.967770491E-1
9.979209979E1;5.113836734E-9;5.936252570E-4;NaN;6.124292279E-1;4.409841063E-7;5.119039129E-2;4.315546405E-6;5.009579846E-1;2.727627342E-5;3.166288964E0;4.654994937E-6;5.403619062E-1
9.968847352E1;5.183912905E-9;6.030115611E-4;NaN;6.137031313E-1;5.386349828E-7;6.265597585E-2;3.053484775E-6;3.551924298E-1;2.314815639E-5;2.692677554E0;4.907601870E-6;5.708700587E-1
9.958506224E1;6.814657734E-9;7.943528976E-4;NaN;6.149783582E-1;6.159729928E-7;7.180110151E-2;2.045802998E-6;2.384697225E-1;2.024463683E-5;2.359822981E0;5.042366648E-6;5.877651842E-1
9.948186528E1;1.027703134E-8;1.200432309E-3;NaN;6.162549087E-1;6.611995126E-7;7.723293149E-2;1.311746758E-6;1.532216004E-1;1.873124425E-5;2.187946114E0;5.087400549E-6;5.942455350E-1
9.937888199E1;1.610269621E-8;1.884812792E-3;NaN;6.175327827E-1;6.732020909E-7;7.879797866E-2;8.363607584E-7;9.789562166E-2;1.862962138E-5;2.180588159E0;5.076890677E-6;5.942475946E-1
9.927611169E1;2.488694565E-8;2.919039122E-3;NaN;6.188119803E-1;6.609993851E-7;7.752992639E-2;5.779276161E-7;6.778627416E-2;1.963936515E-5;2.303540017E0;5.031151967E-6;5.901137738E-1
9.917355372E1;3.685825330E-8;4.332123539E-3;NaN;6.200925013E-1;6.376692262E-7;7.494825765E-2;4.815695151E-7;5.660112581E-2;2.126283297E-5;2.499120576E0;4.954781467E-6;5.823587258E-1
9.907120743E1;5.135260646E-8;6.048189831E-3;NaN;6.213743460E-1;6.122762963E-7;7.211246954E-2;4.920403311E-7;5.795135890E-2;2.314538150E-5;2.726008876E0;4.851261587E-6;5.713702386E-1
9.896907216E1;6.652726146E-8;7.851605724E-3;NaN;6.226575141E-1;5.849585531E-7;6.903732129E-2;5.621767992E-7;6.634859873E-2;2.543955129E-5;3.002398147E0;4.740272004E-6;5.594510579E-1
9.886714727E1;7.959772540E-8;9.413572793E-3;NaN;6.239420058E-1;5.483928892E-7;6.485532540E-2;6.574501961E-7;7.775291628E-2;2.899468778E-5;3.429037735E0;4.661759002E-6;5.513198711E-1
9.876543210E1;8.762555983E-8;1.038433532E-2;NaN;6.252278210E-1;4.943992092E-7;5.859029238E-2;7.586889886E-7;8.991076208E-2;3.522547511E-5;4.174502806E0;4.659825014E-6;5.522268340E-1
9.866392600E1;8.858019145E-8;1.051907770E-2;NaN;6.265149598E-1;4.208655845E-7;4.997864323E-2;8.636244656E-7;1.025571599E-1;4.561760089E-5;5.417182787E0;4.753991161E-6;5.645461090E-1
9.856262834E1;8.217097121E-8;9.778037576E-3;NaN;6.278034221E-1;3.344014317E-7;3.979251695E-2;9.848190005E-7;1.171897697E-1;6.098800412E-5;7.257343891E0;4.915093549E-6;5.848777092E-1
9.846153846E1;6.999439770E-8;8.346182563E-3;NaN;6.290932080E-1;2.477077867E-7;2.953685550E-2;1.142419213E-6;1.362228925E-1;8.076699744E-5;9.630715142E0;5.062980342E-6;6.037134348E-1
9.836065574E1;5.492503750E-8;6.562742517E-3;NaN;6.303843173E-1;1.741805506E-7;2.081204050E-2;1.353436817E-6;1.617159996E-1;1.026603365E-4;1.226641593E1;5.092043240E-6;6.084250496E-1
9.825997953E1;4.009520086E-8;4.800615122E-3;NaN;6.316767502E-1;1.232093114E-7;1.475190224E-2;1.621408142E-6;1.941318732E-1;1.229830377E-4;1.472481040E1;4.915368740E-6;5.885191495E-1
9.815950920E1;2.798308034E-8;3.357287990E-3;NaN;6.329705067E-1;9.819997337E-8;1.178160471E-2;1.930479081E-6;2.316104644E-1;1.377085946E-4;1.652167685E1;4.506542344E-6;5.406753047E-1
9.805924413E1;1.992316823E-8;2.395185499E-3;NaN;6.342655867E-1;9.723334678E-8;1.168950137E-2;2.245859044E-6;2.699996785E-1;1.439117870E-4;1.730123550E1;3.917274583E-6;4.709391182E-1
9.795918367E1;1.607086854E-8;1.936006754E-3;NaN;6.355619902E-1;1.149238749E-7;1.384451608E-2;2.520608782E-6;3.036497755E-1;1.409804893E-4;1.698347409E1;3.260941908E-6;3.928353680E-1
9.785932722E1;1.568656578E-8;1.893569535E-3;NaN;6.368597172E-1;1.442129965E-7;1.740835697E-2;2.706610906E-6;3.267226254E-1;1.309675604E-4;1.580946307E1;2.670542567E-6;3.223687146E-1
9.775967413E1;1.754637221E-8;2.122392397E-3;NaN;6.381587678E-1;1.779972925E-7;2.153038223E-2;2.766608657E-6;3.346463366E-1;1.178049356E-4;1.424957231E1;2.252621795E-6;2.724749775E-1
9.766022380E1;2.034207247E-8;2.465571498E-3;NaN;6.394591420E-1;2.111345931E-7;2.559067842E-2;2.684233904E-6;3.253439696E-1;1.056844057E-4;1.280953348E1;2.057551081E-6;2.493865513E-1
9.756097561E1;2.299930834E-8;2.793317747E-3;NaN;6.407608396E-1;2.425096892E-7;2.945334740E-2;2.469717442E-6;2.999527403E-1;9.738508386E-5;1.182763755E1;2.074027018E-6;2.518952479E-1
9.746192893E1;2.490522804E-8;3.030947066E-3;NaN;6.420638608E-1;2.755863575E-7;3.353864740E-2;2.159897123E-6;2.628578158E-1;9.338130419E-5;1.136443278E1;2.242631210E-6;2.729264906E-1
9.736308316E1;2.597559845E-8;3.167632279E-3;NaN;6.433682055E-1;3.160843865E-7;3.854537201E-2;1.812488721E-6;2.210265835E-1;9.213533872E-5;1.123557840E1;2.477937891E-6;3.021757541E-1
9.726443769E1;2.653563953E-8;3.242494382E-3;NaN;6.446738738E-1;3.673565609E-7;4.488874607E-2;1.495241009E-6;1.827093922E-1;9.131785567E-5;1.115848871E1;2.691278470E-6;3.288579237E-1
9.716599190E1;2.709329505E-8;3.317348390E-3;NaN;6.459808656E-1;4.263760379E-7;5.220619567E-2;1.271171509E-6;1.556443670E-1;8.922764142E-5;1.092518175E1;2.811075511E-6;3.441927902E-1
9.706774520E1;2.817225842E-8;3.456444714E-3;NaN;6.472891810E-1;4.835163003E-7;5.932244888E-2;1.182533486E-6;1.450846275E-1;8.567478594E-5;1.051141007E1;2.800114639E-6;3.435451038E-1
9.696969697E1;3.027772761E-8;3.722279966E-3;NaN;6.485988198E-1;5.269043392E-7;6.477650802E-2;1.238118618E-6;1.522116913E-1;8.196303033E-5;1.007636206E1;2.667737234E-6;3.279659883E-1
9.687184662E1;3.388818644E-8;4.174562857E-3;NaN;6.499097823E-1;5.489516099E-7;6.762335911E-2;1.409317266E-6;1.736086859E-1;8.008460840E-5;9.865332637E0;2.471617861E-6;3.044696457E-1
9.677419355E1;3.926009744E-8;4.846074490E-3;NaN;6.512220682E-1;5.507909287E-7;6.798693948E-2;1.638354273E-6;2.022304417E-1;8.160936116E-5;1.007346056E1;2.303854201E-6;2.843764993E-1
9.667673716E1;4.608346499E-8;5.699791784E-3;NaN;6.525356777E-1;5.414298936E-7;6.696626784E-2;1.857803728E-6;2.297807777E-1;8.691626081E-5;1.075015929E1;2.264201001E-6;2.800456578E-1
9.657947686E1;5.327139994E-8;6.602102259E-3;NaN;6.538506107E-1;5.317617969E-7;6.590301296E-2;2.016675304E-6;2.499332962E-1;9.529279220E-5;1.180995355E1;2.430699120E-6;3.012446484E-1
9.648241206E1;5.917810595E-8;7.348904278E-3;NaN;6.551668673E-1;5.272074128E-7;6.547010501E-2;2.103719376E-6;2.612458116E-1;1.058893376E-4;1.314963691E1;2.837698599E-6;3.523934238E-1
9.638554217E1;6.220102050E-8;7.739832371E-3;NaN;6.564844474E-1;5.239582606E-7;6.519746901E-2;2.157214496E-6;2.684277276E-1;1.188040038E-4;1.478308662E1;3.464199476E-6;4.310592178E-1
9.628886660E1;6.149180297E-8;7.666954954E-3;NaN;6.578033510E-1;5.114274879E-7;6.376608462E-2;2.254260092E-6;2.810669023E-1;1.352944153E-4;1.686885304E1;4.231584968E-6;5.276048150E-1
9.619238477E1;5.742994276E-8;7.174883174E-3;NaN;6.591235782E-1;4.792557410E-7;5.987475848E-2;2.481673529E-6;3.100424064E-1;1.566636533E-4;1.957242783E1;5.011393556E-6;6.260873958E-1
9.609609610E1;5.159839403E-8;6.459256474E-3;NaN;6.604451289E-1;4.242893721E-7;5.311393746E-2;2.899557197E-6;3.629760955E-1;1.824025931E-4;2.283375583E1;5.646758366E-6;7.068797627E-1
9.600000000E1;4.621090878E-8;5.796420415E-3;NaN;6.617680031E-1;3.533094821E-7;4.431703139E-2;3.512607199E-6;4.406004690E-1;2.091553346E-4;2.623519605E1;5.988554066E-6;7.511684571E-1
9.590409590E1;4.330979821E-8;5.443392909E-3;NaN;6.630922009E-1;2.803916836E-7;3.524103472E-2;4.261778641E-6;5.356417391E-1;2.308514016E-4;2.901456332E1;5.938875452E-6;7.464276874E-1
9.580838323E1;4.410315724E-8;5.554186924E-3;NaN;6.644177222E-1;2.208662129E-7;2.781506605E-2;5.040542607E-6;6.347871127E-1;2.412693288E-4;3.038455828E1;5.485697821E-6;6.908482980E-1
9.571286142E1;4.862852710E-8;6.136324948E-3;NaN;6.657445670E-1;1.852562444E-7;2.337707066E-2;5.729116764E-6;7.229444162E-1;2.369704211E-4;2.990276683E1;4.710951593E-6;5.944644329E-1
9.561752988E1;5.575921990E-8;7.050168272E-3;NaN;6.670727354E-1;1.758078730E-7;2.222906078E-2;6.232716777E-6;7.880616362E-1;2.189147132E-4;2.767946841E1;3.764359546E-6;4.759637650E-1
9.552238806E1;6.357308040E-8;8.054169163E-3;NaN;6.684022273E-1;1.865628333E-7;2.363592592E-2;6.508896404E-6;8.246218741E-1;1.917057899E-4;2.428749483E1;2.812806687E-6;3.563587093E-1
9.542743539E1;7.007540751E-8;8.895635134E-3;NaN;6.697330428E-1;2.063456745E-7;2.619429408E-2;6.575843441E-6;8.347622372E-1;1.612527738E-4;2.047003208E1;1.988691261E-6;2.524519297E-1
9.533267130E1;7.407486378E-8;9.422044925E-3;NaN;6.710651818E-1;2.231522857E-7;2.838413401E-2;6.503748698E-6;8.272524481E-1;1.325213981E-4;1.685622493E1;1.360462826E-6;1.730457703E-1
9.523809524E1;7.572996643E-8;9.651708492E-3;NaN;6.723986443E-1;2.282866261E-7;2.909490221E-2;6.397217227E-6;8.153189384E-1;1.084377832E-4;1.382028703E1;9.332855507E-7;1.189463102E-1
9.514370664E1;7.635199712E-8;9.750302769E-3;NaN;6.737334304E-1;2.190480032E-7;2.797286820E-2;6.375333995E-6;8.141429046E-1;NaN;1.384772183E1;6.703428789E-7;8.560412661E-2
9.504950495E1;7.746548702E-8;9.912115893E-3;NaN;6.750695400E-1;1.993690219E-7;2.551031339E-2;6.552112272E-6;8.383771752E-1;NaN;1.387518384E1;5.189470896E-7;6.640200549E-2
9.495548961E1;7.971316559E-8;1.021992563E-2;NaN;6.764069731E-1;1.785004451E-7;2.288531964E-2;7.017627907E-6;8.997213293E-1;NaN;1.390267306E1;4.302219958E-7;5.515822599E-2
9.486166008E1;8.230489500E-8;1.057309315E-2;NaN;6.777457298E-1;1.683654924E-7;2.162865324E-2;7.820622757E-6;1.004656805E0;NaN;1.393018947E1;3.685615889E-7;4.734634568E-2
9.476801579E1;8.337288208E-8;1.073146648E-2;NaN;6.790858100E-1;1.804351804E-7;2.322498686E-2;8.955804341E-6;1.152759887E0;NaN;1.395773309E1;3.132943917E-7;4.032616097E-2
9.467455621E1;8.102241983E-8;1.044952352E-2;NaN;6.804272137E-1;2.227111181E-7;2.872322342E-2;1.036224990E-5;1.336427303E0;NaN;1.398530392E1;2.567685361E-7;3.311563469E-2
9.458128079E1;7.449622114E-8;9.626794385E-3;NaN;6.817699410E-1;2.969666350E-7;3.837559397E-2;1.193686433E-5;1.542544531E0;NaN;1.401290195E1;2.017264846E-7;2.606815970E-2
9.448818898E1;6.473743146E-8;8.382204424E-3;NaN;6.831139918E-1;3.965483349E-7;5.134508942E-2;1.355933868E-5;1.755663549E0;NaN;1.404052718E1;1.578193583E-7;2.043445490E-2
9.439528024E1;5.401067494E-8;7.007076812E-3;NaN;6.844593662E-1;5.059338314E-7;6.563734340E-2;1.511840111E-5;1.961386299E0;NaN;1.406817961E1;1.371346179E-7;1.779116448E-2
9.430255403E1;4.487124172E-8;5.832825877E-3;NaN;6.858060641E-1;6.036581020E-7;7.846969380E-2;1.652964349E-5;2.148693207E0;NaN;1.409585925E1;1.505417448E-7;1.956896558E-2
9.421000981E1;3.911722463E-8;5.094854314E-3;NaN;6.871540855E-1;6.689211273E-7;8.712416905E-2;1.774255578E-5;2.310893416E0;NaN;1.412356609E1;2.067723113E-7;2.693122563E-2
9.411764706E1;3.720032094E-8;4.854700009E-3;NaN;6.885034304E-1;6.894765199E-7;8.997776315E-2;1.874171930E-5;2.445823653E0;NaN;1.415130014E1;3.130754517E-7;4.085683563E-2
9.402546523E1;3.824009788E-8;5.000182404E-3;NaN;6.898540989E-1;6.667674047E-7;8.718488783E-2;1.954898441E-5;2.556177763E0;NaN;1.417906139E1;4.745211882E-7;6.204723907E-2
9.393346380E1;4.050732177E-8;5.307019573E-3;NaN;6.912060910E-1;6.149679297E-7;8.056930691E-2;2.022614538E-5;2.649904875E0;NaN;1.420684984E1;6.905481360E-7;9.047135959E-2
9.384164223E1;4.214435952E-8;5.532304726E-3;NaN;6.925594065E-1;5.539455711E-7;7.271662770E-2;2.086765551E-5;2.739304394E0;NaN;1.423466550E1;9.509157422E-7;1.248270401E-1
9.375000000E1;4.184794541E-8;5.504139366E-3;NaN;6.939140456E-1;4.998201364E-7;6.573989861E-2;2.157348694E-5;2.837498414E0;NaN;1.426250836E1;1.234728210E-6;1.624002344E-1
9.365853659E1;3.927207251E-8;5.175435730E-3;NaN;6.952700083E-1;4.583990829E-7;6.040972224E-2;2.240448427E-5;2.952555365E0;NaN;1.429037842E1;1.514767876E-6;1.996223598E-1
9.356725146E1;3.499475195E-8;4.620755712E-3;NaN;6.966272944E-1;4.248722099E-7;5.610071744E-2;2.333814970E-5;3.081601741E0;NaN;1.431827569E1;1.766877145E-6;2.333009154E-1
9.347614411E1;3.014843857E-8;3.988605462E-3;NaN;6.979859041E-1;3.891920248E-7;5.148967937E-2;2.425102782E-5;3.208384466E0;NaN;1.434620016E1;1.980850075E-6;2.620642992E-1
9.338521401E1;2.593030442E-8;3.437234899E-3;NaN;6.993458374E-1;3.432862416E-7;4.550488228E-2;2.494533217E-5;3.306670255E0;NaN;1.437415183E1;2.166876950E-6;2.872340006E-1
9.329446064E1;2.322452400E-8;3.084557989E-3;NaN;7.007070942E-1;2.857820566E-7;3.795605566E-2;2.521401261E-5;3.348791304E0;NaN;1.440213071E1;2.352312045E-6;3.124215983E-1
9.320388350E1;2.241551648E-8;2.982899129E-3;NaN;7.020696745E-1;2.222034410E-7;2.956926963E-2;2.491583084E-5;3.315623362E0;NaN;1.443013679E1;2.567672020E-6;3.416877162E-1
9.311348206E1;2.338431648E-8;3.117865516E-3;NaN;7.034335783E-1;1.615674422E-7;2.154202613E-2;2.402420963E-5;3.203183416E0;NaN;1.445817007E1;2.827064776E-6;3.769367295E-1
9.302325581E1;2.566296580E-8;3.428322017E-3;NaN;7.047988057E-1;1.121639461E-7;1.498400961E-2;2.262834306E-5;3.022926007E0;NaN;1.448623056E1;3.113074400E-6;4.158763874E-1
9.293320426E1;2.873591435E-8;3.846281195E-3;NaN;7.061653567E-1;7.903517800E-8;1.057880098E-2;2.089103423E-5;2.796249708E0;NaN;1.451431825E1;3.375223180E-6;4.517711630E-1
9.284332689E1;3.237542661E-8;4.341821304E-3;NaN;7.075332311E-1;6.389871761E-8;8.569363944E-3;1.898765926E-5;2.546407326E0;NaN;1.454243315E1;3.544941737E-6;4.754069728E-1
9.275362319E1;3.683288064E-8;4.949162952E-3;NaN;7.089024291E-1;6.638832038E-8;8.920470242E-3;1.705555305E-5;2.291721685E0;NaN;1.457057525E1;3.561466316E-6;4.785473424E-1
9.266409266E1;4.269154365E-8;5.747470320E-3;NaN;7.102729507E-1;8.482071271E-8;1.141922936E-2;1.517174326E-5;2.042539029E0;NaN;1.459874455E1;3.396867540E-6;4.573129407E-1
9.257473481E1;5.033097199E-8;6.789037356E-3;NaN;7.116447957E-1;1.158807153E-7;1.563090228E-2;1.336034977E-5;1.802149056E0;NaN;1.462694106E1;3.068780123E-6;4.139411990E-1
9.248554913E1;5.934900520E-8;8.020907701E-3;NaN;7.130179643E-1;1.540763136E-7;2.082312729E-2;1.161878338E-5;1.570256971E0;NaN;1.465516477E1;2.635381598E-6;3.561669228E-1
9.239653513E1;6.835069212E-8;9.255276115E-3;NaN;7.143924565E-1;1.922221509E-7;2.602854524E-2;9.947257476E-6;1.346944876E0;NaN;1.468341568E1;2.174971219E-6;2.945099537E-1
9.230769231E1;7.529787422E-8;1.021562076E-2;NaN;7.157682722E-1;2.231945489E-7;3.028068045E-2;8.370056264E-6;1.135560883E0;NaN;1.471169380E1;1.759058162E-6;2.386504435E-1
9.221902017E1;7.832430135E-8;1.064665930E-2;NaN;7.171454114E-1;2.421572778E-7;3.291655323E-2;6.944304495E-6;9.439425923E-1;NaN;1.473999912E1;1.431043411E-6;1.945224072E-1
9.213051823E1;7.660095405E-8;1.043241812E-2;NaN;7.185238741E-1;2.479581458E-7;3.376985423E-2;5.755198134E-6;7.838105154E-1;NaN;1.476833164E1;1.199875863E-6;1.634131957E-1
9.204218600E1;7.071206758E-8;9.648893676E-3;NaN;7.199036604E-1;2.428186122E-7;3.313339649E-2;4.897371102E-6;6.682623585E-1;NaN;1.479669137E1;1.049715072E-6;1.432370664E-1
9.195402299E1;6.229647114E-8;8.516865945E-3;NaN;7.212847702E-1;2.304226654E-7;3.150224910E-2;4.445545144E-6;6.077729822E-1;NaN;1.482507830E1;9.578323889E-7;1.309501149E-1
9.186602871E1;5.322028760E-8;7.289960348E-3;NaN;7.226672036E-1;2.136941412E-7;2.927120250E-2;4.422908284E-6;6.058371246E-1;NaN;1.485349244E1;9.111271258E-7;1.248035461E-1
9.177820268E1;4.489039831E-8;6.160730286E-3;NaN;7.240509605E-1;1.939122471E-7;2.661239594E-2;4.779926283E-6;6.559941040E-1;NaN;1.488193378E1;9.174190478E-7;1.259060183E-1
9.169054441E1;3.812546723E-8;5.242324570E-3;NaN;7.254360409E-1;1.717996701E-7;2.362278280E-2;5.394789537E-6;7.417938662E-1;NaN;1.491040232E1;1.011067698E-6;1.390237398E-1
9.160305344E1;3.342157694E-8;4.604313336E-3;NaN;7.268224449E-1;1.494712109E-7;2.059185570E-2;6.099461991E-6;8.402905175E-1;NaN;1.493889806E1;1.252522692E-6;1.725534059E-1
9.151572927E1;3.119559194E-8;4.305856729E-3;NaN;7.282101724E-1;1.313862986E-7;1.813495250E-2;6.724658679E-6;9.281893698E-1;NaN;1.496742101E1;1.720230649E-6;2.374395308E-1
9.142857143E1;3.175878462E-8;4.391954581E-3;NaN;7.295992234E-1;1.234196047E-7;1.706782248E-2;7.146628184E-6;9.883144699E-1;NaN;1.499597117E1;2.491870767E-6;3.446033392E-1
9.134157945E1;3.510674429E-8;4.864199246E-3;NaN;7.309895980E-1;1.310002212E-7;1.815067703E-2;7.316164155E-6;1.013687851E0;NaN;1.502454852E1;3.613918062E-6;5.007247999E-1
9.125475285E1;4.077733098E-8;5.660641407E-3;NaN;7.323812961E-1;1.582212663E-7;2.196401358E-2;7.258760148E-6;1.007649036E0;NaN;1.505315308E1;5.067114016E-6;7.034083577E-1
9.116809117E1;4.798644469E-8;6.674068883E-3;NaN;7.337743178E-1;2.086618750E-7;2.902118997E-2;7.049798622E-6;9.805027632E-1;NaN;1.508178485E1;6.743729218E-6;9.379339024E-1
9.108159393E1;5.598700214E-8;7.801602222E-3;NaN;7.351686629E-1;2.866189901E-7;3.993940138E-2;6.779566881E-6;9.447100581E-1;NaN;1.511044381E1;8.452739540E-6;1.177861094E0
9.099526066E1;6.437087794E-8;8.986896079E-3;NaN;7.365643317E-1;3.964305247E-7;5.534614475E-2;6.524879184E-6;9.109462699E-1;NaN;1.513912998E1;9.956227635E-6;1.390000975E0
9.090909091E1;7.298192680E-8;1.020841999E-2;NaN;7.379613239E-1;5.385319254E-7;7.532769160E-2;6.335778549E-6;8.862233603E-1;NaN;1.516784336E1;1.102464112E-5;1.542082701E0
9.082308420E1;8.143868829E-8;1.141290264E-2;NaN;7.393596397E-1;7.036745962E-7;9.861369121E-2;6.234790466E-6;8.737500332E-1;NaN;1.519658394E1;1.149168371E-5;1.610456530E0
9.073724008E1;8.871390351E-8;1.245599406E-2;NaN;7.407592790E-1;8.694727128E-7;1.220794770E-1;6.221421331E-6;8.735269680E-1;NaN;1.522535172E1;1.129241484E-5;1.585526581E0
9.065155807E1;9.330688632E-8;1.312565501E-2;NaN;7.421602419E-1;1.003489186E-6;1.411627093E-1;6.274893363E-6;8.827010393E-1;NaN;1.525414670E1;1.047608032E-5;1.473689903E0
9.056603774E1;9.399785761E-8;1.324783938E-2;NaN;7.435625283E-1;1.073369992E-6;1.512782696E-1;6.354709981E-6;8.956180412E-1;NaN;1.528296889E1;9.192945659E-6;1.295632375E0
9.048067861E1;9.063063696E-8;1.279738301E-2;NaN;7.449661382E-1;1.059539654E-6;1.496109398E-1;6.405135655E-6;9.044289764E-1;NaN;1.531181828E1;7.658747059E-6;1.081443569E0
9.039548023E1;8.434711948E-8;1.193258831E-2;NaN;7.463710717E-1;9.636573233E-7;1.363286166E-1;6.367484073E-6;9.008080714E-1;NaN;1.534069488E1;6.104383952E-6;8.635872931E-1
9.031044214E1;7.708796272E-8;1.092618288E-2;NaN;7.477773287E-1;8.082158950E-7;1.145537431E-1;6.197552917E-6;8.784198491E-1;NaN;1.536959868E1;4.722473733E-6;6.693471955E-1
9.022556391E1;7.073075220E-8;1.004400455E-2;NaN;7.491849092E-1;6.277145160E-7;8.913757109E-2;5.880554149E-6;8.350584544E-1;NaN;1.539852968E1;3.625862470E-6;5.148846576E-1
9.014084507E1;6.646905168E-8;9.456579245E-3;NaN;7.505938133E-1;4.562442824E-7;6.491006118E-2;5.436204203E-6;7.734110017E-1;NaN;1.542748789E1;2.832553418E-6;4.029885365E-1
9.005628518E1;6.486667461E-8;9.245947259E-3;NaN;7.520040409E-1;3.174519489E-7;4.524887385E-2;4.912773021E-6;7.002554165E-1;NaN;1.545647330E1;2.284154928E-6;3.255782129E-1
8.997188379E1;6.629254372E-8;9.466923999E-3;NaN;7.534155921E-1;2.205897279E-7;3.150137363E-2;4.374765357E-6;6.247395080E-1;NaN;1.548548591E1;1.888960295E-6;2.697534677E-1
8.988764045E1;7.110563722E-8;1.017330128E-2;NaN;7.548284668E-1;1.625830928E-7;2.326126100E-2;3.891097033E-6;5.567111691E-1;NaN;1.551452573E1;1.567665816E-6;2.242907492E-1
8.980355472E1;7.925541857E-8;1.136056007E-2;NaN;7.562426650E-1;1.334161480E-7;1.912401942E-2;3.528839481E-6;5.058277860E-1;NaN;1.554359275E1;1.280703943E-6;1.835775312E-1
8.971962617E1;8.965880234E-8;1.287584846E-2;NaN;7.576581868E-1;1.216656859E-7;1.747233839E-2;3.350895051E-6;4.812200894E-1;NaN;1.557268697E1;1.029778018E-6;1.478858222E-1
8.963585434E1;9.999034307E-8;1.438640785E-2;NaN;7.590750321E-1;1.181602460E-7;1.700065664E-2;3.412454430E-6;4.909770251E-1;NaN;1.560180840E1;8.407540579E-7;1.209659894E-1
8.955223881E1;1.072875724E-7;1.546515786E-2;NaN;7.604932009E-1;1.175195969E-7;1.694007122E-2;3.752042204E-6;5.408447938E-1;NaN;1.563095703E1;7.421839324E-7;1.069834224E-1
8.946877912E1;1.091559912E-7;1.576385348E-2;NaN;7.619126932E-1;1.182247751E-7;1.707352947E-2;4.377577278E-6;6.321914724E-1;NaN;1.566013287E1;7.509527677E-7;1.084494701E-1
8.938547486E1;1.048731773E-7;1.517359040E-2;NaN;7.633335092E-1;1.219034857E-7;1.763762297E-2;5.252768204E-6;7.599975063E-1;NaN;1.568933591E1;8.690762844E-7;1.257424244E-1
8.930232558E1;9.563430570E-8;1.386264193E-2;NaN;7.647556486E-1;1.322549726E-7;1.917097966E-2;6.291180626E-6;9.119361899E-1;NaN;1.571856615E1;1.086991786E-6;1.575645664E-1
8.921933086E1;8.373716103E-8;1.216068792E-2;NaN;7.661791116E-1;1.538733767E-7;2.234618527E-2;7.361834709E-6;1.069118816E0;NaN;1.574782359E1;1.385962352E-6;2.012756992E-1
8.913649025E1;7.143150756E-8;1.039289622E-2;NaN;7.676038981E-1;1.908110871E-7;2.776197638E-2;8.306084295E-6;1.208490133E0;NaN;1.577710824E1;1.736787242E-6;2.526931067E-1
8.905380334E1;6.030678052E-8;8.790610429E-3;NaN;7.690300081E-1;2.446828995E-7;3.566617269E-2;8.964043949E-6;1.306642761E0;NaN;1.580642010E1;2.097453231E-6;3.057350117E-1
8.897126969E1;5.142222385E-8;7.509466979E-3;NaN;7.704574417E-1;3.126206130E-7;4.565368813E-2;9.206731822E-6;1.344509114E0;NaN;1.583575915E1;2.414049519E-6;3.525367786E-1
8.888888889E1;4.563616978E-8;6.676856865E-3;NaN;7.718861988E-1;3.860864611E-7;5.648686230E-2;8.966823237E-6;1.311902282E0;NaN;1.586512541E1;2.628189419E-6;3.845205383E-1
8.880666050E1;4.359015512E-8;6.389327808E-3;NaN;7.733162795E-1;4.519295238E-7;6.624261523E-2;8.259545634E-6;1.210662005E0;NaN;1.589451888E1;2.690859810E-6;3.944190004E-1
8.872458410E1;4.537203694E-8;6.662821317E-3;NaN;7.747476837E-1;4.964210456E-7;7.289874883E-2;7.186719136E-6;1.055359836E0;NaN;1.592393954E1;2.578488351E-6;3.786474735E-1
8.864265928E1;5.021998296E-8;7.388373505E-3;NaN;7.761804114E-1;5.111966549E-7;7.520734972E-2;5.920745355E-6;8.710611899E-1;NaN;1.595338741E1;2.303495739E-6;3.388907341E-1
8.856088561E1;5.655397655E-8;8.335604104E-3;NaN;7.776144627E-1;4.980313411E-7;7.340583889E-2;4.669462537E-6;6.882414547E-1;NaN;1.598286249E1;1.912776375E-6;2.819279487E-1
8.847926267E1;6.240409741E-8;9.214843217E-3;NaN;7.790498375E-1;4.690727637E-7;6.926519499E-2;3.628862168E-6;5.358525693E-1;NaN;1.601236477E1;1.473507094E-6;2.175840596E-1
8.839779006E1;6.616900920E-8;9.788804392E-3;NaN;7.804865358E-1;4.414612158E-7;6.530817886E-2;2.937359339E-6;4.345423386E-1;NaN;1.604189425E1;1.052713338E-6;1.557346115E-1
8.831646734E1;6.722416904E-8;9.963224097E-3;NaN;7.819245577E-1;4.290418167E-7;6.358784092E-2;2.645359531E-6;3.920659817E-1;NaN;1.607145093E1;6.997102797E-7;1.037033320E-1
8.823529412E1;6.593175083E-8;9.789663575E-3;NaN;7.833639031E-1;4.361628092E-7;6.476222931E-2;2.709271308E-6;4.022774202E-1;NaN;1.610103482E1;4.380200644E-7;6.503799786E-2
8.815426997E1;6.311375618E-8;9.388477185E-3;NaN;7.848045720E-1;4.572718618E-7;6.802140614E-2;3.011991284E-6;4.480483046E-1;NaN;1.613064591E1;2.676908862E-7;3.982031700E-2
8.807339450E1;5.951069067E-8;8.868769232E-3;NaN;7.862465645E-1;4.820762063E-7;7.184293406E-2;3.404087783E-6;5.073049673E-1;NaN;1.616028421E1;1.743381705E-7;2.598129823E-2
8.799266728E1;5.559362858E-8;8.300225480E-3;NaN;7.876898805E-1;5.022134371E-7;7.498134002E-2;3.753024239E-6;5.603330492E-1;NaN;1.618994971E1;1.393884372E-7;2.081093621E-2
8.791208791E1;5.162253753E-8;7.721470089E-3;NaN;7.891345201E-1;5.150557479E-7;7.703975321E-2;3.983544221E-6;5.958408676E-1;NaN;1.621964241E1;1.474545270E-7;2.205559381E-2
8.783165599E1;4.768661561E-8;7.145821984E-3;NaN;7.905804831E-1;5.230432587E-7;7.837784185E-2;4.094009642E-6;6.134858540E-1;NaN;1.624936232E1;1.902147461E-7;2.850361044E-2
8.775137112E1;4.373104050E-8;6.565076978E-3;NaN;7.920277698E-1;5.302350139E-7;7.960098005E-2;4.142956095E-6;6.219569754E-1;NaN;1.627910943E1;2.678974529E-7;4.021782652E-2
8.767123288E1;3.968159522E-8;5.968053794E-3;NaN;7.934763799E-1;5.391669358E-7;8.108991735E-2;4.213507208E-6;6.337053119E-1;NaN;1.630888374E1;3.884124131E-7;5.841665797E-2
8.759124088E1;3.557252189E-8;5.359831436E-3;NaN;7.949263136E-1;5.502150155E-7;8.290274572E-2;4.370930906E-6;6.585828508E-1;NaN;1.633868526E1;5.630908398E-7;8.484278945E-2
8.751139471E1;3.154807690E-8;4.762132928E-3;NaN;7.963775709E-1;5.628157234E-7;8.495615429E-2;4.630541909E-6;6.989730679E-1;NaN;1.636851398E1;7.989200073E-7;1.205957271E-1
8.743169399E1;2.778412055E-8;4.201619334E-3;NaN;7.978301516E-1;5.760153405E-7;8.710720884E-2;4.948246492E-6;7.482924678E-1;NaN;1.639836991E1;1.090009820E-6;1.648353895E-1
8.735213831E1;2.443547321E-8;3.701958166E-3;NaN;7.992840559E-1;5.871258163E-7;8.894917613E-2;5.236843613E-6;7.933783729E-1;NaN;1.642825303E1;1.412915816E-6;2.140558195E-1
8.727272727E1;2.157753106E-8;3.274933522E-3;NaN;8.007392838E-1;5.901685971E-7;8.957294128E-2;5.400312458E-6;8.196333608E-1;NaN;1.645816337E1;1.729881436E-6;2.625530553E-1
8.719346049E1;1.916193235E-8;2.913595841E-3;NaN;8.021958351E-1;5.767140964E-7;8.769010150E-2;5.370942819E-6;8.166585903E-1;NaN;1.648810090E1;2.000220579E-6;3.041360471E-1
8.711433757E1;1.713168578E-8;2.609628324E-3;NaN;8.036537100E-1;5.395904635E-7;8.219451223E-2;5.134786310E-6;7.821695985E-1;NaN;1.651806564E1;2.194894339E-6;3.343429541E-1
8.703535811E1;1.566353824E-8;2.390321207E-3;NaN;8.051129085E-1;4.773565686E-7;7.284660156E-2;4.737758072E-6;7.230016245E-1;NaN;1.654805758E1;2.306345350E-6;3.519579112E-1
8.695652174E1;1.520554069E-8;2.324638266E-3;NaN;8.065734305E-1;3.965488259E-7;6.062478105E-2;4.271366572E-6;6.530107929E-1;NaN;1.657807673E1;2.347531806E-6;3.588930100E-1
8.687782805E1;1.624768122E-8;2.488463721E-3;NaN;8.080352760E-1;3.099183883E-7;4.746650647E-2;3.843151757E-6;5.886097587E-1;NaN;1.660812308E1;2.340812433E-6;3.585143468E-1
8.679927667E1;1.918188092E-8;2.943179925E-3;NaN;8.094984450E-1;2.315310613E-7;3.552506527E-2;3.543566528E-6;5.437086129E-1;NaN;1.663819663E1;2.303815978E-6;3.534869685E-1
8.672086721E1;2.445539587E-8;3.759112361E-3;NaN;8.109629376E-1;1.720446777E-7;2.644550421E-2;3.421734520E-6;5.259650916E-1;NaN;1.666829739E1;2.241554849E-6;3.445561293E-1
8.664259928E1;3.262912969E-8;5.024587099E-3;NaN;8.124287538E-1;1.368727823E-7;2.107715476E-2;3.477487377E-6;5.355012032E-1;NaN;1.669842535E1;2.150065697E-6;3.310904234E-1
8.656447250E1;4.407521183E-8;6.799435659E-3;NaN;8.138958934E-1;1.268626933E-7;1.957097164E-2;3.667969096E-6;5.658536587E-1;NaN;1.672858051E1;2.029853892E-6;3.131433830E-1
8.648648649E1;5.869498635E-8;9.071149646E-3;NaN;8.153643566E-1;1.394478001E-7;2.155127621E-2;3.921572748E-6;6.060683452E-1;NaN;1.675876288E1;1.900854612E-6;2.937718826E-1
8.640864086E1;7.616929731E-8;1.179297655E-2;NaN;8.168341434E-1;1.692102484E-7;2.619812132E-2;4.153539222E-6;6.430752596E-1;NaN;1.678897245E1;1.808081924E-6;2.799378290E-1
8.633093525E1;9.649676198E-8;1.496710078E-2;NaN;8.183052536E-1;2.083018593E-7;3.230859624E-2;4.281436642E-6;6.640709221E-1;NaN;1.681920922E1;1.810611851E-6;2.808343980E-1
8.625336927E1;1.200890399E-7;1.865988957E-2;NaN;8.197776874E-1;2.474554323E-7;3.845056173E-2;4.240090916E-6;6.588413760E-1;NaN;1.684947320E1;1.956185848E-6;3.039595616E-1
8.617594255E1;1.473051934E-7;2.292998699E-2;NaN;8.212514448E-1;2.782531295E-7;4.331375217E-2;3.995411013E-6;6.219381709E-1;NaN;1.687976438E1;2.253359918E-6;3.507650505E-1
8.609865471E1;1.781734953E-7;2.778485935E-2;NaN;8.227265257E-1;2.967365320E-7;4.627390168E-2;3.554682613E-6;5.543268726E-1;NaN;1.691008277E1;2.655874689E-6;4.141643208E-1
8.602150538E1;2.127045521E-7;3.322925019E-2;NaN;8.242029301E-1;3.067147351E-7;4.791576188E-2;2.967619390E-6;4.636091056E-1;NaN;1.694042836E1;3.069092089E-6;4.794614306E-1
8.594449418E1;2.512883207E-7;3.932728978E-2;NaN;8.256806580E-1;3.197913131E-7;5.004819008E-2;2.313940087E-6;3.621377710E-1;NaN;1.697080115E1;3.378497635E-6;5.287438555E-1
8.586762075E1;2.943910397E-7;4.615551089E-2;NaN;8.271597095E-1;3.505059515E-7;5.495337520E-2;1.680560470E-6;2.634833150E-1;NaN;1.700120115E1;3.489011629E-6;5.470177163E-1
8.579088472E1;3.415563355E-7;5.364606685E-2;NaN;8.286400845E-1;4.085239435E-7;6.416424029E-2;1.138009496E-6;1.787398656E-1;NaN;1.703162835E1;3.357483210E-6;5.273383920E-1
8.571428571E1;3.903717343E-7;6.142282366E-2;NaN;8.301217831E-1;4.920263908E-7;7.741761911E-2;7.256751530E-7;1.141809538E-1;NaN;1.706208275E1;3.004152069E-6;4.726866383E-1
8.563782337E1;4.360763938E-7;6.873677797E-2;NaN;8.316048052E-1;5.858112467E-7;9.233881532E-2;4.503179571E-7;7.098161210E-2;NaN;1.709256436E1;2.499995132E-6;3.940630880E-1
8.556149733E1;4.724964926E-7;7.461045198E-2;NaN;8.330891508E-1;6.654262248E-7;1.050753861E-1;2.950528638E-7;4.659088029E-2;NaN;1.712307317E1;1.938317211E-6;3.060736438E-1
8.548530721E1;4.943107846E-7;7.819427662E-2;NaN;8.345748200E-1;7.063327944E-7;1.117337182E-1;2.318164263E-7;3.667069044E-2;NaN;1.715360918E1;1.404549356E-6;2.221835418E-1
8.540925267E1;4.993585014E-7;7.913351163E-2;NaN;8.360618127E-1;6.944058164E-7;1.100427260E-1;2.315644090E-7;3.669609068E-2;NaN;1.718417240E1;9.559783992E-7;1.514942222E-1
8.533333333E1;4.890224688E-7;7.763351083E-2;NaN;8.375501289E-1;6.320943979E-7;1.003465289E-1;2.698766597E-7;4.284357860E-2;NaN;1.721476282E1;6.162649216E-7;9.783356086E-2
8.525754885E1;4.661628169E-7;7.413610728E-2;NaN;8.390397687E-1;5.364488678E-7;8.531403486E-2;3.283259302E-7;5.221524648E-2;NaN;1.724538044E1;3.818477831E-7;6.072708329E-2
8.518189885E1;4.326128028E-7;6.892274534E-2;NaN;8.405307320E-1;4.308513202E-7;6.864211052E-2;3.934388439E-7;6.268165221E-2;NaN;1.727602527E1;2.335118137E-7;3.720249416E-2
8.510638298E1;3.886955028E-7;6.203589943E-2;NaN;8.420230189E-1;3.361290131E-7;5.364627453E-2;4.570611805E-7;7.294707867E-2;NaN;1.730669730E1;1.470677506E-7;2.347204976E-2
8.503100089E1;3.349094484E-7;5.354644609E-2;NaN;8.435166292E-1;2.652152670E-7;4.240350657E-2;5.190140003E-7;8.298169945E-2;NaN;1.733739654E1;1.003393994E-7;1.604259978E-2
8.495575221E1;2.739258156E-7;4.387379669E-2;NaN;8.450115632E-1;2.220070736E-7;3.555814260E-2;5.882736590E-7;9.422185658E-2;NaN;1.736812298E1;7.643731728E-8;1.224271364E-2
8.488063660E1;2.111884730E-7;3.388525732E-2;NaN;8.465078206E-1;2.034697628E-7;3.264678781E-2;6.794754091E-7;1.090220444E-1;NaN;1.739887662E1;6.463801293E-8;1.037118963E-2
8.480565371E1;1.538046551E-7;2.472166413E-2;NaN;8.480054016E-1;2.035518747E-7;3.271774236E-2;8.052563165E-7;1.294322086E-1;NaN;1.742965747E1;6.012526765E-8;9.664185209E-3
8.473080318E1;1.082716661E-7;1.743371763E-2;NaN;8.495043061E-1;2.164790913E-7;3.485709130E-2;9.666282066E-7;1.556448129E-1;NaN;1.746046551E1;6.352281191E-8;1.022833402E-2
8.465608466E1;7.815146586E-8;1.260603781E-2;NaN;8.510045342E-1;2.374940383E-7;3.830841551E-2;1.145203691E-6;1.847243794E-1;NaN;1.749130077E1;8.104492264E-8;1.307276003E-2
8.458149780E1;6.316126749E-8;1.020605555E-2;NaN;8.525060858E-1;2.619039070E-7;4.232033221E-2;1.303369333E-6;2.106078668E-1;NaN;1.752216322E1;1.255466482E-7;2.028673768E-2
8.450704225E1;6.009775532E-8;9.728150527E-3;NaN;8.540089609E-1;2.845530327E-7;4.606120012E-2;1.395729338E-6;2.259296545E-1;NaN;1.755305289E1;2.183999336E-7;3.535285832E-2
8.443271768E1;6.447254000E-8;1.045468802E-2;NaN;8.555131596E-1;3.003552390E-7;4.870477137E-2;1.387612605E-6;2.250114062E-1;NaN;1.758396975E1;3.914570335E-7;6.347758535E-2
8.435852373E1;7.155813306E-8;1.162408812E-2;NaN;8.570186818E-1;3.050854235E-7;4.955886486E-2;1.271137755E-6;2.064869029E-1;NaN;1.761491382E1;6.870194366E-7;1.116012133E-1
8.428446005E1;7.696561587E-8;1.252447601E-2;NaN;8.585255276E-1;2.961425098E-7;4.819073707E-2;1.069842992E-6;1.740936226E-1;NaN;1.764588509E1;1.153887616E-6;1.877700529E-1
8.421052632E1;7.757520577E-8;1.264584944E-2;NaN;8.600336968E-1;2.734466065E-7;4.457564220E-2;8.292420033E-7;1.351781078E-1;NaN;1.767688356E1;1.838449834E-6;2.996931761E-1
8.413672217E1;7.255344101E-8;1.184798980E-2;NaN;8.615431897E-1;2.399510595E-7;3.918405062E-2;5.995672118E-7;9.790943212E-2;NaN;1.770790924E1;2.771598423E-6;4.526025145E-1
8.406304729E1;6.353568246E-8;1.039358268E-2;NaN;8.630540060E-1;2.010033422E-7;3.288144196E-2;4.208577626E-7;6.884666665E-2;NaN;1.773896212E1;3.954483914E-6;6.469003545E-1
8.398950131E1;5.366585824E-8;8.794393783E-3;NaN;8.645661459E-1;1.627749989E-7;2.667445347E-2;3.159508744E-7;5.177586824E-2;NaN;1.777004221E1;5.347321594E-6;8.762824881E-1
8.391608392E1;4.626151617E-8;7.594291779E-3;NaN;8.660796093E-1;1.306555047E-7;2.144841127E-2;2.907213702E-7;4.772482820E-2;NaN;1.780114950E1;6.864984603E-6;1.126956063E0
8.384279476E1;4.380519691E-8;7.203639624E-3;NaN;8.675943963E-1;1.081659994E-7;1.778758993E-2;3.383218677E-7;5.563606567E-2;NaN;1.783228399E1;8.381065984E-6;1.378242384E0
8.376963351E1;4.731597692E-8;7.794574540E-3;NaN;8.691105068E-1;9.665460843E-8;1.592235010E-2;4.432599828E-7;7.302021857E-2;NaN;1.786344569E1;9.740744433E-6;1.604636816E0
8.369659983E1;5.611597100E-8;9.260377390E-3;NaN;8.706279408E-1;9.582826061E-8;1.581378424E-2;5.827747034E-7;9.617072627E-2;NaN;1.789463458E1;1.078171404E-5;1.779221479E0
8.362369338E1;6.825580234E-8;1.128336716E-2;NaN;8.721466984E-1;1.047301033E-7;1.731293410E-2;7.286427351E-7;1.204519356E-1;NaN;1.792585069E1;1.136126924E-5;1.878131498E0
8.355091384E1;8.131968183E-8;1.346638715E-2;NaN;8.736667795E-1;1.223408964E-7;2.025942354E-2;8.533253726E-7;1.413090851E-1;NaN;1.795709399E1;1.138566008E-5;1.885444006E0
8.347826087E1;9.315980155E-8;1.545395358E-2;NaN;8.751881841E-1;1.474095534E-7;2.445325514E-2;9.389216699E-7;1.557544312E-1;NaN;1.798836451E1;1.083482983E-5;1.797352018E0
8.340573414E1;1.024227575E-7;1.702011457E-2;NaN;8.767109123E-1;1.777300186E-7;2.953430814E-2;9.823253692E-7;1.632380414E-1;NaN;1.801966222E1;9.773795764E-6;1.624161737E0
8.333333333E1;1.090753081E-7;1.815711209E-2;NaN;8.782349640E-1;2.093737207E-7;3.485318704E-2;9.926403798E-7;1.652388882E-1;NaN;1.805098714E1;8.344003161E-6;1.388976142E0
8.326105811E1;1.147136006E-7;1.912885143E-2;NaN;8.797603392E-1;2.365240442E-7;3.944112360E-2;9.827354735E-7;1.638742117E-1;NaN;1.808233926E1;6.734605037E-6;1.123016439E0
8.318890815E1;1.219893442E-7;2.037740523E-2;NaN;8.812870380E-1;2.526682431E-7;4.220633544E-2;9.600091922E-7;1.603623372E-1;NaN;1.811371858E1;5.141927410E-6;8.589204183E-1
8.311688312E1;1.332491483E-7;2.229686366E-2;NaN;8.828150603E-1;2.533091627E-7;4.238676146E-2;9.221867842E-7;1.543114779E-1;NaN;1.814512511E1;3.730397424E-6;6.242153426E-1
8.304498270E1;1.492038445E-7;2.500984786E-2;NaN;8.843444062E-1;2.389119005E-7;4.004689225E-2;8.607575264E-7;1.442819041E-1;NaN;1.817655884E1;2.607600475E-6;4.370912249E-1
8.297320657E1;1.681159252E-7;2.822870407E-2;NaN;8.858750756E-1;2.160016043E-7;3.626929073E-2;7.691347081E-7;1.291470516E-1;NaN;1.820801978E1;1.819063319E-6;3.054428071E-1
8.290155440E1;1.857411100E-7;3.124212196E-2;NaN;8.874070685E-1;1.953520455E-7;3.285870548E-2;6.498770051E-7;1.093109471E-1;NaN;1.823950792E1;1.358641113E-6;2.285268530E-1
8.283002588E1;1.965108372E-7;3.311072923E-2;NaN;8.889403850E-1;1.880396349E-7;3.168338971E-2;5.168130128E-7;8.707945055E-2;NaN;1.827102326E1;1.185235375E-6;1.997040375E-1
8.275862069E1;1.959319172E-7;3.307017816E-2;NaN;8.904750250E-1;2.012408066E-7;3.396623390E-2;3.911797618E-7;6.602489579E-2;NaN;1.830256581E1;1.237358304E-6;2.088463183E-1
8.268733850E1;1.829564001E-7;3.093338264E-2;NaN;8.920109885E-1;2.355615115E-7;3.982760029E-2;2.946699006E-7;4.982136063E-2;NaN;1.833413556E1;1.442005062E-6;2.438072368E-1
8.261617900E1;1.608021093E-7;2.723449743E-2;NaN;8.935482756E-1;2.849898353E-7;4.826774331E-2;2.453385379E-7;4.155214013E-2;NaN;1.836573251E1;1.720043037E-6;2.913177437E-1
8.254514187E1;1.359149895E-7;2.305908942E-2;NaN;8.950868862E-1;3.394128128E-7;5.758415925E-2;2.595743447E-7;4.403891025E-2;NaN;1.839735667E1;1.992598156E-6;3.380605718E-1
8.247422680E1;1.158416586E-7;1.968729712E-2;NaN;8.966268203E-1;3.882290033E-7;6.597954338E-2;3.568765605E-7;6.065119376E-2;NaN;1.842900803E1;2.191244751E-6;3.724021824E-1
8.240343348E1;1.068561292E-7;1.819142235E-2;NaN;8.981680780E-1;4.231430807E-7;7.203680828E-2;5.618970766E-7;9.565859356E-2;NaN;1.846068659E1;2.269826058E-6;3.864201780E-1
8.233276158E1;1.119754489E-7;1.909568672E-2;NaN;8.997106592E-1;4.393121650E-7;7.491791778E-2;8.988215406E-7;1.532801585E-1;NaN;1.849239236E1;2.212769343E-6;3.773537018E-1
8.226221080E1;1.299816316E-7;2.220440113E-2;NaN;9.012545640E-1;4.354392995E-7;7.438488616E-2;1.377297457E-6;2.352798993E-1;NaN;1.852412533E1;2.035552670E-6;3.477278092E-1
8.219178082E1;1.558777361E-7;2.667381553E-2;NaN;9.027997923E-1;4.137473070E-7;7.080048515E-2;1.975405992E-6;3.380316929E-1;NaN;1.855588550E1;1.776341195E-6;3.039677026E-1
8.212147134E1;1.825571889E-7;3.129272114E-2;NaN;9.043463441E-1;3.801509543E-7;6.516291073E-2;2.629827660E-6;4.507873072E-1;NaN;1.858767288E1;1.482117064E-6;2.540545034E-1
8.205128205E1;2.031796379E-7;3.488729307E-2;NaN;9.058942195E-1;3.442803105E-7;5.911521555E-2;3.242883058E-6;5.568245558E-1;NaN;1.861948746E1;1.195232504E-6;2.052293580E-1
8.198121264E1;2.136079674E-7;3.674063057E-2;NaN;9.074434183E-1;3.188079870E-7;5.483506357E-2;3.707454848E-6;6.376832781E-1;NaN;1.865132925E1;9.456169719E-7;1.626463855E-1
8.191126280E1;2.141543291E-7;3.689754315E-2;NaN;9.089939408E-1;3.177273204E-7;5.474256609E-2;3.940874166E-6;6.789896578E-1;NaN;1.868319824E1;7.502074025E-7;1.292563645E-1
8.184143223E1;2.098342234E-7;3.621493535E-2;NaN;9.105457867E-1;3.534681164E-7;6.100446711E-2;3.913090194E-6;6.753536486E-1;NaN;1.871509443E1;6.166714329E-7;1.064302844E-1
8.177172061E1;2.084043826E-7;3.602951445E-2;NaN;9.120989562E-1;4.332819538E-7;7.490695840E-2;3.655874659E-6;6.320375187E-1;NaN;1.874701783E1;5.465905532E-7;9.449605613E-2
8.170212766E1;2.166609029E-7;3.752076202E-2;NaN;9.136534493E-1;5.556874849E-7;9.623248862E-2;3.249723104E-6;5.627784503E-1;NaN;1.877896843E1;5.352966580E-7;9.270125916E-2
8.163265306E1;2.368495012E-7;4.108681589E-2;NaN;9.152092659E-1;7.081145600E-7;1.228382260E-1;2.796029887E-6;4.850335955E-1;NaN;1.881094623E1;5.697712679E-7;9.883950383E-2
8.156329652E1;2.654353304E-7;4.612400624E-2;NaN;9.167664060E-1;8.671279562E-7;1.506785672E-1;2.386103606E-6;4.146270108E-1;NaN;1.884295124E1;6.281920212E-7;1.091592919E-1
8.149405772E1;2.950461199E-7;5.135655182E-2;NaN;9.183248696E-1;1.002592863E-6;1.745141143E-1;2.077273105E-6;3.615759594E-1;NaN;1.887498345E1;6.838170472E-7;1.190271054E-1
8.142493639E1;3.185427613E-7;5.554061938E-2;NaN;9.198846568E-1;1.085751331E-6;1.893099099E-1;1.883413284E-6;3.283890046E-1;NaN;1.890704286E1;7.133548193E-7;1.243794345E-1
8.135593220E1;3.329095070E-7;5.814409031E-2;NaN;9.214457675E-1;1.098716142E-6;1.918955429E-1;1.782125212E-6;3.112559032E-1;NaN;1.893912948E1;7.067242394E-7;1.234324558E-1
8.128704488E1;3.404915174E-7;5.956915782E-2;NaN;9.230082018E-1;1.041063540E-6;1.821345764E-1;1.733428639E-6;3.032641898E-1;NaN;1.897124330E1;6.728078909E-7;1.177080702E-1
8.121827411E1;3.466498946E-7;6.074931616E-2;NaN;9.245719596E-1;9.298076243E-7;1.629458950E-1;1.701296338E-6;2.981468933E-1;NaN;1.900338433E1;6.367990696E-7;1.115970569E-1
8.114961961E1;3.552800782E-7;6.236712336E-2;NaN;9.261370409E-1;7.922673705E-7;1.390774205E-1;1.669239267E-6;2.930241735E-1;NaN;1.903555255E1;6.289189504E-7;1.104026603E-1
8.108108108E1;3.651917905E-7;6.421548675E-2;NaN;9.277034458E-1;6.553450069E-7;1.152361573E-1;1.642849688E-6;2.888794193E-1;NaN;1.906774799E1;6.695252037E-7;1.177296094E-1
8.101265823E1;3.698377223E-7;6.514232793E-2;NaN;9.292711742E-1;5.367801381E-7;9.454716400E-2;1.638202065E-6;2.885489762E-1;NaN;1.909997062E1;7.582035235E-7;1.335481472E-1
8.094435076E1;3.607062054E-7;6.364119997E-2;NaN;9.308402261E-1;4.424954936E-7;7.807169318E-2;1.663007046E-6;2.934126511E-1;NaN;1.913222046E1;8.728634905E-7;1.540036715E-1
8.087615838E1;3.322756926E-7;5.872396591E-2;NaN;9.324106016E-1;3.700648776E-7;6.540254896E-2;1.703233570E-6;3.010169938E-1;NaN;1.916449750E1;9.801294812E-7;1.732208871E-1
8.080808081E1;2.853957651E-7;5.052377283E-2;NaN;9.339823006E-1;3.148331578E-7;5.573509101E-2;1.725146119E-6;3.054035879E-1;NaN;1.919680175E1;1.052077729E-6;1.862499122E-1
8.074011775E1;2.271127289E-7;4.027360933E-2;NaN;9.355553231E-1;2.747289049E-7;4.871732483E-2;1.692225642E-6;3.000802056E-1;NaN;1.922913320E1;1.080071293E-6;1.915276589E-1
8.067226891E1;1.674317108E-7;2.974041371E-2;NaN;9.371296692E-1;2.516801568E-7;4.470522311E-2;1.586625794E-6;2.818277810E-1;NaN;1.926149185E1;1.078061962E-6;1.914930487E-1
8.060453401E1;1.152207074E-7;2.050073483E-2;NaN;9.387053388E-1;2.497217769E-7;4.443194323E-2;1.421183586E-6;2.528652053E-1;NaN;1.929387771E1;1.075391996E-6;1.913399652E-1
8.053691275E1;7.550321301E-8;1.345653707E-2;NaN;9.402823320E-1;2.714189885E-7;4.837356629E-2;1.234552205E-6;2.200276895E-1;NaN;1.932629077E1;1.107043523E-6;1.973024935E-1
8.046940486E1;4.912825629E-8;8.770565682E-3;NaN;9.418606487E-1;3.145205004E-7;5.614941208E-2;1.072497614E-6;1.914664081E-1;NaN;1.935873104E1;1.209947819E-6;2.160045485E-1
8.040201005E1;3.428878874E-8;6.131633177E-3;NaN;9.434402889E-1;3.703821477E-7;6.623294519E-2;9.659134218E-7;1.727277924E-1;NaN;1.939119850E1;1.426218253E-6;2.550410056E-1
8.033472803E1;2.857019369E-8;5.117576734E-3;NaN;9.450212526E-1;4.249967973E-7;7.612667051E-2;9.173379104E-7;1.643162520E-1;NaN;1.942369317E1;1.805094779E-6;3.233338613E-1
8.026755853E1;3.020118719E-8;5.418782785E-3;NaN;9.466035399E-1;4.627735506E-7;8.303214485E-2;9.027867027E-7;1.619805544E-1;NaN;1.945621505E1;2.393486596E-6;4.294461632E-1
8.020050125E1;3.813615711E-8;6.853944714E-3;NaN;9.481871508E-1;4.720671584E-7;8.484132775E-2;8.864720505E-7;1.593194198E-1;NaN;1.948876413E1;3.212344508E-6;5.773322045E-1
8.013355593E1;5.141273422E-8;9.255496163E-3;NaN;9.497720851E-1;4.502027324E-7;8.104703485E-2;8.388290089E-7;1.510088656E-1;NaN;1.952134041E1;4.228279257E-6;7.611892859E-1
8.006672227E1;6.836895359E-8;1.232856892E-2;NaN;9.513583430E-1;4.052524922E-7;7.307678435E-2;7.483992054E-7;1.349544010E-1;NaN;1.955394390E1;5.338044344E-6;9.625779554E-1
8.000000000E1;8.623365987E-8;1.557595481E-2;NaN;9.529459245E-1;3.533103011E-7;6.381667314E-2;6.236833704E-7;1.126528088E-1;NaN;1.958657458E1;6.380343873E-6;1.152449612E0
7.993338884E1;1.013300407E-7;1.833325588E-2;NaN;9.545348294E-1;3.128990822E-7;5.661163163E-2;4.863438280E-7;8.799232469E-2;NaN;1.961923248E1;7.175326466E-6;1.298204315E0
7.986688852E1;1.100346630E-7;1.994131625E-2;NaN;9.561250580E-1;2.996455857E-7;5.430404587E-2;3.603844264E-7;6.531159930E-2;NaN;1.965191757E1;7.576262522E-6;1.373027761E0
7.980049875E1;1.101601605E-7;1.999729175E-2;NaN;9.577166100E-1;3.233482433E-7;5.869716536E-2;2.628383404E-7;4.771284784E-2;NaN;1.968462987E1;7.511337513E-6;1.363527494E0
7.973421927E1;1.020236621E-7;1.855108221E-2;NaN;9.593094856E-1;3.873233520E-7;7.042745966E-2;1.998142745E-7;3.633246404E-2;NaN;1.971736938E1;6.999470834E-6;1.272721996E0
7.966804979E1;8.852482224E-8;1.612332192E-2;NaN;9.609036847E-1;4.885054419E-7;8.897312979E-2;1.683918236E-7;3.066976597E-2;NaN;1.975013608E1;6.138074898E-6;1.117948108E0
7.960199005E1;7.417400147E-8;1.353199075E-2;NaN;9.624992074E-1;6.172344492E-7;1.126056393E-1;1.613245091E-7;2.943136034E-2;NaN;1.978292999E1;5.072132038E-6;9.253382918E-1
7.953603977E1;6.351368839E-8;1.160639220E-2;NaN;9.640960536E-1;7.571653246E-7;1.383632087E-1;1.711972869E-7;3.128432478E-2;NaN;1.981575111E1;3.957314953E-6;7.231535529E-1
7.947019868E1;5.954304332E-8;1.089883969E-2;NaN;9.656942233E-1;8.869891039E-7;1.623556929E-1;1.921279137E-7;3.516735484E-2;NaN;1.984859943E1;2.927490196E-6;5.358517901E-1
7.940446650E1;6.275502700E-8;1.150579125E-2;NaN;9.672937165E-1;9.851540333E-7;1.806226083E-1;2.191873908E-7;4.018681028E-2;NaN;1.988147495E1;2.072871819E-6;3.800497202E-1
7.933884298E1;7.113335605E-8;1.306349573E-2;NaN;9.688945333E-1;1.036285761E-6;1.903117661E-1;2.472319397E-7;4.540364138E-2;NaN;1.991437767E1;1.431584891E-6;2.629076449E-1
7.927332783E1;8.107244402E-8;1.491340870E-2;NaN;9.704966737E-1;1.035704234E-6;1.905194880E-1;2.705231287E-7;4.976317206E-2;NaN;1.994730760E1;9.944159419E-7;1.829244392E-1
7.920792079E1;8.876723619E-8;1.635585704E-2;NaN;9.721001376E-1;9.893953210E-7;1.823015914E-1;2.838742924E-7;5.230541743E-2;NaN;1.998026473E1;7.196775886E-7;1.326045989E-1
7.914262160E1;9.149172191E-8;1.688568841E-2;NaN;9.737049250E-1;9.101277253E-7;1.679729364E-1;2.847171035E-7;5.254731461E-2;NaN;2.001324907E1;5.529666327E-7;1.020553780E-1
7.907742998E1;8.838209199E-8;1.633868194E-2;NaN;9.753110359E-1;8.126498833E-7;1.502298449E-1;2.747241422E-7;5.078665009E-2;NaN;2.004626061E1;4.452960767E-7;8.231928891E-2
7.901234568E1;8.049951099E-8;1.490600169E-2;NaN;9.769184704E-1;7.103530441E-7;1.315352546E-1;2.597359792E-7;4.809501197E-2;NaN;2.007929935E1;3.640449674E-7;6.740978711E-2
7.894736842E1;7.012097304E-8;1.300560177E-2;NaN;9.785272284E-1;6.138145188E-7;1.138464977E-1;2.476515953E-7;4.593287696E-2;NaN;2.011236530E1;2.947159548E-7;5.466208150E-2
7.888249795E1;5.962989571E-8;1.107797994E-2;NaN;9.801373100E-1;5.304196030E-7;9.854080155E-2;2.451899553E-7;4.555113460E-2;NaN;2.014545845E1;2.357716057E-7;4.380140342E-2
7.881773399E1;5.085846051E-8;9.463965632E-3;NaN;9.817487150E-1;4.640221529E-7;8.634727956E-2;2.552038503E-7;4.748945297E-2;NaN;2.017857880E1;1.912563744E-7;3.558982589E-2
7.875307629E1;4.513416967E-8;8.412561195E-3;NaN;9.833614437E-1;4.141748117E-7;7.719807354E-2;2.768293892E-7;5.159825016E-2;NaN;2.021172636E1;1.650285297E-7;3.075967976E-2
7.868852459E1;4.351118790E-8;8.123365038E-3;NaN;9.849754958E-1;3.757528011E-7;7.015154757E-2;3.085559207E-7;5.760615831E-2;NaN;2.024490112E1;1.579523948E-7;2.948908140E-2
7.862407862E1;4.659736892E-8;8.713810101E-3;NaN;9.865908715E-1;3.406061398E-7;6.369409455E-2;3.515968181E-7;6.574937547E-2;NaN;2.027810308E1;1.675199969E-7;3.132660653E-2
7.855973813E1;5.419314310E-8;1.015084321E-2;NaN;9.882075708E-1;3.015089705E-7;5.647523122E-2;4.100301978E-7;7.680219327E-2;NaN;2.031133225E1;1.890561099E-7;3.541184033E-2
7.849550286E1;6.517297295E-8;1.222744772E-2;NaN;9.898255935E-1;2.561791237E-7;4.806312647E-2;4.866686862E-7;9.130649785E-2;NaN;2.034458862E1;2.179842192E-7;4.089717750E-2
7.843137255E1;7.765259072E-8;1.459264957E-2;NaN;9.914449398E-1;2.085865486E-7;3.919805352E-2;5.774389747E-7;1.085136314E-1;NaN;2.037787220E1;2.519958039E-7;4.735561847E-2
7.836734694E1;8.936817255E-8;1.682172089E-2;NaN;9.930656097E-1;1.670088883E-7;3.143598917E-2;6.686896194E-7;1.258670712E-1;NaN;2.041118298E1;2.920040719E-7;5.496376233E-2
7.830342577E1;9.837427570E-8;1.854717869E-2;NaN;9.946876030E-1;1.408891538E-7;2.656280102E-2;7.402860107E-7;1.395712123E-1;NaN;2.044452096E1;3.413373556E-7;6.435467894E-2
7.823960880E1;1.037612785E-7;1.959475364E-2;NaN;9.963109199E-1;1.387791744E-7;2.620769302E-2;7.735859886E-7;1.460875106E-1;NaN;2.047788614E1;4.033263727E-7;7.616599397E-2
7.817589577E1;1.056871565E-7;1.999099060E-2;NaN;9.979355604E-1;1.681006887E-7;3.179666668E-2;7.600693050E-7;1.437690145E-1;NaN;2.051127853E1;4.781944892E-7;9.045168644E-2
7.811228641E1;1.047353295E-7;1.984322866E-2;NaN;9.995615244E-1;2.357563557E-7;4.466656379E-2;7.051873749E-7;1.336052925E-1;NaN;2.054469813E1;5.607516267E-7;1.062403948E-1
7.804878049E1;1.013832201E-7;1.923940655E-2;NaN;1.001188812E0;3.476823443E-7;6.597937969E-2;6.251133145E-7;1.186272165E-1;NaN;2.057814492E1;6.408241840E-7;1.216086547E-1
7.798537774E1;9.606706145E-8;1.826021894E-2;NaN;1.002817423E0;5.058676139E-7;9.615422023E-2;5.389545388E-7;1.024433112E-1;NaN;2.061161892E1;7.071327349E-7;1.344102584E-1
7.792207792E1;8.941664316E-8;1.702374657E-2;NaN;1.004447358E0;7.035653524E-7;1.339495404E-1;4.619170330E-7;8.794289551E-2;NaN;2.064512013E1;7.529433867E-7;1.433504652E-1
7.785888078E1;8.220388503E-8;1.567594981E-2;NaN;1.006078616E0;9.219630924E-7;1.758146487E-1;4.028319572E-7;7.681843190E-2;NaN;2.067864853E1;7.802811577E-7;1.487964743E-1
7.779578606E1;7.509212013E-8;1.434300182E-2;NaN;1.007711197E0;1.131710404E-6;2.161628191E-1;3.650366436E-7;6.972397684E-2;NaN;2.071220414E1;7.998883910E-7;1.527830168E-1
7.773279352E1;6.847414801E-8;1.310013950E-2;NaN;1.009345103E0;1.299997321E-6;2.487091370E-1;3.478297666E-7;6.654509181E-2;NaN;2.074578696E1;8.263315322E-7;1.580897121E-1
7.766990291E1;6.240735857E-8;1.195881399E-2;NaN;1.010980331E0;1.400293912E-6;2.683314083E-1;3.469876907E-7;6.649153792E-2;NaN;2.077939698E1;8.704826123E-7;1.668062850E-1
7.760711399E1;5.659261423E-8;1.086211817E-2;NaN;1.012616884E0;1.420492062E-6;2.726425145E-1;3.548310109E-7;6.810458264E-2;NaN;2.081303420E1;9.331121875E-7;1.790971311E-1
7.754442649E1;5.061292406E-8;9.730117525E-3;NaN;1.014254759E0;1.366261672E-6;2.626579453E-1;3.609766484E-7;6.939621209E-2;NaN;2.084669862E1;1.003045972E-6;1.928312851E-1
7.748184019E1;4.437613144E-8;8.544908568E-3;NaN;1.015893959E0;1.258743642E-6;2.423791569E-1;3.550603497E-7;6.836914634E-2;NaN;2.088039025E1;1.061209491E-6;2.043426900E-1
7.741935484E1;3.847965366E-8;7.421469257E-3;NaN;1.017534482E0;1.128020940E-6;2.175584220E-1;3.310973026E-7;6.385786302E-2;NaN;2.091410908E1;1.088731628E-6;2.099807961E-1
7.735697019E1;3.415501061E-8;6.598015867E-3;NaN;1.019176328E0;1.004817194E-6;1.941091416E-1;2.908874849E-7;5.619322630E-2;NaN;2.094785512E1;1.074830606E-6;2.076342319E-1
7.729468599E1;3.287475116E-8;6.360936116E-3;NaN;1.020819498E0;9.126574807E-7;1.765901102E-1;2.435478259E-7;4.712407265E-2;NaN;2.098162836E1;1.020789945E-6;1.975126624E-1
7.723250201E1;3.590155395E-8;6.957782877E-3;NaN;1.022463991E0;8.621427890E-7;1.670847547E-1;2.008947710E-7;3.893375199E-2;NaN;2.101542880E1;9.394960593E-7;1.820759515E-1
7.717041801E1;4.377281904E-8;8.496902708E-3;NaN;1.024109808E0;8.489594754E-7;1.647946425E-1;1.721090172E-7;3.340871359E-2;NaN;2.104925645E1;8.524369564E-7;1.654696691E-1
7.710843373E1;5.579621370E-8;1.084822789E-2;NaN;1.025756949E0;8.569429146E-7;1.666118793E-1;1.604163683E-7;3.118909340E-2;NaN;2.108311130E1;7.852608159E-7;1.526750243E-1
7.704654896E1;7.003245623E-8;1.363800393E-2;NaN;1.027405413E0;8.657858458E-7;1.686016941E-1;1.627438796E-7;3.169247216E-2;NaN;2.111699335E1;7.617627932E-7;1.483444181E-1
7.698476343E1;8.406695096E-8;1.639734639E-2;NaN;1.029055201E0;8.602331249E-7;1.677893675E-1;1.716655554E-7;3.348354548E-2;NaN;2.115090261E1;7.963544901E-7;1.553297732E-1
7.692307692E1;9.611664435E-8;1.877773211E-2;NaN;1.030706312E0;8.361527310E-7;1.633541421E-1;1.790078034E-7;3.497168050E-2;NaN;2.118483907E1;8.867736551E-7;1.732436484E-1
7.686148919E1;1.056681243E-7;2.067684361E-2;NaN;1.032358747E0;8.000623145E-7;1.565539605E-1;1.796271377E-7;3.514893692E-2;NaN;2.121880273E1;1.010605044E-6;1.977523742E-1
7.680000000E1;1.132690261E-7;2.219967213E-2;NaN;1.034012505E0;7.623168017E-7;1.494069795E-1;1.737066160E-7;3.404487578E-2;NaN;2.125279360E1;1.129656590E-6;2.214021501E-1
7.673860911E1;1.196970275E-7;2.349705063E-2;NaN;1.035667587E0;7.283549489E-7;1.429792659E-1;1.663807042E-7;3.266126081E-2;NaN;2.128681167E1;1.203405092E-6;2.362336891E-1
7.667731629E1;1.251126270E-7;2.459943706E-2;NaN;1.037323992E0;6.941138550E-7;1.364755141E-1;1.649372799E-7;3.242969423E-2;NaN;2.132085695E1;1.207126617E-6;2.373432320E-1
7.661612131E1;1.287817004E-7;2.536130899E-2;NaN;1.038981721E0;6.489604050E-7;1.278014290E-1;1.753358776E-7;3.452934192E-2;NaN;2.135492943E1;1.146055062E-6;2.256955487E-1
7.655502392E1;1.295447147E-7;2.555230837E-2;NaN;1.040640773E0;5.838383821E-7;1.151603785E-1;1.993806832E-7;3.932724473E-2;NaN;2.138902911E1;1.058119509E-6;2.087109153E-1
7.649402390E1;1.266884648E-7;2.502879224E-2;NaN;1.042301149E0;4.987549952E-7;9.853489951E-2;2.336438862E-7;4.615909026E-2;NaN;2.142315600E1;1.003159733E-6;1.981859720E-1
7.643312102E1;1.206498622E-7;2.387379591E-2;NaN;1.043962849E0;4.048827249E-7;8.011685524E-2;2.704867400E-7;5.352302201E-2;NaN;2.145731009E1;1.043134247E-6;2.064119566E-1
7.637231504E1;1.132642031E-7;2.244804876E-2;NaN;1.045625872E0;3.209951590E-7;6.361864371E-2;3.007029283E-7;5.959688775E-2;NaN;2.149149138E1;1.220650332E-6;2.419230210E-1
7.631160572E1;1.074132827E-7;2.132232898E-2;NaN;1.047290218E0;2.672125273E-7;5.304365783E-2;3.165274214E-7;6.283302808E-2;NaN;2.152569988E1;1.543974610E-6;3.064903495E-1
7.625099285E1;1.059303599E-7;2.106140193E-2;NaN;1.048955888E0;2.588671349E-7;5.146876474E-2;3.136465142E-7;6.236017044E-2;NaN;2.155993558E1;1.976539703E-6;3.929817395E-1
7.619047619E1;1.102802873E-7;2.196111303E-2;NaN;1.050622882E0;3.017689304E-7;6.009398189E-2;2.918739216E-7;5.812349911E-2;NaN;2.159419848E1;2.447439665E-6;4.873808404E-1
7.613005551E1;1.199287547E-7;2.392042355E-2;NaN;1.052291199E0;3.895189245E-7;7.769160680E-2;2.550102291E-7;5.086313708E-2;NaN;2.162848859E1;2.872471166E-6;5.729295456E-1
7.606973059E1;1.327270216E-7;2.651510960E-2;NaN;1.053960840E0;5.035349418E-7;1.005920574E-1;2.102545157E-7;4.200291292E-2;NaN;2.166280590E1;3.180924343E-6;6.354588281E-1
7.600950119E1;1.458286581E-7;2.917863347E-2;NaN;1.055631804E0;6.166412686E-7;1.233828096E-1;1.668522985E-7;3.338522156E-2;NaN;2.169715041E1;3.335365633E-6;6.673682153E-1
7.594936709E1;1.566482350E-7;3.139315916E-2;NaN;1.057304091E0;7.005200515E-7;1.403880323E-1;1.344949412E-7;2.695351846E-2;NaN;2.173152213E1;3.336180555E-6;6.685887468E-1
7.588932806E1;1.637490609E-7;3.286814825E-2;NaN;1.058977703E0;7.355974495E-7;1.476510820E-1;1.222254546E-7;2.453341923E-2;NaN;2.176592105E1;3.211777790E-6;6.446766042E-1
7.582938389E1;1.672933624E-7;3.363268110E-2;NaN;1.060652638E0;7.198973135E-7;1.447282571E-1;1.379251250E-7;2.772848652E-2;NaN;2.180034718E1;3.002749737E-6;6.036732294E-1
7.576953433E1;1.686297935E-7;3.395493519E-2;NaN;1.062328896E0;6.726176538E-7;1.354368547E-1;1.869875484E-7;3.765141353E-2;NaN;2.183480051E1;NaN;6.046272763E-1
7.570977918E1;1.693052063E-7;3.414476974E-2;NaN;1.064006478E0;6.301906197E-7;1.270942228E-1;2.695714995E-7;5.436605869E-2;NaN;2.186928104E1;NaN;6.055820764E-1
7.565011820E1;1.702891121E-7;3.439739021E-2;NaN;1.065685383E0;6.360416271E-7;1.284766347E-1;3.775796580E-7;7.626885051E-2;NaN;2.190378877E1;NaN;6.065376298E-1
7.559055118E1;1.716398548E-7;3.472489557E-2;NaN;1.067365612E0;7.272324495E-7;1.471282465E-1;4.938167793E-7;9.990532859E-2;NaN;2.193832371E1;NaN;6.074939366E-1
7.553107789E1;1.723043051E-7;3.491424039E-2;NaN;1.069047165E0;9.211557176E-7;1.866549541E-1;5.953146954E-7;1.206293735E-1;NaN;2.197288586E1;NaN;6.084509966E-1
7.547169811E1;1.701823960E-7;3.453855982E-2;NaN;1.070730041E0;1.205481735E-6;2.446528195E-1;6.603866355E-7;1.340256328E-1;NaN;2.200747520E1;NaN;6.094088099E-1
7.541241163E1;1.628716678E-7;3.310683916E-2;NaN;1.072414240E0;1.535427307E-6;3.121055096E-1;6.767346550E-7;1.375595011E-1;NaN;2.204209175E1;NaN;6.103673765E-1
7.535321821E1;1.489005290E-7;3.031450385E-2;NaN;1.074099763E0;1.841968637E-6;3.750044792E-1;6.464368351E-7;1.316074030E-1;NaN;2.207673551E1;NaN;6.113266964E-1
7.529411765E1;1.286842661E-7;2.623984031E-2;NaN;1.075786610E0;2.051011860E-6;4.182191445E-1;5.852436609E-7;1.193362690E-1;NaN;2.211140646E1;NaN;6.122867696E-1
7.523510972E1;1.046461928E-7;2.137175316E-2;NaN;1.077474780E0;2.107548404E-6;4.304218151E-1;5.166544933E-7;1.055156619E-1;NaN;2.214610463E1;NaN;6.132475960E-1
7.517619421E1;8.054706737E-8;1.647581457E-2;NaN;1.079164274E0;1.994728546E-6;4.080195431E-1;4.640556793E-7;9.492208183E-2;NaN;2.218082999E1;NaN;6.142091758E-1
7.511737089E1;6.031583594E-8;1.235686855E-2;NaN;1.080855091E0;1.739123750E-6;3.562932229E-1;4.442229760E-7;9.100769039E-2;NaN;2.221558256E1;NaN;6.151715089E-1
7.505863956E1;4.671120727E-8;9.584678479E-3;NaN;1.082547232E0;1.399711217E-6;2.872069201E-1;4.636646273E-7;9.513940303E-2;NaN;2.225036233E1;NaN;6.161345952E-1
7.500000000E1;4.038462366E-8;8.299488880E-3;NaN;1.084240696E0;1.045834392E-6;2.149305880E-1;5.172996278E-7;1.063108213E-1;NaN;2.228516930E1;NaN;6.170984349E-1
7.494145199E1;3.991579817E-8;8.215962446E-3;NaN;1.085935484E0;7.346676351E-7;1.512183641E-1;5.892053317E-7;1.212775167E-1;NaN;2.232000348E1;NaN;6.180630279E-1
7.488299532E1;4.274527336E-8;8.812102035E-3;NaN;1.087631596E0;4.978915916E-7;1.026422611E-1;6.561548022E-7;1.352688289E-1;NaN;2.235486487E1;NaN;6.190283741E-1
7.482462977E1;4.622443578E-8;9.544216881E-3;NaN;1.089329030E0;3.412337885E-7;7.045644212E-2;6.943014895E-7;1.433562981E-1;NaN;2.238975345E1;NaN;6.199944736E-1
7.476635514E1;4.823738144E-8;9.975372903E-3;NaN;1.091027789E0;2.534080617E-7;5.240416947E-2;6.874877870E-7;1.421707986E-1;NaN;2.242466924E1;NaN;6.209613265E-1
7.470817121E1;4.755288850E-8;9.849144876E-3;NaN;1.092727871E0;2.173338970E-7;4.501415382E-2;6.334861209E-7;1.312075203E-1;NaN;2.245961223E1;NaN;6.219289326E-1
7.465007776E1;4.406287025E-8;9.140502858E-3;NaN;1.094429276E0;2.177955155E-7;4.518000123E-2;5.448911313E-7;1.130334659E-1;NaN;2.249458243E1;NaN;6.228972920E-1
7.459207459E1;3.869920484E-8;8.040341655E-3;NaN;1.096132006E0;2.436711994E-7;5.062635530E-2;4.439366382E-7;9.223451125E-2;NaN;2.252957983E1;NaN;6.238664047E-1
7.453416149E1;3.294894284E-8;6.856280532E-3;NaN;1.097836058E0;2.863368392E-7;5.958326814E-2;3.542912562E-7;7.372376875E-2;NaN;2.256460444E1;NaN;6.248362707E-1
7.447633825E1;2.838100325E-8;5.914920966E-3;NaN;1.099541434E0;3.375591201E-7;7.035112535E-2;2.942524087E-7;6.132551858E-2;NaN;2.259965624E1;NaN;6.258068900E-1
7.441860465E1;2.650790138E-8;5.533120583E-3;NaN;1.101248134E0;3.896332781E-7;8.133001099E-2;2.733560676E-7;5.705891470E-2;NaN;2.263473525E1;NaN;6.267782626E-1
7.436096050E1;2.885221277E-8;6.031800637E-3;NaN;1.102956157E0;4.381969146E-7;9.160879442E-2;2.917632000E-7;6.099558012E-2;NaN;2.266984147E1;NaN;6.277503885E-1
7.430340557E1;3.690048915E-8;7.726316925E-3;NaN;1.104665504E0;4.851862550E-7;1.015895144E-1;3.414767011E-7;7.149924773E-2;NaN;2.270497489E1;NaN;6.287232677E-1
7.424593968E1;5.176094362E-8;1.085461947E-2;NaN;1.106376174E0;5.385075813E-7;1.129286768E-1;4.080239223E-7;8.556537227E-2;NaN;2.274013551E1;NaN;6.296969002E-1
7.418856260E1;7.356593052E-8;1.545114447E-2;NaN;1.108088168E0;6.068954237E-7;1.274670055E-1;4.731629108E-7;9.937899842E-2;NaN;2.277532333E1;NaN;6.306712860E-1
7.413127413E1;1.008567646E-7;2.121582563E-2;NaN;1.109801485E0;6.921233824E-7;1.455923065E-1;5.195979406E-7;1.093005446E-1;NaN;2.281053836E1;NaN;6.316464250E-1
